规范	定义类	定义名	部分	成员类	成员名	显式暴露
ANGLE_instanced_arrays	interface	ANGLE_instanced_arrays	0	const	VERTEX_ATTRIB_ARRAY_DIVISOR_ANGLE	Window,Worker
ANGLE_instanced_arrays	interface	ANGLE_instanced_arrays	0	operation	drawArraysInstancedANGLE	Window,Worker
ANGLE_instanced_arrays	interface	ANGLE_instanced_arrays	0	operation	drawElementsInstancedANGLE	Window,Worker
ANGLE_instanced_arrays	interface	ANGLE_instanced_arrays	0	operation	vertexAttribDivisorANGLE	Window,Worker
CSP	dictionary	CSPViolationReportBody	0	field	documentURL	
CSP	dictionary	CSPViolationReportBody	0	field	referrer	
CSP	dictionary	CSPViolationReportBody	0	field	blockedURL	
CSP	dictionary	CSPViolationReportBody	0	field	effectiveDirective	
CSP	dictionary	CSPViolationReportBody	0	field	originalPolicy	
CSP	dictionary	CSPViolationReportBody	0	field	sourceFile	
CSP	dictionary	CSPViolationReportBody	0	field	sample	
CSP	dictionary	CSPViolationReportBody	0	field	disposition	
CSP	dictionary	CSPViolationReportBody	0	field	statusCode	
CSP	dictionary	CSPViolationReportBody	0	field	lineNumber	
CSP	dictionary	CSPViolationReportBody	0	field	columnNumber	
CSP	enum	SecurityPolicyViolationEventDisposition	0			
CSP	interface	SecurityPolicyViolationEvent	0	constructor	constructor	Window,Worker
CSP	interface	SecurityPolicyViolationEvent	0	attribute	documentURI	Window,Worker
CSP	interface	SecurityPolicyViolationEvent	0	attribute	referrer	Window,Worker
CSP	interface	SecurityPolicyViolationEvent	0	attribute	blockedURI	Window,Worker
CSP	interface	SecurityPolicyViolationEvent	0	attribute	effectiveDirective	Window,Worker
CSP	interface	SecurityPolicyViolationEvent	0	attribute	violatedDirective	Window,Worker
CSP	interface	SecurityPolicyViolationEvent	0	attribute	originalPolicy	Window,Worker
CSP	interface	SecurityPolicyViolationEvent	0	attribute	sourceFile	Window,Worker
CSP	interface	SecurityPolicyViolationEvent	0	attribute	sample	Window,Worker
CSP	interface	SecurityPolicyViolationEvent	0	attribute	disposition	Window,Worker
CSP	interface	SecurityPolicyViolationEvent	0	attribute	statusCode	Window,Worker
CSP	interface	SecurityPolicyViolationEvent	0	attribute	lineNumber	Window,Worker
CSP	interface	SecurityPolicyViolationEvent	0	attribute	columnNumber	Window,Worker
CSP	dictionary	SecurityPolicyViolationEventInit	0	field	documentURI	
CSP	dictionary	SecurityPolicyViolationEventInit	0	field	referrer	
CSP	dictionary	SecurityPolicyViolationEventInit	0	field	blockedURI	
CSP	dictionary	SecurityPolicyViolationEventInit	0	field	violatedDirective	
CSP	dictionary	SecurityPolicyViolationEventInit	0	field	effectiveDirective	
CSP	dictionary	SecurityPolicyViolationEventInit	0	field	originalPolicy	
CSP	dictionary	SecurityPolicyViolationEventInit	0	field	sourceFile	
CSP	dictionary	SecurityPolicyViolationEventInit	0	field	sample	
CSP	dictionary	SecurityPolicyViolationEventInit	0	field	disposition	
CSP	dictionary	SecurityPolicyViolationEventInit	0	field	statusCode	
CSP	dictionary	SecurityPolicyViolationEventInit	0	field	lineNumber	
CSP	dictionary	SecurityPolicyViolationEventInit	0	field	columnNumber	
EXT_blend_minmax	interface	EXT_blend_minmax	0	const	MIN_EXT	Window,Worker
EXT_blend_minmax	interface	EXT_blend_minmax	0	const	MAX_EXT	Window,Worker
EXT_color_buffer_float	interface	EXT_color_buffer_float	0			Window,Worker
EXT_color_buffer_half_float	interface	EXT_color_buffer_half_float	0	const	RGBA16F_EXT	Window,Worker
EXT_color_buffer_half_float	interface	EXT_color_buffer_half_float	0	const	RGB16F_EXT	Window,Worker
EXT_color_buffer_half_float	interface	EXT_color_buffer_half_float	0	const	FRAMEBUFFER_ATTACHMENT_COMPONENT_TYPE_EXT	Window,Worker
EXT_color_buffer_half_float	interface	EXT_color_buffer_half_float	0	const	UNSIGNED_NORMALIZED_EXT	Window,Worker
EXT_disjoint_timer_query	typedef	GLuint64EXT	0			
EXT_disjoint_timer_query	interface	WebGLTimerQueryEXT	0			Window,Worker
EXT_disjoint_timer_query	interface	EXT_disjoint_timer_query	0	const	QUERY_COUNTER_BITS_EXT	Window,Worker
EXT_disjoint_timer_query	interface	EXT_disjoint_timer_query	0	const	CURRENT_QUERY_EXT	Window,Worker
EXT_disjoint_timer_query	interface	EXT_disjoint_timer_query	0	const	QUERY_RESULT_EXT	Window,Worker
EXT_disjoint_timer_query	interface	EXT_disjoint_timer_query	0	const	QUERY_RESULT_AVAILABLE_EXT	Window,Worker
EXT_disjoint_timer_query	interface	EXT_disjoint_timer_query	0	const	TIME_ELAPSED_EXT	Window,Worker
EXT_disjoint_timer_query	interface	EXT_disjoint_timer_query	0	const	TIMESTAMP_EXT	Window,Worker
EXT_disjoint_timer_query	interface	EXT_disjoint_timer_query	0	const	GPU_DISJOINT_EXT	Window,Worker
EXT_disjoint_timer_query	interface	EXT_disjoint_timer_query	0	operation	createQueryEXT	Window,Worker
EXT_disjoint_timer_query	interface	EXT_disjoint_timer_query	0	operation	deleteQueryEXT	Window,Worker
EXT_disjoint_timer_query	interface	EXT_disjoint_timer_query	0	operation	isQueryEXT	Window,Worker
EXT_disjoint_timer_query	interface	EXT_disjoint_timer_query	0	operation	beginQueryEXT	Window,Worker
EXT_disjoint_timer_query	interface	EXT_disjoint_timer_query	0	operation	endQueryEXT	Window,Worker
EXT_disjoint_timer_query	interface	EXT_disjoint_timer_query	0	operation	queryCounterEXT	Window,Worker
EXT_disjoint_timer_query	interface	EXT_disjoint_timer_query	0	operation	getQueryEXT	Window,Worker
EXT_disjoint_timer_query	interface	EXT_disjoint_timer_query	0	operation	getQueryObjectEXT	Window,Worker
EXT_disjoint_timer_query_webgl2	interface	EXT_disjoint_timer_query_webgl2	0	const	QUERY_COUNTER_BITS_EXT	Window,Worker
EXT_disjoint_timer_query_webgl2	interface	EXT_disjoint_timer_query_webgl2	0	const	TIME_ELAPSED_EXT	Window,Worker
EXT_disjoint_timer_query_webgl2	interface	EXT_disjoint_timer_query_webgl2	0	const	TIMESTAMP_EXT	Window,Worker
EXT_disjoint_timer_query_webgl2	interface	EXT_disjoint_timer_query_webgl2	0	const	GPU_DISJOINT_EXT	Window,Worker
EXT_disjoint_timer_query_webgl2	interface	EXT_disjoint_timer_query_webgl2	0	operation	queryCounterEXT	Window,Worker
EXT_float_blend	interface	EXT_float_blend	0			Window,Worker
EXT_frag_depth	interface	EXT_frag_depth	0			Window,Worker
EXT_sRGB	interface	EXT_sRGB	0	const	SRGB_EXT	Window,Worker
EXT_sRGB	interface	EXT_sRGB	0	const	SRGB_ALPHA_EXT	Window,Worker
EXT_sRGB	interface	EXT_sRGB	0	const	SRGB8_ALPHA8_EXT	Window,Worker
EXT_sRGB	interface	EXT_sRGB	0	const	FRAMEBUFFER_ATTACHMENT_COLOR_ENCODING_EXT	Window,Worker
EXT_shader_texture_lod	interface	EXT_shader_texture_lod	0			Window,Worker
EXT_texture_compression_bptc	interface	EXT_texture_compression_bptc	0	const	COMPRESSED_RGBA_BPTC_UNORM_EXT	Window,Worker
EXT_texture_compression_bptc	interface	EXT_texture_compression_bptc	0	const	COMPRESSED_SRGB_ALPHA_BPTC_UNORM_EXT	Window,Worker
EXT_texture_compression_bptc	interface	EXT_texture_compression_bptc	0	const	COMPRESSED_RGB_BPTC_SIGNED_FLOAT_EXT	Window,Worker
EXT_texture_compression_bptc	interface	EXT_texture_compression_bptc	0	const	COMPRESSED_RGB_BPTC_UNSIGNED_FLOAT_EXT	Window,Worker
EXT_texture_compression_rgtc	interface	EXT_texture_compression_rgtc	0	const	COMPRESSED_RED_RGTC1_EXT	Window,Worker
EXT_texture_compression_rgtc	interface	EXT_texture_compression_rgtc	0	const	COMPRESSED_SIGNED_RED_RGTC1_EXT	Window,Worker
EXT_texture_compression_rgtc	interface	EXT_texture_compression_rgtc	0	const	COMPRESSED_RED_GREEN_RGTC2_EXT	Window,Worker
EXT_texture_compression_rgtc	interface	EXT_texture_compression_rgtc	0	const	COMPRESSED_SIGNED_RED_GREEN_RGTC2_EXT	Window,Worker
EXT_texture_filter_anisotropic	interface	EXT_texture_filter_anisotropic	0	const	TEXTURE_MAX_ANISOTROPY_EXT	Window,Worker
EXT_texture_filter_anisotropic	interface	EXT_texture_filter_anisotropic	0	const	MAX_TEXTURE_MAX_ANISOTROPY_EXT	Window,Worker
EXT_texture_norm16	interface	EXT_texture_norm16	0	const	R16_EXT	Window,Worker
EXT_texture_norm16	interface	EXT_texture_norm16	0	const	RG16_EXT	Window,Worker
EXT_texture_norm16	interface	EXT_texture_norm16	0	const	RGB16_EXT	Window,Worker
EXT_texture_norm16	interface	EXT_texture_norm16	0	const	RGBA16_EXT	Window,Worker
EXT_texture_norm16	interface	EXT_texture_norm16	0	const	R16_SNORM_EXT	Window,Worker
EXT_texture_norm16	interface	EXT_texture_norm16	0	const	RG16_SNORM_EXT	Window,Worker
EXT_texture_norm16	interface	EXT_texture_norm16	0	const	RGB16_SNORM_EXT	Window,Worker
EXT_texture_norm16	interface	EXT_texture_norm16	0	const	RGBA16_SNORM_EXT	Window,Worker
FileAPI	interface	Blob	0	constructor	constructor	Window,Worker
FileAPI	interface	Blob	0	attribute	size	Window,Worker
FileAPI	interface	Blob	0	attribute	type	Window,Worker
FileAPI	interface	Blob	0	operation	slice	Window,Worker
FileAPI	interface	Blob	0	operation	stream	Window,Worker
FileAPI	interface	Blob	0	operation	text	Window,Worker
FileAPI	interface	Blob	0	operation	arrayBuffer	Window,Worker
FileAPI	interface	Blob	0	operation	textStream	Window,Worker
FileAPI	interface	Blob	0	operation	bytes	Window,Worker
FileAPI	enum	EndingType	0			
FileAPI	dictionary	BlobPropertyBag	0	field	type	
FileAPI	dictionary	BlobPropertyBag	0	field	endings	
FileAPI	typedef	BlobPart	0			
FileAPI	interface	File	0	constructor	constructor	Window,Worker
FileAPI	interface	File	0	attribute	name	Window,Worker
FileAPI	interface	File	0	attribute	lastModified	Window,Worker
FileAPI	dictionary	FilePropertyBag	0	field	lastModified	
FileAPI	interface	FileList	0	operation	item	Window,Worker
FileAPI	interface	FileList	0	attribute	length	Window,Worker
FileAPI	interface	FileReader	0	constructor	constructor	Window,Worker
FileAPI	interface	FileReader	0	operation	readAsArrayBuffer	Window,Worker
FileAPI	interface	FileReader	0	operation	readAsBinaryString	Window,Worker
FileAPI	interface	FileReader	0	operation	readAsText	Window,Worker
FileAPI	interface	FileReader	0	operation	readAsDataURL	Window,Worker
FileAPI	interface	FileReader	0	operation	abort	Window,Worker
FileAPI	interface	FileReader	0	const	EMPTY	Window,Worker
FileAPI	interface	FileReader	0	const	LOADING	Window,Worker
FileAPI	interface	FileReader	0	const	DONE	Window,Worker
FileAPI	interface	FileReader	0	attribute	readyState	Window,Worker
FileAPI	interface	FileReader	0	attribute	result	Window,Worker
FileAPI	interface	FileReader	0	attribute	error	Window,Worker
FileAPI	interface	FileReader	0	attribute	onloadstart	Window,Worker
FileAPI	interface	FileReader	0	attribute	onprogress	Window,Worker
FileAPI	interface	FileReader	0	attribute	onload	Window,Worker
FileAPI	interface	FileReader	0	attribute	onabort	Window,Worker
FileAPI	interface	FileReader	0	attribute	onerror	Window,Worker
FileAPI	interface	FileReader	0	attribute	onloadend	Window,Worker
FileAPI	interface	FileReaderSync	0	constructor	constructor	DedicatedWorker,SharedWorker
FileAPI	interface	FileReaderSync	0	operation	readAsArrayBuffer	DedicatedWorker,SharedWorker
FileAPI	interface	FileReaderSync	0	operation	readAsBinaryString	DedicatedWorker,SharedWorker
FileAPI	interface	FileReaderSync	0	operation	readAsText	DedicatedWorker,SharedWorker
FileAPI	interface	FileReaderSync	0	operation	readAsDataURL	DedicatedWorker,SharedWorker
FileAPI	interface	URL	1	operation	createObjectURL	Window,DedicatedWorker,SharedWorker
FileAPI	interface	URL	1	operation	revokeObjectURL	Window,DedicatedWorker,SharedWorker
IndexedDB	interface	IDBRequest	0	attribute	result	Window,Worker
IndexedDB	interface	IDBRequest	0	attribute	error	Window,Worker
IndexedDB	interface	IDBRequest	0	attribute	source	Window,Worker
IndexedDB	interface	IDBRequest	0	attribute	transaction	Window,Worker
IndexedDB	interface	IDBRequest	0	attribute	readyState	Window,Worker
IndexedDB	interface	IDBRequest	0	attribute	onsuccess	Window,Worker
IndexedDB	interface	IDBRequest	0	attribute	onerror	Window,Worker
IndexedDB	enum	IDBRequestReadyState	0			
IndexedDB	interface	IDBOpenDBRequest	0	attribute	onblocked	Window,Worker
IndexedDB	interface	IDBOpenDBRequest	0	attribute	onupgradeneeded	Window,Worker
IndexedDB	interface	IDBVersionChangeEvent	0	constructor	constructor	Window,Worker
IndexedDB	interface	IDBVersionChangeEvent	0	attribute	oldVersion	Window,Worker
IndexedDB	interface	IDBVersionChangeEvent	0	attribute	newVersion	Window,Worker
IndexedDB	dictionary	IDBVersionChangeEventInit	0	field	oldVersion	
IndexedDB	dictionary	IDBVersionChangeEventInit	0	field	newVersion	
IndexedDB	interface mixin	WindowOrWorkerGlobalScope	1	attribute	indexedDB	
IndexedDB	interface	IDBFactory	0	operation	open	Window,Worker
IndexedDB	interface	IDBFactory	0	operation	deleteDatabase	Window,Worker
IndexedDB	interface	IDBFactory	0	operation	databases	Window,Worker
IndexedDB	interface	IDBFactory	0	operation	cmp	Window,Worker
IndexedDB	dictionary	IDBDatabaseInfo	0	field	name	
IndexedDB	dictionary	IDBDatabaseInfo	0	field	version	
IndexedDB	interface	IDBDatabase	0	attribute	name	Window,Worker
IndexedDB	interface	IDBDatabase	0	attribute	version	Window,Worker
IndexedDB	interface	IDBDatabase	0	attribute	objectStoreNames	Window,Worker
IndexedDB	interface	IDBDatabase	0	operation	transaction	Window,Worker
IndexedDB	interface	IDBDatabase	0	operation	close	Window,Worker
IndexedDB	interface	IDBDatabase	0	operation	createObjectStore	Window,Worker
IndexedDB	interface	IDBDatabase	0	operation	deleteObjectStore	Window,Worker
IndexedDB	interface	IDBDatabase	0	attribute	onabort	Window,Worker
IndexedDB	interface	IDBDatabase	0	attribute	onclose	Window,Worker
IndexedDB	interface	IDBDatabase	0	attribute	onerror	Window,Worker
IndexedDB	interface	IDBDatabase	0	attribute	onversionchange	Window,Worker
IndexedDB	enum	IDBTransactionDurability	0			
IndexedDB	dictionary	IDBTransactionOptions	0	field	durability	
IndexedDB	dictionary	IDBObjectStoreParameters	0	field	keyPath	
IndexedDB	dictionary	IDBObjectStoreParameters	0	field	autoIncrement	
IndexedDB	interface	IDBObjectStore	0	attribute	name	Window,Worker
IndexedDB	interface	IDBObjectStore	0	attribute	keyPath	Window,Worker
IndexedDB	interface	IDBObjectStore	0	attribute	indexNames	Window,Worker
IndexedDB	interface	IDBObjectStore	0	attribute	transaction	Window,Worker
IndexedDB	interface	IDBObjectStore	0	attribute	autoIncrement	Window,Worker
IndexedDB	interface	IDBObjectStore	0	operation	put	Window,Worker
IndexedDB	interface	IDBObjectStore	0	operation	add	Window,Worker
IndexedDB	interface	IDBObjectStore	0	operation	delete	Window,Worker
IndexedDB	interface	IDBObjectStore	0	operation	clear	Window,Worker
IndexedDB	interface	IDBObjectStore	0	operation	get	Window,Worker
IndexedDB	interface	IDBObjectStore	0	operation	getKey	Window,Worker
IndexedDB	interface	IDBObjectStore	0	operation	getAll	Window,Worker
IndexedDB	interface	IDBObjectStore	0	operation	getAllKeys	Window,Worker
IndexedDB	interface	IDBObjectStore	0	operation	getAllRecords	Window,Worker
IndexedDB	interface	IDBObjectStore	0	operation	count	Window,Worker
IndexedDB	interface	IDBObjectStore	0	operation	openCursor	Window,Worker
IndexedDB	interface	IDBObjectStore	0	operation	openKeyCursor	Window,Worker
IndexedDB	interface	IDBObjectStore	0	operation	index	Window,Worker
IndexedDB	interface	IDBObjectStore	0	operation	createIndex	Window,Worker
IndexedDB	interface	IDBObjectStore	0	operation	deleteIndex	Window,Worker
IndexedDB	dictionary	IDBIndexParameters	0	field	unique	
IndexedDB	dictionary	IDBIndexParameters	0	field	multiEntry	
IndexedDB	dictionary	IDBGetAllOptions	0	field	query	
IndexedDB	dictionary	IDBGetAllOptions	0	field	count	
IndexedDB	dictionary	IDBGetAllOptions	0	field	direction	
IndexedDB	interface	IDBIndex	0	attribute	name	Window,Worker
IndexedDB	interface	IDBIndex	0	attribute	objectStore	Window,Worker
IndexedDB	interface	IDBIndex	0	attribute	keyPath	Window,Worker
IndexedDB	interface	IDBIndex	0	attribute	multiEntry	Window,Worker
IndexedDB	interface	IDBIndex	0	attribute	unique	Window,Worker
IndexedDB	interface	IDBIndex	0	operation	get	Window,Worker
IndexedDB	interface	IDBIndex	0	operation	getKey	Window,Worker
IndexedDB	interface	IDBIndex	0	operation	getAll	Window,Worker
IndexedDB	interface	IDBIndex	0	operation	getAllKeys	Window,Worker
IndexedDB	interface	IDBIndex	0	operation	getAllRecords	Window,Worker
IndexedDB	interface	IDBIndex	0	operation	count	Window,Worker
IndexedDB	interface	IDBIndex	0	operation	openCursor	Window,Worker
IndexedDB	interface	IDBIndex	0	operation	openKeyCursor	Window,Worker
IndexedDB	interface	IDBKeyRange	0	attribute	lower	Window,Worker
IndexedDB	interface	IDBKeyRange	0	attribute	upper	Window,Worker
IndexedDB	interface	IDBKeyRange	0	attribute	lowerOpen	Window,Worker
IndexedDB	interface	IDBKeyRange	0	attribute	upperOpen	Window,Worker
IndexedDB	interface	IDBKeyRange	0	operation	only	Window,Worker
IndexedDB	interface	IDBKeyRange	0	operation	lowerBound	Window,Worker
IndexedDB	interface	IDBKeyRange	0	operation	upperBound	Window,Worker
IndexedDB	interface	IDBKeyRange	0	operation	bound	Window,Worker
IndexedDB	interface	IDBKeyRange	0	operation	includes	Window,Worker
IndexedDB	interface	IDBRecord	0	attribute	key	Window,Worker
IndexedDB	interface	IDBRecord	0	attribute	primaryKey	Window,Worker
IndexedDB	interface	IDBRecord	0	attribute	value	Window,Worker
IndexedDB	interface	IDBCursor	0	attribute	source	Window,Worker
IndexedDB	interface	IDBCursor	0	attribute	direction	Window,Worker
IndexedDB	interface	IDBCursor	0	attribute	key	Window,Worker
IndexedDB	interface	IDBCursor	0	attribute	primaryKey	Window,Worker
IndexedDB	interface	IDBCursor	0	attribute	request	Window,Worker
IndexedDB	interface	IDBCursor	0	operation	advance	Window,Worker
IndexedDB	interface	IDBCursor	0	operation	continue	Window,Worker
IndexedDB	interface	IDBCursor	0	operation	continuePrimaryKey	Window,Worker
IndexedDB	interface	IDBCursor	0	operation	update	Window,Worker
IndexedDB	interface	IDBCursor	0	operation	delete	Window,Worker
IndexedDB	enum	IDBCursorDirection	0			
IndexedDB	interface	IDBCursorWithValue	0	attribute	value	Window,Worker
IndexedDB	interface	IDBTransaction	0	attribute	objectStoreNames	Window,Worker
IndexedDB	interface	IDBTransaction	0	attribute	mode	Window,Worker
IndexedDB	interface	IDBTransaction	0	attribute	durability	Window,Worker
IndexedDB	interface	IDBTransaction	0	attribute	db	Window,Worker
IndexedDB	interface	IDBTransaction	0	attribute	error	Window,Worker
IndexedDB	interface	IDBTransaction	0	operation	objectStore	Window,Worker
IndexedDB	interface	IDBTransaction	0	operation	commit	Window,Worker
IndexedDB	interface	IDBTransaction	0	operation	abort	Window,Worker
IndexedDB	interface	IDBTransaction	0	attribute	onabort	Window,Worker
IndexedDB	interface	IDBTransaction	0	attribute	oncomplete	Window,Worker
IndexedDB	interface	IDBTransaction	0	attribute	onerror	Window,Worker
IndexedDB	enum	IDBTransactionMode	0			
KHR_parallel_shader_compile	interface	KHR_parallel_shader_compile	0	const	COMPLETION_STATUS_KHR	Window,Worker
OES_draw_buffers_indexed	interface	OES_draw_buffers_indexed	0	operation	enableiOES	Window,Worker
OES_draw_buffers_indexed	interface	OES_draw_buffers_indexed	0	operation	disableiOES	Window,Worker
OES_draw_buffers_indexed	interface	OES_draw_buffers_indexed	0	operation	blendEquationiOES	Window,Worker
OES_draw_buffers_indexed	interface	OES_draw_buffers_indexed	0	operation	blendEquationSeparateiOES	Window,Worker
OES_draw_buffers_indexed	interface	OES_draw_buffers_indexed	0	operation	blendFunciOES	Window,Worker
OES_draw_buffers_indexed	interface	OES_draw_buffers_indexed	0	operation	blendFuncSeparateiOES	Window,Worker
OES_draw_buffers_indexed	interface	OES_draw_buffers_indexed	0	operation	colorMaskiOES	Window,Worker
OES_element_index_uint	interface	OES_element_index_uint	0			Window,Worker
OES_fbo_render_mipmap	interface	OES_fbo_render_mipmap	0			Window,Worker
OES_standard_derivatives	interface	OES_standard_derivatives	0	const	FRAGMENT_SHADER_DERIVATIVE_HINT_OES	Window,Worker
OES_texture_float	interface	OES_texture_float	0			Window,Worker
OES_texture_float_linear	interface	OES_texture_float_linear	0			Window,Worker
OES_texture_half_float	interface	OES_texture_half_float	0	const	HALF_FLOAT_OES	Window,Worker
OES_texture_half_float_linear	interface	OES_texture_half_float_linear	0			Window,Worker
OES_vertex_array_object	interface	WebGLVertexArrayObjectOES	0			Window,Worker
OES_vertex_array_object	interface	OES_vertex_array_object	0	const	VERTEX_ARRAY_BINDING_OES	Window,Worker
OES_vertex_array_object	interface	OES_vertex_array_object	0	operation	createVertexArrayOES	Window,Worker
OES_vertex_array_object	interface	OES_vertex_array_object	0	operation	deleteVertexArrayOES	Window,Worker
OES_vertex_array_object	interface	OES_vertex_array_object	0	operation	isVertexArrayOES	Window,Worker
OES_vertex_array_object	interface	OES_vertex_array_object	0	operation	bindVertexArrayOES	Window,Worker
OVR_multiview2	interface	OVR_multiview2	0	const	FRAMEBUFFER_ATTACHMENT_TEXTURE_NUM_VIEWS_OVR	Window,Worker
OVR_multiview2	interface	OVR_multiview2	0	const	FRAMEBUFFER_ATTACHMENT_TEXTURE_BASE_VIEW_INDEX_OVR	Window,Worker
OVR_multiview2	interface	OVR_multiview2	0	const	MAX_VIEWS_OVR	Window,Worker
OVR_multiview2	interface	OVR_multiview2	0	const	FRAMEBUFFER_INCOMPLETE_VIEW_TARGETS_OVR	Window,Worker
OVR_multiview2	interface	OVR_multiview2	0	operation	framebufferTextureMultiviewOVR	Window,Worker
SVG	interface	SVGElement	0	attribute	className	Window
SVG	interface	SVGElement	0	attribute	ownerSVGElement	Window
SVG	interface	SVGElement	0	attribute	viewportElement	Window
SVG	includes	SVGElement	0		GlobalEventHandlers	
SVG	includes	SVGElement	0		HTMLOrSVGOrMathMLElement	
SVG	dictionary	SVGBoundingBoxOptions	0	field	fill	
SVG	dictionary	SVGBoundingBoxOptions	0	field	stroke	
SVG	dictionary	SVGBoundingBoxOptions	0	field	markers	
SVG	dictionary	SVGBoundingBoxOptions	0	field	clipped	
SVG	interface	SVGGraphicsElement	0	attribute	transform	Window
SVG	interface	SVGGraphicsElement	0	operation	getBBox	Window
SVG	interface	SVGGraphicsElement	0	operation	getCTM	Window
SVG	interface	SVGGraphicsElement	0	operation	getScreenCTM	Window
SVG	includes	SVGGraphicsElement	0		SVGTests	
SVG	interface	SVGGeometryElement	0	attribute	pathLength	Window
SVG	interface	SVGGeometryElement	0	operation	isPointInFill	Window
SVG	interface	SVGGeometryElement	0	operation	isPointInStroke	Window
SVG	interface	SVGGeometryElement	0	operation	getTotalLength	Window
SVG	interface	SVGGeometryElement	0	operation	getPointAtLength	Window
SVG	interface	SVGNumber	0	attribute	value	Window
SVG	interface	SVGLength	0	const	SVG_LENGTHTYPE_UNKNOWN	Window
SVG	interface	SVGLength	0	const	SVG_LENGTHTYPE_NUMBER	Window
SVG	interface	SVGLength	0	const	SVG_LENGTHTYPE_PERCENTAGE	Window
SVG	interface	SVGLength	0	const	SVG_LENGTHTYPE_EMS	Window
SVG	interface	SVGLength	0	const	SVG_LENGTHTYPE_EXS	Window
SVG	interface	SVGLength	0	const	SVG_LENGTHTYPE_PX	Window
SVG	interface	SVGLength	0	const	SVG_LENGTHTYPE_CM	Window
SVG	interface	SVGLength	0	const	SVG_LENGTHTYPE_MM	Window
SVG	interface	SVGLength	0	const	SVG_LENGTHTYPE_IN	Window
SVG	interface	SVGLength	0	const	SVG_LENGTHTYPE_PT	Window
SVG	interface	SVGLength	0	const	SVG_LENGTHTYPE_PC	Window
SVG	interface	SVGLength	0	attribute	unitType	Window
SVG	interface	SVGLength	0	attribute	value	Window
SVG	interface	SVGLength	0	attribute	valueInSpecifiedUnits	Window
SVG	interface	SVGLength	0	attribute	valueAsString	Window
SVG	interface	SVGLength	0	operation	newValueSpecifiedUnits	Window
SVG	interface	SVGLength	0	operation	convertToSpecifiedUnits	Window
SVG	interface	SVGAngle	0	const	SVG_ANGLETYPE_UNKNOWN	Window
SVG	interface	SVGAngle	0	const	SVG_ANGLETYPE_UNSPECIFIED	Window
SVG	interface	SVGAngle	0	const	SVG_ANGLETYPE_DEG	Window
SVG	interface	SVGAngle	0	const	SVG_ANGLETYPE_RAD	Window
SVG	interface	SVGAngle	0	const	SVG_ANGLETYPE_GRAD	Window
SVG	interface	SVGAngle	0	attribute	unitType	Window
SVG	interface	SVGAngle	0	attribute	value	Window
SVG	interface	SVGAngle	0	attribute	valueInSpecifiedUnits	Window
SVG	interface	SVGAngle	0	attribute	valueAsString	Window
SVG	interface	SVGAngle	0	operation	newValueSpecifiedUnits	Window
SVG	interface	SVGAngle	0	operation	convertToSpecifiedUnits	Window
SVG	interface	SVGNumberList	0	attribute	length	Window
SVG	interface	SVGNumberList	0	attribute	numberOfItems	Window
SVG	interface	SVGNumberList	0	operation	clear	Window
SVG	interface	SVGNumberList	0	operation	initialize	Window
SVG	interface	SVGNumberList	0	operation	getItem	Window
SVG	interface	SVGNumberList	0	operation	insertItemBefore	Window
SVG	interface	SVGNumberList	0	operation	replaceItem	Window
SVG	interface	SVGNumberList	0	operation	removeItem	Window
SVG	interface	SVGNumberList	0	operation	appendItem	Window
SVG	interface	SVGNumberList	0	operation	@匿名	Window
SVG	interface	SVGLengthList	0	attribute	length	Window
SVG	interface	SVGLengthList	0	attribute	numberOfItems	Window
SVG	interface	SVGLengthList	0	operation	clear	Window
SVG	interface	SVGLengthList	0	operation	initialize	Window
SVG	interface	SVGLengthList	0	operation	getItem	Window
SVG	interface	SVGLengthList	0	operation	insertItemBefore	Window
SVG	interface	SVGLengthList	0	operation	replaceItem	Window
SVG	interface	SVGLengthList	0	operation	removeItem	Window
SVG	interface	SVGLengthList	0	operation	appendItem	Window
SVG	interface	SVGLengthList	0	operation	@匿名	Window
SVG	interface	SVGStringList	0	attribute	length	Window
SVG	interface	SVGStringList	0	attribute	numberOfItems	Window
SVG	interface	SVGStringList	0	operation	clear	Window
SVG	interface	SVGStringList	0	operation	initialize	Window
SVG	interface	SVGStringList	0	operation	getItem	Window
SVG	interface	SVGStringList	0	operation	insertItemBefore	Window
SVG	interface	SVGStringList	0	operation	replaceItem	Window
SVG	interface	SVGStringList	0	operation	removeItem	Window
SVG	interface	SVGStringList	0	operation	appendItem	Window
SVG	interface	SVGStringList	0	operation	@匿名	Window
SVG	interface	SVGAnimatedBoolean	0	attribute	baseVal	Window
SVG	interface	SVGAnimatedBoolean	0	attribute	animVal	Window
SVG	interface	SVGAnimatedEnumeration	0	attribute	baseVal	Window
SVG	interface	SVGAnimatedEnumeration	0	attribute	animVal	Window
SVG	interface	SVGAnimatedInteger	0	attribute	baseVal	Window
SVG	interface	SVGAnimatedInteger	0	attribute	animVal	Window
SVG	interface	SVGAnimatedNumber	0	attribute	baseVal	Window
SVG	interface	SVGAnimatedNumber	0	attribute	animVal	Window
SVG	interface	SVGAnimatedLength	0	attribute	baseVal	Window
SVG	interface	SVGAnimatedLength	0	attribute	animVal	Window
SVG	interface	SVGAnimatedAngle	0	attribute	baseVal	Window
SVG	interface	SVGAnimatedAngle	0	attribute	animVal	Window
SVG	interface	SVGAnimatedString	0	attribute	baseVal	Window
SVG	interface	SVGAnimatedString	0	attribute	animVal	Window
SVG	interface	SVGAnimatedRect	0	attribute	baseVal	Window
SVG	interface	SVGAnimatedRect	0	attribute	animVal	Window
SVG	interface	SVGAnimatedNumberList	0	attribute	baseVal	Window
SVG	interface	SVGAnimatedNumberList	0	attribute	animVal	Window
SVG	interface	SVGAnimatedLengthList	0	attribute	baseVal	Window
SVG	interface	SVGAnimatedLengthList	0	attribute	animVal	Window
SVG	interface	SVGUnitTypes	0	const	SVG_UNIT_TYPE_UNKNOWN	Window
SVG	interface	SVGUnitTypes	0	const	SVG_UNIT_TYPE_USERSPACEONUSE	Window
SVG	interface	SVGUnitTypes	0	const	SVG_UNIT_TYPE_OBJECTBOUNDINGBOX	Window
SVG	interface mixin	SVGTests	0	attribute	requiredExtensions	
SVG	interface mixin	SVGTests	0	attribute	systemLanguage	
SVG	interface mixin	SVGFitToViewBox	0	attribute	viewBox	
SVG	interface mixin	SVGFitToViewBox	0	attribute	preserveAspectRatio	
SVG	interface mixin	SVGURIReference	0	attribute	href	
SVG	interface	Document	1	attribute	rootElement	
SVG	interface	SVGSVGElement	0	attribute	x	Window
SVG	interface	SVGSVGElement	0	attribute	y	Window
SVG	interface	SVGSVGElement	0	attribute	width	Window
SVG	interface	SVGSVGElement	0	attribute	height	Window
SVG	interface	SVGSVGElement	0	attribute	currentScale	Window
SVG	interface	SVGSVGElement	0	attribute	currentTranslate	Window
SVG	interface	SVGSVGElement	0	operation	getIntersectionList	Window
SVG	interface	SVGSVGElement	0	operation	getEnclosureList	Window
SVG	interface	SVGSVGElement	0	operation	checkIntersection	Window
SVG	interface	SVGSVGElement	0	operation	checkEnclosure	Window
SVG	interface	SVGSVGElement	0	operation	deselectAll	Window
SVG	interface	SVGSVGElement	0	operation	createSVGNumber	Window
SVG	interface	SVGSVGElement	0	operation	createSVGLength	Window
SVG	interface	SVGSVGElement	0	operation	createSVGAngle	Window
SVG	interface	SVGSVGElement	0	operation	createSVGPoint	Window
SVG	interface	SVGSVGElement	0	operation	createSVGMatrix	Window
SVG	interface	SVGSVGElement	0	operation	createSVGRect	Window
SVG	interface	SVGSVGElement	0	operation	createSVGTransform	Window
SVG	interface	SVGSVGElement	0	operation	createSVGTransformFromMatrix	Window
SVG	interface	SVGSVGElement	0	operation	getElementById	Window
SVG	interface	SVGSVGElement	0	operation	suspendRedraw	Window
SVG	interface	SVGSVGElement	0	operation	unsuspendRedraw	Window
SVG	interface	SVGSVGElement	0	operation	unsuspendRedrawAll	Window
SVG	interface	SVGSVGElement	0	operation	forceRedraw	Window
SVG	includes	SVGSVGElement	0		SVGFitToViewBox	
SVG	includes	SVGSVGElement	0		WindowEventHandlers	
SVG	interface	SVGGElement	0			Window
SVG	interface	SVGDefsElement	0			Window
SVG	interface	SVGDescElement	0			Window
SVG	interface	SVGMetadataElement	0			Window
SVG	interface	SVGTitleElement	0			Window
SVG	interface	SVGSymbolElement	0			Window
SVG	includes	SVGSymbolElement	0		SVGFitToViewBox	
SVG	interface	SVGUseElement	0	attribute	x	Window
SVG	interface	SVGUseElement	0	attribute	y	Window
SVG	interface	SVGUseElement	0	attribute	width	Window
SVG	interface	SVGUseElement	0	attribute	height	Window
SVG	includes	SVGUseElement	0		SVGURIReference	
SVG	interface	SVGUseElementShadowRoot	0			Window
SVG	interface	ShadowAnimation	0	constructor	constructor	Window
SVG	interface	ShadowAnimation	0	attribute	sourceAnimation	Window
SVG	interface	SVGSwitchElement	0			Window
SVG	interface mixin	GetSVGDocument	0	operation	getSVGDocument	
SVG	interface	SVGStyleElement	0	attribute	type	Window
SVG	interface	SVGStyleElement	0	attribute	media	Window
SVG	interface	SVGStyleElement	0	attribute	title	Window
SVG	interface	SVGStyleElement	0	attribute	disabled	Window
SVG	includes	SVGStyleElement	0		LinkStyle	
SVG	interface	SVGTransform	0	const	SVG_TRANSFORM_UNKNOWN	Window
SVG	interface	SVGTransform	0	const	SVG_TRANSFORM_MATRIX	Window
SVG	interface	SVGTransform	0	const	SVG_TRANSFORM_TRANSLATE	Window
SVG	interface	SVGTransform	0	const	SVG_TRANSFORM_SCALE	Window
SVG	interface	SVGTransform	0	const	SVG_TRANSFORM_ROTATE	Window
SVG	interface	SVGTransform	0	const	SVG_TRANSFORM_SKEWX	Window
SVG	interface	SVGTransform	0	const	SVG_TRANSFORM_SKEWY	Window
SVG	interface	SVGTransform	0	attribute	type	Window
SVG	interface	SVGTransform	0	attribute	matrix	Window
SVG	interface	SVGTransform	0	attribute	angle	Window
SVG	interface	SVGTransform	0	operation	setMatrix	Window
SVG	interface	SVGTransform	0	operation	setTranslate	Window
SVG	interface	SVGTransform	0	operation	setScale	Window
SVG	interface	SVGTransform	0	operation	setRotate	Window
SVG	interface	SVGTransform	0	operation	setSkewX	Window
SVG	interface	SVGTransform	0	operation	setSkewY	Window
SVG	interface	SVGTransformList	0	attribute	length	Window
SVG	interface	SVGTransformList	0	attribute	numberOfItems	Window
SVG	interface	SVGTransformList	0	operation	clear	Window
SVG	interface	SVGTransformList	0	operation	initialize	Window
SVG	interface	SVGTransformList	0	operation	getItem	Window
SVG	interface	SVGTransformList	0	operation	insertItemBefore	Window
SVG	interface	SVGTransformList	0	operation	replaceItem	Window
SVG	interface	SVGTransformList	0	operation	removeItem	Window
SVG	interface	SVGTransformList	0	operation	appendItem	Window
SVG	interface	SVGTransformList	0	operation	@匿名	Window
SVG	interface	SVGTransformList	0	operation	createSVGTransformFromMatrix	Window
SVG	interface	SVGTransformList	0	operation	consolidate	Window
SVG	interface	SVGAnimatedTransformList	0	attribute	baseVal	Window
SVG	interface	SVGAnimatedTransformList	0	attribute	animVal	Window
SVG	interface	SVGPreserveAspectRatio	0	const	SVG_PRESERVEASPECTRATIO_UNKNOWN	Window
SVG	interface	SVGPreserveAspectRatio	0	const	SVG_PRESERVEASPECTRATIO_NONE	Window
SVG	interface	SVGPreserveAspectRatio	0	const	SVG_PRESERVEASPECTRATIO_XMINYMIN	Window
SVG	interface	SVGPreserveAspectRatio	0	const	SVG_PRESERVEASPECTRATIO_XMIDYMIN	Window
SVG	interface	SVGPreserveAspectRatio	0	const	SVG_PRESERVEASPECTRATIO_XMAXYMIN	Window
SVG	interface	SVGPreserveAspectRatio	0	const	SVG_PRESERVEASPECTRATIO_XMINYMID	Window
SVG	interface	SVGPreserveAspectRatio	0	const	SVG_PRESERVEASPECTRATIO_XMIDYMID	Window
SVG	interface	SVGPreserveAspectRatio	0	const	SVG_PRESERVEASPECTRATIO_XMAXYMID	Window
SVG	interface	SVGPreserveAspectRatio	0	const	SVG_PRESERVEASPECTRATIO_XMINYMAX	Window
SVG	interface	SVGPreserveAspectRatio	0	const	SVG_PRESERVEASPECTRATIO_XMIDYMAX	Window
SVG	interface	SVGPreserveAspectRatio	0	const	SVG_PRESERVEASPECTRATIO_XMAXYMAX	Window
SVG	interface	SVGPreserveAspectRatio	0	const	SVG_MEETORSLICE_UNKNOWN	Window
SVG	interface	SVGPreserveAspectRatio	0	const	SVG_MEETORSLICE_MEET	Window
SVG	interface	SVGPreserveAspectRatio	0	const	SVG_MEETORSLICE_SLICE	Window
SVG	interface	SVGPreserveAspectRatio	0	attribute	align	Window
SVG	interface	SVGPreserveAspectRatio	0	attribute	meetOrSlice	Window
SVG	interface	SVGAnimatedPreserveAspectRatio	0	attribute	baseVal	Window
SVG	interface	SVGAnimatedPreserveAspectRatio	0	attribute	animVal	Window
SVG	interface	SVGRectElement	0	attribute	x	Window
SVG	interface	SVGRectElement	0	attribute	y	Window
SVG	interface	SVGRectElement	0	attribute	width	Window
SVG	interface	SVGRectElement	0	attribute	height	Window
SVG	interface	SVGRectElement	0	attribute	rx	Window
SVG	interface	SVGRectElement	0	attribute	ry	Window
SVG	interface	SVGCircleElement	0	attribute	cx	Window
SVG	interface	SVGCircleElement	0	attribute	cy	Window
SVG	interface	SVGCircleElement	0	attribute	r	Window
SVG	interface	SVGEllipseElement	0	attribute	cx	Window
SVG	interface	SVGEllipseElement	0	attribute	cy	Window
SVG	interface	SVGEllipseElement	0	attribute	rx	Window
SVG	interface	SVGEllipseElement	0	attribute	ry	Window
SVG	interface	SVGLineElement	0	attribute	x1	Window
SVG	interface	SVGLineElement	0	attribute	y1	Window
SVG	interface	SVGLineElement	0	attribute	x2	Window
SVG	interface	SVGLineElement	0	attribute	y2	Window
SVG	interface mixin	SVGAnimatedPoints	0	attribute	points	
SVG	interface mixin	SVGAnimatedPoints	0	attribute	animatedPoints	
SVG	interface	SVGPointList	0	attribute	length	Window
SVG	interface	SVGPointList	0	attribute	numberOfItems	Window
SVG	interface	SVGPointList	0	operation	clear	Window
SVG	interface	SVGPointList	0	operation	initialize	Window
SVG	interface	SVGPointList	0	operation	getItem	Window
SVG	interface	SVGPointList	0	operation	insertItemBefore	Window
SVG	interface	SVGPointList	0	operation	replaceItem	Window
SVG	interface	SVGPointList	0	operation	removeItem	Window
SVG	interface	SVGPointList	0	operation	appendItem	Window
SVG	interface	SVGPointList	0	operation	@匿名	Window
SVG	interface	SVGPolylineElement	0			Window
SVG	includes	SVGPolylineElement	0		SVGAnimatedPoints	
SVG	interface	SVGPolygonElement	0			Window
SVG	includes	SVGPolygonElement	0		SVGAnimatedPoints	
SVG	interface	SVGTextContentElement	0	const	LENGTHADJUST_UNKNOWN	Window
SVG	interface	SVGTextContentElement	0	const	LENGTHADJUST_SPACING	Window
SVG	interface	SVGTextContentElement	0	const	LENGTHADJUST_SPACINGANDGLYPHS	Window
SVG	interface	SVGTextContentElement	0	attribute	textLength	Window
SVG	interface	SVGTextContentElement	0	attribute	lengthAdjust	Window
SVG	interface	SVGTextContentElement	0	operation	getNumberOfChars	Window
SVG	interface	SVGTextContentElement	0	operation	getComputedTextLength	Window
SVG	interface	SVGTextContentElement	0	operation	getSubStringLength	Window
SVG	interface	SVGTextContentElement	0	operation	getStartPositionOfChar	Window
SVG	interface	SVGTextContentElement	0	operation	getEndPositionOfChar	Window
SVG	interface	SVGTextContentElement	0	operation	getExtentOfChar	Window
SVG	interface	SVGTextContentElement	0	operation	getRotationOfChar	Window
SVG	interface	SVGTextContentElement	0	operation	getCharNumAtPosition	Window
SVG	interface	SVGTextContentElement	0	operation	selectSubString	Window
SVG	interface	SVGTextPositioningElement	0	attribute	x	Window
SVG	interface	SVGTextPositioningElement	0	attribute	y	Window
SVG	interface	SVGTextPositioningElement	0	attribute	dx	Window
SVG	interface	SVGTextPositioningElement	0	attribute	dy	Window
SVG	interface	SVGTextPositioningElement	0	attribute	rotate	Window
SVG	interface	SVGTextElement	0			Window
SVG	interface	SVGTSpanElement	0			Window
SVG	interface	SVGTextPathElement	0	const	TEXTPATH_METHODTYPE_UNKNOWN	Window
SVG	interface	SVGTextPathElement	0	const	TEXTPATH_METHODTYPE_ALIGN	Window
SVG	interface	SVGTextPathElement	0	const	TEXTPATH_METHODTYPE_STRETCH	Window
SVG	interface	SVGTextPathElement	0	const	TEXTPATH_SPACINGTYPE_UNKNOWN	Window
SVG	interface	SVGTextPathElement	0	const	TEXTPATH_SPACINGTYPE_AUTO	Window
SVG	interface	SVGTextPathElement	0	const	TEXTPATH_SPACINGTYPE_EXACT	Window
SVG	interface	SVGTextPathElement	0	attribute	startOffset	Window
SVG	interface	SVGTextPathElement	0	attribute	method	Window
SVG	interface	SVGTextPathElement	0	attribute	spacing	Window
SVG	includes	SVGTextPathElement	0		SVGURIReference	
SVG	interface	SVGImageElement	0	attribute	x	Window
SVG	interface	SVGImageElement	0	attribute	y	Window
SVG	interface	SVGImageElement	0	attribute	width	Window
SVG	interface	SVGImageElement	0	attribute	height	Window
SVG	interface	SVGImageElement	0	attribute	preserveAspectRatio	Window
SVG	interface	SVGImageElement	0	attribute	crossOrigin	Window
SVG	includes	SVGImageElement	0		SVGURIReference	
SVG	interface	SVGForeignObjectElement	0	attribute	x	Window
SVG	interface	SVGForeignObjectElement	0	attribute	y	Window
SVG	interface	SVGForeignObjectElement	0	attribute	width	Window
SVG	interface	SVGForeignObjectElement	0	attribute	height	Window
SVG	interface	SVGMarkerElement	0	const	SVG_MARKERUNITS_UNKNOWN	Window
SVG	interface	SVGMarkerElement	0	const	SVG_MARKERUNITS_USERSPACEONUSE	Window
SVG	interface	SVGMarkerElement	0	const	SVG_MARKERUNITS_STROKEWIDTH	Window
SVG	interface	SVGMarkerElement	0	const	SVG_MARKER_ORIENT_UNKNOWN	Window
SVG	interface	SVGMarkerElement	0	const	SVG_MARKER_ORIENT_AUTO	Window
SVG	interface	SVGMarkerElement	0	const	SVG_MARKER_ORIENT_ANGLE	Window
SVG	interface	SVGMarkerElement	0	const	SVG_MARKER_ORIENT_AUTO_START_REVERSE	Window
SVG	interface	SVGMarkerElement	0	attribute	refX	Window
SVG	interface	SVGMarkerElement	0	attribute	refY	Window
SVG	interface	SVGMarkerElement	0	attribute	markerUnits	Window
SVG	interface	SVGMarkerElement	0	attribute	markerWidth	Window
SVG	interface	SVGMarkerElement	0	attribute	markerHeight	Window
SVG	interface	SVGMarkerElement	0	attribute	orientType	Window
SVG	interface	SVGMarkerElement	0	attribute	orientAngle	Window
SVG	interface	SVGMarkerElement	0	attribute	orient	Window
SVG	interface	SVGMarkerElement	0	operation	setOrientToAuto	Window
SVG	interface	SVGMarkerElement	0	operation	setOrientToAngle	Window
SVG	includes	SVGMarkerElement	0		SVGFitToViewBox	
SVG	interface	SVGGradientElement	0	const	SVG_SPREADMETHOD_UNKNOWN	Window
SVG	interface	SVGGradientElement	0	const	SVG_SPREADMETHOD_PAD	Window
SVG	interface	SVGGradientElement	0	const	SVG_SPREADMETHOD_REFLECT	Window
SVG	interface	SVGGradientElement	0	const	SVG_SPREADMETHOD_REPEAT	Window
SVG	interface	SVGGradientElement	0	attribute	gradientUnits	Window
SVG	interface	SVGGradientElement	0	attribute	gradientTransform	Window
SVG	interface	SVGGradientElement	0	attribute	spreadMethod	Window
SVG	includes	SVGGradientElement	0		SVGURIReference	
SVG	interface	SVGLinearGradientElement	0	attribute	x1	Window
SVG	interface	SVGLinearGradientElement	0	attribute	y1	Window
SVG	interface	SVGLinearGradientElement	0	attribute	x2	Window
SVG	interface	SVGLinearGradientElement	0	attribute	y2	Window
SVG	interface	SVGRadialGradientElement	0	attribute	cx	Window
SVG	interface	SVGRadialGradientElement	0	attribute	cy	Window
SVG	interface	SVGRadialGradientElement	0	attribute	r	Window
SVG	interface	SVGRadialGradientElement	0	attribute	fx	Window
SVG	interface	SVGRadialGradientElement	0	attribute	fy	Window
SVG	interface	SVGRadialGradientElement	0	attribute	fr	Window
SVG	interface	SVGStopElement	0	attribute	offset	Window
SVG	interface	SVGPatternElement	0	attribute	patternUnits	Window
SVG	interface	SVGPatternElement	0	attribute	patternContentUnits	Window
SVG	interface	SVGPatternElement	0	attribute	patternTransform	Window
SVG	interface	SVGPatternElement	0	attribute	x	Window
SVG	interface	SVGPatternElement	0	attribute	y	Window
SVG	interface	SVGPatternElement	0	attribute	width	Window
SVG	interface	SVGPatternElement	0	attribute	height	Window
SVG	includes	SVGPatternElement	0		SVGFitToViewBox	
SVG	includes	SVGPatternElement	0		SVGURIReference	
SVG	interface	SVGScriptElement	0	attribute	type	Window
SVG	interface	SVGScriptElement	0	attribute	crossOrigin	Window
SVG	includes	SVGScriptElement	0		SVGURIReference	
SVG	interface	SVGAElement	0	attribute	target	Window
SVG	interface	SVGAElement	0	attribute	download	Window
SVG	interface	SVGAElement	0	attribute	ping	Window
SVG	interface	SVGAElement	0	attribute	rel	Window
SVG	interface	SVGAElement	0	attribute	relList	Window
SVG	interface	SVGAElement	0	attribute	referrerPolicy	Window
SVG	includes	SVGAElement	0		SVGURIReference	
SVG	includes	SVGAElement	0		HyperlinkElementUtils	
SVG	interface	SVGViewElement	0			Window
SVG	includes	SVGViewElement	0		SVGFitToViewBox	
WEBGL_blend_equation_advanced_coherent	interface	WEBGL_blend_equation_advanced_coherent	0	const	MULTIPLY	Window,Worker
WEBGL_blend_equation_advanced_coherent	interface	WEBGL_blend_equation_advanced_coherent	0	const	SCREEN	Window,Worker
WEBGL_blend_equation_advanced_coherent	interface	WEBGL_blend_equation_advanced_coherent	0	const	OVERLAY	Window,Worker
WEBGL_blend_equation_advanced_coherent	interface	WEBGL_blend_equation_advanced_coherent	0	const	DARKEN	Window,Worker
WEBGL_blend_equation_advanced_coherent	interface	WEBGL_blend_equation_advanced_coherent	0	const	LIGHTEN	Window,Worker
WEBGL_blend_equation_advanced_coherent	interface	WEBGL_blend_equation_advanced_coherent	0	const	COLORDODGE	Window,Worker
WEBGL_blend_equation_advanced_coherent	interface	WEBGL_blend_equation_advanced_coherent	0	const	COLORBURN	Window,Worker
WEBGL_blend_equation_advanced_coherent	interface	WEBGL_blend_equation_advanced_coherent	0	const	HARDLIGHT	Window,Worker
WEBGL_blend_equation_advanced_coherent	interface	WEBGL_blend_equation_advanced_coherent	0	const	SOFTLIGHT	Window,Worker
WEBGL_blend_equation_advanced_coherent	interface	WEBGL_blend_equation_advanced_coherent	0	const	DIFFERENCE	Window,Worker
WEBGL_blend_equation_advanced_coherent	interface	WEBGL_blend_equation_advanced_coherent	0	const	EXCLUSION	Window,Worker
WEBGL_blend_equation_advanced_coherent	interface	WEBGL_blend_equation_advanced_coherent	0	const	HSL_HUE	Window,Worker
WEBGL_blend_equation_advanced_coherent	interface	WEBGL_blend_equation_advanced_coherent	0	const	HSL_SATURATION	Window,Worker
WEBGL_blend_equation_advanced_coherent	interface	WEBGL_blend_equation_advanced_coherent	0	const	HSL_COLOR	Window,Worker
WEBGL_blend_equation_advanced_coherent	interface	WEBGL_blend_equation_advanced_coherent	0	const	HSL_LUMINOSITY	Window,Worker
WEBGL_clip_cull_distance	interface	WEBGL_clip_cull_distance	0	const	MAX_CLIP_DISTANCES_WEBGL	Window,Worker
WEBGL_clip_cull_distance	interface	WEBGL_clip_cull_distance	0	const	MAX_CULL_DISTANCES_WEBGL	Window,Worker
WEBGL_clip_cull_distance	interface	WEBGL_clip_cull_distance	0	const	MAX_COMBINED_CLIP_AND_CULL_DISTANCES_WEBGL	Window,Worker
WEBGL_clip_cull_distance	interface	WEBGL_clip_cull_distance	0	const	CLIP_DISTANCE0_WEBGL	Window,Worker
WEBGL_clip_cull_distance	interface	WEBGL_clip_cull_distance	0	const	CLIP_DISTANCE1_WEBGL	Window,Worker
WEBGL_clip_cull_distance	interface	WEBGL_clip_cull_distance	0	const	CLIP_DISTANCE2_WEBGL	Window,Worker
WEBGL_clip_cull_distance	interface	WEBGL_clip_cull_distance	0	const	CLIP_DISTANCE3_WEBGL	Window,Worker
WEBGL_clip_cull_distance	interface	WEBGL_clip_cull_distance	0	const	CLIP_DISTANCE4_WEBGL	Window,Worker
WEBGL_clip_cull_distance	interface	WEBGL_clip_cull_distance	0	const	CLIP_DISTANCE5_WEBGL	Window,Worker
WEBGL_clip_cull_distance	interface	WEBGL_clip_cull_distance	0	const	CLIP_DISTANCE6_WEBGL	Window,Worker
WEBGL_clip_cull_distance	interface	WEBGL_clip_cull_distance	0	const	CLIP_DISTANCE7_WEBGL	Window,Worker
WEBGL_color_buffer_float	interface	WEBGL_color_buffer_float	0	const	RGBA32F_EXT	Window,Worker
WEBGL_color_buffer_float	interface	WEBGL_color_buffer_float	0	const	FRAMEBUFFER_ATTACHMENT_COMPONENT_TYPE_EXT	Window,Worker
WEBGL_color_buffer_float	interface	WEBGL_color_buffer_float	0	const	UNSIGNED_NORMALIZED_EXT	Window,Worker
WEBGL_compressed_texture_astc	interface	WEBGL_compressed_texture_astc	0	const	COMPRESSED_RGBA_ASTC_4x4_KHR	Window,Worker
WEBGL_compressed_texture_astc	interface	WEBGL_compressed_texture_astc	0	const	COMPRESSED_RGBA_ASTC_5x4_KHR	Window,Worker
WEBGL_compressed_texture_astc	interface	WEBGL_compressed_texture_astc	0	const	COMPRESSED_RGBA_ASTC_5x5_KHR	Window,Worker
WEBGL_compressed_texture_astc	interface	WEBGL_compressed_texture_astc	0	const	COMPRESSED_RGBA_ASTC_6x5_KHR	Window,Worker
WEBGL_compressed_texture_astc	interface	WEBGL_compressed_texture_astc	0	const	COMPRESSED_RGBA_ASTC_6x6_KHR	Window,Worker
WEBGL_compressed_texture_astc	interface	WEBGL_compressed_texture_astc	0	const	COMPRESSED_RGBA_ASTC_8x5_KHR	Window,Worker
WEBGL_compressed_texture_astc	interface	WEBGL_compressed_texture_astc	0	const	COMPRESSED_RGBA_ASTC_8x6_KHR	Window,Worker
WEBGL_compressed_texture_astc	interface	WEBGL_compressed_texture_astc	0	const	COMPRESSED_RGBA_ASTC_8x8_KHR	Window,Worker
WEBGL_compressed_texture_astc	interface	WEBGL_compressed_texture_astc	0	const	COMPRESSED_RGBA_ASTC_10x5_KHR	Window,Worker
WEBGL_compressed_texture_astc	interface	WEBGL_compressed_texture_astc	0	const	COMPRESSED_RGBA_ASTC_10x6_KHR	Window,Worker
WEBGL_compressed_texture_astc	interface	WEBGL_compressed_texture_astc	0	const	COMPRESSED_RGBA_ASTC_10x8_KHR	Window,Worker
WEBGL_compressed_texture_astc	interface	WEBGL_compressed_texture_astc	0	const	COMPRESSED_RGBA_ASTC_10x10_KHR	Window,Worker
WEBGL_compressed_texture_astc	interface	WEBGL_compressed_texture_astc	0	const	COMPRESSED_RGBA_ASTC_12x10_KHR	Window,Worker
WEBGL_compressed_texture_astc	interface	WEBGL_compressed_texture_astc	0	const	COMPRESSED_RGBA_ASTC_12x12_KHR	Window,Worker
WEBGL_compressed_texture_astc	interface	WEBGL_compressed_texture_astc	0	const	COMPRESSED_SRGB8_ALPHA8_ASTC_4x4_KHR	Window,Worker
WEBGL_compressed_texture_astc	interface	WEBGL_compressed_texture_astc	0	const	COMPRESSED_SRGB8_ALPHA8_ASTC_5x4_KHR	Window,Worker
WEBGL_compressed_texture_astc	interface	WEBGL_compressed_texture_astc	0	const	COMPRESSED_SRGB8_ALPHA8_ASTC_5x5_KHR	Window,Worker
WEBGL_compressed_texture_astc	interface	WEBGL_compressed_texture_astc	0	const	COMPRESSED_SRGB8_ALPHA8_ASTC_6x5_KHR	Window,Worker
WEBGL_compressed_texture_astc	interface	WEBGL_compressed_texture_astc	0	const	COMPRESSED_SRGB8_ALPHA8_ASTC_6x6_KHR	Window,Worker
WEBGL_compressed_texture_astc	interface	WEBGL_compressed_texture_astc	0	const	COMPRESSED_SRGB8_ALPHA8_ASTC_8x5_KHR	Window,Worker
WEBGL_compressed_texture_astc	interface	WEBGL_compressed_texture_astc	0	const	COMPRESSED_SRGB8_ALPHA8_ASTC_8x6_KHR	Window,Worker
WEBGL_compressed_texture_astc	interface	WEBGL_compressed_texture_astc	0	const	COMPRESSED_SRGB8_ALPHA8_ASTC_8x8_KHR	Window,Worker
WEBGL_compressed_texture_astc	interface	WEBGL_compressed_texture_astc	0	const	COMPRESSED_SRGB8_ALPHA8_ASTC_10x5_KHR	Window,Worker
WEBGL_compressed_texture_astc	interface	WEBGL_compressed_texture_astc	0	const	COMPRESSED_SRGB8_ALPHA8_ASTC_10x6_KHR	Window,Worker
WEBGL_compressed_texture_astc	interface	WEBGL_compressed_texture_astc	0	const	COMPRESSED_SRGB8_ALPHA8_ASTC_10x8_KHR	Window,Worker
WEBGL_compressed_texture_astc	interface	WEBGL_compressed_texture_astc	0	const	COMPRESSED_SRGB8_ALPHA8_ASTC_10x10_KHR	Window,Worker
WEBGL_compressed_texture_astc	interface	WEBGL_compressed_texture_astc	0	const	COMPRESSED_SRGB8_ALPHA8_ASTC_12x10_KHR	Window,Worker
WEBGL_compressed_texture_astc	interface	WEBGL_compressed_texture_astc	0	const	COMPRESSED_SRGB8_ALPHA8_ASTC_12x12_KHR	Window,Worker
WEBGL_compressed_texture_astc	interface	WEBGL_compressed_texture_astc	0	operation	getSupportedProfiles	Window,Worker
WEBGL_compressed_texture_etc	interface	WEBGL_compressed_texture_etc	0	const	COMPRESSED_R11_EAC	Window,Worker
WEBGL_compressed_texture_etc	interface	WEBGL_compressed_texture_etc	0	const	COMPRESSED_SIGNED_R11_EAC	Window,Worker
WEBGL_compressed_texture_etc	interface	WEBGL_compressed_texture_etc	0	const	COMPRESSED_RG11_EAC	Window,Worker
WEBGL_compressed_texture_etc	interface	WEBGL_compressed_texture_etc	0	const	COMPRESSED_SIGNED_RG11_EAC	Window,Worker
WEBGL_compressed_texture_etc	interface	WEBGL_compressed_texture_etc	0	const	COMPRESSED_RGB8_ETC2	Window,Worker
WEBGL_compressed_texture_etc	interface	WEBGL_compressed_texture_etc	0	const	COMPRESSED_SRGB8_ETC2	Window,Worker
WEBGL_compressed_texture_etc	interface	WEBGL_compressed_texture_etc	0	const	COMPRESSED_RGB8_PUNCHTHROUGH_ALPHA1_ETC2	Window,Worker
WEBGL_compressed_texture_etc	interface	WEBGL_compressed_texture_etc	0	const	COMPRESSED_SRGB8_PUNCHTHROUGH_ALPHA1_ETC2	Window,Worker
WEBGL_compressed_texture_etc	interface	WEBGL_compressed_texture_etc	0	const	COMPRESSED_RGBA8_ETC2_EAC	Window,Worker
WEBGL_compressed_texture_etc	interface	WEBGL_compressed_texture_etc	0	const	COMPRESSED_SRGB8_ALPHA8_ETC2_EAC	Window,Worker
WEBGL_compressed_texture_etc1	interface	WEBGL_compressed_texture_etc1	0	const	COMPRESSED_RGB_ETC1_WEBGL	Window,Worker
WEBGL_compressed_texture_pvrtc	interface	WEBGL_compressed_texture_pvrtc	0	const	COMPRESSED_RGB_PVRTC_4BPPV1_IMG	Window,Worker
WEBGL_compressed_texture_pvrtc	interface	WEBGL_compressed_texture_pvrtc	0	const	COMPRESSED_RGB_PVRTC_2BPPV1_IMG	Window,Worker
WEBGL_compressed_texture_pvrtc	interface	WEBGL_compressed_texture_pvrtc	0	const	COMPRESSED_RGBA_PVRTC_4BPPV1_IMG	Window,Worker
WEBGL_compressed_texture_pvrtc	interface	WEBGL_compressed_texture_pvrtc	0	const	COMPRESSED_RGBA_PVRTC_2BPPV1_IMG	Window,Worker
WEBGL_compressed_texture_s3tc	interface	WEBGL_compressed_texture_s3tc	0	const	COMPRESSED_RGB_S3TC_DXT1_EXT	Window,Worker
WEBGL_compressed_texture_s3tc	interface	WEBGL_compressed_texture_s3tc	0	const	COMPRESSED_RGBA_S3TC_DXT1_EXT	Window,Worker
WEBGL_compressed_texture_s3tc	interface	WEBGL_compressed_texture_s3tc	0	const	COMPRESSED_RGBA_S3TC_DXT3_EXT	Window,Worker
WEBGL_compressed_texture_s3tc	interface	WEBGL_compressed_texture_s3tc	0	const	COMPRESSED_RGBA_S3TC_DXT5_EXT	Window,Worker
WEBGL_compressed_texture_s3tc_srgb	interface	WEBGL_compressed_texture_s3tc_srgb	0	const	COMPRESSED_SRGB_S3TC_DXT1_EXT	Window,Worker
WEBGL_compressed_texture_s3tc_srgb	interface	WEBGL_compressed_texture_s3tc_srgb	0	const	COMPRESSED_SRGB_ALPHA_S3TC_DXT1_EXT	Window,Worker
WEBGL_compressed_texture_s3tc_srgb	interface	WEBGL_compressed_texture_s3tc_srgb	0	const	COMPRESSED_SRGB_ALPHA_S3TC_DXT3_EXT	Window,Worker
WEBGL_compressed_texture_s3tc_srgb	interface	WEBGL_compressed_texture_s3tc_srgb	0	const	COMPRESSED_SRGB_ALPHA_S3TC_DXT5_EXT	Window,Worker
WEBGL_debug_renderer_info	interface	WEBGL_debug_renderer_info	0	const	UNMASKED_VENDOR_WEBGL	Window,Worker
WEBGL_debug_renderer_info	interface	WEBGL_debug_renderer_info	0	const	UNMASKED_RENDERER_WEBGL	Window,Worker
WEBGL_debug_shaders	interface	WEBGL_debug_shaders	0	operation	getTranslatedShaderSource	Window,Worker
WEBGL_depth_texture	interface	WEBGL_depth_texture	0	const	UNSIGNED_INT_24_8_WEBGL	Window,Worker
WEBGL_draw_buffers	interface	WEBGL_draw_buffers	0	const	COLOR_ATTACHMENT0_WEBGL	Window,Worker
WEBGL_draw_buffers	interface	WEBGL_draw_buffers	0	const	COLOR_ATTACHMENT1_WEBGL	Window,Worker
WEBGL_draw_buffers	interface	WEBGL_draw_buffers	0	const	COLOR_ATTACHMENT2_WEBGL	Window,Worker
WEBGL_draw_buffers	interface	WEBGL_draw_buffers	0	const	COLOR_ATTACHMENT3_WEBGL	Window,Worker
WEBGL_draw_buffers	interface	WEBGL_draw_buffers	0	const	COLOR_ATTACHMENT4_WEBGL	Window,Worker
WEBGL_draw_buffers	interface	WEBGL_draw_buffers	0	const	COLOR_ATTACHMENT5_WEBGL	Window,Worker
WEBGL_draw_buffers	interface	WEBGL_draw_buffers	0	const	COLOR_ATTACHMENT6_WEBGL	Window,Worker
WEBGL_draw_buffers	interface	WEBGL_draw_buffers	0	const	COLOR_ATTACHMENT7_WEBGL	Window,Worker
WEBGL_draw_buffers	interface	WEBGL_draw_buffers	0	const	COLOR_ATTACHMENT8_WEBGL	Window,Worker
WEBGL_draw_buffers	interface	WEBGL_draw_buffers	0	const	COLOR_ATTACHMENT9_WEBGL	Window,Worker
WEBGL_draw_buffers	interface	WEBGL_draw_buffers	0	const	COLOR_ATTACHMENT10_WEBGL	Window,Worker
WEBGL_draw_buffers	interface	WEBGL_draw_buffers	0	const	COLOR_ATTACHMENT11_WEBGL	Window,Worker
WEBGL_draw_buffers	interface	WEBGL_draw_buffers	0	const	COLOR_ATTACHMENT12_WEBGL	Window,Worker
WEBGL_draw_buffers	interface	WEBGL_draw_buffers	0	const	COLOR_ATTACHMENT13_WEBGL	Window,Worker
WEBGL_draw_buffers	interface	WEBGL_draw_buffers	0	const	COLOR_ATTACHMENT14_WEBGL	Window,Worker
WEBGL_draw_buffers	interface	WEBGL_draw_buffers	0	const	COLOR_ATTACHMENT15_WEBGL	Window,Worker
WEBGL_draw_buffers	interface	WEBGL_draw_buffers	0	const	DRAW_BUFFER0_WEBGL	Window,Worker
WEBGL_draw_buffers	interface	WEBGL_draw_buffers	0	const	DRAW_BUFFER1_WEBGL	Window,Worker
WEBGL_draw_buffers	interface	WEBGL_draw_buffers	0	const	DRAW_BUFFER2_WEBGL	Window,Worker
WEBGL_draw_buffers	interface	WEBGL_draw_buffers	0	const	DRAW_BUFFER3_WEBGL	Window,Worker
WEBGL_draw_buffers	interface	WEBGL_draw_buffers	0	const	DRAW_BUFFER4_WEBGL	Window,Worker
WEBGL_draw_buffers	interface	WEBGL_draw_buffers	0	const	DRAW_BUFFER5_WEBGL	Window,Worker
WEBGL_draw_buffers	interface	WEBGL_draw_buffers	0	const	DRAW_BUFFER6_WEBGL	Window,Worker
WEBGL_draw_buffers	interface	WEBGL_draw_buffers	0	const	DRAW_BUFFER7_WEBGL	Window,Worker
WEBGL_draw_buffers	interface	WEBGL_draw_buffers	0	const	DRAW_BUFFER8_WEBGL	Window,Worker
WEBGL_draw_buffers	interface	WEBGL_draw_buffers	0	const	DRAW_BUFFER9_WEBGL	Window,Worker
WEBGL_draw_buffers	interface	WEBGL_draw_buffers	0	const	DRAW_BUFFER10_WEBGL	Window,Worker
WEBGL_draw_buffers	interface	WEBGL_draw_buffers	0	const	DRAW_BUFFER11_WEBGL	Window,Worker
WEBGL_draw_buffers	interface	WEBGL_draw_buffers	0	const	DRAW_BUFFER12_WEBGL	Window,Worker
WEBGL_draw_buffers	interface	WEBGL_draw_buffers	0	const	DRAW_BUFFER13_WEBGL	Window,Worker
WEBGL_draw_buffers	interface	WEBGL_draw_buffers	0	const	DRAW_BUFFER14_WEBGL	Window,Worker
WEBGL_draw_buffers	interface	WEBGL_draw_buffers	0	const	DRAW_BUFFER15_WEBGL	Window,Worker
WEBGL_draw_buffers	interface	WEBGL_draw_buffers	0	const	MAX_COLOR_ATTACHMENTS_WEBGL	Window,Worker
WEBGL_draw_buffers	interface	WEBGL_draw_buffers	0	const	MAX_DRAW_BUFFERS_WEBGL	Window,Worker
WEBGL_draw_buffers	interface	WEBGL_draw_buffers	0	operation	drawBuffersWEBGL	Window,Worker
WEBGL_draw_instanced_base_vertex_base_instance	interface	WEBGL_draw_instanced_base_vertex_base_instance	0	operation	drawArraysInstancedBaseInstanceWEBGL	Window,Worker
WEBGL_draw_instanced_base_vertex_base_instance	interface	WEBGL_draw_instanced_base_vertex_base_instance	0	operation	drawElementsInstancedBaseVertexBaseInstanceWEBGL	Window,Worker
WEBGL_lose_context	interface	WEBGL_lose_context	0	operation	loseContext	Window,Worker
WEBGL_lose_context	interface	WEBGL_lose_context	0	operation	restoreContext	Window,Worker
WEBGL_multi_draw	interface	WEBGL_multi_draw	0	operation	multiDrawArraysWEBGL	Window,Worker
WEBGL_multi_draw	interface	WEBGL_multi_draw	0	operation	multiDrawElementsWEBGL	Window,Worker
WEBGL_multi_draw	interface	WEBGL_multi_draw	0	operation	multiDrawArraysInstancedWEBGL	Window,Worker
WEBGL_multi_draw	interface	WEBGL_multi_draw	0	operation	multiDrawElementsInstancedWEBGL	Window,Worker
WEBGL_multi_draw_instanced_base_vertex_base_instance	interface	WEBGL_multi_draw_instanced_base_vertex_base_instance	0	operation	multiDrawArraysInstancedBaseInstanceWEBGL	Window,Worker
WEBGL_multi_draw_instanced_base_vertex_base_instance	interface	WEBGL_multi_draw_instanced_base_vertex_base_instance	0	operation	multiDrawElementsInstancedBaseVertexBaseInstanceWEBGL	Window,Worker
WEBGL_provoking_vertex	interface	WEBGL_provoking_vertex	0	const	FIRST_VERTEX_CONVENTION_WEBGL	Window,Worker
WEBGL_provoking_vertex	interface	WEBGL_provoking_vertex	0	const	LAST_VERTEX_CONVENTION_WEBGL	Window,Worker
WEBGL_provoking_vertex	interface	WEBGL_provoking_vertex	0	const	PROVOKING_VERTEX_WEBGL	Window,Worker
WEBGL_provoking_vertex	interface	WEBGL_provoking_vertex	0	operation	provokingVertexWEBGL	Window,Worker
accelerometer	interface	Accelerometer	0	constructor	constructor	Window
accelerometer	interface	Accelerometer	0	attribute	x	Window
accelerometer	interface	Accelerometer	0	attribute	y	Window
accelerometer	interface	Accelerometer	0	attribute	z	Window
accelerometer	enum	AccelerometerLocalCoordinateSystem	0			
accelerometer	dictionary	AccelerometerSensorOptions	0	field	referenceFrame	
accelerometer	interface	LinearAccelerationSensor	0	constructor	constructor	Window
accelerometer	interface	GravitySensor	0	constructor	constructor	Window
ambient-light	interface	AmbientLightSensor	0	constructor	constructor	Window
ambient-light	interface	AmbientLightSensor	0	attribute	illuminance	Window
anchors	interface	XRAnchor	0	attribute	anchorSpace	Window
anchors	interface	XRAnchor	0	operation	requestPersistentHandle	Window
anchors	interface	XRAnchor	0	operation	delete	Window
anchors	interface	XRFrame	1	operation	createAnchor	
anchors	interface	XRSession	1	attribute	persistentAnchors	
anchors	interface	XRSession	1	operation	restorePersistentAnchor	
anchors	interface	XRSession	1	operation	deletePersistentAnchor	
anchors	interface	XRHitTestResult	1	operation	createAnchor	
anchors	interface	XRAnchorSet	0	setlike	@@setlike	Window
anchors	interface	XRFrame	1	attribute	trackedAnchors	
animation-triggers	interface	AnimationTrigger	0	constructor	constructor	Window
animation-triggers	interface	AnimationTrigger	0	attribute	timeline	Window
animation-triggers	interface	AnimationTrigger	0	attribute	behavior	Window
animation-triggers	interface	AnimationTrigger	0	attribute	activationRangeStart	Window
animation-triggers	interface	AnimationTrigger	0	attribute	activationRangeEnd	Window
animation-triggers	interface	AnimationTrigger	0	attribute	activeRangeStart	Window
animation-triggers	interface	AnimationTrigger	0	attribute	activeRangeEnd	Window
animation-triggers	dictionary	AnimationTriggerOptions	0	field	timeline	
animation-triggers	dictionary	AnimationTriggerOptions	0	field	behavior	
animation-triggers	dictionary	AnimationTriggerOptions	0	field	activationRangeStart	
animation-triggers	dictionary	AnimationTriggerOptions	0	field	activationRangeEnd	
animation-triggers	dictionary	AnimationTriggerOptions	0	field	activeRangeStart	
animation-triggers	dictionary	AnimationTriggerOptions	0	field	activeRangeEnd	
animation-triggers	enum	AnimationTriggerBehavior	0			
anonymous-iframe	interface	HTMLIFrameElement	1	attribute	credentialless	
anonymous-iframe	interface	Window	1	attribute	credentialless	
attribution	interface	Navigator	1	attribute	attribution	
attribution	enum	AttributionAggregationProtocol	0			
attribution	dictionary	AttributionAggregationService	0	field	protocol	
attribution	interface	AttributionAggregationServices	0	maplike	@@maplike	Window
attribution	interface	Attribution	0	attribute	aggregationServices	Window
attribution	dictionary	AttributionImpressionOptions	0	field	histogramIndex	
attribution	dictionary	AttributionImpressionOptions	0	field	matchValue	
attribution	dictionary	AttributionImpressionOptions	0	field	conversionSites	
attribution	dictionary	AttributionImpressionOptions	0	field	conversionCallers	
attribution	dictionary	AttributionImpressionOptions	0	field	lifetimeDays	
attribution	dictionary	AttributionImpressionOptions	0	field	priority	
attribution	dictionary	AttributionImpressionResult	0			
attribution	interface	Attribution	1	operation	saveImpression	Window
attribution	dictionary	AttributionConversionOptions	0	field	aggregationService	
attribution	dictionary	AttributionConversionOptions	0	field	epsilon	
attribution	dictionary	AttributionConversionOptions	0	field	histogramSize	
attribution	dictionary	AttributionConversionOptions	0	field	lookbackDays	
attribution	dictionary	AttributionConversionOptions	0	field	matchValues	
attribution	dictionary	AttributionConversionOptions	0	field	impressionSites	
attribution	dictionary	AttributionConversionOptions	0	field	impressionCallers	
attribution	dictionary	AttributionConversionOptions	0	field	credit	
attribution	dictionary	AttributionConversionOptions	0	field	value	
attribution	dictionary	AttributionConversionOptions	0	field	maxValue	
attribution	dictionary	AttributionConversionResult	0	field	report	
attribution	interface	Attribution	1	operation	measureConversion	Window
audio-output	interface	HTMLMediaElement	1	attribute	sinkId	
audio-output	interface	HTMLMediaElement	1	operation	setSinkId	
audio-output	interface	MediaDevices	1	operation	selectAudioOutput	
audio-output	dictionary	AudioOutputOptions	0	field	deviceId	
audio-session	interface	AudioSession	0	attribute	type	Window
audio-session	interface	AudioSession	0	attribute	state	Window
audio-session	interface	AudioSession	0	attribute	onstatechange	Window
audio-session	enum	AudioSessionType	0			
audio-session	enum	AudioSessionState	0			
audio-session	interface	Navigator	1	attribute	audioSession	Window
autofill-event	interface	AutofillEvent	0	constructor	constructor	Window
autofill-event	interface	AutofillEvent	0	attribute	autofillValues	Window
autofill-event	interface	AutofillEvent	0	attribute	refill	Window
autofill-event	callback	RefillCallback	0			
autofill-event	dictionary	AutofillEventInit	0	field	autofillValues	
autofill-event	dictionary	AutofillEventInit	0	field	allowRefill	
autofill-event	typedef	AutofillValueEntry	0			
autoplay-detection	enum	AutoplayPolicy	0			
autoplay-detection	enum	AutoplayPolicyMediaType	0			
autoplay-detection	interface	Navigator	1	operation	getAutoplayPolicy	Window
autoplay-detection	interface	Navigator	1	operation	getAutoplayPolicy	Window
autoplay-detection	interface	Navigator	1	operation	getAutoplayPolicy	Window
background-fetch	interface	ServiceWorkerGlobalScope	1	attribute	onbackgroundfetchsuccess	
background-fetch	interface	ServiceWorkerGlobalScope	1	attribute	onbackgroundfetchfail	
background-fetch	interface	ServiceWorkerGlobalScope	1	attribute	onbackgroundfetchabort	
background-fetch	interface	ServiceWorkerGlobalScope	1	attribute	onbackgroundfetchclick	
background-fetch	interface	ServiceWorkerRegistration	1	attribute	backgroundFetch	
background-fetch	interface	BackgroundFetchManager	0	operation	fetch	Window,Worker
background-fetch	interface	BackgroundFetchManager	0	operation	get	Window,Worker
background-fetch	interface	BackgroundFetchManager	0	operation	getIds	Window,Worker
background-fetch	dictionary	BackgroundFetchUIOptions	0	field	icons	
background-fetch	dictionary	BackgroundFetchUIOptions	0	field	title	
background-fetch	dictionary	BackgroundFetchOptions	0	field	downloadTotal	
background-fetch	interface	BackgroundFetchRegistration	0	attribute	id	Window,Worker
background-fetch	interface	BackgroundFetchRegistration	0	attribute	uploadTotal	Window,Worker
background-fetch	interface	BackgroundFetchRegistration	0	attribute	uploaded	Window,Worker
background-fetch	interface	BackgroundFetchRegistration	0	attribute	downloadTotal	Window,Worker
background-fetch	interface	BackgroundFetchRegistration	0	attribute	downloaded	Window,Worker
background-fetch	interface	BackgroundFetchRegistration	0	attribute	result	Window,Worker
background-fetch	interface	BackgroundFetchRegistration	0	attribute	failureReason	Window,Worker
background-fetch	interface	BackgroundFetchRegistration	0	attribute	recordsAvailable	Window,Worker
background-fetch	interface	BackgroundFetchRegistration	0	attribute	onprogress	Window,Worker
background-fetch	interface	BackgroundFetchRegistration	0	operation	abort	Window,Worker
background-fetch	interface	BackgroundFetchRegistration	0	operation	match	Window,Worker
background-fetch	interface	BackgroundFetchRegistration	0	operation	matchAll	Window,Worker
background-fetch	enum	BackgroundFetchResult	0			
background-fetch	enum	BackgroundFetchFailureReason	0			
background-fetch	interface	BackgroundFetchRecord	0	attribute	request	Window,Worker
background-fetch	interface	BackgroundFetchRecord	0	attribute	responseReady	Window,Worker
background-fetch	interface	BackgroundFetchEvent	0	constructor	constructor	ServiceWorker
background-fetch	interface	BackgroundFetchEvent	0	attribute	registration	ServiceWorker
background-fetch	dictionary	BackgroundFetchEventInit	0	field	registration	
background-fetch	interface	BackgroundFetchUpdateUIEvent	0	constructor	constructor	ServiceWorker
background-fetch	interface	BackgroundFetchUpdateUIEvent	0	operation	updateUI	ServiceWorker
background-sync	interface	ServiceWorkerRegistration	1	attribute	sync	
background-sync	interface	SyncManager	0	operation	register	Window,Worker
background-sync	interface	SyncManager	0	operation	getTags	Window,Worker
background-sync	interface	ServiceWorkerGlobalScope	1	attribute	onsync	
background-sync	interface	SyncEvent	0	constructor	constructor	ServiceWorker
background-sync	interface	SyncEvent	0	attribute	tag	ServiceWorker
background-sync	interface	SyncEvent	0	attribute	lastChance	ServiceWorker
background-sync	dictionary	SyncEventInit	0	field	tag	
background-sync	dictionary	SyncEventInit	0	field	lastChance	
badging	interface mixin	NavigatorBadge	0	operation	setAppBadge	
badging	interface mixin	NavigatorBadge	0	operation	clearAppBadge	
badging	includes	Navigator	0		NavigatorBadge	
badging	includes	WorkerNavigator	0		NavigatorBadge	
battery-status	interface	Navigator	1	operation	getBattery	
battery-status	interface	BatteryManager	0	attribute	charging	Window
battery-status	interface	BatteryManager	0	attribute	chargingTime	Window
battery-status	interface	BatteryManager	0	attribute	dischargingTime	Window
battery-status	interface	BatteryManager	0	attribute	level	Window
battery-status	interface	BatteryManager	0	attribute	onchargingchange	Window
battery-status	interface	BatteryManager	0	attribute	onchargingtimechange	Window
battery-status	interface	BatteryManager	0	attribute	ondischargingtimechange	Window
battery-status	interface	BatteryManager	0	attribute	onlevelchange	Window
beacon	interface	Navigator	1	operation	sendBeacon	
body-tracking	interface	XRFrame	1	attribute	body	
body-tracking	enum	XRBodyJoint	0			
body-tracking	interface	XRBody	0	iterable	@@iterator	Window
body-tracking	interface	XRBody	0	attribute	size	Window
body-tracking	interface	XRBody	0	operation	get	Window
body-tracking	interface	XRBodySpace	0	attribute	jointName	Window
capture-handle-identity	dictionary	CaptureHandleConfig	0	field	exposeOrigin	
capture-handle-identity	dictionary	CaptureHandleConfig	0	field	handle	
capture-handle-identity	dictionary	CaptureHandleConfig	0	field	permittedOrigins	
capture-handle-identity	interface	MediaDevices	1	operation	setCaptureHandleConfig	
capture-handle-identity	dictionary	CaptureHandle	0	field	origin	
capture-handle-identity	dictionary	CaptureHandle	0	field	handle	
capture-handle-identity	interface	MediaStreamTrack	1	operation	getCaptureHandle	
capture-handle-identity	interface	MediaStreamTrack	1	attribute	oncapturehandlechange	
captured-mouse-events	interface	CapturedMouseEvent	0	constructor	constructor	Window
captured-mouse-events	interface	CapturedMouseEvent	0	attribute	surfaceX	Window
captured-mouse-events	interface	CapturedMouseEvent	0	attribute	surfaceY	Window
captured-mouse-events	dictionary	CapturedMouseEventInit	0	field	surfaceX	
captured-mouse-events	dictionary	CapturedMouseEventInit	0	field	surfaceY	
captured-mouse-events	interface	CaptureController	1	attribute	oncapturedmousechange	
clipboard-apis	dictionary	ClipboardEventInit	0	field	clipboardData	
clipboard-apis	interface	ClipboardEvent	0	constructor	constructor	Window
clipboard-apis	interface	ClipboardEvent	0	attribute	clipboardData	Window
clipboard-apis	dictionary	ClipboardChangeEventInit	0	field	types	
clipboard-apis	dictionary	ClipboardChangeEventInit	0	field	changeId	
clipboard-apis	interface	ClipboardChangeEvent	0	constructor	constructor	Window
clipboard-apis	interface	ClipboardChangeEvent	0	attribute	types	Window
clipboard-apis	interface	ClipboardChangeEvent	0	attribute	changeId	Window
clipboard-apis	interface	Navigator	1	attribute	clipboard	
clipboard-apis	typedef	ClipboardItemData	0			
clipboard-apis	interface	ClipboardItem	0	constructor	constructor	Window
clipboard-apis	interface	ClipboardItem	0	attribute	presentationStyle	Window
clipboard-apis	interface	ClipboardItem	0	attribute	types	Window
clipboard-apis	interface	ClipboardItem	0	operation	getType	Window
clipboard-apis	interface	ClipboardItem	0	operation	supports	Window
clipboard-apis	enum	PresentationStyle	0			
clipboard-apis	dictionary	ClipboardItemOptions	0	field	presentationStyle	
clipboard-apis	typedef	ClipboardItems	0			
clipboard-apis	interface	Clipboard	0	operation	read	Window
clipboard-apis	interface	Clipboard	0	operation	readText	Window
clipboard-apis	interface	Clipboard	0	operation	write	Window
clipboard-apis	interface	Clipboard	0	operation	writeText	Window
clipboard-apis	dictionary	ClipboardUnsanitizedFormats	0	field	unsanitized	
clipboard-apis	dictionary	ClipboardPermissionDescriptor	0	field	allowWithoutGesture	
compat	interface	Window	1	attribute	orientation	
compat	interface	Window	1	attribute	onorientationchange	
compat	interface	HTMLBodyElement	1	attribute	onorientationchange	
compression	enum	CompressionFormat	0			
compression	interface	CompressionStream	0	constructor	constructor	*
compression	includes	CompressionStream	0		GenericTransformStream	
compression	interface	DecompressionStream	0	constructor	constructor	*
compression	includes	DecompressionStream	0		GenericTransformStream	
compute-pressure	enum	PressureSource	0			
compute-pressure	enum	PressureState	0			
compute-pressure	callback	PressureUpdateCallback	0			
compute-pressure	interface	PressureObserver	0	constructor	constructor	DedicatedWorker,SharedWorker,Window
compute-pressure	interface	PressureObserver	0	operation	observe	DedicatedWorker,SharedWorker,Window
compute-pressure	interface	PressureObserver	0	operation	unobserve	DedicatedWorker,SharedWorker,Window
compute-pressure	interface	PressureObserver	0	operation	disconnect	DedicatedWorker,SharedWorker,Window
compute-pressure	interface	PressureObserver	0	operation	takeRecords	DedicatedWorker,SharedWorker,Window
compute-pressure	interface	PressureObserver	0	attribute	knownSources	DedicatedWorker,SharedWorker,Window
compute-pressure	interface	PressureRecord	0	attribute	source	DedicatedWorker,SharedWorker,Window
compute-pressure	interface	PressureRecord	0	attribute	state	DedicatedWorker,SharedWorker,Window
compute-pressure	interface	PressureRecord	0	attribute	time	DedicatedWorker,SharedWorker,Window
compute-pressure	interface	PressureRecord	0	operation	toJSON	DedicatedWorker,SharedWorker,Window
compute-pressure	dictionary	PressureObserverOptions	0	field	sampleInterval	
connection-allowlists	enum	ConnectionAllowlistDisposition	0			
connection-allowlists	dictionary	ConnectionAllowlistViolationReport	0	field	url	
connection-allowlists	dictionary	ConnectionAllowlistViolationReport	0	field	connection	
connection-allowlists	dictionary	ConnectionAllowlistViolationReport	0	field	allowlist	
connection-allowlists	dictionary	ConnectionAllowlistViolationReport	0	field	disposition	
connection-allowlists	interface	HTMLIFrameElement	1	attribute	connectionAllowlist	
console	namespace	console	0	operation	assert	*
console	namespace	console	0	operation	clear	*
console	namespace	console	0	operation	debug	*
console	namespace	console	0	operation	error	*
console	namespace	console	0	operation	info	*
console	namespace	console	0	operation	log	*
console	namespace	console	0	operation	table	*
console	namespace	console	0	operation	trace	*
console	namespace	console	0	operation	warn	*
console	namespace	console	0	operation	dir	*
console	namespace	console	0	operation	dirxml	*
console	namespace	console	0	operation	count	*
console	namespace	console	0	operation	countReset	*
console	namespace	console	0	operation	group	*
console	namespace	console	0	operation	groupCollapsed	*
console	namespace	console	0	operation	groupEnd	*
console	namespace	console	0	operation	time	*
console	namespace	console	0	operation	timeLog	*
console	namespace	console	0	operation	timeEnd	*
contact-picker	interface	Navigator	1	attribute	contacts	Window
contact-picker	enum	ContactProperty	0			
contact-picker	interface	ContactAddress	0	operation	toJSON	Window
contact-picker	interface	ContactAddress	0	attribute	city	Window
contact-picker	interface	ContactAddress	0	attribute	country	Window
contact-picker	interface	ContactAddress	0	attribute	dependentLocality	Window
contact-picker	interface	ContactAddress	0	attribute	organization	Window
contact-picker	interface	ContactAddress	0	attribute	phone	Window
contact-picker	interface	ContactAddress	0	attribute	postalCode	Window
contact-picker	interface	ContactAddress	0	attribute	recipient	Window
contact-picker	interface	ContactAddress	0	attribute	region	Window
contact-picker	interface	ContactAddress	0	attribute	sortingCode	Window
contact-picker	interface	ContactAddress	0	attribute	addressLine	Window
contact-picker	dictionary	ContactInfo	0	field	address	
contact-picker	dictionary	ContactInfo	0	field	email	
contact-picker	dictionary	ContactInfo	0	field	icon	
contact-picker	dictionary	ContactInfo	0	field	name	
contact-picker	dictionary	ContactInfo	0	field	tel	
contact-picker	dictionary	ContactsSelectOptions	0	field	multiple	
contact-picker	interface	ContactsManager	0	operation	getProperties	Window
contact-picker	interface	ContactsManager	0	operation	select	Window
container-timing	interface	PerformanceContainerTiming	0	attribute	identifier	Window
container-timing	interface	PerformanceContainerTiming	0	attribute	intersectionRect	Window
container-timing	interface	PerformanceContainerTiming	0	attribute	size	Window
container-timing	interface	PerformanceContainerTiming	0	attribute	firstRenderTime	Window
container-timing	interface	PerformanceContainerTiming	0	attribute	lastPaintedElement	Window
container-timing	interface	PerformanceContainerTiming	0	attribute	rootElement	Window
container-timing	interface	PerformanceContainerTiming	0	operation	toJSON	Window
container-timing	includes	PerformanceContainerTiming	0		PaintTimingMixin	
container-timing	interface	HTMLElement	1	attribute	containerTiming	
container-timing	interface	HTMLElement	1	attribute	containerTimingIgnore	
content-index	interface	ServiceWorkerGlobalScope	1	attribute	oncontentdelete	
content-index	interface	ServiceWorkerRegistration	1	attribute	index	
content-index	enum	ContentCategory	0			
content-index	dictionary	ContentDescription	0	field	id	
content-index	dictionary	ContentDescription	0	field	title	
content-index	dictionary	ContentDescription	0	field	description	
content-index	dictionary	ContentDescription	0	field	category	
content-index	dictionary	ContentDescription	0	field	icons	
content-index	dictionary	ContentDescription	0	field	url	
content-index	interface	ContentIndex	0	operation	add	Window,Worker
content-index	interface	ContentIndex	0	operation	delete	Window,Worker
content-index	interface	ContentIndex	0	operation	getAll	Window,Worker
content-index	dictionary	ContentIndexEventInit	0	field	id	
content-index	interface	ContentIndexEvent	0	constructor	constructor	ServiceWorker
content-index	interface	ContentIndexEvent	0	attribute	id	ServiceWorker
cookiestore	interface	CookieStore	0	operation	get	ServiceWorker,Window
cookiestore	interface	CookieStore	0	operation	get	ServiceWorker,Window
cookiestore	interface	CookieStore	0	operation	getAll	ServiceWorker,Window
cookiestore	interface	CookieStore	0	operation	getAll	ServiceWorker,Window
cookiestore	interface	CookieStore	0	operation	set	ServiceWorker,Window
cookiestore	interface	CookieStore	0	operation	set	ServiceWorker,Window
cookiestore	interface	CookieStore	0	operation	delete	ServiceWorker,Window
cookiestore	interface	CookieStore	0	operation	delete	ServiceWorker,Window
cookiestore	interface	CookieStore	0	attribute	onchange	ServiceWorker,Window
cookiestore	dictionary	CookieStoreGetOptions	0	field	name	
cookiestore	dictionary	CookieStoreGetOptions	0	field	url	
cookiestore	enum	CookieSameSite	0			
cookiestore	dictionary	CookieInit	0	field	name	
cookiestore	dictionary	CookieInit	0	field	value	
cookiestore	dictionary	CookieInit	0	field	expires	
cookiestore	dictionary	CookieInit	0	field	domain	
cookiestore	dictionary	CookieInit	0	field	path	
cookiestore	dictionary	CookieInit	0	field	sameSite	
cookiestore	dictionary	CookieInit	0	field	partitioned	
cookiestore	dictionary	CookieInit	0	field	maxAge	
cookiestore	dictionary	CookieStoreDeleteOptions	0	field	name	
cookiestore	dictionary	CookieStoreDeleteOptions	0	field	domain	
cookiestore	dictionary	CookieStoreDeleteOptions	0	field	path	
cookiestore	dictionary	CookieStoreDeleteOptions	0	field	partitioned	
cookiestore	dictionary	CookieListItem	0	field	name	
cookiestore	dictionary	CookieListItem	0	field	value	
cookiestore	typedef	CookieList	0			
cookiestore	interface	CookieStoreManager	0	operation	subscribe	ServiceWorker,Window
cookiestore	interface	CookieStoreManager	0	operation	getSubscriptions	ServiceWorker,Window
cookiestore	interface	CookieStoreManager	0	operation	unsubscribe	ServiceWorker,Window
cookiestore	interface	ServiceWorkerRegistration	1	attribute	cookies	ServiceWorker,Window
cookiestore	interface	CookieChangeEvent	0	constructor	constructor	Window
cookiestore	interface	CookieChangeEvent	0	attribute	changed	Window
cookiestore	interface	CookieChangeEvent	0	attribute	deleted	Window
cookiestore	dictionary	CookieChangeEventInit	0	field	changed	
cookiestore	dictionary	CookieChangeEventInit	0	field	deleted	
cookiestore	interface	ExtendableCookieChangeEvent	0	constructor	constructor	ServiceWorker
cookiestore	interface	ExtendableCookieChangeEvent	0	attribute	changed	ServiceWorker
cookiestore	interface	ExtendableCookieChangeEvent	0	attribute	deleted	ServiceWorker
cookiestore	dictionary	ExtendableCookieChangeEventInit	0	field	changed	
cookiestore	dictionary	ExtendableCookieChangeEventInit	0	field	deleted	
cookiestore	interface	Window	1	attribute	cookieStore	
cookiestore	interface	ServiceWorkerGlobalScope	1	attribute	cookieStore	
cookiestore	interface	ServiceWorkerGlobalScope	1	attribute	oncookiechange	
cpu-performance	interface	Navigator	1	attribute	cpuPerformance	Window
crash-reporting	dictionary	CrashReportBody	0	field	reason	
crash-reporting	dictionary	CrashReportBody	0	field	stack	
crash-reporting	dictionary	CrashReportBody	0	field	is_top_level	
crash-reporting	dictionary	CrashReportBody	0	field	visibility_state	
crash-reporting	dictionary	CrashReportBody	0	field	crash_report_api	
crash-reporting	interface	Window	1	attribute	crashReport	
crash-reporting	interface	CrashReportContext	0	operation	initialize	Window
crash-reporting	interface	CrashReportContext	0	operation	set	Window
crash-reporting	interface	CrashReportContext	0	operation	delete	Window
credential-management	interface	Credential	0	attribute	id	Window
credential-management	interface	Credential	0	attribute	type	Window
credential-management	interface	Credential	0	operation	isConditionalMediationAvailable	Window
credential-management	interface mixin	CredentialUserData	0	attribute	name	
credential-management	interface mixin	CredentialUserData	0	attribute	iconURL	
credential-management	interface	Navigator	1	attribute	credentials	
credential-management	interface	CredentialsContainer	0	operation	get	Window
credential-management	interface	CredentialsContainer	0	operation	store	Window
credential-management	interface	CredentialsContainer	0	operation	create	Window
credential-management	interface	CredentialsContainer	0	operation	preventSilentAccess	Window
credential-management	dictionary	CredentialData	0	field	id	
credential-management	dictionary	CredentialRequestOptions	0	field	mediation	
credential-management	dictionary	CredentialRequestOptions	0	field	uiMode	
credential-management	dictionary	CredentialRequestOptions	0	field	signal	
credential-management	enum	CredentialMediationRequirement	0			
credential-management	enum	CredentialUiMode	0			
credential-management	dictionary	CredentialCreationOptions	0	field	mediation	
credential-management	dictionary	CredentialCreationOptions	0	field	signal	
credential-management	interface	PasswordCredential	0	constructor	constructor	Window
credential-management	interface	PasswordCredential	0	constructor	constructor	Window
credential-management	interface	PasswordCredential	0	attribute	password	Window
credential-management	includes	PasswordCredential	0		CredentialUserData	
credential-management	dictionary	CredentialRequestOptions	1	field	password	
credential-management	dictionary	PasswordCredentialData	0	field	name	
credential-management	dictionary	PasswordCredentialData	0	field	iconURL	
credential-management	dictionary	PasswordCredentialData	0	field	origin	
credential-management	dictionary	PasswordCredentialData	0	field	password	
credential-management	typedef	PasswordCredentialInit	0			
credential-management	dictionary	CredentialCreationOptions	1	field	password	
credential-management	interface	FederatedCredential	0	constructor	constructor	Window
credential-management	interface	FederatedCredential	0	attribute	provider	Window
credential-management	interface	FederatedCredential	0	attribute	protocol	Window
credential-management	includes	FederatedCredential	0		CredentialUserData	
credential-management	dictionary	FederatedCredentialRequestOptions	0	field	providers	
credential-management	dictionary	FederatedCredentialRequestOptions	0	field	protocols	
credential-management	dictionary	CredentialRequestOptions	1	field	federated	
credential-management	dictionary	FederatedCredentialInit	0	field	name	
credential-management	dictionary	FederatedCredentialInit	0	field	iconURL	
credential-management	dictionary	FederatedCredentialInit	0	field	origin	
credential-management	dictionary	FederatedCredentialInit	0	field	provider	
credential-management	dictionary	FederatedCredentialInit	0	field	protocol	
credential-management	dictionary	CredentialCreationOptions	1	field	federated	
cross-origin-storage	interface	CrossOriginStorageManager	0	operation	requestFileHandle	Window,Worker
cross-origin-storage	dictionary	CrossOriginStorageRequestFileHandleHash	0	field	value	
cross-origin-storage	dictionary	CrossOriginStorageRequestFileHandleHash	0	field	algorithm	
cross-origin-storage	dictionary	CrossOriginStorageRequestFileHandleOptions	0	field	create	
cross-origin-storage	dictionary	CrossOriginStorageRequestFileHandleOptions	0	field	origins	
cross-origin-storage	interface mixin	NavigatorCrossOriginStorage	0	attribute	crossOriginStorage	
cross-origin-storage	includes	Navigator	0		NavigatorCrossOriginStorage	
cross-origin-storage	includes	WorkerNavigator	0		NavigatorCrossOriginStorage	
csp-embedded-enforcement	interface	HTMLIFrameElement	1	attribute	csp	
csp-next	enum	ScriptingPolicyViolationType	0			
csp-next	dictionary	ScriptingPolicyReportBody	0	field	violationType	
csp-next	dictionary	ScriptingPolicyReportBody	0	field	violationURL	
csp-next	dictionary	ScriptingPolicyReportBody	0	field	violationSample	
csp-next	dictionary	ScriptingPolicyReportBody	0	field	lineno	
csp-next	dictionary	ScriptingPolicyReportBody	0	field	colno	
css-anchor-position	interface	CSSPositionTryRule	0	attribute	name	Window
css-anchor-position	interface	CSSPositionTryRule	0	attribute	style	Window
css-anchor-position	interface	CSSPositionTryDescriptors	0	attribute	margin	Window
css-anchor-position	interface	CSSPositionTryDescriptors	0	attribute	marginTop	Window
css-anchor-position	interface	CSSPositionTryDescriptors	0	attribute	marginRight	Window
css-anchor-position	interface	CSSPositionTryDescriptors	0	attribute	marginBottom	Window
css-anchor-position	interface	CSSPositionTryDescriptors	0	attribute	marginLeft	Window
css-anchor-position	interface	CSSPositionTryDescriptors	0	attribute	marginBlock	Window
css-anchor-position	interface	CSSPositionTryDescriptors	0	attribute	marginBlockStart	Window
css-anchor-position	interface	CSSPositionTryDescriptors	0	attribute	marginBlockEnd	Window
css-anchor-position	interface	CSSPositionTryDescriptors	0	attribute	marginInline	Window
css-anchor-position	interface	CSSPositionTryDescriptors	0	attribute	marginInlineStart	Window
css-anchor-position	interface	CSSPositionTryDescriptors	0	attribute	marginInlineEnd	Window
css-anchor-position	interface	CSSPositionTryDescriptors	0	attribute	margin-top	Window
css-anchor-position	interface	CSSPositionTryDescriptors	0	attribute	margin-right	Window
css-anchor-position	interface	CSSPositionTryDescriptors	0	attribute	margin-bottom	Window
css-anchor-position	interface	CSSPositionTryDescriptors	0	attribute	margin-left	Window
css-anchor-position	interface	CSSPositionTryDescriptors	0	attribute	margin-block	Window
css-anchor-position	interface	CSSPositionTryDescriptors	0	attribute	margin-block-start	Window
css-anchor-position	interface	CSSPositionTryDescriptors	0	attribute	margin-block-end	Window
css-anchor-position	interface	CSSPositionTryDescriptors	0	attribute	margin-inline	Window
css-anchor-position	interface	CSSPositionTryDescriptors	0	attribute	margin-inline-start	Window
css-anchor-position	interface	CSSPositionTryDescriptors	0	attribute	margin-inline-end	Window
css-anchor-position	interface	CSSPositionTryDescriptors	0	attribute	inset	Window
css-anchor-position	interface	CSSPositionTryDescriptors	0	attribute	insetBlock	Window
css-anchor-position	interface	CSSPositionTryDescriptors	0	attribute	insetBlockStart	Window
css-anchor-position	interface	CSSPositionTryDescriptors	0	attribute	insetBlockEnd	Window
css-anchor-position	interface	CSSPositionTryDescriptors	0	attribute	insetInline	Window
css-anchor-position	interface	CSSPositionTryDescriptors	0	attribute	insetInlineStart	Window
css-anchor-position	interface	CSSPositionTryDescriptors	0	attribute	insetInlineEnd	Window
css-anchor-position	interface	CSSPositionTryDescriptors	0	attribute	top	Window
css-anchor-position	interface	CSSPositionTryDescriptors	0	attribute	left	Window
css-anchor-position	interface	CSSPositionTryDescriptors	0	attribute	right	Window
css-anchor-position	interface	CSSPositionTryDescriptors	0	attribute	bottom	Window
css-anchor-position	interface	CSSPositionTryDescriptors	0	attribute	inset-block	Window
css-anchor-position	interface	CSSPositionTryDescriptors	0	attribute	inset-block-start	Window
css-anchor-position	interface	CSSPositionTryDescriptors	0	attribute	inset-block-end	Window
css-anchor-position	interface	CSSPositionTryDescriptors	0	attribute	inset-inline	Window
css-anchor-position	interface	CSSPositionTryDescriptors	0	attribute	inset-inline-start	Window
css-anchor-position	interface	CSSPositionTryDescriptors	0	attribute	inset-inline-end	Window
css-anchor-position	interface	CSSPositionTryDescriptors	0	attribute	width	Window
css-anchor-position	interface	CSSPositionTryDescriptors	0	attribute	minWidth	Window
css-anchor-position	interface	CSSPositionTryDescriptors	0	attribute	maxWidth	Window
css-anchor-position	interface	CSSPositionTryDescriptors	0	attribute	height	Window
css-anchor-position	interface	CSSPositionTryDescriptors	0	attribute	minHeight	Window
css-anchor-position	interface	CSSPositionTryDescriptors	0	attribute	maxHeight	Window
css-anchor-position	interface	CSSPositionTryDescriptors	0	attribute	blockSize	Window
css-anchor-position	interface	CSSPositionTryDescriptors	0	attribute	minBlockSize	Window
css-anchor-position	interface	CSSPositionTryDescriptors	0	attribute	maxBlockSize	Window
css-anchor-position	interface	CSSPositionTryDescriptors	0	attribute	inlineSize	Window
css-anchor-position	interface	CSSPositionTryDescriptors	0	attribute	minInlineSize	Window
css-anchor-position	interface	CSSPositionTryDescriptors	0	attribute	maxInlineSize	Window
css-anchor-position	interface	CSSPositionTryDescriptors	0	attribute	min-width	Window
css-anchor-position	interface	CSSPositionTryDescriptors	0	attribute	max-width	Window
css-anchor-position	interface	CSSPositionTryDescriptors	0	attribute	min-height	Window
css-anchor-position	interface	CSSPositionTryDescriptors	0	attribute	max-height	Window
css-anchor-position	interface	CSSPositionTryDescriptors	0	attribute	block-size	Window
css-anchor-position	interface	CSSPositionTryDescriptors	0	attribute	min-block-size	Window
css-anchor-position	interface	CSSPositionTryDescriptors	0	attribute	max-block-size	Window
css-anchor-position	interface	CSSPositionTryDescriptors	0	attribute	inline-size	Window
css-anchor-position	interface	CSSPositionTryDescriptors	0	attribute	min-inline-size	Window
css-anchor-position	interface	CSSPositionTryDescriptors	0	attribute	max-inline-size	Window
css-anchor-position	interface	CSSPositionTryDescriptors	0	attribute	placeSelf	Window
css-anchor-position	interface	CSSPositionTryDescriptors	0	attribute	alignSelf	Window
css-anchor-position	interface	CSSPositionTryDescriptors	0	attribute	justifySelf	Window
css-anchor-position	interface	CSSPositionTryDescriptors	0	attribute	place-self	Window
css-anchor-position	interface	CSSPositionTryDescriptors	0	attribute	align-self	Window
css-anchor-position	interface	CSSPositionTryDescriptors	0	attribute	justify-self	Window
css-anchor-position	interface	CSSPositionTryDescriptors	0	attribute	positionAnchor	Window
css-anchor-position	interface	CSSPositionTryDescriptors	0	attribute	position-anchor	Window
css-anchor-position	interface	CSSPositionTryDescriptors	0	attribute	positionArea	Window
css-anchor-position	interface	CSSPositionTryDescriptors	0	attribute	position-area	Window
css-animation-worklet	namespace	CSS	1	attribute	animationWorklet	Window
css-animation-worklet	interface	AnimationWorkletGlobalScope	0	operation	registerAnimator	AnimationWorklet
css-animation-worklet	callback	AnimatorInstanceConstructor	0			
css-animation-worklet	interface	WorkletAnimationEffect	0	operation	getTiming	AnimationWorklet
css-animation-worklet	interface	WorkletAnimationEffect	0	operation	getComputedTiming	AnimationWorklet
css-animation-worklet	interface	WorkletAnimationEffect	0	attribute	localTime	AnimationWorklet
css-animation-worklet	interface	WorkletAnimation	0	constructor	constructor	Window
css-animation-worklet	interface	WorkletAnimation	0	attribute	animatorName	Window
css-animation-worklet	interface	WorkletGroupEffect	0	operation	getChildren	AnimationWorklet
css-animations-2	interface	AnimationEvent	1	attribute	animation	Window
css-animations-2	dictionary	AnimationEventInit	1	field	animation	
css-animations-2	interface	CSSAnimation	0	attribute	animationName	Window
css-animations	interface	AnimationEvent	0	constructor	constructor	Window
css-animations	interface	AnimationEvent	0	attribute	animationName	Window
css-animations	interface	AnimationEvent	0	attribute	elapsedTime	Window
css-animations	interface	AnimationEvent	0	attribute	pseudoElement	Window
css-animations	dictionary	AnimationEventInit	0	field	animationName	
css-animations	dictionary	AnimationEventInit	0	field	elapsedTime	
css-animations	dictionary	AnimationEventInit	0	field	pseudoElement	
css-animations	interface	CSSRule	1	const	KEYFRAMES_RULE	
css-animations	interface	CSSRule	1	const	KEYFRAME_RULE	
css-animations	interface	CSSKeyframeRule	0	attribute	keyText	Window
css-animations	interface	CSSKeyframeRule	0	attribute	style	Window
css-animations	interface	CSSKeyframesRule	0	attribute	name	Window
css-animations	interface	CSSKeyframesRule	0	attribute	cssRules	Window
css-animations	interface	CSSKeyframesRule	0	attribute	length	Window
css-animations	interface	CSSKeyframesRule	0	operation	@匿名	Window
css-animations	interface	CSSKeyframesRule	0	operation	appendRule	Window
css-animations	interface	CSSKeyframesRule	0	operation	deleteRule	Window
css-animations	interface	CSSKeyframesRule	0	operation	findRule	Window
css-animations	interface mixin	GlobalEventHandlers	1	attribute	onanimationstart	
css-animations	interface mixin	GlobalEventHandlers	1	attribute	onanimationiteration	
css-animations	interface mixin	GlobalEventHandlers	1	attribute	onanimationend	
css-animations	interface mixin	GlobalEventHandlers	1	attribute	onanimationcancel	
css-cascade-6	interface	CSSScopeRule	0	attribute	start	Window
css-cascade-6	interface	CSSScopeRule	0	attribute	end	Window
css-cascade	interface	CSSLayerBlockRule	0	attribute	name	Window
css-cascade	interface	CSSLayerStatementRule	0	attribute	nameList	Window
css-color-5	interface	CSSColorProfileRule	0	attribute	name	Window
css-color-5	interface	CSSColorProfileRule	0	attribute	src	Window
css-color-5	interface	CSSColorProfileRule	0	attribute	renderingIntent	Window
css-color-5	interface	CSSColorProfileRule	0	attribute	components	Window
css-conditional-5	dictionary	CSSContainerCondition	0	field	name	
css-conditional-5	dictionary	CSSContainerCondition	0	field	query	
css-conditional-5	interface	CSSContainerRule	0	attribute	containerName	Window
css-conditional-5	interface	CSSContainerRule	0	attribute	containerQuery	Window
css-conditional-5	interface	CSSContainerRule	0	attribute	conditions	Window
css-conditional-5	interface	CSSSupportsConditionRule	0	attribute	name	Window
css-conditional	interface	CSSRule	1	const	SUPPORTS_RULE	
css-conditional	interface	CSSConditionRule	0	attribute	conditionText	Window
css-conditional	interface	CSSMediaRule	0	attribute	media	Window
css-conditional	interface	CSSMediaRule	0	attribute	matches	Window
css-conditional	interface	CSSSupportsRule	0	attribute	matches	Window
css-conditional	namespace	CSS	1	operation	supports	
css-conditional	namespace	CSS	1	operation	supports	
css-contain	interface	ContentVisibilityAutoStateChangeEvent	0	constructor	constructor	Window
css-contain	interface	ContentVisibilityAutoStateChangeEvent	0	attribute	skipped	Window
css-contain	dictionary	ContentVisibilityAutoStateChangeEventInit	0	field	skipped	
css-counter-styles	interface	CSSRule	1	const	COUNTER_STYLE_RULE	
css-counter-styles	interface	CSSCounterStyleRule	0	attribute	name	Window
css-counter-styles	interface	CSSCounterStyleRule	0	attribute	system	Window
css-counter-styles	interface	CSSCounterStyleRule	0	attribute	symbols	Window
css-counter-styles	interface	CSSCounterStyleRule	0	attribute	additiveSymbols	Window
css-counter-styles	interface	CSSCounterStyleRule	0	attribute	negative	Window
css-counter-styles	interface	CSSCounterStyleRule	0	attribute	prefix	Window
css-counter-styles	interface	CSSCounterStyleRule	0	attribute	suffix	Window
css-counter-styles	interface	CSSCounterStyleRule	0	attribute	range	Window
css-counter-styles	interface	CSSCounterStyleRule	0	attribute	pad	Window
css-counter-styles	interface	CSSCounterStyleRule	0	attribute	speakAs	Window
css-counter-styles	interface	CSSCounterStyleRule	0	attribute	fallback	Window
css-font-loading	dictionary	FontFaceDescriptors	0	field	style	
css-font-loading	dictionary	FontFaceDescriptors	0	field	weight	
css-font-loading	dictionary	FontFaceDescriptors	0	field	stretch	
css-font-loading	dictionary	FontFaceDescriptors	0	field	unicodeRange	
css-font-loading	dictionary	FontFaceDescriptors	0	field	featureSettings	
css-font-loading	dictionary	FontFaceDescriptors	0	field	variationSettings	
css-font-loading	dictionary	FontFaceDescriptors	0	field	display	
css-font-loading	dictionary	FontFaceDescriptors	0	field	ascentOverride	
css-font-loading	dictionary	FontFaceDescriptors	0	field	descentOverride	
css-font-loading	dictionary	FontFaceDescriptors	0	field	lineGapOverride	
css-font-loading	enum	FontFaceLoadStatus	0			
css-font-loading	interface	FontFace	0	constructor	constructor	Window,Worker
css-font-loading	interface	FontFace	0	attribute	family	Window,Worker
css-font-loading	interface	FontFace	0	attribute	style	Window,Worker
css-font-loading	interface	FontFace	0	attribute	weight	Window,Worker
css-font-loading	interface	FontFace	0	attribute	stretch	Window,Worker
css-font-loading	interface	FontFace	0	attribute	unicodeRange	Window,Worker
css-font-loading	interface	FontFace	0	attribute	featureSettings	Window,Worker
css-font-loading	interface	FontFace	0	attribute	variationSettings	Window,Worker
css-font-loading	interface	FontFace	0	attribute	display	Window,Worker
css-font-loading	interface	FontFace	0	attribute	ascentOverride	Window,Worker
css-font-loading	interface	FontFace	0	attribute	descentOverride	Window,Worker
css-font-loading	interface	FontFace	0	attribute	lineGapOverride	Window,Worker
css-font-loading	interface	FontFace	0	attribute	status	Window,Worker
css-font-loading	interface	FontFace	0	operation	load	Window,Worker
css-font-loading	interface	FontFace	0	attribute	loaded	Window,Worker
css-font-loading	interface	FontFaceFeatures	0			Window,Worker
css-font-loading	interface	FontFaceVariationAxis	0	attribute	name	Window,Worker
css-font-loading	interface	FontFaceVariationAxis	0	attribute	axisTag	Window,Worker
css-font-loading	interface	FontFaceVariationAxis	0	attribute	minimumValue	Window,Worker
css-font-loading	interface	FontFaceVariationAxis	0	attribute	maximumValue	Window,Worker
css-font-loading	interface	FontFaceVariationAxis	0	attribute	defaultValue	Window,Worker
css-font-loading	interface	FontFaceVariations	0	setlike	@@setlike	Window,Worker
css-font-loading	interface	FontFacePalette	0	iterable	@@iterator	Window,Worker
css-font-loading	interface	FontFacePalette	0	attribute	length	Window,Worker
css-font-loading	interface	FontFacePalette	0	operation	@匿名	Window,Worker
css-font-loading	interface	FontFacePalette	0	attribute	usableWithLightBackground	Window,Worker
css-font-loading	interface	FontFacePalette	0	attribute	usableWithDarkBackground	Window,Worker
css-font-loading	interface	FontFacePalettes	0	iterable	@@iterator	Window,Worker
css-font-loading	interface	FontFacePalettes	0	attribute	length	Window,Worker
css-font-loading	interface	FontFacePalettes	0	operation	@匿名	Window,Worker
css-font-loading	interface	FontFace	1	attribute	features	
css-font-loading	interface	FontFace	1	attribute	variations	
css-font-loading	interface	FontFace	1	attribute	palettes	
css-font-loading	dictionary	FontFaceSetLoadEventInit	0	field	fontfaces	
css-font-loading	interface	FontFaceSetLoadEvent	0	constructor	constructor	Window,Worker
css-font-loading	interface	FontFaceSetLoadEvent	0	attribute	fontfaces	Window,Worker
css-font-loading	enum	FontFaceSetLoadStatus	0			
css-font-loading	interface	FontFaceSet	0	setlike	@@setlike	Window,Worker
css-font-loading	interface	FontFaceSet	0	operation	add	Window,Worker
css-font-loading	interface	FontFaceSet	0	operation	delete	Window,Worker
css-font-loading	interface	FontFaceSet	0	operation	clear	Window,Worker
css-font-loading	interface	FontFaceSet	0	attribute	onloading	Window,Worker
css-font-loading	interface	FontFaceSet	0	attribute	onloadingdone	Window,Worker
css-font-loading	interface	FontFaceSet	0	attribute	onloadingerror	Window,Worker
css-font-loading	interface	FontFaceSet	0	operation	load	Window,Worker
css-font-loading	interface	FontFaceSet	0	operation	check	Window,Worker
css-font-loading	interface	FontFaceSet	0	attribute	ready	Window,Worker
css-font-loading	interface	FontFaceSet	0	attribute	status	Window,Worker
css-font-loading	interface mixin	FontFaceSource	0	attribute	fonts	
css-font-loading	includes	Document	0		FontFaceSource	
css-font-loading	includes	WorkerGlobalScope	0		FontFaceSource	
css-fonts-5	interface	CSSFontFaceDescriptors	0	attribute	src	Window
css-fonts-5	interface	CSSFontFaceDescriptors	0	attribute	fontFamily	Window
css-fonts-5	interface	CSSFontFaceDescriptors	0	attribute	font-family	Window
css-fonts-5	interface	CSSFontFaceDescriptors	0	attribute	fontStyle	Window
css-fonts-5	interface	CSSFontFaceDescriptors	0	attribute	font-style	Window
css-fonts-5	interface	CSSFontFaceDescriptors	0	attribute	fontWeight	Window
css-fonts-5	interface	CSSFontFaceDescriptors	0	attribute	font-weight	Window
css-fonts-5	interface	CSSFontFaceDescriptors	0	attribute	fontStretch	Window
css-fonts-5	interface	CSSFontFaceDescriptors	0	attribute	font-stretch	Window
css-fonts-5	interface	CSSFontFaceDescriptors	0	attribute	fontWidth	Window
css-fonts-5	interface	CSSFontFaceDescriptors	0	attribute	font-width	Window
css-fonts-5	interface	CSSFontFaceDescriptors	0	attribute	fontSize	Window
css-fonts-5	interface	CSSFontFaceDescriptors	0	attribute	font-size	Window
css-fonts-5	interface	CSSFontFaceDescriptors	0	attribute	sizeAdjust	Window
css-fonts-5	interface	CSSFontFaceDescriptors	0	attribute	size-adjust	Window
css-fonts-5	interface	CSSFontFaceDescriptors	0	attribute	unicodeRange	Window
css-fonts-5	interface	CSSFontFaceDescriptors	0	attribute	unicode-range	Window
css-fonts-5	interface	CSSFontFaceDescriptors	0	attribute	fontFeatureSettings	Window
css-fonts-5	interface	CSSFontFaceDescriptors	0	attribute	font-feature-settings	Window
css-fonts-5	interface	CSSFontFaceDescriptors	0	attribute	fontVariationSettings	Window
css-fonts-5	interface	CSSFontFaceDescriptors	0	attribute	font-variation-settings	Window
css-fonts-5	interface	CSSFontFaceDescriptors	0	attribute	fontNamedInstance	Window
css-fonts-5	interface	CSSFontFaceDescriptors	0	attribute	font-named-instance	Window
css-fonts-5	interface	CSSFontFaceDescriptors	0	attribute	fontDisplay	Window
css-fonts-5	interface	CSSFontFaceDescriptors	0	attribute	font-display	Window
css-fonts-5	interface	CSSFontFaceDescriptors	0	attribute	fontLanguageOverride	Window
css-fonts-5	interface	CSSFontFaceDescriptors	0	attribute	font-language-override	Window
css-fonts-5	interface	CSSFontFaceDescriptors	0	attribute	ascentOverride	Window
css-fonts-5	interface	CSSFontFaceDescriptors	0	attribute	ascent-override	Window
css-fonts-5	interface	CSSFontFaceDescriptors	0	attribute	descentOverride	Window
css-fonts-5	interface	CSSFontFaceDescriptors	0	attribute	descent-override	Window
css-fonts-5	interface	CSSFontFaceDescriptors	0	attribute	lineGapOverride	Window
css-fonts-5	interface	CSSFontFaceDescriptors	0	attribute	line-gap-override	Window
css-fonts-5	interface	CSSFontFaceDescriptors	0	attribute	superscriptPositionOverride	Window
css-fonts-5	interface	CSSFontFaceDescriptors	0	attribute	superscript-position-override	Window
css-fonts-5	interface	CSSFontFaceDescriptors	0	attribute	subscriptPositionOverride	Window
css-fonts-5	interface	CSSFontFaceDescriptors	0	attribute	subscript-position-override	Window
css-fonts-5	interface	CSSFontFaceDescriptors	0	attribute	superscriptSizeOverride	Window
css-fonts-5	interface	CSSFontFaceDescriptors	0	attribute	superscript-size-override	Window
css-fonts-5	interface	CSSFontFaceDescriptors	0	attribute	subscriptSizeOverride	Window
css-fonts-5	interface	CSSFontFaceDescriptors	0	attribute	subscript-size-override	Window
css-fonts-5	interface	CSSFontFaceRule	0	attribute	style	Window
css-fonts	interface	CSSRule	1	const	FONT_FEATURE_VALUES_RULE	
css-fonts	interface	CSSFontFeatureValuesRule	0	attribute	fontFamily	Window
css-fonts	interface	CSSFontFeatureValuesRule	0	attribute	annotation	Window
css-fonts	interface	CSSFontFeatureValuesRule	0	attribute	ornaments	Window
css-fonts	interface	CSSFontFeatureValuesRule	0	attribute	stylistic	Window
css-fonts	interface	CSSFontFeatureValuesRule	0	attribute	swash	Window
css-fonts	interface	CSSFontFeatureValuesRule	0	attribute	characterVariant	Window
css-fonts	interface	CSSFontFeatureValuesRule	0	attribute	styleset	Window
css-fonts	interface	CSSFontFeatureValuesRule	0	attribute	historicalForms	Window
css-fonts	interface	CSSFontFeatureValuesMap	0	maplike	@@maplike	Window
css-fonts	interface	CSSFontFeatureValuesMap	0	operation	set	Window
css-fonts	interface	CSSFontPaletteValuesRule	0	attribute	name	Window
css-fonts	interface	CSSFontPaletteValuesRule	0	attribute	fontFamily	Window
css-fonts	interface	CSSFontPaletteValuesRule	0	attribute	basePalette	Window
css-fonts	interface	CSSFontPaletteValuesRule	0	attribute	overrideColors	Window
css-highlight-api	enum	HighlightType	0			
css-highlight-api	interface	Highlight	0	constructor	constructor	Window
css-highlight-api	interface	Highlight	0	setlike	@@setlike	Window
css-highlight-api	interface	Highlight	0	attribute	priority	Window
css-highlight-api	interface	Highlight	0	attribute	type	Window
css-highlight-api	namespace	CSS	1	attribute	highlights	
css-highlight-api	interface	HighlightRegistry	0	maplike	@@maplike	Window
css-highlight-api	interface	HighlightRegistry	1	operation	highlightsFromPoint	
css-highlight-api	dictionary	HighlightHitResult	0	field	highlight	
css-highlight-api	dictionary	HighlightHitResult	0	field	ranges	
css-highlight-api	dictionary	HighlightsFromPointOptions	0	field	shadowRoots	
css-images-4	namespace	CSS	1	attribute	elementSources	
css-layout-api	namespace	CSS	1	attribute	layoutWorklet	
css-layout-api	interface	LayoutWorkletGlobalScope	0	operation	registerLayout	LayoutWorklet
css-layout-api	dictionary	LayoutOptions	0	field	childDisplay	
css-layout-api	dictionary	LayoutOptions	0	field	sizing	
css-layout-api	enum	ChildDisplayType	0			
css-layout-api	enum	LayoutSizingMode	0			
css-layout-api	interface	LayoutChild	0	attribute	styleMap	LayoutWorklet
css-layout-api	interface	LayoutChild	0	operation	intrinsicSizes	LayoutWorklet
css-layout-api	interface	LayoutChild	0	operation	layoutNextFragment	LayoutWorklet
css-layout-api	interface	LayoutFragment	0	attribute	inlineSize	LayoutWorklet
css-layout-api	interface	LayoutFragment	0	attribute	blockSize	LayoutWorklet
css-layout-api	interface	LayoutFragment	0	attribute	inlineOffset	LayoutWorklet
css-layout-api	interface	LayoutFragment	0	attribute	blockOffset	LayoutWorklet
css-layout-api	interface	LayoutFragment	0	attribute	data	LayoutWorklet
css-layout-api	interface	LayoutFragment	0	attribute	breakToken	LayoutWorklet
css-layout-api	interface	IntrinsicSizes	0	attribute	minContentSize	LayoutWorklet
css-layout-api	interface	IntrinsicSizes	0	attribute	maxContentSize	LayoutWorklet
css-layout-api	interface	LayoutConstraints	0	attribute	availableInlineSize	LayoutWorklet
css-layout-api	interface	LayoutConstraints	0	attribute	availableBlockSize	LayoutWorklet
css-layout-api	interface	LayoutConstraints	0	attribute	fixedInlineSize	LayoutWorklet
css-layout-api	interface	LayoutConstraints	0	attribute	fixedBlockSize	LayoutWorklet
css-layout-api	interface	LayoutConstraints	0	attribute	percentageInlineSize	LayoutWorklet
css-layout-api	interface	LayoutConstraints	0	attribute	percentageBlockSize	LayoutWorklet
css-layout-api	interface	LayoutConstraints	0	attribute	blockFragmentationOffset	LayoutWorklet
css-layout-api	interface	LayoutConstraints	0	attribute	blockFragmentationType	LayoutWorklet
css-layout-api	interface	LayoutConstraints	0	attribute	data	LayoutWorklet
css-layout-api	enum	BlockFragmentationType	0			
css-layout-api	dictionary	LayoutConstraintsOptions	0	field	availableInlineSize	
css-layout-api	dictionary	LayoutConstraintsOptions	0	field	availableBlockSize	
css-layout-api	dictionary	LayoutConstraintsOptions	0	field	fixedInlineSize	
css-layout-api	dictionary	LayoutConstraintsOptions	0	field	fixedBlockSize	
css-layout-api	dictionary	LayoutConstraintsOptions	0	field	percentageInlineSize	
css-layout-api	dictionary	LayoutConstraintsOptions	0	field	percentageBlockSize	
css-layout-api	dictionary	LayoutConstraintsOptions	0	field	blockFragmentationOffset	
css-layout-api	dictionary	LayoutConstraintsOptions	0	field	blockFragmentationType	
css-layout-api	dictionary	LayoutConstraintsOptions	0	field	data	
css-layout-api	interface	ChildBreakToken	0	attribute	breakType	LayoutWorklet
css-layout-api	interface	ChildBreakToken	0	attribute	child	LayoutWorklet
css-layout-api	interface	BreakToken	0	attribute	childBreakTokens	LayoutWorklet
css-layout-api	interface	BreakToken	0	attribute	data	LayoutWorklet
css-layout-api	dictionary	BreakTokenOptions	0	field	childBreakTokens	
css-layout-api	dictionary	BreakTokenOptions	0	field	data	
css-layout-api	enum	BreakType	0			
css-layout-api	interface	LayoutEdges	0	attribute	inlineStart	LayoutWorklet
css-layout-api	interface	LayoutEdges	0	attribute	inlineEnd	LayoutWorklet
css-layout-api	interface	LayoutEdges	0	attribute	blockStart	LayoutWorklet
css-layout-api	interface	LayoutEdges	0	attribute	blockEnd	LayoutWorklet
css-layout-api	interface	LayoutEdges	0	attribute	inline	LayoutWorklet
css-layout-api	interface	LayoutEdges	0	attribute	block	LayoutWorklet
css-layout-api	dictionary	FragmentResultOptions	0	field	inlineSize	
css-layout-api	dictionary	FragmentResultOptions	0	field	blockSize	
css-layout-api	dictionary	FragmentResultOptions	0	field	autoBlockSize	
css-layout-api	dictionary	FragmentResultOptions	0	field	childFragments	
css-layout-api	dictionary	FragmentResultOptions	0	field	data	
css-layout-api	dictionary	FragmentResultOptions	0	field	breakToken	
css-layout-api	interface	FragmentResult	0	constructor	constructor	LayoutWorklet
css-layout-api	interface	FragmentResult	0	attribute	inlineSize	LayoutWorklet
css-layout-api	interface	FragmentResult	0	attribute	blockSize	LayoutWorklet
css-layout-api	dictionary	IntrinsicSizesResultOptions	0	field	maxContentSize	
css-layout-api	dictionary	IntrinsicSizesResultOptions	0	field	minContentSize	
css-masking	interface	SVGClipPathElement	0	attribute	clipPathUnits	Window
css-masking	interface	SVGClipPathElement	0	attribute	transform	Window
css-masking	interface	SVGMaskElement	0	attribute	maskUnits	Window
css-masking	interface	SVGMaskElement	0	attribute	maskContentUnits	Window
css-masking	interface	SVGMaskElement	0	attribute	x	Window
css-masking	interface	SVGMaskElement	0	attribute	y	Window
css-masking	interface	SVGMaskElement	0	attribute	width	Window
css-masking	interface	SVGMaskElement	0	attribute	height	Window
css-mixins	interface	CSSFunctionRule	0	attribute	name	Window
css-mixins	interface	CSSFunctionRule	0	operation	getParameters	Window
css-mixins	interface	CSSFunctionRule	0	attribute	returnType	Window
css-mixins	dictionary	FunctionParameter	0	field	name	
css-mixins	dictionary	FunctionParameter	0	field	type	
css-mixins	dictionary	FunctionParameter	0	field	defaultValue	
css-mixins	interface	CSSFunctionDescriptors	0	attribute	result	Window
css-mixins	interface	CSSFunctionDeclarations	0	attribute	style	Window
css-mixins	interface	CSSMixinRule	0	attribute	name	Window
css-mixins	interface	CSSMixinRule	0	operation	getParameters	Window
css-mixins	interface	CSSMixinRule	0	attribute	contents	Window
css-mixins	interface	CSSApplyBlockRule	0	attribute	name	Window
css-mixins	interface	CSSApplyBlockRule	0	operation	getArguments	Window
css-mixins	interface	CSSApplyStatementRule	0	attribute	name	Window
css-mixins	interface	CSSApplyStatementRule	0	operation	getArguments	Window
css-mixins	interface	CSSContentsBlockRule	0			Window
css-mixins	interface	CSSContentsStatementRule	0			Window
css-nav	enum	SpatialNavigationDirection	0			
css-nav	interface	Window	1	operation	navigate	
css-nav	enum	FocusableAreaSearchMode	0			
css-nav	dictionary	FocusableAreasOption	0	field	mode	
css-nav	dictionary	SpatialNavigationSearchOptions	0	field	candidates	
css-nav	dictionary	SpatialNavigationSearchOptions	0	field	container	
css-nav	interface	Element	1	operation	getSpatialNavigationContainer	
css-nav	interface	Element	1	operation	focusableAreas	
css-nav	interface	Element	1	operation	spatialNavigationSearch	
css-nav	interface	NavigationEvent	0	constructor	constructor	Window
css-nav	interface	NavigationEvent	0	attribute	dir	Window
css-nav	interface	NavigationEvent	0	attribute	relatedTarget	Window
css-nav	dictionary	NavigationEventInit	0	field	dir	
css-nav	dictionary	NavigationEventInit	0	field	relatedTarget	
css-nesting	interface	CSSNestedDeclarations	0	attribute	style	Window
css-paint-api	namespace	CSS	1	attribute	paintWorklet	
css-paint-api	interface	PaintWorkletGlobalScope	0	operation	registerPaint	PaintWorklet
css-paint-api	interface	PaintWorkletGlobalScope	0	attribute	devicePixelRatio	PaintWorklet
css-paint-api	dictionary	PaintRenderingContext2DSettings	0	field	alpha	
css-paint-api	interface	PaintRenderingContext2D	0			PaintWorklet
css-paint-api	includes	PaintRenderingContext2D	0		CanvasState	
css-paint-api	includes	PaintRenderingContext2D	0		CanvasTransform	
css-paint-api	includes	PaintRenderingContext2D	0		CanvasCompositing	
css-paint-api	includes	PaintRenderingContext2D	0		CanvasImageSmoothing	
css-paint-api	includes	PaintRenderingContext2D	0		CanvasFillStrokeStyles	
css-paint-api	includes	PaintRenderingContext2D	0		CanvasShadowStyles	
css-paint-api	includes	PaintRenderingContext2D	0		CanvasRect	
css-paint-api	includes	PaintRenderingContext2D	0		CanvasDrawPath	
css-paint-api	includes	PaintRenderingContext2D	0		CanvasDrawImage	
css-paint-api	includes	PaintRenderingContext2D	0		CanvasPathDrawingStyles	
css-paint-api	includes	PaintRenderingContext2D	0		CanvasPath	
css-paint-api	interface	PaintSize	0	attribute	width	PaintWorklet
css-paint-api	interface	PaintSize	0	attribute	height	PaintWorklet
css-parser-api	typedef	CSSStringSource	0			
css-parser-api	typedef	CSSToken	0			
css-parser-api	namespace	CSS	1	operation	parseStylesheet	
css-parser-api	namespace	CSS	1	operation	parseRuleList	
css-parser-api	namespace	CSS	1	operation	parseRule	
css-parser-api	namespace	CSS	1	operation	parseDeclarationList	
css-parser-api	namespace	CSS	1	operation	parseDeclaration	
css-parser-api	namespace	CSS	1	operation	parseValue	
css-parser-api	namespace	CSS	1	operation	parseValueList	
css-parser-api	namespace	CSS	1	operation	parseCommaValueList	
css-parser-api	dictionary	CSSParserOptions	0	field	atRules	
css-parser-api	interface	CSSParserRule	0			Window
css-parser-api	interface	CSSParserAtRule	0	constructor	constructor	Window
css-parser-api	interface	CSSParserAtRule	0	attribute	name	Window
css-parser-api	interface	CSSParserAtRule	0	attribute	prelude	Window
css-parser-api	interface	CSSParserAtRule	0	attribute	body	Window
css-parser-api	interface	CSSParserAtRule	0	operation	@匿名	Window
css-parser-api	interface	CSSParserQualifiedRule	0	constructor	constructor	Window
css-parser-api	interface	CSSParserQualifiedRule	0	attribute	prelude	Window
css-parser-api	interface	CSSParserQualifiedRule	0	attribute	body	Window
css-parser-api	interface	CSSParserQualifiedRule	0	operation	@匿名	Window
css-parser-api	interface	CSSParserDeclaration	0	constructor	constructor	Window
css-parser-api	interface	CSSParserDeclaration	0	attribute	name	Window
css-parser-api	interface	CSSParserDeclaration	0	attribute	body	Window
css-parser-api	interface	CSSParserDeclaration	0	operation	@匿名	Window
css-parser-api	interface	CSSParserValue	0			Window
css-parser-api	interface	CSSParserBlock	0	constructor	constructor	Window
css-parser-api	interface	CSSParserBlock	0	attribute	name	Window
css-parser-api	interface	CSSParserBlock	0	attribute	body	Window
css-parser-api	interface	CSSParserBlock	0	operation	@匿名	Window
css-parser-api	interface	CSSParserFunction	0	constructor	constructor	Window
css-parser-api	interface	CSSParserFunction	0	attribute	name	Window
css-parser-api	interface	CSSParserFunction	0	attribute	args	Window
css-parser-api	interface	CSSParserFunction	0	operation	@匿名	Window
css-properties-values-api	dictionary	PropertyDefinition	0	field	name	
css-properties-values-api	dictionary	PropertyDefinition	0	field	syntax	
css-properties-values-api	dictionary	PropertyDefinition	0	field	inherits	
css-properties-values-api	dictionary	PropertyDefinition	0	field	initialValue	
css-properties-values-api	namespace	CSS	1	operation	registerProperty	
css-properties-values-api	interface	CSSPropertyRule	0	attribute	name	Window
css-properties-values-api	interface	CSSPropertyRule	0	attribute	syntax	Window
css-properties-values-api	interface	CSSPropertyRule	0	attribute	inherits	Window
css-properties-values-api	interface	CSSPropertyRule	0	attribute	initialValue	Window
css-pseudo	interface	CSSPseudoElement	0	attribute	type	Window
css-pseudo	interface	CSSPseudoElement	0	attribute	element	Window
css-pseudo	interface	CSSPseudoElement	0	attribute	parent	Window
css-pseudo	interface	CSSPseudoElement	0	attribute	selectorText	Window
css-pseudo	interface	CSSPseudoElement	0	operation	pseudo	Window
css-pseudo	interface	Element	1	operation	pseudo	
css-regions	interface	Document	1	attribute	namedFlows	
css-regions	interface	NamedFlowMap	0	maplike	@@maplike	Window
css-regions	interface	NamedFlow	0	attribute	name	Window
css-regions	interface	NamedFlow	0	attribute	overset	Window
css-regions	interface	NamedFlow	0	operation	getRegions	Window
css-regions	interface	NamedFlow	0	attribute	firstEmptyRegionIndex	Window
css-regions	interface	NamedFlow	0	operation	getContent	Window
css-regions	interface	NamedFlow	0	operation	getRegionsByContent	Window
css-regions	interface mixin	Region	0	attribute	regionOverset	
css-regions	interface mixin	Region	0	operation	getRegionFlowRanges	
css-regions	includes	Element	0		Region	
css-scroll-snap-2	dictionary	SnapEventInit	0	field	snapTargetBlock	
css-scroll-snap-2	dictionary	SnapEventInit	0	field	snapTargetInline	
css-scroll-snap-2	interface	SnapEvent	0	constructor	constructor	Window
css-scroll-snap-2	interface	SnapEvent	0	attribute	snapTargetBlock	Window
css-scroll-snap-2	interface	SnapEvent	0	attribute	snapTargetInline	Window
css-scroll-snap-2	interface mixin	GlobalEventHandlers	1	attribute	onsnapchanged	
css-scroll-snap-2	interface mixin	GlobalEventHandlers	1	attribute	onsnapchanging	
css-shadow	interface	Element	1	attribute	part	
css-sizing-4	interface	Window	1	operation	requestResize	
css-transitions-2	interface	CSSStartingStyleRule	0			Window
css-transitions-2	interface	TransitionEvent	1	attribute	animation	Window
css-transitions-2	dictionary	TransitionEventInit	1	field	animation	
css-transitions-2	interface	CSSTransition	0	attribute	transitionProperty	Window
css-transitions	interface	TransitionEvent	0	constructor	constructor	Window
css-transitions	interface	TransitionEvent	0	attribute	propertyName	Window
css-transitions	interface	TransitionEvent	0	attribute	elapsedTime	Window
css-transitions	interface	TransitionEvent	0	attribute	pseudoElement	Window
css-transitions	dictionary	TransitionEventInit	0	field	propertyName	
css-transitions	dictionary	TransitionEventInit	0	field	elapsedTime	
css-transitions	dictionary	TransitionEventInit	0	field	pseudoElement	
css-transitions	interface mixin	GlobalEventHandlers	1	attribute	ontransitionrun	
css-transitions	interface mixin	GlobalEventHandlers	1	attribute	ontransitionstart	
css-transitions	interface mixin	GlobalEventHandlers	1	attribute	ontransitionend	
css-transitions	interface mixin	GlobalEventHandlers	1	attribute	ontransitioncancel	
css-typed-om	interface	CSSStyleValue	0	operation	@匿名	Window,Worker,PaintWorklet,LayoutWorklet
css-typed-om	interface	CSSStyleValue	0	operation	parse	Window,Worker,PaintWorklet,LayoutWorklet
css-typed-om	interface	CSSStyleValue	0	operation	parseAll	Window,Worker,PaintWorklet,LayoutWorklet
css-typed-om	interface	StylePropertyMapReadOnly	0	iterable	@@iterator	Window,Worker,PaintWorklet,LayoutWorklet
css-typed-om	interface	StylePropertyMapReadOnly	0	operation	get	Window,Worker,PaintWorklet,LayoutWorklet
css-typed-om	interface	StylePropertyMapReadOnly	0	operation	getAll	Window,Worker,PaintWorklet,LayoutWorklet
css-typed-om	interface	StylePropertyMapReadOnly	0	operation	has	Window,Worker,PaintWorklet,LayoutWorklet
css-typed-om	interface	StylePropertyMapReadOnly	0	attribute	size	Window,Worker,PaintWorklet,LayoutWorklet
css-typed-om	interface	StylePropertyMap	0	operation	set	Window
css-typed-om	interface	StylePropertyMap	0	operation	append	Window
css-typed-om	interface	StylePropertyMap	0	operation	delete	Window
css-typed-om	interface	StylePropertyMap	0	operation	clear	Window
css-typed-om	interface	Element	1	operation	computedStyleMap	
css-typed-om	interface	CSSStyleRule	1	attribute	styleMap	
css-typed-om	interface mixin	ElementCSSInlineStyle	1	attribute	attributeStyleMap	
css-typed-om	interface	CSSUnparsedValue	0	constructor	constructor	Window,Worker,PaintWorklet,LayoutWorklet
css-typed-om	interface	CSSUnparsedValue	0	iterable	@@iterator	Window,Worker,PaintWorklet,LayoutWorklet
css-typed-om	interface	CSSUnparsedValue	0	attribute	length	Window,Worker,PaintWorklet,LayoutWorklet
css-typed-om	interface	CSSUnparsedValue	0	operation	@匿名	Window,Worker,PaintWorklet,LayoutWorklet
css-typed-om	interface	CSSUnparsedValue	0	operation	@匿名	Window,Worker,PaintWorklet,LayoutWorklet
css-typed-om	typedef	CSSUnparsedSegment	0			
css-typed-om	interface	CSSVariableReferenceValue	0	constructor	constructor	Window,Worker,PaintWorklet,LayoutWorklet
css-typed-om	interface	CSSVariableReferenceValue	0	attribute	variable	Window,Worker,PaintWorklet,LayoutWorklet
css-typed-om	interface	CSSVariableReferenceValue	0	attribute	fallback	Window,Worker,PaintWorklet,LayoutWorklet
css-typed-om	interface	CSSKeywordValue	0	constructor	constructor	Window,Worker,PaintWorklet,LayoutWorklet
css-typed-om	interface	CSSKeywordValue	0	attribute	value	Window,Worker,PaintWorklet,LayoutWorklet
css-typed-om	typedef	CSSKeywordish	0			
css-typed-om	typedef	CSSNumberish	0			
css-typed-om	enum	CSSNumericBaseType	0			
css-typed-om	dictionary	CSSNumericType	0	field	length	
css-typed-om	dictionary	CSSNumericType	0	field	angle	
css-typed-om	dictionary	CSSNumericType	0	field	time	
css-typed-om	dictionary	CSSNumericType	0	field	frequency	
css-typed-om	dictionary	CSSNumericType	0	field	resolution	
css-typed-om	dictionary	CSSNumericType	0	field	flex	
css-typed-om	dictionary	CSSNumericType	0	field	percent	
css-typed-om	dictionary	CSSNumericType	0	field	percentHint	
css-typed-om	interface	CSSNumericValue	0	operation	add	Window,Worker,PaintWorklet,LayoutWorklet
css-typed-om	interface	CSSNumericValue	0	operation	sub	Window,Worker,PaintWorklet,LayoutWorklet
css-typed-om	interface	CSSNumericValue	0	operation	mul	Window,Worker,PaintWorklet,LayoutWorklet
css-typed-om	interface	CSSNumericValue	0	operation	div	Window,Worker,PaintWorklet,LayoutWorklet
css-typed-om	interface	CSSNumericValue	0	operation	min	Window,Worker,PaintWorklet,LayoutWorklet
css-typed-om	interface	CSSNumericValue	0	operation	max	Window,Worker,PaintWorklet,LayoutWorklet
css-typed-om	interface	CSSNumericValue	0	operation	equals	Window,Worker,PaintWorklet,LayoutWorklet
css-typed-om	interface	CSSNumericValue	0	operation	to	Window,Worker,PaintWorklet,LayoutWorklet
css-typed-om	interface	CSSNumericValue	0	operation	toSum	Window,Worker,PaintWorklet,LayoutWorklet
css-typed-om	interface	CSSNumericValue	0	operation	type	Window,Worker,PaintWorklet,LayoutWorklet
css-typed-om	interface	CSSNumericValue	0	operation	parse	Window,Worker,PaintWorklet,LayoutWorklet
css-typed-om	interface	CSSUnitValue	0	constructor	constructor	Window,Worker,PaintWorklet,LayoutWorklet
css-typed-om	interface	CSSUnitValue	0	attribute	value	Window,Worker,PaintWorklet,LayoutWorklet
css-typed-om	interface	CSSUnitValue	0	attribute	unit	Window,Worker,PaintWorklet,LayoutWorklet
css-typed-om	interface	CSSMathValue	0	attribute	operator	Window,Worker,PaintWorklet,LayoutWorklet
css-typed-om	interface	CSSMathSum	0	constructor	constructor	Window,Worker,PaintWorklet,LayoutWorklet
css-typed-om	interface	CSSMathSum	0	attribute	values	Window,Worker,PaintWorklet,LayoutWorklet
css-typed-om	interface	CSSMathProduct	0	constructor	constructor	Window,Worker,PaintWorklet,LayoutWorklet
css-typed-om	interface	CSSMathProduct	0	attribute	values	Window,Worker,PaintWorklet,LayoutWorklet
css-typed-om	interface	CSSMathNegate	0	constructor	constructor	Window,Worker,PaintWorklet,LayoutWorklet
css-typed-om	interface	CSSMathNegate	0	attribute	value	Window,Worker,PaintWorklet,LayoutWorklet
css-typed-om	interface	CSSMathInvert	0	constructor	constructor	Window,Worker,PaintWorklet,LayoutWorklet
css-typed-om	interface	CSSMathInvert	0	attribute	value	Window,Worker,PaintWorklet,LayoutWorklet
css-typed-om	interface	CSSMathMin	0	constructor	constructor	Window,Worker,PaintWorklet,LayoutWorklet
css-typed-om	interface	CSSMathMin	0	attribute	values	Window,Worker,PaintWorklet,LayoutWorklet
css-typed-om	interface	CSSMathMax	0	constructor	constructor	Window,Worker,PaintWorklet,LayoutWorklet
css-typed-om	interface	CSSMathMax	0	attribute	values	Window,Worker,PaintWorklet,LayoutWorklet
css-typed-om	interface	CSSMathClamp	0	constructor	constructor	Window,Worker,PaintWorklet,LayoutWorklet
css-typed-om	interface	CSSMathClamp	0	attribute	lower	Window,Worker,PaintWorklet,LayoutWorklet
css-typed-om	interface	CSSMathClamp	0	attribute	value	Window,Worker,PaintWorklet,LayoutWorklet
css-typed-om	interface	CSSMathClamp	0	attribute	upper	Window,Worker,PaintWorklet,LayoutWorklet
css-typed-om	interface	CSSNumericArray	0	iterable	@@iterator	Window,Worker,PaintWorklet,LayoutWorklet
css-typed-om	interface	CSSNumericArray	0	attribute	length	Window,Worker,PaintWorklet,LayoutWorklet
css-typed-om	interface	CSSNumericArray	0	operation	@匿名	Window,Worker,PaintWorklet,LayoutWorklet
css-typed-om	enum	CSSMathOperator	0			
css-typed-om	namespace	CSS	1	operation	number	
css-typed-om	namespace	CSS	1	operation	percent	
css-typed-om	namespace	CSS	1	operation	cap	
css-typed-om	namespace	CSS	1	operation	ch	
css-typed-om	namespace	CSS	1	operation	em	
css-typed-om	namespace	CSS	1	operation	ex	
css-typed-om	namespace	CSS	1	operation	ic	
css-typed-om	namespace	CSS	1	operation	lh	
css-typed-om	namespace	CSS	1	operation	rcap	
css-typed-om	namespace	CSS	1	operation	rch	
css-typed-om	namespace	CSS	1	operation	rem	
css-typed-om	namespace	CSS	1	operation	rex	
css-typed-om	namespace	CSS	1	operation	ric	
css-typed-om	namespace	CSS	1	operation	rlh	
css-typed-om	namespace	CSS	1	operation	vw	
css-typed-om	namespace	CSS	1	operation	vh	
css-typed-om	namespace	CSS	1	operation	vi	
css-typed-om	namespace	CSS	1	operation	vb	
css-typed-om	namespace	CSS	1	operation	vmin	
css-typed-om	namespace	CSS	1	operation	vmax	
css-typed-om	namespace	CSS	1	operation	svw	
css-typed-om	namespace	CSS	1	operation	svh	
css-typed-om	namespace	CSS	1	operation	svi	
css-typed-om	namespace	CSS	1	operation	svb	
css-typed-om	namespace	CSS	1	operation	svmin	
css-typed-om	namespace	CSS	1	operation	svmax	
css-typed-om	namespace	CSS	1	operation	lvw	
css-typed-om	namespace	CSS	1	operation	lvh	
css-typed-om	namespace	CSS	1	operation	lvi	
css-typed-om	namespace	CSS	1	operation	lvb	
css-typed-om	namespace	CSS	1	operation	lvmin	
css-typed-om	namespace	CSS	1	operation	lvmax	
css-typed-om	namespace	CSS	1	operation	dvw	
css-typed-om	namespace	CSS	1	operation	dvh	
css-typed-om	namespace	CSS	1	operation	dvi	
css-typed-om	namespace	CSS	1	operation	dvb	
css-typed-om	namespace	CSS	1	operation	dvmin	
css-typed-om	namespace	CSS	1	operation	dvmax	
css-typed-om	namespace	CSS	1	operation	cqw	
css-typed-om	namespace	CSS	1	operation	cqh	
css-typed-om	namespace	CSS	1	operation	cqi	
css-typed-om	namespace	CSS	1	operation	cqb	
css-typed-om	namespace	CSS	1	operation	cqmin	
css-typed-om	namespace	CSS	1	operation	cqmax	
css-typed-om	namespace	CSS	1	operation	cm	
css-typed-om	namespace	CSS	1	operation	mm	
css-typed-om	namespace	CSS	1	operation	Q	
css-typed-om	namespace	CSS	1	operation	in	
css-typed-om	namespace	CSS	1	operation	pt	
css-typed-om	namespace	CSS	1	operation	pc	
css-typed-om	namespace	CSS	1	operation	px	
css-typed-om	namespace	CSS	1	operation	deg	
css-typed-om	namespace	CSS	1	operation	grad	
css-typed-om	namespace	CSS	1	operation	rad	
css-typed-om	namespace	CSS	1	operation	turn	
css-typed-om	namespace	CSS	1	operation	s	
css-typed-om	namespace	CSS	1	operation	ms	
css-typed-om	namespace	CSS	1	operation	Hz	
css-typed-om	namespace	CSS	1	operation	kHz	
css-typed-om	namespace	CSS	1	operation	dpi	
css-typed-om	namespace	CSS	1	operation	dpcm	
css-typed-om	namespace	CSS	1	operation	dppx	
css-typed-om	namespace	CSS	1	operation	fr	
css-typed-om	interface	CSSTransformValue	0	constructor	constructor	Window,Worker,PaintWorklet,LayoutWorklet
css-typed-om	interface	CSSTransformValue	0	iterable	@@iterator	Window,Worker,PaintWorklet,LayoutWorklet
css-typed-om	interface	CSSTransformValue	0	attribute	length	Window,Worker,PaintWorklet,LayoutWorklet
css-typed-om	interface	CSSTransformValue	0	operation	@匿名	Window,Worker,PaintWorklet,LayoutWorklet
css-typed-om	interface	CSSTransformValue	0	operation	@匿名	Window,Worker,PaintWorklet,LayoutWorklet
css-typed-om	interface	CSSTransformValue	0	attribute	is2D	Window,Worker,PaintWorklet,LayoutWorklet
css-typed-om	interface	CSSTransformValue	0	operation	toMatrix	Window,Worker,PaintWorklet,LayoutWorklet
css-typed-om	typedef	CSSPerspectiveValue	0			
css-typed-om	interface	CSSTransformComponent	0	operation	@匿名	Window,Worker,PaintWorklet,LayoutWorklet
css-typed-om	interface	CSSTransformComponent	0	attribute	is2D	Window,Worker,PaintWorklet,LayoutWorklet
css-typed-om	interface	CSSTransformComponent	0	operation	toMatrix	Window,Worker,PaintWorklet,LayoutWorklet
css-typed-om	interface	CSSTranslate	0	constructor	constructor	Window,Worker,PaintWorklet,LayoutWorklet
css-typed-om	interface	CSSTranslate	0	attribute	x	Window,Worker,PaintWorklet,LayoutWorklet
css-typed-om	interface	CSSTranslate	0	attribute	y	Window,Worker,PaintWorklet,LayoutWorklet
css-typed-om	interface	CSSTranslate	0	attribute	z	Window,Worker,PaintWorklet,LayoutWorklet
css-typed-om	interface	CSSRotate	0	constructor	constructor	Window,Worker,PaintWorklet,LayoutWorklet
css-typed-om	interface	CSSRotate	0	constructor	constructor	Window,Worker,PaintWorklet,LayoutWorklet
css-typed-om	interface	CSSRotate	0	attribute	x	Window,Worker,PaintWorklet,LayoutWorklet
css-typed-om	interface	CSSRotate	0	attribute	y	Window,Worker,PaintWorklet,LayoutWorklet
css-typed-om	interface	CSSRotate	0	attribute	z	Window,Worker,PaintWorklet,LayoutWorklet
css-typed-om	interface	CSSRotate	0	attribute	angle	Window,Worker,PaintWorklet,LayoutWorklet
css-typed-om	interface	CSSScale	0	constructor	constructor	Window,Worker,PaintWorklet,LayoutWorklet
css-typed-om	interface	CSSScale	0	attribute	x	Window,Worker,PaintWorklet,LayoutWorklet
css-typed-om	interface	CSSScale	0	attribute	y	Window,Worker,PaintWorklet,LayoutWorklet
css-typed-om	interface	CSSScale	0	attribute	z	Window,Worker,PaintWorklet,LayoutWorklet
css-typed-om	interface	CSSSkew	0	constructor	constructor	Window,Worker,PaintWorklet,LayoutWorklet
css-typed-om	interface	CSSSkew	0	attribute	ax	Window,Worker,PaintWorklet,LayoutWorklet
css-typed-om	interface	CSSSkew	0	attribute	ay	Window,Worker,PaintWorklet,LayoutWorklet
css-typed-om	interface	CSSSkewX	0	constructor	constructor	Window,Worker,PaintWorklet,LayoutWorklet
css-typed-om	interface	CSSSkewX	0	attribute	ax	Window,Worker,PaintWorklet,LayoutWorklet
css-typed-om	interface	CSSSkewY	0	constructor	constructor	Window,Worker,PaintWorklet,LayoutWorklet
css-typed-om	interface	CSSSkewY	0	attribute	ay	Window,Worker,PaintWorklet,LayoutWorklet
css-typed-om	interface	CSSPerspective	0	constructor	constructor	Window,Worker,PaintWorklet,LayoutWorklet
css-typed-om	interface	CSSPerspective	0	attribute	length	Window,Worker,PaintWorklet,LayoutWorklet
css-typed-om	interface	CSSMatrixComponent	0	constructor	constructor	Window,Worker,PaintWorklet,LayoutWorklet
css-typed-om	interface	CSSMatrixComponent	0	attribute	matrix	Window,Worker,PaintWorklet,LayoutWorklet
css-typed-om	dictionary	CSSMatrixComponentOptions	0	field	is2D	
css-typed-om	interface	CSSImageValue	0			Window,Worker,PaintWorklet,LayoutWorklet
css-typed-om	interface	CSSColorValue	0	operation	parse	Window,Worker,PaintWorklet,LayoutWorklet
css-typed-om	typedef	CSSColorRGBComp	0			
css-typed-om	typedef	CSSColorPercent	0			
css-typed-om	typedef	CSSColorNumber	0			
css-typed-om	typedef	CSSColorAngle	0			
css-typed-om	interface	CSSRGB	0	constructor	constructor	Window,Worker,PaintWorklet,LayoutWorklet
css-typed-om	interface	CSSRGB	0	attribute	r	Window,Worker,PaintWorklet,LayoutWorklet
css-typed-om	interface	CSSRGB	0	attribute	g	Window,Worker,PaintWorklet,LayoutWorklet
css-typed-om	interface	CSSRGB	0	attribute	b	Window,Worker,PaintWorklet,LayoutWorklet
css-typed-om	interface	CSSRGB	0	attribute	alpha	Window,Worker,PaintWorklet,LayoutWorklet
css-typed-om	interface	CSSHSL	0	constructor	constructor	Window,Worker,PaintWorklet,LayoutWorklet
css-typed-om	interface	CSSHSL	0	attribute	h	Window,Worker,PaintWorklet,LayoutWorklet
css-typed-om	interface	CSSHSL	0	attribute	s	Window,Worker,PaintWorklet,LayoutWorklet
css-typed-om	interface	CSSHSL	0	attribute	l	Window,Worker,PaintWorklet,LayoutWorklet
css-typed-om	interface	CSSHSL	0	attribute	alpha	Window,Worker,PaintWorklet,LayoutWorklet
css-typed-om	interface	CSSHWB	0	constructor	constructor	Window,Worker,PaintWorklet,LayoutWorklet
css-typed-om	interface	CSSHWB	0	attribute	h	Window,Worker,PaintWorklet,LayoutWorklet
css-typed-om	interface	CSSHWB	0	attribute	w	Window,Worker,PaintWorklet,LayoutWorklet
css-typed-om	interface	CSSHWB	0	attribute	b	Window,Worker,PaintWorklet,LayoutWorklet
css-typed-om	interface	CSSHWB	0	attribute	alpha	Window,Worker,PaintWorklet,LayoutWorklet
css-typed-om	interface	CSSLab	0	constructor	constructor	Window,Worker,PaintWorklet,LayoutWorklet
css-typed-om	interface	CSSLab	0	attribute	l	Window,Worker,PaintWorklet,LayoutWorklet
css-typed-om	interface	CSSLab	0	attribute	a	Window,Worker,PaintWorklet,LayoutWorklet
css-typed-om	interface	CSSLab	0	attribute	b	Window,Worker,PaintWorklet,LayoutWorklet
css-typed-om	interface	CSSLab	0	attribute	alpha	Window,Worker,PaintWorklet,LayoutWorklet
css-typed-om	interface	CSSLCH	0	constructor	constructor	Window,Worker,PaintWorklet,LayoutWorklet
css-typed-om	interface	CSSLCH	0	attribute	l	Window,Worker,PaintWorklet,LayoutWorklet
css-typed-om	interface	CSSLCH	0	attribute	c	Window,Worker,PaintWorklet,LayoutWorklet
css-typed-om	interface	CSSLCH	0	attribute	h	Window,Worker,PaintWorklet,LayoutWorklet
css-typed-om	interface	CSSLCH	0	attribute	alpha	Window,Worker,PaintWorklet,LayoutWorklet
css-typed-om	interface	CSSOKLab	0	constructor	constructor	Window,Worker,PaintWorklet,LayoutWorklet
css-typed-om	interface	CSSOKLab	0	attribute	l	Window,Worker,PaintWorklet,LayoutWorklet
css-typed-om	interface	CSSOKLab	0	attribute	a	Window,Worker,PaintWorklet,LayoutWorklet
css-typed-om	interface	CSSOKLab	0	attribute	b	Window,Worker,PaintWorklet,LayoutWorklet
css-typed-om	interface	CSSOKLab	0	attribute	alpha	Window,Worker,PaintWorklet,LayoutWorklet
css-typed-om	interface	CSSOKLCH	0	constructor	constructor	Window,Worker,PaintWorklet,LayoutWorklet
css-typed-om	interface	CSSOKLCH	0	attribute	l	Window,Worker,PaintWorklet,LayoutWorklet
css-typed-om	interface	CSSOKLCH	0	attribute	c	Window,Worker,PaintWorklet,LayoutWorklet
css-typed-om	interface	CSSOKLCH	0	attribute	h	Window,Worker,PaintWorklet,LayoutWorklet
css-typed-om	interface	CSSOKLCH	0	attribute	alpha	Window,Worker,PaintWorklet,LayoutWorklet
css-typed-om	interface	CSSColor	0	constructor	constructor	Window,Worker,PaintWorklet,LayoutWorklet
css-typed-om	interface	CSSColor	0	attribute	colorSpace	Window,Worker,PaintWorklet,LayoutWorklet
css-typed-om	interface	CSSColor	0	attribute	channels	Window,Worker,PaintWorklet,LayoutWorklet
css-typed-om	interface	CSSColor	0	attribute	alpha	Window,Worker,PaintWorklet,LayoutWorklet
css-view-transitions	interface	Document	1	operation	startViewTransition	
css-view-transitions	interface	Document	1	attribute	activeViewTransition	
css-view-transitions	callback	ViewTransitionUpdateCallback	0			
css-view-transitions	dictionary	StartViewTransitionOptions	0	field	update	
css-view-transitions	dictionary	StartViewTransitionOptions	0	field	types	
css-view-transitions	interface	Element	1	operation	startViewTransition	
css-view-transitions	interface	Element	1	attribute	activeViewTransition	
css-view-transitions	interface	ViewTransition	0	attribute	updateCallbackDone	Window
css-view-transitions	interface	ViewTransition	0	attribute	ready	Window
css-view-transitions	interface	ViewTransition	0	attribute	finished	Window
css-view-transitions	interface	ViewTransition	0	operation	skipTransition	Window
css-view-transitions	interface	ViewTransition	0	attribute	types	Window
css-view-transitions	interface	ViewTransition	0	attribute	transitionRoot	Window
css-view-transitions	interface	ViewTransition	0	operation	waitUntil	Window
css-view-transitions	interface	ViewTransitionTypeSet	0	setlike	@@setlike	Window
css-view-transitions	interface	CSSViewTransitionRule	0	attribute	navigation	Window
css-view-transitions	interface	CSSViewTransitionRule	0	attribute	types	Window
css-viewport	interface	Window	1	attribute	viewport	
css-viewport	interface	Viewport	0	attribute	segments	Window
cssom-view	enum	ScrollBehavior	0			
cssom-view	dictionary	ScrollOptions	0	field	behavior	
cssom-view	dictionary	ScrollToOptions	0	field	left	
cssom-view	dictionary	ScrollToOptions	0	field	top	
cssom-view	interface	Window	1	operation	matchMedia	
cssom-view	interface	Window	1	attribute	screen	
cssom-view	interface	Window	1	attribute	visualViewport	
cssom-view	interface	Window	1	operation	moveTo	
cssom-view	interface	Window	1	operation	moveBy	
cssom-view	interface	Window	1	operation	resizeTo	
cssom-view	interface	Window	1	operation	resizeBy	
cssom-view	interface	Window	1	attribute	innerWidth	
cssom-view	interface	Window	1	attribute	innerHeight	
cssom-view	interface	Window	1	attribute	scrollX	
cssom-view	interface	Window	1	attribute	pageXOffset	
cssom-view	interface	Window	1	attribute	scrollY	
cssom-view	interface	Window	1	attribute	pageYOffset	
cssom-view	interface	Window	1	operation	scroll	
cssom-view	interface	Window	1	operation	scroll	
cssom-view	interface	Window	1	operation	scrollTo	
cssom-view	interface	Window	1	operation	scrollTo	
cssom-view	interface	Window	1	operation	scrollBy	
cssom-view	interface	Window	1	operation	scrollBy	
cssom-view	interface	Window	1	attribute	screenX	
cssom-view	interface	Window	1	attribute	screenLeft	
cssom-view	interface	Window	1	attribute	screenY	
cssom-view	interface	Window	1	attribute	screenTop	
cssom-view	interface	Window	1	attribute	outerWidth	
cssom-view	interface	Window	1	attribute	outerHeight	
cssom-view	interface	Window	1	attribute	devicePixelRatio	
cssom-view	interface	MediaQueryList	0	attribute	media	Window
cssom-view	interface	MediaQueryList	0	attribute	matches	Window
cssom-view	interface	MediaQueryList	0	operation	addListener	Window
cssom-view	interface	MediaQueryList	0	operation	removeListener	Window
cssom-view	interface	MediaQueryList	0	attribute	onchange	Window
cssom-view	interface	MediaQueryListEvent	0	constructor	constructor	Window
cssom-view	interface	MediaQueryListEvent	0	attribute	media	Window
cssom-view	interface	MediaQueryListEvent	0	attribute	matches	Window
cssom-view	dictionary	MediaQueryListEventInit	0	field	media	
cssom-view	dictionary	MediaQueryListEventInit	0	field	matches	
cssom-view	interface	Screen	0	attribute	availWidth	Window
cssom-view	interface	Screen	0	attribute	availHeight	Window
cssom-view	interface	Screen	0	attribute	width	Window
cssom-view	interface	Screen	0	attribute	height	Window
cssom-view	interface	Screen	0	attribute	colorDepth	Window
cssom-view	interface	Screen	0	attribute	pixelDepth	Window
cssom-view	interface	Document	1	operation	elementFromPoint	
cssom-view	interface	Document	1	operation	elementsFromPoint	
cssom-view	interface	Document	1	operation	caretPositionFromPoint	
cssom-view	interface	Document	1	attribute	scrollingElement	
cssom-view	dictionary	CaretPositionFromPointOptions	0	field	shadowRoots	
cssom-view	interface	CaretPosition	0	attribute	offsetNode	Window
cssom-view	interface	CaretPosition	0	attribute	offset	Window
cssom-view	interface	CaretPosition	0	operation	getClientRect	Window
cssom-view	enum	ScrollLogicalPosition	0			
cssom-view	dictionary	ScrollIntoViewOptions	0	field	block	
cssom-view	dictionary	ScrollIntoViewOptions	0	field	inline	
cssom-view	dictionary	ScrollIntoViewOptions	0	field	container	
cssom-view	enum	ScrollIntoViewContainer	0			
cssom-view	dictionary	CheckVisibilityOptions	0	field	checkOpacity	
cssom-view	dictionary	CheckVisibilityOptions	0	field	checkVisibilityCSS	
cssom-view	dictionary	CheckVisibilityOptions	0	field	contentVisibilityAuto	
cssom-view	dictionary	CheckVisibilityOptions	0	field	opacityProperty	
cssom-view	dictionary	CheckVisibilityOptions	0	field	visibilityProperty	
cssom-view	interface	Element	1	operation	getClientRects	
cssom-view	interface	Element	1	operation	getBoundingClientRect	
cssom-view	interface	Element	1	operation	checkVisibility	
cssom-view	interface	Element	1	operation	scrollIntoView	
cssom-view	interface	Element	1	operation	scroll	
cssom-view	interface	Element	1	operation	scroll	
cssom-view	interface	Element	1	operation	scrollTo	
cssom-view	interface	Element	1	operation	scrollTo	
cssom-view	interface	Element	1	operation	scrollBy	
cssom-view	interface	Element	1	operation	scrollBy	
cssom-view	interface	Element	1	attribute	scrollTop	
cssom-view	interface	Element	1	attribute	scrollLeft	
cssom-view	interface	Element	1	attribute	scrollWidth	
cssom-view	interface	Element	1	attribute	scrollHeight	
cssom-view	interface	Element	1	attribute	clientTop	
cssom-view	interface	Element	1	attribute	clientLeft	
cssom-view	interface	Element	1	attribute	clientWidth	
cssom-view	interface	Element	1	attribute	clientHeight	
cssom-view	interface	Element	1	attribute	currentCSSZoom	
cssom-view	interface	HTMLElement	1	attribute	scrollParent	
cssom-view	interface	HTMLElement	1	attribute	offsetParent	
cssom-view	interface	HTMLElement	1	attribute	offsetTop	
cssom-view	interface	HTMLElement	1	attribute	offsetLeft	
cssom-view	interface	HTMLElement	1	attribute	offsetWidth	
cssom-view	interface	HTMLElement	1	attribute	offsetHeight	
cssom-view	interface	HTMLImageElement	1	attribute	x	
cssom-view	interface	HTMLImageElement	1	attribute	y	
cssom-view	interface	Range	1	operation	getClientRects	
cssom-view	interface	Range	1	operation	getBoundingClientRect	
cssom-view	interface	MouseEvent	1	attribute	pageX	
cssom-view	interface	MouseEvent	1	attribute	pageY	
cssom-view	interface	MouseEvent	1	attribute	x	
cssom-view	interface	MouseEvent	1	attribute	y	
cssom-view	interface	MouseEvent	1	attribute	offsetX	
cssom-view	interface	MouseEvent	1	attribute	offsetY	
cssom-view	enum	CSSBoxType	0			
cssom-view	dictionary	BoxQuadOptions	0	field	box	
cssom-view	dictionary	BoxQuadOptions	0	field	relativeTo	
cssom-view	dictionary	ConvertCoordinateOptions	0	field	fromBox	
cssom-view	dictionary	ConvertCoordinateOptions	0	field	toBox	
cssom-view	interface mixin	GeometryUtils	0	operation	getBoxQuads	
cssom-view	interface mixin	GeometryUtils	0	operation	convertQuadFromNode	
cssom-view	interface mixin	GeometryUtils	0	operation	convertRectFromNode	
cssom-view	interface mixin	GeometryUtils	0	operation	convertPointFromNode	
cssom-view	includes	Text	0		GeometryUtils	
cssom-view	includes	Element	0		GeometryUtils	
cssom-view	includes	CSSPseudoElement	0		GeometryUtils	
cssom-view	includes	Document	0		GeometryUtils	
cssom-view	typedef	GeometryNode	0			
cssom-view	interface	VisualViewport	0	attribute	offsetLeft	Window
cssom-view	interface	VisualViewport	0	attribute	offsetTop	Window
cssom-view	interface	VisualViewport	0	attribute	pageLeft	Window
cssom-view	interface	VisualViewport	0	attribute	pageTop	Window
cssom-view	interface	VisualViewport	0	attribute	width	Window
cssom-view	interface	VisualViewport	0	attribute	height	Window
cssom-view	interface	VisualViewport	0	attribute	scale	Window
cssom-view	interface	VisualViewport	0	attribute	onresize	Window
cssom-view	interface	VisualViewport	0	attribute	onscroll	Window
cssom-view	interface	VisualViewport	0	attribute	onscrollend	Window
cssom	interface	MediaList	0	attribute	mediaText	Window
cssom	interface	MediaList	0	attribute	length	Window
cssom	interface	MediaList	0	operation	item	Window
cssom	interface	MediaList	0	operation	appendMedium	Window
cssom	interface	MediaList	0	operation	deleteMedium	Window
cssom	interface	StyleSheet	0	attribute	type	Window
cssom	interface	StyleSheet	0	attribute	href	Window
cssom	interface	StyleSheet	0	attribute	ownerNode	Window
cssom	interface	StyleSheet	0	attribute	parentStyleSheet	Window
cssom	interface	StyleSheet	0	attribute	title	Window
cssom	interface	StyleSheet	0	attribute	media	Window
cssom	interface	StyleSheet	0	attribute	disabled	Window
cssom	interface	CSSStyleSheet	0	constructor	constructor	Window
cssom	interface	CSSStyleSheet	0	attribute	ownerRule	Window
cssom	interface	CSSStyleSheet	0	attribute	cssRules	Window
cssom	interface	CSSStyleSheet	0	operation	insertRule	Window
cssom	interface	CSSStyleSheet	0	operation	deleteRule	Window
cssom	interface	CSSStyleSheet	0	operation	replace	Window
cssom	interface	CSSStyleSheet	0	operation	replaceSync	Window
cssom	dictionary	CSSStyleSheetInit	0	field	baseURL	
cssom	dictionary	CSSStyleSheetInit	0	field	media	
cssom	dictionary	CSSStyleSheetInit	0	field	disabled	
cssom	interface	CSSStyleSheet	1	attribute	rules	
cssom	interface	CSSStyleSheet	1	operation	addRule	
cssom	interface	CSSStyleSheet	1	operation	removeRule	
cssom	interface	StyleSheetList	0	operation	item	Window
cssom	interface	StyleSheetList	0	attribute	length	Window
cssom	interface mixin	DocumentOrShadowRoot	1	attribute	styleSheets	
cssom	interface mixin	DocumentOrShadowRoot	1	attribute	adoptedStyleSheets	
cssom	interface mixin	LinkStyle	0	attribute	sheet	
cssom	includes	ProcessingInstruction	0		LinkStyle	
cssom	interface	CSSRuleList	0	operation	item	Window
cssom	interface	CSSRuleList	0	attribute	length	Window
cssom	interface	CSSRule	0	attribute	cssText	Window
cssom	interface	CSSRule	0	attribute	parentRule	Window
cssom	interface	CSSRule	0	attribute	parentStyleSheet	Window
cssom	interface	CSSRule	0	attribute	type	Window
cssom	interface	CSSRule	0	const	STYLE_RULE	Window
cssom	interface	CSSRule	0	const	CHARSET_RULE	Window
cssom	interface	CSSRule	0	const	IMPORT_RULE	Window
cssom	interface	CSSRule	0	const	MEDIA_RULE	Window
cssom	interface	CSSRule	0	const	FONT_FACE_RULE	Window
cssom	interface	CSSRule	0	const	PAGE_RULE	Window
cssom	interface	CSSRule	0	const	MARGIN_RULE	Window
cssom	interface	CSSRule	0	const	NAMESPACE_RULE	Window
cssom	interface	CSSStyleRule	0	attribute	selectorText	Window
cssom	interface	CSSStyleRule	0	attribute	style	Window
cssom	interface	CSSImportRule	0	attribute	href	Window
cssom	interface	CSSImportRule	0	attribute	media	Window
cssom	interface	CSSImportRule	0	attribute	styleSheet	Window
cssom	interface	CSSImportRule	0	attribute	layerName	Window
cssom	interface	CSSImportRule	0	attribute	supportsText	Window
cssom	interface	CSSGroupingRule	0	attribute	cssRules	Window
cssom	interface	CSSGroupingRule	0	operation	insertRule	Window
cssom	interface	CSSGroupingRule	0	operation	deleteRule	Window
cssom	interface	CSSPageDescriptors	0	attribute	margin	Window
cssom	interface	CSSPageDescriptors	0	attribute	marginTop	Window
cssom	interface	CSSPageDescriptors	0	attribute	marginRight	Window
cssom	interface	CSSPageDescriptors	0	attribute	marginBottom	Window
cssom	interface	CSSPageDescriptors	0	attribute	marginLeft	Window
cssom	interface	CSSPageDescriptors	0	attribute	margin-top	Window
cssom	interface	CSSPageDescriptors	0	attribute	margin-right	Window
cssom	interface	CSSPageDescriptors	0	attribute	margin-bottom	Window
cssom	interface	CSSPageDescriptors	0	attribute	margin-left	Window
cssom	interface	CSSPageDescriptors	0	attribute	size	Window
cssom	interface	CSSPageDescriptors	0	attribute	pageOrientation	Window
cssom	interface	CSSPageDescriptors	0	attribute	page-orientation	Window
cssom	interface	CSSPageDescriptors	0	attribute	marks	Window
cssom	interface	CSSPageDescriptors	0	attribute	bleed	Window
cssom	interface	CSSPageRule	0	attribute	selectorText	Window
cssom	interface	CSSPageRule	0	attribute	style	Window
cssom	interface	CSSMarginRule	0	attribute	name	Window
cssom	interface	CSSMarginRule	0	attribute	style	Window
cssom	interface	CSSNamespaceRule	0	attribute	namespaceURI	Window
cssom	interface	CSSNamespaceRule	0	attribute	prefix	Window
cssom	interface	CSSStyleDeclaration	0	attribute	cssText	Window
cssom	interface	CSSStyleDeclaration	0	attribute	length	Window
cssom	interface	CSSStyleDeclaration	0	operation	item	Window
cssom	interface	CSSStyleDeclaration	0	operation	getPropertyValue	Window
cssom	interface	CSSStyleDeclaration	0	operation	getPropertyPriority	Window
cssom	interface	CSSStyleDeclaration	0	operation	setProperty	Window
cssom	interface	CSSStyleDeclaration	0	operation	removeProperty	Window
cssom	interface	CSSStyleDeclaration	0	attribute	parentRule	Window
cssom	interface	CSSStyleProperties	0	attribute	cssFloat	Window
cssom	interface mixin	ElementCSSInlineStyle	0	attribute	style	
cssom	includes	HTMLElement	0		ElementCSSInlineStyle	
cssom	includes	SVGElement	0		ElementCSSInlineStyle	
cssom	includes	MathMLElement	0		ElementCSSInlineStyle	
cssom	interface	Window	1	operation	getComputedStyle	
cssom	namespace	CSS	0	operation	escape	Window
datacue	interface	DataCue	0	constructor	constructor	Window
datacue	interface	DataCue	0	attribute	value	Window
datacue	interface	DataCue	0	attribute	type	Window
deprecation-reporting	dictionary	DeprecationReportBody	0	field	id	
deprecation-reporting	dictionary	DeprecationReportBody	0	field	anticipatedRemoval	
deprecation-reporting	dictionary	DeprecationReportBody	0	field	message	
deprecation-reporting	dictionary	DeprecationReportBody	0	field	sourceFile	
deprecation-reporting	dictionary	DeprecationReportBody	0	field	lineNumber	
deprecation-reporting	dictionary	DeprecationReportBody	0	field	columnNumber	
device-attributes	interface	NavigatorManagedData	1	operation	getAnnotatedAssetId	
device-attributes	interface	NavigatorManagedData	1	operation	getAnnotatedLocation	
device-attributes	interface	NavigatorManagedData	1	operation	getDirectoryId	
device-attributes	interface	NavigatorManagedData	1	operation	getHostname	
device-attributes	interface	NavigatorManagedData	1	operation	getSerialNumber	
device-memory	interface mixin	NavigatorDeviceMemory	0	attribute	deviceMemory	Window,Worker
device-memory	includes	Navigator	0		NavigatorDeviceMemory	
device-memory	includes	WorkerNavigator	0		NavigatorDeviceMemory	
device-posture	interface	Navigator	1	attribute	devicePosture	Window
device-posture	interface	DevicePosture	0	attribute	type	Window
device-posture	interface	DevicePosture	0	attribute	onchange	Window
device-posture	enum	DevicePostureType	0			
digital-credentials	dictionary	CredentialRequestOptions	1	field	digital	
digital-credentials	dictionary	DigitalCredentialRequestOptions	0	field	requests	
digital-credentials	dictionary	DigitalCredentialGetRequest	0	field	protocol	
digital-credentials	dictionary	DigitalCredentialGetRequest	0	field	data	
digital-credentials	dictionary	CredentialCreationOptions	1	field	digital	
digital-credentials	dictionary	DigitalCredentialCreationOptions	0	field	requests	
digital-credentials	dictionary	DigitalCredentialCreateRequest	0	field	protocol	
digital-credentials	dictionary	DigitalCredentialCreateRequest	0	field	data	
digital-credentials	typedef	DigitalCredentialProtocol	0			
digital-credentials	interface	DigitalCredential	0	operation	toJSON	Window
digital-credentials	interface	DigitalCredential	0	attribute	protocol	Window
digital-credentials	interface	DigitalCredential	0	attribute	data	Window
digital-credentials	interface	DigitalCredential	0	operation	userAgentAllowsProtocol	Window
digital-credentials	enum	DigitalCredentialPresentationProtocol	0			
digital-credentials	enum	DigitalCredentialIssuanceProtocol	0			
digital-goods	interface	Window	1	operation	getDigitalGoodsService	
digital-goods	interface	DigitalGoodsService	0	operation	getDetails	Window
digital-goods	interface	DigitalGoodsService	0	operation	listPurchases	Window
digital-goods	interface	DigitalGoodsService	0	operation	listPurchaseHistory	Window
digital-goods	interface	DigitalGoodsService	0	operation	consume	Window
digital-goods	dictionary	ItemDetails	0	field	itemId	
digital-goods	dictionary	ItemDetails	0	field	title	
digital-goods	dictionary	ItemDetails	0	field	price	
digital-goods	dictionary	ItemDetails	0	field	type	
digital-goods	dictionary	ItemDetails	0	field	description	
digital-goods	dictionary	ItemDetails	0	field	iconURLs	
digital-goods	dictionary	ItemDetails	0	field	subscriptionPeriod	
digital-goods	dictionary	ItemDetails	0	field	freeTrialPeriod	
digital-goods	dictionary	ItemDetails	0	field	introductoryPrice	
digital-goods	dictionary	ItemDetails	0	field	introductoryPricePeriod	
digital-goods	dictionary	ItemDetails	0	field	introductoryPriceCycles	
digital-goods	enum	ItemType	0			
digital-goods	dictionary	PurchaseDetails	0	field	itemId	
digital-goods	dictionary	PurchaseDetails	0	field	purchaseToken	
document-picture-in-picture	interface	Window	1	attribute	documentPictureInPicture	Window
document-picture-in-picture	interface	DocumentPictureInPicture	0	operation	requestWindow	Window
document-picture-in-picture	interface	DocumentPictureInPicture	0	attribute	window	Window
document-picture-in-picture	interface	DocumentPictureInPicture	0	attribute	onenter	Window
document-picture-in-picture	dictionary	DocumentPictureInPictureOptions	0	field	width	
document-picture-in-picture	dictionary	DocumentPictureInPictureOptions	0	field	height	
document-picture-in-picture	dictionary	DocumentPictureInPictureOptions	0	field	disallowReturnToOpener	
document-picture-in-picture	dictionary	DocumentPictureInPictureOptions	0	field	preferInitialWindowPlacement	
document-picture-in-picture	interface	DocumentPictureInPictureEvent	0	constructor	constructor	Window
document-picture-in-picture	interface	DocumentPictureInPictureEvent	0	attribute	window	Window
document-picture-in-picture	dictionary	DocumentPictureInPictureEventInit	0	field	window	
dom	interface	Event	0	constructor	constructor	*
dom	interface	Event	0	attribute	type	*
dom	interface	Event	0	attribute	target	*
dom	interface	Event	0	attribute	srcElement	*
dom	interface	Event	0	attribute	currentTarget	*
dom	interface	Event	0	operation	composedPath	*
dom	interface	Event	0	const	NONE	*
dom	interface	Event	0	const	CAPTURING_PHASE	*
dom	interface	Event	0	const	AT_TARGET	*
dom	interface	Event	0	const	BUBBLING_PHASE	*
dom	interface	Event	0	attribute	eventPhase	*
dom	interface	Event	0	operation	stopPropagation	*
dom	interface	Event	0	attribute	cancelBubble	*
dom	interface	Event	0	operation	stopImmediatePropagation	*
dom	interface	Event	0	attribute	bubbles	*
dom	interface	Event	0	attribute	cancelable	*
dom	interface	Event	0	attribute	returnValue	*
dom	interface	Event	0	operation	preventDefault	*
dom	interface	Event	0	attribute	defaultPrevented	*
dom	interface	Event	0	attribute	composed	*
dom	interface	Event	0	attribute	isTrusted	*
dom	interface	Event	0	attribute	timeStamp	*
dom	interface	Event	0	operation	initEvent	*
dom	dictionary	EventInit	0	field	bubbles	
dom	dictionary	EventInit	0	field	cancelable	
dom	dictionary	EventInit	0	field	composed	
dom	interface	Window	1	attribute	event	
dom	interface	CustomEvent	0	constructor	constructor	*
dom	interface	CustomEvent	0	attribute	detail	*
dom	interface	CustomEvent	0	operation	initCustomEvent	*
dom	dictionary	CustomEventInit	0	field	detail	
dom	interface	EventTarget	0	constructor	constructor	*
dom	interface	EventTarget	0	operation	addEventListener	*
dom	interface	EventTarget	0	operation	removeEventListener	*
dom	interface	EventTarget	0	operation	dispatchEvent	*
dom	callback interface	EventListener	0	operation	handleEvent	
dom	dictionary	EventListenerOptions	0	field	capture	
dom	dictionary	AddEventListenerOptions	0	field	passive	
dom	dictionary	AddEventListenerOptions	0	field	once	
dom	dictionary	AddEventListenerOptions	0	field	signal	
dom	interface	AbortController	0	constructor	constructor	*
dom	interface	AbortController	0	attribute	signal	*
dom	interface	AbortController	0	operation	abort	*
dom	interface	AbortSignal	0	operation	abort	*
dom	interface	AbortSignal	0	operation	timeout	*
dom	interface	AbortSignal	0	operation	any	*
dom	interface	AbortSignal	0	attribute	aborted	*
dom	interface	AbortSignal	0	attribute	reason	*
dom	interface	AbortSignal	0	operation	throwIfAborted	*
dom	interface	AbortSignal	0	attribute	onabort	*
dom	interface mixin	NonElementParentNode	0	operation	getElementById	
dom	includes	Document	0		NonElementParentNode	
dom	includes	DocumentFragment	0		NonElementParentNode	
dom	interface mixin	DocumentOrShadowRoot	0	attribute	customElementRegistry	
dom	includes	Document	0		DocumentOrShadowRoot	
dom	includes	ShadowRoot	0		DocumentOrShadowRoot	
dom	interface mixin	ParentNode	0	attribute	children	
dom	interface mixin	ParentNode	0	attribute	firstElementChild	
dom	interface mixin	ParentNode	0	attribute	lastElementChild	
dom	interface mixin	ParentNode	0	attribute	childElementCount	
dom	interface mixin	ParentNode	0	operation	prepend	
dom	interface mixin	ParentNode	0	operation	append	
dom	interface mixin	ParentNode	0	operation	replaceChildren	
dom	interface mixin	ParentNode	0	operation	moveBefore	
dom	interface mixin	ParentNode	0	operation	querySelector	
dom	interface mixin	ParentNode	0	operation	querySelectorAll	
dom	includes	Document	0		ParentNode	
dom	includes	DocumentFragment	0		ParentNode	
dom	includes	Element	0		ParentNode	
dom	interface mixin	NonDocumentTypeChildNode	0	attribute	previousElementSibling	
dom	interface mixin	NonDocumentTypeChildNode	0	attribute	nextElementSibling	
dom	includes	Element	0		NonDocumentTypeChildNode	
dom	includes	CharacterData	0		NonDocumentTypeChildNode	
dom	interface mixin	ChildNode	0	operation	before	
dom	interface mixin	ChildNode	0	operation	after	
dom	interface mixin	ChildNode	0	operation	replaceWith	
dom	interface mixin	ChildNode	0	operation	remove	
dom	includes	DocumentType	0		ChildNode	
dom	includes	Element	0		ChildNode	
dom	includes	CharacterData	0		ChildNode	
dom	interface mixin	Slottable	0	attribute	assignedSlot	
dom	includes	Element	0		Slottable	
dom	includes	Text	0		Slottable	
dom	interface	NodeList	0	operation	item	Window
dom	interface	NodeList	0	attribute	length	Window
dom	interface	NodeList	0	iterable	@@iterator	Window
dom	interface	HTMLCollection	0	attribute	length	Window
dom	interface	HTMLCollection	0	operation	item	Window
dom	interface	HTMLCollection	0	operation	namedItem	Window
dom	interface	MutationObserver	0	constructor	constructor	Window
dom	interface	MutationObserver	0	operation	observe	Window
dom	interface	MutationObserver	0	operation	disconnect	Window
dom	interface	MutationObserver	0	operation	takeRecords	Window
dom	callback	MutationCallback	0			
dom	dictionary	MutationObserverInit	0	field	childList	
dom	dictionary	MutationObserverInit	0	field	attributes	
dom	dictionary	MutationObserverInit	0	field	characterData	
dom	dictionary	MutationObserverInit	0	field	subtree	
dom	dictionary	MutationObserverInit	0	field	attributeOldValue	
dom	dictionary	MutationObserverInit	0	field	characterDataOldValue	
dom	dictionary	MutationObserverInit	0	field	attributeFilter	
dom	interface	MutationRecord	0	attribute	type	Window
dom	interface	MutationRecord	0	attribute	target	Window
dom	interface	MutationRecord	0	attribute	addedNodes	Window
dom	interface	MutationRecord	0	attribute	removedNodes	Window
dom	interface	MutationRecord	0	attribute	previousSibling	Window
dom	interface	MutationRecord	0	attribute	nextSibling	Window
dom	interface	MutationRecord	0	attribute	attributeName	Window
dom	interface	MutationRecord	0	attribute	attributeNamespace	Window
dom	interface	MutationRecord	0	attribute	oldValue	Window
dom	interface	Node	0	const	ELEMENT_NODE	Window
dom	interface	Node	0	const	ATTRIBUTE_NODE	Window
dom	interface	Node	0	const	TEXT_NODE	Window
dom	interface	Node	0	const	CDATA_SECTION_NODE	Window
dom	interface	Node	0	const	ENTITY_REFERENCE_NODE	Window
dom	interface	Node	0	const	ENTITY_NODE	Window
dom	interface	Node	0	const	PROCESSING_INSTRUCTION_NODE	Window
dom	interface	Node	0	const	COMMENT_NODE	Window
dom	interface	Node	0	const	DOCUMENT_NODE	Window
dom	interface	Node	0	const	DOCUMENT_TYPE_NODE	Window
dom	interface	Node	0	const	DOCUMENT_FRAGMENT_NODE	Window
dom	interface	Node	0	const	NOTATION_NODE	Window
dom	interface	Node	0	attribute	nodeType	Window
dom	interface	Node	0	attribute	nodeName	Window
dom	interface	Node	0	attribute	baseURI	Window
dom	interface	Node	0	attribute	isConnected	Window
dom	interface	Node	0	attribute	ownerDocument	Window
dom	interface	Node	0	operation	getRootNode	Window
dom	interface	Node	0	attribute	parentNode	Window
dom	interface	Node	0	attribute	parentElement	Window
dom	interface	Node	0	operation	hasChildNodes	Window
dom	interface	Node	0	attribute	childNodes	Window
dom	interface	Node	0	attribute	firstChild	Window
dom	interface	Node	0	attribute	lastChild	Window
dom	interface	Node	0	attribute	previousSibling	Window
dom	interface	Node	0	attribute	nextSibling	Window
dom	interface	Node	0	attribute	nodeValue	Window
dom	interface	Node	0	attribute	textContent	Window
dom	interface	Node	0	operation	normalize	Window
dom	interface	Node	0	operation	cloneNode	Window
dom	interface	Node	0	operation	isEqualNode	Window
dom	interface	Node	0	operation	isSameNode	Window
dom	interface	Node	0	const	DOCUMENT_POSITION_DISCONNECTED	Window
dom	interface	Node	0	const	DOCUMENT_POSITION_PRECEDING	Window
dom	interface	Node	0	const	DOCUMENT_POSITION_FOLLOWING	Window
dom	interface	Node	0	const	DOCUMENT_POSITION_CONTAINS	Window
dom	interface	Node	0	const	DOCUMENT_POSITION_CONTAINED_BY	Window
dom	interface	Node	0	const	DOCUMENT_POSITION_IMPLEMENTATION_SPECIFIC	Window
dom	interface	Node	0	operation	compareDocumentPosition	Window
dom	interface	Node	0	operation	contains	Window
dom	interface	Node	0	operation	lookupPrefix	Window
dom	interface	Node	0	operation	lookupNamespaceURI	Window
dom	interface	Node	0	operation	isDefaultNamespace	Window
dom	interface	Node	0	operation	insertBefore	Window
dom	interface	Node	0	operation	appendChild	Window
dom	interface	Node	0	operation	replaceChild	Window
dom	interface	Node	0	operation	removeChild	Window
dom	dictionary	GetRootNodeOptions	0	field	composed	
dom	interface	Document	0	constructor	constructor	Window
dom	interface	Document	0	attribute	implementation	Window
dom	interface	Document	0	attribute	URL	Window
dom	interface	Document	0	attribute	documentURI	Window
dom	interface	Document	0	attribute	compatMode	Window
dom	interface	Document	0	attribute	characterSet	Window
dom	interface	Document	0	attribute	charset	Window
dom	interface	Document	0	attribute	inputEncoding	Window
dom	interface	Document	0	attribute	contentType	Window
dom	interface	Document	0	attribute	doctype	Window
dom	interface	Document	0	attribute	documentElement	Window
dom	interface	Document	0	operation	getElementsByTagName	Window
dom	interface	Document	0	operation	getElementsByTagNameNS	Window
dom	interface	Document	0	operation	getElementsByClassName	Window
dom	interface	Document	0	operation	createElement	Window
dom	interface	Document	0	operation	createElementNS	Window
dom	interface	Document	0	operation	createDocumentFragment	Window
dom	interface	Document	0	operation	createTextNode	Window
dom	interface	Document	0	operation	createCDATASection	Window
dom	interface	Document	0	operation	createComment	Window
dom	interface	Document	0	operation	createProcessingInstruction	Window
dom	interface	Document	0	operation	importNode	Window
dom	interface	Document	0	operation	adoptNode	Window
dom	interface	Document	0	operation	createAttribute	Window
dom	interface	Document	0	operation	createAttributeNS	Window
dom	interface	Document	0	operation	createEvent	Window
dom	interface	Document	0	operation	createRange	Window
dom	interface	Document	0	operation	createNodeIterator	Window
dom	interface	Document	0	operation	createTreeWalker	Window
dom	interface	XMLDocument	0			Window
dom	dictionary	ElementCreationOptions	0	field	customElementRegistry	
dom	dictionary	ElementCreationOptions	0	field	is	
dom	dictionary	ImportNodeOptions	0	field	customElementRegistry	
dom	dictionary	ImportNodeOptions	0	field	selfOnly	
dom	interface	DOMImplementation	0	operation	createDocumentType	Window
dom	interface	DOMImplementation	0	operation	createDocument	Window
dom	interface	DOMImplementation	0	operation	createHTMLDocument	Window
dom	interface	DOMImplementation	0	operation	hasFeature	Window
dom	interface	DocumentType	0	attribute	name	Window
dom	interface	DocumentType	0	attribute	publicId	Window
dom	interface	DocumentType	0	attribute	systemId	Window
dom	interface	DocumentFragment	0	constructor	constructor	Window
dom	interface	ShadowRoot	0	attribute	mode	Window
dom	interface	ShadowRoot	0	attribute	delegatesFocus	Window
dom	interface	ShadowRoot	0	attribute	serializable	Window
dom	interface	ShadowRoot	0	attribute	slotAssignment	Window
dom	interface	ShadowRoot	0	attribute	clonable	Window
dom	interface	ShadowRoot	0	attribute	host	Window
dom	interface	ShadowRoot	0	attribute	onslotchange	Window
dom	enum	ShadowRootMode	0			
dom	enum	SlotAssignmentMode	0			
dom	interface	Element	0	attribute	namespaceURI	Window
dom	interface	Element	0	attribute	prefix	Window
dom	interface	Element	0	attribute	localName	Window
dom	interface	Element	0	attribute	tagName	Window
dom	interface	Element	0	attribute	id	Window
dom	interface	Element	0	attribute	className	Window
dom	interface	Element	0	attribute	classList	Window
dom	interface	Element	0	attribute	slot	Window
dom	interface	Element	0	operation	hasAttributes	Window
dom	interface	Element	0	attribute	attributes	Window
dom	interface	Element	0	operation	getAttributeNames	Window
dom	interface	Element	0	operation	getAttribute	Window
dom	interface	Element	0	operation	getAttributeNS	Window
dom	interface	Element	0	operation	setAttribute	Window
dom	interface	Element	0	operation	setAttributeNS	Window
dom	interface	Element	0	operation	removeAttribute	Window
dom	interface	Element	0	operation	removeAttributeNS	Window
dom	interface	Element	0	operation	toggleAttribute	Window
dom	interface	Element	0	operation	hasAttribute	Window
dom	interface	Element	0	operation	hasAttributeNS	Window
dom	interface	Element	0	operation	getAttributeNode	Window
dom	interface	Element	0	operation	getAttributeNodeNS	Window
dom	interface	Element	0	operation	setAttributeNode	Window
dom	interface	Element	0	operation	setAttributeNodeNS	Window
dom	interface	Element	0	operation	removeAttributeNode	Window
dom	interface	Element	0	operation	attachShadow	Window
dom	interface	Element	0	attribute	shadowRoot	Window
dom	interface	Element	0	attribute	customElementRegistry	Window
dom	interface	Element	0	operation	closest	Window
dom	interface	Element	0	operation	matches	Window
dom	interface	Element	0	operation	webkitMatchesSelector	Window
dom	interface	Element	0	operation	getElementsByTagName	Window
dom	interface	Element	0	operation	getElementsByTagNameNS	Window
dom	interface	Element	0	operation	getElementsByClassName	Window
dom	interface	Element	0	operation	insertAdjacentElement	Window
dom	interface	Element	0	operation	insertAdjacentText	Window
dom	dictionary	ShadowRootInit	0	field	mode	
dom	dictionary	ShadowRootInit	0	field	delegatesFocus	
dom	dictionary	ShadowRootInit	0	field	serializable	
dom	dictionary	ShadowRootInit	0	field	slotAssignment	
dom	dictionary	ShadowRootInit	0	field	clonable	
dom	dictionary	ShadowRootInit	0	field	customElementRegistry	
dom	interface	NamedNodeMap	0	attribute	length	Window
dom	interface	NamedNodeMap	0	operation	item	Window
dom	interface	NamedNodeMap	0	operation	getNamedItem	Window
dom	interface	NamedNodeMap	0	operation	getNamedItemNS	Window
dom	interface	NamedNodeMap	0	operation	setNamedItem	Window
dom	interface	NamedNodeMap	0	operation	setNamedItemNS	Window
dom	interface	NamedNodeMap	0	operation	removeNamedItem	Window
dom	interface	NamedNodeMap	0	operation	removeNamedItemNS	Window
dom	interface	Attr	0	attribute	namespaceURI	Window
dom	interface	Attr	0	attribute	prefix	Window
dom	interface	Attr	0	attribute	localName	Window
dom	interface	Attr	0	attribute	name	Window
dom	interface	Attr	0	attribute	value	Window
dom	interface	Attr	0	attribute	ownerElement	Window
dom	interface	Attr	0	attribute	specified	Window
dom	interface	CharacterData	0	attribute	data	Window
dom	interface	CharacterData	0	attribute	length	Window
dom	interface	CharacterData	0	operation	substringData	Window
dom	interface	CharacterData	0	operation	appendData	Window
dom	interface	CharacterData	0	operation	insertData	Window
dom	interface	CharacterData	0	operation	deleteData	Window
dom	interface	CharacterData	0	operation	replaceData	Window
dom	interface	Text	0	constructor	constructor	Window
dom	interface	Text	0	operation	splitText	Window
dom	interface	Text	0	attribute	wholeText	Window
dom	interface	CDATASection	0			Window
dom	interface	ProcessingInstruction	0	constructor	constructor	Window
dom	interface	ProcessingInstruction	0	attribute	target	Window
dom	interface	ProcessingInstruction	0	operation	hasAttributes	Window
dom	interface	ProcessingInstruction	0	operation	getAttributeNames	Window
dom	interface	ProcessingInstruction	0	operation	getAttribute	Window
dom	interface	ProcessingInstruction	0	operation	setAttribute	Window
dom	interface	ProcessingInstruction	0	operation	removeAttribute	Window
dom	interface	ProcessingInstruction	0	operation	toggleAttribute	Window
dom	interface	ProcessingInstruction	0	operation	hasAttribute	Window
dom	interface	Comment	0	constructor	constructor	Window
dom	interface	AbstractRange	0	attribute	startContainer	Window
dom	interface	AbstractRange	0	attribute	startOffset	Window
dom	interface	AbstractRange	0	attribute	endContainer	Window
dom	interface	AbstractRange	0	attribute	endOffset	Window
dom	interface	AbstractRange	0	attribute	collapsed	Window
dom	dictionary	StaticRangeInit	0	field	startContainer	
dom	dictionary	StaticRangeInit	0	field	startOffset	
dom	dictionary	StaticRangeInit	0	field	endContainer	
dom	dictionary	StaticRangeInit	0	field	endOffset	
dom	interface	StaticRange	0	constructor	constructor	Window
dom	interface	Range	0	constructor	constructor	Window
dom	interface	Range	0	attribute	commonAncestorContainer	Window
dom	interface	Range	0	operation	setStart	Window
dom	interface	Range	0	operation	setEnd	Window
dom	interface	Range	0	operation	setStartBefore	Window
dom	interface	Range	0	operation	setStartAfter	Window
dom	interface	Range	0	operation	setEndBefore	Window
dom	interface	Range	0	operation	setEndAfter	Window
dom	interface	Range	0	operation	collapse	Window
dom	interface	Range	0	operation	selectNode	Window
dom	interface	Range	0	operation	selectNodeContents	Window
dom	interface	Range	0	const	START_TO_START	Window
dom	interface	Range	0	const	START_TO_END	Window
dom	interface	Range	0	const	END_TO_END	Window
dom	interface	Range	0	const	END_TO_START	Window
dom	interface	Range	0	operation	compareBoundaryPoints	Window
dom	interface	Range	0	operation	deleteContents	Window
dom	interface	Range	0	operation	extractContents	Window
dom	interface	Range	0	operation	cloneContents	Window
dom	interface	Range	0	operation	insertNode	Window
dom	interface	Range	0	operation	surroundContents	Window
dom	interface	Range	0	operation	cloneRange	Window
dom	interface	Range	0	operation	detach	Window
dom	interface	Range	0	operation	isPointInRange	Window
dom	interface	Range	0	operation	comparePoint	Window
dom	interface	Range	0	operation	intersectsNode	Window
dom	interface	Range	0	operation	@匿名	Window
dom	interface	NodeIterator	0	attribute	root	Window
dom	interface	NodeIterator	0	attribute	referenceNode	Window
dom	interface	NodeIterator	0	attribute	pointerBeforeReferenceNode	Window
dom	interface	NodeIterator	0	attribute	whatToShow	Window
dom	interface	NodeIterator	0	attribute	filter	Window
dom	interface	NodeIterator	0	operation	nextNode	Window
dom	interface	NodeIterator	0	operation	previousNode	Window
dom	interface	NodeIterator	0	operation	detach	Window
dom	interface	TreeWalker	0	attribute	root	Window
dom	interface	TreeWalker	0	attribute	whatToShow	Window
dom	interface	TreeWalker	0	attribute	filter	Window
dom	interface	TreeWalker	0	attribute	currentNode	Window
dom	interface	TreeWalker	0	operation	parentNode	Window
dom	interface	TreeWalker	0	operation	firstChild	Window
dom	interface	TreeWalker	0	operation	lastChild	Window
dom	interface	TreeWalker	0	operation	previousSibling	Window
dom	interface	TreeWalker	0	operation	nextSibling	Window
dom	interface	TreeWalker	0	operation	previousNode	Window
dom	interface	TreeWalker	0	operation	nextNode	Window
dom	callback interface	NodeFilter	0	const	FILTER_ACCEPT	Window
dom	callback interface	NodeFilter	0	const	FILTER_REJECT	Window
dom	callback interface	NodeFilter	0	const	FILTER_SKIP	Window
dom	callback interface	NodeFilter	0	const	SHOW_ALL	Window
dom	callback interface	NodeFilter	0	const	SHOW_ELEMENT	Window
dom	callback interface	NodeFilter	0	const	SHOW_ATTRIBUTE	Window
dom	callback interface	NodeFilter	0	const	SHOW_TEXT	Window
dom	callback interface	NodeFilter	0	const	SHOW_CDATA_SECTION	Window
dom	callback interface	NodeFilter	0	const	SHOW_ENTITY_REFERENCE	Window
dom	callback interface	NodeFilter	0	const	SHOW_ENTITY	Window
dom	callback interface	NodeFilter	0	const	SHOW_PROCESSING_INSTRUCTION	Window
dom	callback interface	NodeFilter	0	const	SHOW_COMMENT	Window
dom	callback interface	NodeFilter	0	const	SHOW_DOCUMENT	Window
dom	callback interface	NodeFilter	0	const	SHOW_DOCUMENT_TYPE	Window
dom	callback interface	NodeFilter	0	const	SHOW_DOCUMENT_FRAGMENT	Window
dom	callback interface	NodeFilter	0	const	SHOW_NOTATION	Window
dom	callback interface	NodeFilter	0	operation	acceptNode	Window
dom	interface	DOMTokenList	0	attribute	length	Window
dom	interface	DOMTokenList	0	operation	item	Window
dom	interface	DOMTokenList	0	operation	contains	Window
dom	interface	DOMTokenList	0	operation	add	Window
dom	interface	DOMTokenList	0	operation	remove	Window
dom	interface	DOMTokenList	0	operation	toggle	Window
dom	interface	DOMTokenList	0	operation	replace	Window
dom	interface	DOMTokenList	0	operation	supports	Window
dom	interface	DOMTokenList	0	attribute	value	Window
dom	interface	DOMTokenList	0	iterable	@@iterator	Window
dom	interface	XPathResult	0	const	ANY_TYPE	Window
dom	interface	XPathResult	0	const	NUMBER_TYPE	Window
dom	interface	XPathResult	0	const	STRING_TYPE	Window
dom	interface	XPathResult	0	const	BOOLEAN_TYPE	Window
dom	interface	XPathResult	0	const	UNORDERED_NODE_ITERATOR_TYPE	Window
dom	interface	XPathResult	0	const	ORDERED_NODE_ITERATOR_TYPE	Window
dom	interface	XPathResult	0	const	UNORDERED_NODE_SNAPSHOT_TYPE	Window
dom	interface	XPathResult	0	const	ORDERED_NODE_SNAPSHOT_TYPE	Window
dom	interface	XPathResult	0	const	ANY_UNORDERED_NODE_TYPE	Window
dom	interface	XPathResult	0	const	FIRST_ORDERED_NODE_TYPE	Window
dom	interface	XPathResult	0	attribute	resultType	Window
dom	interface	XPathResult	0	attribute	numberValue	Window
dom	interface	XPathResult	0	attribute	stringValue	Window
dom	interface	XPathResult	0	attribute	booleanValue	Window
dom	interface	XPathResult	0	attribute	singleNodeValue	Window
dom	interface	XPathResult	0	attribute	invalidIteratorState	Window
dom	interface	XPathResult	0	attribute	snapshotLength	Window
dom	interface	XPathResult	0	operation	iterateNext	Window
dom	interface	XPathResult	0	operation	snapshotItem	Window
dom	interface	XPathExpression	0	operation	evaluate	Window
dom	callback interface	XPathNSResolver	0	operation	lookupNamespaceURI	
dom	interface mixin	XPathEvaluatorBase	0	operation	createExpression	
dom	interface mixin	XPathEvaluatorBase	0	operation	createNSResolver	
dom	interface mixin	XPathEvaluatorBase	0	operation	evaluate	
dom	includes	Document	0		XPathEvaluatorBase	
dom	interface	XPathEvaluator	0	constructor	constructor	Window
dom	includes	XPathEvaluator	0		XPathEvaluatorBase	
dom	interface	XSLTProcessor	0	constructor	constructor	Window
dom	interface	XSLTProcessor	0	operation	importStylesheet	Window
dom	interface	XSLTProcessor	0	operation	transformToFragment	Window
dom	interface	XSLTProcessor	0	operation	transformToDocument	Window
dom	interface	XSLTProcessor	0	operation	setParameter	Window
dom	interface	XSLTProcessor	0	operation	getParameter	Window
dom	interface	XSLTProcessor	0	operation	removeParameter	Window
dom	interface	XSLTProcessor	0	operation	clearParameters	Window
dom	interface	XSLTProcessor	0	operation	reset	Window
edit-context	interface	HTMLElement	1	attribute	editContext	
edit-context	dictionary	EditContextInit	0	field	text	
edit-context	dictionary	EditContextInit	0	field	selectionStart	
edit-context	dictionary	EditContextInit	0	field	selectionEnd	
edit-context	interface	EditContext	0	constructor	constructor	Window
edit-context	interface	EditContext	0	operation	updateText	Window
edit-context	interface	EditContext	0	operation	updateSelection	Window
edit-context	interface	EditContext	0	operation	updateControlBounds	Window
edit-context	interface	EditContext	0	operation	updateSelectionBounds	Window
edit-context	interface	EditContext	0	operation	updateCharacterBounds	Window
edit-context	interface	EditContext	0	operation	attachedElements	Window
edit-context	interface	EditContext	0	attribute	text	Window
edit-context	interface	EditContext	0	attribute	selectionStart	Window
edit-context	interface	EditContext	0	attribute	selectionEnd	Window
edit-context	interface	EditContext	0	attribute	characterBoundsRangeStart	Window
edit-context	interface	EditContext	0	operation	characterBounds	Window
edit-context	interface	EditContext	0	attribute	ontextupdate	Window
edit-context	interface	EditContext	0	attribute	ontextformatupdate	Window
edit-context	interface	EditContext	0	attribute	oncharacterboundsupdate	Window
edit-context	interface	EditContext	0	attribute	oncompositionstart	Window
edit-context	interface	EditContext	0	attribute	oncompositionend	Window
edit-context	dictionary	TextUpdateEventInit	0	field	updateRangeStart	
edit-context	dictionary	TextUpdateEventInit	0	field	updateRangeEnd	
edit-context	dictionary	TextUpdateEventInit	0	field	text	
edit-context	dictionary	TextUpdateEventInit	0	field	selectionStart	
edit-context	dictionary	TextUpdateEventInit	0	field	selectionEnd	
edit-context	interface	TextUpdateEvent	0	constructor	constructor	Window
edit-context	interface	TextUpdateEvent	0	attribute	updateRangeStart	Window
edit-context	interface	TextUpdateEvent	0	attribute	updateRangeEnd	Window
edit-context	interface	TextUpdateEvent	0	attribute	text	Window
edit-context	interface	TextUpdateEvent	0	attribute	selectionStart	Window
edit-context	interface	TextUpdateEvent	0	attribute	selectionEnd	Window
edit-context	enum	UnderlineStyle	0			
edit-context	enum	UnderlineThickness	0			
edit-context	dictionary	TextFormatInit	0	field	rangeStart	
edit-context	dictionary	TextFormatInit	0	field	rangeEnd	
edit-context	dictionary	TextFormatInit	0	field	underlineStyle	
edit-context	dictionary	TextFormatInit	0	field	underlineThickness	
edit-context	interface	TextFormat	0	constructor	constructor	Window
edit-context	interface	TextFormat	0	attribute	rangeStart	Window
edit-context	interface	TextFormat	0	attribute	rangeEnd	Window
edit-context	interface	TextFormat	0	attribute	underlineStyle	Window
edit-context	interface	TextFormat	0	attribute	underlineThickness	Window
edit-context	dictionary	TextFormatUpdateEventInit	0	field	textFormats	
edit-context	interface	TextFormatUpdateEvent	0	constructor	constructor	Window
edit-context	interface	TextFormatUpdateEvent	0	operation	getTextFormats	Window
edit-context	dictionary	CharacterBoundsUpdateEventInit	0	field	rangeStart	
edit-context	dictionary	CharacterBoundsUpdateEventInit	0	field	rangeEnd	
edit-context	interface	CharacterBoundsUpdateEvent	0	constructor	constructor	Window
edit-context	interface	CharacterBoundsUpdateEvent	0	attribute	rangeStart	Window
edit-context	interface	CharacterBoundsUpdateEvent	0	attribute	rangeEnd	Window
element-capture	interface	RestrictionTarget	0	operation	fromElement	Window,Worker
element-capture	interface	BrowserCaptureMediaStreamTrack	1	operation	restrictTo	Window
element-timing	interface	PerformanceElementTiming	0	attribute	renderTime	Window
element-timing	interface	PerformanceElementTiming	0	attribute	loadTime	Window
element-timing	interface	PerformanceElementTiming	0	attribute	intersectionRect	Window
element-timing	interface	PerformanceElementTiming	0	attribute	identifier	Window
element-timing	interface	PerformanceElementTiming	0	attribute	naturalWidth	Window
element-timing	interface	PerformanceElementTiming	0	attribute	naturalHeight	Window
element-timing	interface	PerformanceElementTiming	0	attribute	id	Window
element-timing	interface	PerformanceElementTiming	0	attribute	element	Window
element-timing	interface	PerformanceElementTiming	0	attribute	url	Window
element-timing	interface	PerformanceElementTiming	0	operation	toJSON	Window
element-timing	includes	PerformanceElementTiming	0		PaintTimingMixin	
element-timing	interface	Element	1	attribute	elementTiming	
encoding	interface mixin	TextDecoderCommon	0	attribute	encoding	
encoding	interface mixin	TextDecoderCommon	0	attribute	fatal	
encoding	interface mixin	TextDecoderCommon	0	attribute	ignoreBOM	
encoding	dictionary	TextDecoderOptions	0	field	fatal	
encoding	dictionary	TextDecoderOptions	0	field	ignoreBOM	
encoding	dictionary	TextDecodeOptions	0	field	stream	
encoding	interface	TextDecoder	0	constructor	constructor	*
encoding	interface	TextDecoder	0	operation	decode	*
encoding	includes	TextDecoder	0		TextDecoderCommon	
encoding	interface mixin	TextEncoderCommon	0	attribute	encoding	
encoding	dictionary	TextEncoderEncodeIntoResult	0	field	read	
encoding	dictionary	TextEncoderEncodeIntoResult	0	field	written	
encoding	interface	TextEncoder	0	constructor	constructor	*
encoding	interface	TextEncoder	0	operation	encode	*
encoding	interface	TextEncoder	0	operation	encodeInto	*
encoding	includes	TextEncoder	0		TextEncoderCommon	
encoding	interface	TextDecoderStream	0	constructor	constructor	*
encoding	includes	TextDecoderStream	0		TextDecoderCommon	
encoding	includes	TextDecoderStream	0		GenericTransformStream	
encoding	interface	TextEncoderStream	0	constructor	constructor	*
encoding	includes	TextEncoderStream	0		TextEncoderCommon	
encoding	includes	TextEncoderStream	0		GenericTransformStream	
encrypted-media	interface	Navigator	1	operation	requestMediaKeySystemAccess	Window
encrypted-media	enum	MediaKeysRequirement	0			
encrypted-media	dictionary	MediaKeySystemConfiguration	0	field	label	
encrypted-media	dictionary	MediaKeySystemConfiguration	0	field	initDataTypes	
encrypted-media	dictionary	MediaKeySystemConfiguration	0	field	audioCapabilities	
encrypted-media	dictionary	MediaKeySystemConfiguration	0	field	videoCapabilities	
encrypted-media	dictionary	MediaKeySystemConfiguration	0	field	distinctiveIdentifier	
encrypted-media	dictionary	MediaKeySystemConfiguration	0	field	persistentState	
encrypted-media	dictionary	MediaKeySystemConfiguration	0	field	sessionTypes	
encrypted-media	dictionary	MediaKeySystemMediaCapability	0	field	contentType	
encrypted-media	dictionary	MediaKeySystemMediaCapability	0	field	encryptionScheme	
encrypted-media	dictionary	MediaKeySystemMediaCapability	0	field	robustness	
encrypted-media	interface	MediaKeySystemAccess	0	attribute	keySystem	Window
encrypted-media	interface	MediaKeySystemAccess	0	operation	getConfiguration	Window
encrypted-media	interface	MediaKeySystemAccess	0	operation	createMediaKeys	Window
encrypted-media	enum	MediaKeySessionType	0			
encrypted-media	interface	MediaKeys	0	operation	createSession	Window
encrypted-media	interface	MediaKeys	0	operation	getStatusForPolicy	Window
encrypted-media	interface	MediaKeys	0	operation	setServerCertificate	Window
encrypted-media	dictionary	MediaKeysPolicy	0	field	minHdcpVersion	
encrypted-media	enum	MediaKeySessionClosedReason	0			
encrypted-media	interface	MediaKeySession	0	attribute	sessionId	Window
encrypted-media	interface	MediaKeySession	0	attribute	expiration	Window
encrypted-media	interface	MediaKeySession	0	attribute	closed	Window
encrypted-media	interface	MediaKeySession	0	attribute	keyStatuses	Window
encrypted-media	interface	MediaKeySession	0	attribute	onkeystatuseschange	Window
encrypted-media	interface	MediaKeySession	0	attribute	onmessage	Window
encrypted-media	interface	MediaKeySession	0	operation	generateRequest	Window
encrypted-media	interface	MediaKeySession	0	operation	load	Window
encrypted-media	interface	MediaKeySession	0	operation	update	Window
encrypted-media	interface	MediaKeySession	0	operation	close	Window
encrypted-media	interface	MediaKeySession	0	operation	remove	Window
encrypted-media	interface	MediaKeyStatusMap	0	iterable	@@iterator	Window
encrypted-media	interface	MediaKeyStatusMap	0	attribute	size	Window
encrypted-media	interface	MediaKeyStatusMap	0	operation	has	Window
encrypted-media	interface	MediaKeyStatusMap	0	operation	get	Window
encrypted-media	enum	MediaKeyStatus	0			
encrypted-media	enum	MediaKeyMessageType	0			
encrypted-media	interface	MediaKeyMessageEvent	0	constructor	constructor	Window
encrypted-media	interface	MediaKeyMessageEvent	0	attribute	messageType	Window
encrypted-media	interface	MediaKeyMessageEvent	0	attribute	message	Window
encrypted-media	dictionary	MediaKeyMessageEventInit	0	field	messageType	
encrypted-media	dictionary	MediaKeyMessageEventInit	0	field	message	
encrypted-media	interface	HTMLMediaElement	1	attribute	mediaKeys	Window
encrypted-media	interface	HTMLMediaElement	1	attribute	onencrypted	Window
encrypted-media	interface	HTMLMediaElement	1	attribute	onwaitingforkey	Window
encrypted-media	interface	HTMLMediaElement	1	operation	setMediaKeys	Window
encrypted-media	interface	MediaEncryptedEvent	0	constructor	constructor	Window
encrypted-media	interface	MediaEncryptedEvent	0	attribute	initDataType	Window
encrypted-media	interface	MediaEncryptedEvent	0	attribute	initData	Window
encrypted-media	dictionary	MediaEncryptedEventInit	0	field	initDataType	
encrypted-media	dictionary	MediaEncryptedEventInit	0	field	initData	
entries-api	interface	File	1	attribute	webkitRelativePath	
entries-api	interface	HTMLInputElement	1	attribute	webkitdirectory	
entries-api	interface	HTMLInputElement	1	attribute	webkitEntries	
entries-api	interface	DataTransferItem	1	operation	webkitGetAsEntry	
entries-api	callback	ErrorCallback	0			
entries-api	interface	FileSystemEntry	0	attribute	isFile	Window
entries-api	interface	FileSystemEntry	0	attribute	isDirectory	Window
entries-api	interface	FileSystemEntry	0	attribute	name	Window
entries-api	interface	FileSystemEntry	0	attribute	fullPath	Window
entries-api	interface	FileSystemEntry	0	attribute	filesystem	Window
entries-api	interface	FileSystemEntry	0	operation	getParent	Window
entries-api	interface	FileSystemDirectoryEntry	0	operation	createReader	Window
entries-api	interface	FileSystemDirectoryEntry	0	operation	getFile	Window
entries-api	interface	FileSystemDirectoryEntry	0	operation	getDirectory	Window
entries-api	dictionary	FileSystemFlags	0	field	create	
entries-api	dictionary	FileSystemFlags	0	field	exclusive	
entries-api	callback	FileSystemEntryCallback	0			
entries-api	interface	FileSystemDirectoryReader	0	operation	readEntries	Window
entries-api	callback	FileSystemEntriesCallback	0			
entries-api	interface	FileSystemFileEntry	0	operation	file	Window
entries-api	callback	FileCallback	0			
entries-api	interface	FileSystem	0	attribute	name	Window
entries-api	interface	FileSystem	0	attribute	root	Window
event-timing	interface	PerformanceEventTiming	0	attribute	processingStart	Window
event-timing	interface	PerformanceEventTiming	0	attribute	processingEnd	Window
event-timing	interface	PerformanceEventTiming	0	attribute	cancelable	Window
event-timing	interface	PerformanceEventTiming	0	attribute	target	Window
event-timing	interface	PerformanceEventTiming	0	attribute	targetSelector	Window
event-timing	interface	PerformanceEventTiming	0	attribute	interactionId	Window
event-timing	interface	PerformanceEventTiming	0	operation	toJSON	Window
event-timing	interface	EventCounts	0	maplike	@@maplike	Window
event-timing	interface	Performance	1	attribute	eventCounts	Window
event-timing	interface	Performance	1	attribute	interactionCount	Window
event-timing	dictionary	PerformanceObserverInit	1	field	durationThreshold	
eyedropper-api	dictionary	ColorSelectionResult	0	field	sRGBHex	
eyedropper-api	dictionary	ColorSelectionOptions	0	field	signal	
eyedropper-api	interface	EyeDropper	0	constructor	constructor	Window
eyedropper-api	interface	EyeDropper	0	operation	open	Window
fedcm	dictionary	IdentityCredentialDisconnectOptions	0	field	accountHint	
fedcm	interface	IdentityCredential	0	operation	disconnect	Window
fedcm	interface	IdentityCredential	0	attribute	token	Window
fedcm	interface	IdentityCredential	0	attribute	isAutoSelected	Window
fedcm	interface	IdentityCredential	0	attribute	configURL	Window
fedcm	dictionary	DisconnectedAccount	0	field	account_id	
fedcm	dictionary	IdentityCredentialErrorInit	0	field	error	
fedcm	dictionary	IdentityCredentialErrorInit	0	field	url	
fedcm	interface	IdentityCredentialError	0	constructor	constructor	Window
fedcm	interface	IdentityCredentialError	0	attribute	error	Window
fedcm	interface	IdentityCredentialError	0	attribute	url	Window
fedcm	dictionary	CredentialRequestOptions	1	field	identity	
fedcm	enum	IdentityCredentialRequestOptionsContext	0			
fedcm	enum	IdentityCredentialRequestOptionsMode	0			
fedcm	dictionary	IdentityCredentialRequestOptions	0	field	providers	
fedcm	dictionary	IdentityCredentialRequestOptions	0	field	context	
fedcm	dictionary	IdentityCredentialRequestOptions	0	field	mode	
fedcm	dictionary	IdentityProviderConfig	0	field	configURL	
fedcm	dictionary	IdentityProviderConfig	0	field	clientId	
fedcm	dictionary	IdentityProviderRequestOptions	0	field	loginHint	
fedcm	dictionary	IdentityProviderRequestOptions	0	field	domainHint	
fedcm	dictionary	IdentityProviderRequestOptions	0	field	fields	
fedcm	dictionary	IdentityProviderRequestOptions	0	field	params	
fedcm	dictionary	IdentityProviderWellKnown	0	field	provider_urls	
fedcm	dictionary	IdentityProviderWellKnown	0	field	accounts_endpoint	
fedcm	dictionary	IdentityProviderWellKnown	0	field	login_url	
fedcm	dictionary	IdentityProviderIcon	0	field	url	
fedcm	dictionary	IdentityProviderIcon	0	field	size	
fedcm	dictionary	IdentityProviderBranding	0	field	background_color	
fedcm	dictionary	IdentityProviderBranding	0	field	color	
fedcm	dictionary	IdentityProviderBranding	0	field	icons	
fedcm	dictionary	IdentityProviderBranding	0	field	name	
fedcm	dictionary	IdentityProviderAPIConfig	0	field	accounts_endpoint	
fedcm	dictionary	IdentityProviderAPIConfig	0	field	client_metadata_endpoint	
fedcm	dictionary	IdentityProviderAPIConfig	0	field	id_assertion_endpoint	
fedcm	dictionary	IdentityProviderAPIConfig	0	field	login_url	
fedcm	dictionary	IdentityProviderAPIConfig	0	field	disconnect_endpoint	
fedcm	dictionary	IdentityProviderAPIConfig	0	field	branding	
fedcm	dictionary	IdentityProviderAPIConfig	0	field	supports_use_other_account	
fedcm	dictionary	IdentityProviderAPIConfig	0	field	account_label	
fedcm	dictionary	IdentityProviderAccount	0	field	id	
fedcm	dictionary	IdentityProviderAccount	0	field	name	
fedcm	dictionary	IdentityProviderAccount	0	field	email	
fedcm	dictionary	IdentityProviderAccount	0	field	tel	
fedcm	dictionary	IdentityProviderAccount	0	field	username	
fedcm	dictionary	IdentityProviderAccount	0	field	given_name	
fedcm	dictionary	IdentityProviderAccount	0	field	picture	
fedcm	dictionary	IdentityProviderAccount	0	field	approved_clients	
fedcm	dictionary	IdentityProviderAccount	0	field	login_hints	
fedcm	dictionary	IdentityProviderAccount	0	field	domain_hints	
fedcm	dictionary	IdentityProviderAccount	0	field	label_hints	
fedcm	dictionary	IdentityProviderAccountList	0	field	accounts	
fedcm	dictionary	IdentityAssertionResponse	0	field	token	
fedcm	dictionary	IdentityAssertionResponse	0	field	continue_on	
fedcm	dictionary	IdentityAssertionResponse	0	field	error	
fedcm	dictionary	IdentityProviderClientMetadata	0	field	privacy_policy_url	
fedcm	dictionary	IdentityProviderClientMetadata	0	field	terms_of_service_url	
fedcm	dictionary	IdentityProviderClientMetadata	0	field	client_is_third_party_to_top_frame_origin	
fedcm	dictionary	IdentityUserInfo	0	field	email	
fedcm	dictionary	IdentityUserInfo	0	field	name	
fedcm	dictionary	IdentityUserInfo	0	field	givenName	
fedcm	dictionary	IdentityUserInfo	0	field	picture	
fedcm	dictionary	IdentityResolveOptions	0	field	accountId	
fedcm	interface	IdentityProvider	0	operation	close	Window
fedcm	interface	IdentityProvider	0	operation	resolve	Window
fedcm	interface	IdentityProvider	0	operation	getUserInfo	Window
fenced-frame	interface	HTMLFencedFrameElement	0	constructor	constructor	Window
fenced-frame	interface	HTMLFencedFrameElement	0	attribute	config	Window
fenced-frame	interface	HTMLFencedFrameElement	0	attribute	width	Window
fenced-frame	interface	HTMLFencedFrameElement	0	attribute	height	Window
fenced-frame	interface	HTMLFencedFrameElement	0	attribute	sandbox	Window
fenced-frame	interface	HTMLFencedFrameElement	0	attribute	allow	Window
fenced-frame	enum	OpaqueProperty	0			
fenced-frame	interface	FencedFrameConfig	0	constructor	constructor	Window
fenced-frame	interface	FencedFrameConfig	0	operation	setSharedStorageContext	Window
fenced-frame	typedef	UrnOrConfig	0			
fenced-frame	interface	Navigator	1	operation	deprecatedReplaceInURN	
fenced-frame	interface	Navigator	1	operation	deprecatedURNtoURL	
fenced-frame	interface	Navigator	1	operation	adAuctionComponents	
fenced-frame	enum	FenceReportingDestination	0			
fenced-frame	dictionary	FenceEvent	0	field	eventType	
fenced-frame	dictionary	FenceEvent	0	field	eventData	
fenced-frame	dictionary	FenceEvent	0	field	destination	
fenced-frame	dictionary	FenceEvent	0	field	crossOriginExposed	
fenced-frame	dictionary	FenceEvent	0	field	once	
fenced-frame	dictionary	FenceEvent	0	field	destinationURL	
fenced-frame	typedef	ReportEventType	0			
fenced-frame	interface	Fence	0	operation	reportEvent	Window
fenced-frame	interface	Fence	0	operation	setReportEventDataForAutomaticBeacons	Window
fenced-frame	interface	Fence	0	operation	getNestedConfigs	Window
fenced-frame	interface	Fence	0	operation	disableUntrustedNetwork	Window
fenced-frame	interface	Fence	0	operation	notifyEvent	Window
fenced-frame	interface	Window	1	attribute	fence	
fenced-frame	interface mixin	GlobalEventHandlers	1	attribute	onfencedtreeclick	
fetch	typedef	HeadersInit	0			
fetch	interface	Headers	0	constructor	constructor	Window,Worker
fetch	interface	Headers	0	operation	append	Window,Worker
fetch	interface	Headers	0	operation	delete	Window,Worker
fetch	interface	Headers	0	operation	get	Window,Worker
fetch	interface	Headers	0	operation	getSetCookie	Window,Worker
fetch	interface	Headers	0	operation	has	Window,Worker
fetch	interface	Headers	0	operation	set	Window,Worker
fetch	interface	Headers	0	iterable	@@iterator	Window,Worker
fetch	typedef	XMLHttpRequestBodyInit	0			
fetch	typedef	BodyInit	0			
fetch	interface mixin	Body	0	attribute	body	
fetch	interface mixin	Body	0	attribute	bodyUsed	
fetch	interface mixin	Body	0	operation	arrayBuffer	
fetch	interface mixin	Body	0	operation	blob	
fetch	interface mixin	Body	0	operation	bytes	
fetch	interface mixin	Body	0	operation	formData	
fetch	interface mixin	Body	0	operation	json	
fetch	interface mixin	Body	0	operation	text	
fetch	interface mixin	Body	0	operation	textStream	
fetch	typedef	RequestInfo	0			
fetch	interface	Request	0	constructor	constructor	Window,Worker
fetch	interface	Request	0	attribute	method	Window,Worker
fetch	interface	Request	0	attribute	url	Window,Worker
fetch	interface	Request	0	attribute	headers	Window,Worker
fetch	interface	Request	0	attribute	destination	Window,Worker
fetch	interface	Request	0	attribute	referrer	Window,Worker
fetch	interface	Request	0	attribute	referrerPolicy	Window,Worker
fetch	interface	Request	0	attribute	mode	Window,Worker
fetch	interface	Request	0	attribute	credentials	Window,Worker
fetch	interface	Request	0	attribute	cache	Window,Worker
fetch	interface	Request	0	attribute	redirect	Window,Worker
fetch	interface	Request	0	attribute	integrity	Window,Worker
fetch	interface	Request	0	attribute	keepalive	Window,Worker
fetch	interface	Request	0	attribute	isReloadNavigation	Window,Worker
fetch	interface	Request	0	attribute	isHistoryNavigation	Window,Worker
fetch	interface	Request	0	attribute	signal	Window,Worker
fetch	interface	Request	0	attribute	duplex	Window,Worker
fetch	interface	Request	0	operation	clone	Window,Worker
fetch	includes	Request	0		Body	
fetch	dictionary	RequestInit	0	field	method	
fetch	dictionary	RequestInit	0	field	headers	
fetch	dictionary	RequestInit	0	field	body	
fetch	dictionary	RequestInit	0	field	referrer	
fetch	dictionary	RequestInit	0	field	referrerPolicy	
fetch	dictionary	RequestInit	0	field	mode	
fetch	dictionary	RequestInit	0	field	credentials	
fetch	dictionary	RequestInit	0	field	cache	
fetch	dictionary	RequestInit	0	field	redirect	
fetch	dictionary	RequestInit	0	field	integrity	
fetch	dictionary	RequestInit	0	field	keepalive	
fetch	dictionary	RequestInit	0	field	signal	
fetch	dictionary	RequestInit	0	field	duplex	
fetch	dictionary	RequestInit	0	field	priority	
fetch	dictionary	RequestInit	0	field	window	
fetch	enum	RequestDestination	0			
fetch	enum	RequestMode	0			
fetch	enum	RequestCredentials	0			
fetch	enum	RequestCache	0			
fetch	enum	RequestRedirect	0			
fetch	enum	RequestDuplex	0			
fetch	enum	RequestPriority	0			
fetch	interface	Response	0	constructor	constructor	Window,Worker
fetch	interface	Response	0	operation	error	Window,Worker
fetch	interface	Response	0	operation	redirect	Window,Worker
fetch	interface	Response	0	operation	json	Window,Worker
fetch	interface	Response	0	attribute	type	Window,Worker
fetch	interface	Response	0	attribute	url	Window,Worker
fetch	interface	Response	0	attribute	redirected	Window,Worker
fetch	interface	Response	0	attribute	status	Window,Worker
fetch	interface	Response	0	attribute	ok	Window,Worker
fetch	interface	Response	0	attribute	statusText	Window,Worker
fetch	interface	Response	0	attribute	headers	Window,Worker
fetch	interface	Response	0	operation	clone	Window,Worker
fetch	includes	Response	0		Body	
fetch	dictionary	ResponseInit	0	field	status	
fetch	dictionary	ResponseInit	0	field	statusText	
fetch	dictionary	ResponseInit	0	field	headers	
fetch	enum	ResponseType	0			
fetch	interface mixin	WindowOrWorkerGlobalScope	1	operation	fetch	
fetch	dictionary	DeferredRequestInit	0	field	activateAfter	
fetch	interface	FetchLaterResult	0	attribute	activated	Window
fetch	interface	Window	1	operation	fetchLater	
fido-client-to-authenticator-protocol	dictionary	AuthenticationExtensionsClientInputs	1	field	credentialProtectionPolicy	
fido-client-to-authenticator-protocol	dictionary	AuthenticationExtensionsClientInputs	1	field	enforceCredentialProtectionPolicy	
fido-client-to-authenticator-protocol	dictionary	AuthenticationExtensionsClientInputs	1	field	credBlob	
fido-client-to-authenticator-protocol	dictionary	AuthenticationExtensionsClientInputs	1	field	getCredBlob	
fido-client-to-authenticator-protocol	dictionary	AuthenticationExtensionsClientOutputs	1	field	credBlob	
fido-client-to-authenticator-protocol	dictionary	AuthenticationExtensionsClientOutputs	1	field	getCredBlob	
fido-client-to-authenticator-protocol	dictionary	AuthenticationExtensionsClientInputs	1	field	minPinLength	
fido-client-to-authenticator-protocol	dictionary	AuthenticationExtensionsClientInputs	1	field	pinComplexityPolicy	
fido-client-to-authenticator-protocol	dictionary	AuthenticationExtensionsClientInputs	1	field	hmacCreateSecret	
fido-client-to-authenticator-protocol	dictionary	HMACGetSecretInput	0	field	salt1	
fido-client-to-authenticator-protocol	dictionary	HMACGetSecretInput	0	field	salt2	
fido-client-to-authenticator-protocol	dictionary	AuthenticationExtensionsClientInputs	1	field	hmacGetSecret	
fido-client-to-authenticator-protocol	dictionary	AuthenticationExtensionsClientOutputs	1	field	hmacCreateSecret	
fido-client-to-authenticator-protocol	dictionary	HMACGetSecretOutput	0	field	output1	
fido-client-to-authenticator-protocol	dictionary	HMACGetSecretOutput	0	field	output2	
fido-client-to-authenticator-protocol	dictionary	AuthenticationExtensionsClientOutputs	1	field	hmacGetSecret	
file-system-access	enum	FileSystemPermissionMode	0			
file-system-access	dictionary	FileSystemPermissionDescriptor	0	field	handle	
file-system-access	dictionary	FileSystemPermissionDescriptor	0	field	mode	
file-system-access	dictionary	FileSystemHandlePermissionDescriptor	0	field	mode	
file-system-access	interface	FileSystemHandle	1	operation	queryPermission	Window,Worker
file-system-access	interface	FileSystemHandle	1	operation	requestPermission	Window,Worker
file-system-access	enum	WellKnownDirectory	0			
file-system-access	typedef	StartInDirectory	0			
file-system-access	dictionary	FilePickerAcceptType	0	field	description	
file-system-access	dictionary	FilePickerAcceptType	0	field	accept	
file-system-access	dictionary	FilePickerOptions	0	field	types	
file-system-access	dictionary	FilePickerOptions	0	field	excludeAcceptAllOption	
file-system-access	dictionary	FilePickerOptions	0	field	id	
file-system-access	dictionary	FilePickerOptions	0	field	startIn	
file-system-access	dictionary	OpenFilePickerOptions	0	field	multiple	
file-system-access	dictionary	SaveFilePickerOptions	0	field	suggestedName	
file-system-access	dictionary	DirectoryPickerOptions	0	field	id	
file-system-access	dictionary	DirectoryPickerOptions	0	field	startIn	
file-system-access	dictionary	DirectoryPickerOptions	0	field	mode	
file-system-access	interface	Window	1	operation	showOpenFilePicker	
file-system-access	interface	Window	1	operation	showSaveFilePicker	
file-system-access	interface	Window	1	operation	showDirectoryPicker	
file-system-access	interface	DataTransferItem	1	operation	getAsFileSystemHandle	
filter-effects	interface	SVGFilterElement	0	attribute	filterUnits	Window
filter-effects	interface	SVGFilterElement	0	attribute	primitiveUnits	Window
filter-effects	interface	SVGFilterElement	0	attribute	x	Window
filter-effects	interface	SVGFilterElement	0	attribute	y	Window
filter-effects	interface	SVGFilterElement	0	attribute	width	Window
filter-effects	interface	SVGFilterElement	0	attribute	height	Window
filter-effects	interface mixin	SVGFilterPrimitiveStandardAttributes	0	attribute	x	
filter-effects	interface mixin	SVGFilterPrimitiveStandardAttributes	0	attribute	y	
filter-effects	interface mixin	SVGFilterPrimitiveStandardAttributes	0	attribute	width	
filter-effects	interface mixin	SVGFilterPrimitiveStandardAttributes	0	attribute	height	
filter-effects	interface mixin	SVGFilterPrimitiveStandardAttributes	0	attribute	result	
filter-effects	interface	SVGFEBlendElement	0	const	SVG_FEBLEND_MODE_UNKNOWN	Window
filter-effects	interface	SVGFEBlendElement	0	const	SVG_FEBLEND_MODE_NORMAL	Window
filter-effects	interface	SVGFEBlendElement	0	const	SVG_FEBLEND_MODE_MULTIPLY	Window
filter-effects	interface	SVGFEBlendElement	0	const	SVG_FEBLEND_MODE_SCREEN	Window
filter-effects	interface	SVGFEBlendElement	0	const	SVG_FEBLEND_MODE_DARKEN	Window
filter-effects	interface	SVGFEBlendElement	0	const	SVG_FEBLEND_MODE_LIGHTEN	Window
filter-effects	interface	SVGFEBlendElement	0	const	SVG_FEBLEND_MODE_OVERLAY	Window
filter-effects	interface	SVGFEBlendElement	0	const	SVG_FEBLEND_MODE_COLOR_DODGE	Window
filter-effects	interface	SVGFEBlendElement	0	const	SVG_FEBLEND_MODE_COLOR_BURN	Window
filter-effects	interface	SVGFEBlendElement	0	const	SVG_FEBLEND_MODE_HARD_LIGHT	Window
filter-effects	interface	SVGFEBlendElement	0	const	SVG_FEBLEND_MODE_SOFT_LIGHT	Window
filter-effects	interface	SVGFEBlendElement	0	const	SVG_FEBLEND_MODE_DIFFERENCE	Window
filter-effects	interface	SVGFEBlendElement	0	const	SVG_FEBLEND_MODE_EXCLUSION	Window
filter-effects	interface	SVGFEBlendElement	0	const	SVG_FEBLEND_MODE_HUE	Window
filter-effects	interface	SVGFEBlendElement	0	const	SVG_FEBLEND_MODE_SATURATION	Window
filter-effects	interface	SVGFEBlendElement	0	const	SVG_FEBLEND_MODE_COLOR	Window
filter-effects	interface	SVGFEBlendElement	0	const	SVG_FEBLEND_MODE_LUMINOSITY	Window
filter-effects	interface	SVGFEBlendElement	0	attribute	in1	Window
filter-effects	interface	SVGFEBlendElement	0	attribute	in2	Window
filter-effects	interface	SVGFEBlendElement	0	attribute	mode	Window
filter-effects	includes	SVGFEBlendElement	0		SVGFilterPrimitiveStandardAttributes	
filter-effects	interface	SVGFEColorMatrixElement	0	const	SVG_FECOLORMATRIX_TYPE_UNKNOWN	Window
filter-effects	interface	SVGFEColorMatrixElement	0	const	SVG_FECOLORMATRIX_TYPE_MATRIX	Window
filter-effects	interface	SVGFEColorMatrixElement	0	const	SVG_FECOLORMATRIX_TYPE_SATURATE	Window
filter-effects	interface	SVGFEColorMatrixElement	0	const	SVG_FECOLORMATRIX_TYPE_HUEROTATE	Window
filter-effects	interface	SVGFEColorMatrixElement	0	const	SVG_FECOLORMATRIX_TYPE_LUMINANCETOALPHA	Window
filter-effects	interface	SVGFEColorMatrixElement	0	attribute	in1	Window
filter-effects	interface	SVGFEColorMatrixElement	0	attribute	type	Window
filter-effects	interface	SVGFEColorMatrixElement	0	attribute	values	Window
filter-effects	includes	SVGFEColorMatrixElement	0		SVGFilterPrimitiveStandardAttributes	
filter-effects	interface	SVGFEComponentTransferElement	0	attribute	in1	Window
filter-effects	includes	SVGFEComponentTransferElement	0		SVGFilterPrimitiveStandardAttributes	
filter-effects	interface	SVGComponentTransferFunctionElement	0	const	SVG_FECOMPONENTTRANSFER_TYPE_UNKNOWN	Window
filter-effects	interface	SVGComponentTransferFunctionElement	0	const	SVG_FECOMPONENTTRANSFER_TYPE_IDENTITY	Window
filter-effects	interface	SVGComponentTransferFunctionElement	0	const	SVG_FECOMPONENTTRANSFER_TYPE_TABLE	Window
filter-effects	interface	SVGComponentTransferFunctionElement	0	const	SVG_FECOMPONENTTRANSFER_TYPE_DISCRETE	Window
filter-effects	interface	SVGComponentTransferFunctionElement	0	const	SVG_FECOMPONENTTRANSFER_TYPE_LINEAR	Window
filter-effects	interface	SVGComponentTransferFunctionElement	0	const	SVG_FECOMPONENTTRANSFER_TYPE_GAMMA	Window
filter-effects	interface	SVGComponentTransferFunctionElement	0	attribute	type	Window
filter-effects	interface	SVGComponentTransferFunctionElement	0	attribute	tableValues	Window
filter-effects	interface	SVGComponentTransferFunctionElement	0	attribute	slope	Window
filter-effects	interface	SVGComponentTransferFunctionElement	0	attribute	intercept	Window
filter-effects	interface	SVGComponentTransferFunctionElement	0	attribute	amplitude	Window
filter-effects	interface	SVGComponentTransferFunctionElement	0	attribute	exponent	Window
filter-effects	interface	SVGComponentTransferFunctionElement	0	attribute	offset	Window
filter-effects	interface	SVGFEFuncRElement	0			Window
filter-effects	interface	SVGFEFuncGElement	0			Window
filter-effects	interface	SVGFEFuncBElement	0			Window
filter-effects	interface	SVGFEFuncAElement	0			Window
filter-effects	interface	SVGFECompositeElement	0	const	SVG_FECOMPOSITE_OPERATOR_UNKNOWN	Window
filter-effects	interface	SVGFECompositeElement	0	const	SVG_FECOMPOSITE_OPERATOR_OVER	Window
filter-effects	interface	SVGFECompositeElement	0	const	SVG_FECOMPOSITE_OPERATOR_IN	Window
filter-effects	interface	SVGFECompositeElement	0	const	SVG_FECOMPOSITE_OPERATOR_OUT	Window
filter-effects	interface	SVGFECompositeElement	0	const	SVG_FECOMPOSITE_OPERATOR_ATOP	Window
filter-effects	interface	SVGFECompositeElement	0	const	SVG_FECOMPOSITE_OPERATOR_XOR	Window
filter-effects	interface	SVGFECompositeElement	0	const	SVG_FECOMPOSITE_OPERATOR_ARITHMETIC	Window
filter-effects	interface	SVGFECompositeElement	0	attribute	in1	Window
filter-effects	interface	SVGFECompositeElement	0	attribute	in2	Window
filter-effects	interface	SVGFECompositeElement	0	attribute	operator	Window
filter-effects	interface	SVGFECompositeElement	0	attribute	k1	Window
filter-effects	interface	SVGFECompositeElement	0	attribute	k2	Window
filter-effects	interface	SVGFECompositeElement	0	attribute	k3	Window
filter-effects	interface	SVGFECompositeElement	0	attribute	k4	Window
filter-effects	includes	SVGFECompositeElement	0		SVGFilterPrimitiveStandardAttributes	
filter-effects	interface	SVGFEConvolveMatrixElement	0	const	SVG_EDGEMODE_UNKNOWN	Window
filter-effects	interface	SVGFEConvolveMatrixElement	0	const	SVG_EDGEMODE_DUPLICATE	Window
filter-effects	interface	SVGFEConvolveMatrixElement	0	const	SVG_EDGEMODE_WRAP	Window
filter-effects	interface	SVGFEConvolveMatrixElement	0	const	SVG_EDGEMODE_NONE	Window
filter-effects	interface	SVGFEConvolveMatrixElement	0	attribute	in1	Window
filter-effects	interface	SVGFEConvolveMatrixElement	0	attribute	orderX	Window
filter-effects	interface	SVGFEConvolveMatrixElement	0	attribute	orderY	Window
filter-effects	interface	SVGFEConvolveMatrixElement	0	attribute	kernelMatrix	Window
filter-effects	interface	SVGFEConvolveMatrixElement	0	attribute	divisor	Window
filter-effects	interface	SVGFEConvolveMatrixElement	0	attribute	bias	Window
filter-effects	interface	SVGFEConvolveMatrixElement	0	attribute	targetX	Window
filter-effects	interface	SVGFEConvolveMatrixElement	0	attribute	targetY	Window
filter-effects	interface	SVGFEConvolveMatrixElement	0	attribute	edgeMode	Window
filter-effects	interface	SVGFEConvolveMatrixElement	0	attribute	kernelUnitLengthX	Window
filter-effects	interface	SVGFEConvolveMatrixElement	0	attribute	kernelUnitLengthY	Window
filter-effects	interface	SVGFEConvolveMatrixElement	0	attribute	preserveAlpha	Window
filter-effects	includes	SVGFEConvolveMatrixElement	0		SVGFilterPrimitiveStandardAttributes	
filter-effects	interface	SVGFEDiffuseLightingElement	0	attribute	in1	Window
filter-effects	interface	SVGFEDiffuseLightingElement	0	attribute	surfaceScale	Window
filter-effects	interface	SVGFEDiffuseLightingElement	0	attribute	diffuseConstant	Window
filter-effects	interface	SVGFEDiffuseLightingElement	0	attribute	kernelUnitLengthX	Window
filter-effects	interface	SVGFEDiffuseLightingElement	0	attribute	kernelUnitLengthY	Window
filter-effects	includes	SVGFEDiffuseLightingElement	0		SVGFilterPrimitiveStandardAttributes	
filter-effects	interface	SVGFEDistantLightElement	0	attribute	azimuth	Window
filter-effects	interface	SVGFEDistantLightElement	0	attribute	elevation	Window
filter-effects	interface	SVGFEPointLightElement	0	attribute	x	Window
filter-effects	interface	SVGFEPointLightElement	0	attribute	y	Window
filter-effects	interface	SVGFEPointLightElement	0	attribute	z	Window
filter-effects	interface	SVGFESpotLightElement	0	attribute	x	Window
filter-effects	interface	SVGFESpotLightElement	0	attribute	y	Window
filter-effects	interface	SVGFESpotLightElement	0	attribute	z	Window
filter-effects	interface	SVGFESpotLightElement	0	attribute	pointsAtX	Window
filter-effects	interface	SVGFESpotLightElement	0	attribute	pointsAtY	Window
filter-effects	interface	SVGFESpotLightElement	0	attribute	pointsAtZ	Window
filter-effects	interface	SVGFESpotLightElement	0	attribute	specularExponent	Window
filter-effects	interface	SVGFESpotLightElement	0	attribute	limitingConeAngle	Window
filter-effects	interface	SVGFEDisplacementMapElement	0	const	SVG_CHANNEL_UNKNOWN	Window
filter-effects	interface	SVGFEDisplacementMapElement	0	const	SVG_CHANNEL_R	Window
filter-effects	interface	SVGFEDisplacementMapElement	0	const	SVG_CHANNEL_G	Window
filter-effects	interface	SVGFEDisplacementMapElement	0	const	SVG_CHANNEL_B	Window
filter-effects	interface	SVGFEDisplacementMapElement	0	const	SVG_CHANNEL_A	Window
filter-effects	interface	SVGFEDisplacementMapElement	0	attribute	in1	Window
filter-effects	interface	SVGFEDisplacementMapElement	0	attribute	in2	Window
filter-effects	interface	SVGFEDisplacementMapElement	0	attribute	scale	Window
filter-effects	interface	SVGFEDisplacementMapElement	0	attribute	xChannelSelector	Window
filter-effects	interface	SVGFEDisplacementMapElement	0	attribute	yChannelSelector	Window
filter-effects	includes	SVGFEDisplacementMapElement	0		SVGFilterPrimitiveStandardAttributes	
filter-effects	interface	SVGFEDropShadowElement	0	attribute	in1	Window
filter-effects	interface	SVGFEDropShadowElement	0	attribute	dx	Window
filter-effects	interface	SVGFEDropShadowElement	0	attribute	dy	Window
filter-effects	interface	SVGFEDropShadowElement	0	attribute	stdDeviationX	Window
filter-effects	interface	SVGFEDropShadowElement	0	attribute	stdDeviationY	Window
filter-effects	interface	SVGFEDropShadowElement	0	operation	setStdDeviation	Window
filter-effects	includes	SVGFEDropShadowElement	0		SVGFilterPrimitiveStandardAttributes	
filter-effects	interface	SVGFEFloodElement	0			Window
filter-effects	includes	SVGFEFloodElement	0		SVGFilterPrimitiveStandardAttributes	
filter-effects	interface	SVGFEGaussianBlurElement	0	const	SVG_EDGEMODE_UNKNOWN	Window
filter-effects	interface	SVGFEGaussianBlurElement	0	const	SVG_EDGEMODE_DUPLICATE	Window
filter-effects	interface	SVGFEGaussianBlurElement	0	const	SVG_EDGEMODE_WRAP	Window
filter-effects	interface	SVGFEGaussianBlurElement	0	const	SVG_EDGEMODE_NONE	Window
filter-effects	interface	SVGFEGaussianBlurElement	0	attribute	in1	Window
filter-effects	interface	SVGFEGaussianBlurElement	0	attribute	stdDeviationX	Window
filter-effects	interface	SVGFEGaussianBlurElement	0	attribute	stdDeviationY	Window
filter-effects	interface	SVGFEGaussianBlurElement	0	attribute	edgeMode	Window
filter-effects	interface	SVGFEGaussianBlurElement	0	operation	setStdDeviation	Window
filter-effects	includes	SVGFEGaussianBlurElement	0		SVGFilterPrimitiveStandardAttributes	
filter-effects	interface	SVGFEImageElement	0	attribute	preserveAspectRatio	Window
filter-effects	interface	SVGFEImageElement	0	attribute	crossOrigin	Window
filter-effects	includes	SVGFEImageElement	0		SVGFilterPrimitiveStandardAttributes	
filter-effects	includes	SVGFEImageElement	0		SVGURIReference	
filter-effects	interface	SVGFEMergeElement	0			Window
filter-effects	includes	SVGFEMergeElement	0		SVGFilterPrimitiveStandardAttributes	
filter-effects	interface	SVGFEMergeNodeElement	0	attribute	in1	Window
filter-effects	interface	SVGFEMorphologyElement	0	const	SVG_MORPHOLOGY_OPERATOR_UNKNOWN	Window
filter-effects	interface	SVGFEMorphologyElement	0	const	SVG_MORPHOLOGY_OPERATOR_ERODE	Window
filter-effects	interface	SVGFEMorphologyElement	0	const	SVG_MORPHOLOGY_OPERATOR_DILATE	Window
filter-effects	interface	SVGFEMorphologyElement	0	attribute	in1	Window
filter-effects	interface	SVGFEMorphologyElement	0	attribute	operator	Window
filter-effects	interface	SVGFEMorphologyElement	0	attribute	radiusX	Window
filter-effects	interface	SVGFEMorphologyElement	0	attribute	radiusY	Window
filter-effects	includes	SVGFEMorphologyElement	0		SVGFilterPrimitiveStandardAttributes	
filter-effects	interface	SVGFEOffsetElement	0	attribute	in1	Window
filter-effects	interface	SVGFEOffsetElement	0	attribute	dx	Window
filter-effects	interface	SVGFEOffsetElement	0	attribute	dy	Window
filter-effects	includes	SVGFEOffsetElement	0		SVGFilterPrimitiveStandardAttributes	
filter-effects	interface	SVGFESpecularLightingElement	0	attribute	in1	Window
filter-effects	interface	SVGFESpecularLightingElement	0	attribute	surfaceScale	Window
filter-effects	interface	SVGFESpecularLightingElement	0	attribute	specularConstant	Window
filter-effects	interface	SVGFESpecularLightingElement	0	attribute	specularExponent	Window
filter-effects	interface	SVGFESpecularLightingElement	0	attribute	kernelUnitLengthX	Window
filter-effects	interface	SVGFESpecularLightingElement	0	attribute	kernelUnitLengthY	Window
filter-effects	includes	SVGFESpecularLightingElement	0		SVGFilterPrimitiveStandardAttributes	
filter-effects	interface	SVGFETileElement	0	attribute	in1	Window
filter-effects	includes	SVGFETileElement	0		SVGFilterPrimitiveStandardAttributes	
filter-effects	interface	SVGFETurbulenceElement	0	const	SVG_TURBULENCE_TYPE_UNKNOWN	Window
filter-effects	interface	SVGFETurbulenceElement	0	const	SVG_TURBULENCE_TYPE_FRACTALNOISE	Window
filter-effects	interface	SVGFETurbulenceElement	0	const	SVG_TURBULENCE_TYPE_TURBULENCE	Window
filter-effects	interface	SVGFETurbulenceElement	0	const	SVG_STITCHTYPE_UNKNOWN	Window
filter-effects	interface	SVGFETurbulenceElement	0	const	SVG_STITCHTYPE_STITCH	Window
filter-effects	interface	SVGFETurbulenceElement	0	const	SVG_STITCHTYPE_NOSTITCH	Window
filter-effects	interface	SVGFETurbulenceElement	0	attribute	baseFrequencyX	Window
filter-effects	interface	SVGFETurbulenceElement	0	attribute	baseFrequencyY	Window
filter-effects	interface	SVGFETurbulenceElement	0	attribute	numOctaves	Window
filter-effects	interface	SVGFETurbulenceElement	0	attribute	seed	Window
filter-effects	interface	SVGFETurbulenceElement	0	attribute	stitchTiles	Window
filter-effects	interface	SVGFETurbulenceElement	0	attribute	type	Window
filter-effects	includes	SVGFETurbulenceElement	0		SVGFilterPrimitiveStandardAttributes	
font-metrics-api	interface	Document	1	operation	measureElement	
font-metrics-api	interface	Document	1	operation	measureText	
font-metrics-api	interface	FontMetrics	0	attribute	width	Window
font-metrics-api	interface	FontMetrics	0	attribute	advances	Window
font-metrics-api	interface	FontMetrics	0	attribute	boundingBoxLeft	Window
font-metrics-api	interface	FontMetrics	0	attribute	boundingBoxRight	Window
font-metrics-api	interface	FontMetrics	0	attribute	height	Window
font-metrics-api	interface	FontMetrics	0	attribute	emHeightAscent	Window
font-metrics-api	interface	FontMetrics	0	attribute	emHeightDescent	Window
font-metrics-api	interface	FontMetrics	0	attribute	boundingBoxAscent	Window
font-metrics-api	interface	FontMetrics	0	attribute	boundingBoxDescent	Window
font-metrics-api	interface	FontMetrics	0	attribute	fontBoundingBoxAscent	Window
font-metrics-api	interface	FontMetrics	0	attribute	fontBoundingBoxDescent	Window
font-metrics-api	interface	FontMetrics	0	attribute	dominantBaseline	Window
font-metrics-api	interface	FontMetrics	0	attribute	baselines	Window
font-metrics-api	interface	FontMetrics	0	attribute	fonts	Window
font-metrics-api	interface	Baseline	0	attribute	name	Window
font-metrics-api	interface	Baseline	0	attribute	value	Window
font-metrics-api	interface	Font	0	attribute	name	Window
font-metrics-api	interface	Font	0	attribute	glyphsRendered	Window
fs	enum	FileSystemHandleKind	0			
fs	interface	FileSystemHandle	0	attribute	kind	Window,Worker
fs	interface	FileSystemHandle	0	attribute	name	Window,Worker
fs	interface	FileSystemHandle	0	operation	isSameEntry	Window,Worker
fs	dictionary	FileSystemCreateWritableOptions	0	field	keepExistingData	
fs	interface	FileSystemFileHandle	0	operation	getFile	Window,Worker
fs	interface	FileSystemFileHandle	0	operation	createWritable	Window,Worker
fs	interface	FileSystemFileHandle	0	operation	createSyncAccessHandle	Window,Worker
fs	dictionary	FileSystemGetFileOptions	0	field	create	
fs	dictionary	FileSystemGetDirectoryOptions	0	field	create	
fs	dictionary	FileSystemRemoveOptions	0	field	recursive	
fs	interface	FileSystemDirectoryHandle	0	async_iterable	@@asyncIterator	Window,Worker
fs	interface	FileSystemDirectoryHandle	0	operation	getFileHandle	Window,Worker
fs	interface	FileSystemDirectoryHandle	0	operation	getDirectoryHandle	Window,Worker
fs	interface	FileSystemDirectoryHandle	0	operation	removeEntry	Window,Worker
fs	interface	FileSystemDirectoryHandle	0	operation	resolve	Window,Worker
fs	enum	WriteCommandType	0			
fs	dictionary	WriteParams	0	field	type	
fs	dictionary	WriteParams	0	field	size	
fs	dictionary	WriteParams	0	field	position	
fs	dictionary	WriteParams	0	field	data	
fs	typedef	FileSystemWriteChunkType	0			
fs	interface	FileSystemWritableFileStream	0	operation	write	Window,Worker
fs	interface	FileSystemWritableFileStream	0	operation	seek	Window,Worker
fs	interface	FileSystemWritableFileStream	0	operation	truncate	Window,Worker
fs	dictionary	FileSystemReadWriteOptions	0	field	at	
fs	interface	FileSystemSyncAccessHandle	0	operation	read	DedicatedWorker
fs	interface	FileSystemSyncAccessHandle	0	operation	write	DedicatedWorker
fs	interface	FileSystemSyncAccessHandle	0	operation	truncate	DedicatedWorker
fs	interface	FileSystemSyncAccessHandle	0	operation	getSize	DedicatedWorker
fs	interface	FileSystemSyncAccessHandle	0	operation	flush	DedicatedWorker
fs	interface	FileSystemSyncAccessHandle	0	operation	close	DedicatedWorker
fs	interface	StorageManager	1	operation	getDirectory	
fullscreen	enum	FullscreenNavigationUI	0			
fullscreen	enum	FullscreenKeyboardLock	0			
fullscreen	dictionary	FullscreenOptions	0	field	keyboardLock	
fullscreen	dictionary	FullscreenOptions	0	field	navigationUI	
fullscreen	interface	Element	1	operation	requestFullscreen	
fullscreen	interface	Element	1	attribute	onfullscreenchange	
fullscreen	interface	Element	1	attribute	onfullscreenerror	
fullscreen	interface	Document	1	attribute	fullscreenEnabled	
fullscreen	interface	Document	1	attribute	fullscreen	
fullscreen	interface	Document	1	operation	exitFullscreen	
fullscreen	interface	Document	1	attribute	onfullscreenchange	
fullscreen	interface	Document	1	attribute	onfullscreenerror	
fullscreen	interface mixin	DocumentOrShadowRoot	1	attribute	fullscreenElement	
gamepad-extensions	enum	GamepadHand	0			
gamepad-extensions	interface	GamepadPose	0	attribute	hasOrientation	Window
gamepad-extensions	interface	GamepadPose	0	attribute	hasPosition	Window
gamepad-extensions	interface	GamepadPose	0	attribute	position	Window
gamepad-extensions	interface	GamepadPose	0	attribute	linearVelocity	Window
gamepad-extensions	interface	GamepadPose	0	attribute	linearAcceleration	Window
gamepad-extensions	interface	GamepadPose	0	attribute	orientation	Window
gamepad-extensions	interface	GamepadPose	0	attribute	angularVelocity	Window
gamepad-extensions	interface	GamepadPose	0	attribute	angularAcceleration	Window
gamepad-extensions	interface	Gamepad	1	attribute	hand	
gamepad-extensions	interface	Gamepad	1	attribute	hapticActuators	
gamepad-extensions	interface	Gamepad	1	attribute	pose	
gamepad-extensions	interface	GamepadHapticActuator	1	operation	pulse	Window
gamepad	interface	Gamepad	0	attribute	id	Window
gamepad	interface	Gamepad	0	attribute	index	Window
gamepad	interface	Gamepad	0	attribute	connected	Window
gamepad	interface	Gamepad	0	attribute	timestamp	Window
gamepad	interface	Gamepad	0	attribute	mapping	Window
gamepad	interface	Gamepad	0	attribute	axes	Window
gamepad	interface	Gamepad	0	attribute	buttons	Window
gamepad	interface	Gamepad	0	attribute	touches	Window
gamepad	interface	Gamepad	0	attribute	vibrationActuator	Window
gamepad	interface	GamepadButton	0	attribute	pressed	Window
gamepad	interface	GamepadButton	0	attribute	touched	Window
gamepad	interface	GamepadButton	0	attribute	value	Window
gamepad	dictionary	GamepadTouch	0	field	touchId	
gamepad	dictionary	GamepadTouch	0	field	surfaceId	
gamepad	dictionary	GamepadTouch	0	field	position	
gamepad	dictionary	GamepadTouch	0	field	surfaceDimensions	
gamepad	enum	GamepadMappingType	0			
gamepad	interface	GamepadHapticActuator	0	attribute	effects	Window
gamepad	interface	GamepadHapticActuator	0	operation	playEffect	Window
gamepad	interface	GamepadHapticActuator	0	operation	reset	Window
gamepad	enum	GamepadHapticsResult	0			
gamepad	enum	GamepadHapticEffectType	0			
gamepad	dictionary	GamepadEffectParameters	0	field	duration	
gamepad	dictionary	GamepadEffectParameters	0	field	startDelay	
gamepad	dictionary	GamepadEffectParameters	0	field	strongMagnitude	
gamepad	dictionary	GamepadEffectParameters	0	field	weakMagnitude	
gamepad	dictionary	GamepadEffectParameters	0	field	leftTrigger	
gamepad	dictionary	GamepadEffectParameters	0	field	rightTrigger	
gamepad	interface	Navigator	1	operation	getGamepads	Window
gamepad	interface	GamepadEvent	0	constructor	constructor	Window
gamepad	interface	GamepadEvent	0	attribute	gamepad	Window
gamepad	dictionary	GamepadEventInit	0	field	gamepad	
gamepad	interface mixin	WindowEventHandlers	1	attribute	ongamepadconnected	
gamepad	interface mixin	WindowEventHandlers	1	attribute	ongamepaddisconnected	
generic-sensor	interface	Sensor	0	attribute	activated	DedicatedWorker,Window
generic-sensor	interface	Sensor	0	attribute	hasReading	DedicatedWorker,Window
generic-sensor	interface	Sensor	0	attribute	timestamp	DedicatedWorker,Window
generic-sensor	interface	Sensor	0	operation	start	DedicatedWorker,Window
generic-sensor	interface	Sensor	0	operation	stop	DedicatedWorker,Window
generic-sensor	interface	Sensor	0	attribute	onreading	DedicatedWorker,Window
generic-sensor	interface	Sensor	0	attribute	onactivate	DedicatedWorker,Window
generic-sensor	interface	Sensor	0	attribute	onerror	DedicatedWorker,Window
generic-sensor	dictionary	SensorOptions	0	field	frequency	
generic-sensor	interface	SensorErrorEvent	0	constructor	constructor	DedicatedWorker,Window
generic-sensor	interface	SensorErrorEvent	0	attribute	error	DedicatedWorker,Window
generic-sensor	dictionary	SensorErrorEventInit	0	field	error	
geolocation-element	interface	HTMLGeolocationElement	0	constructor	constructor	Window
geolocation-element	interface	HTMLGeolocationElement	0	attribute	position	Window
geolocation-element	interface	HTMLGeolocationElement	0	attribute	error	Window
geolocation-element	interface	HTMLGeolocationElement	0	attribute	autolocate	Window
geolocation-element	interface	HTMLGeolocationElement	0	attribute	watch	Window
geolocation-element	interface	HTMLGeolocationElement	0	attribute	onlocation	Window
geolocation-element	includes	HTMLGeolocationElement	0		ActivationBlockersMixin	
geolocation-element	includes	HTMLGeolocationElement	0		PowerfulFeatureObserver	
geolocation-element	interface mixin	ActivationBlockersMixin	0	attribute	isValid	
geolocation-element	interface mixin	ActivationBlockersMixin	0	attribute	invalidReason	
geolocation-element	interface mixin	ActivationBlockersMixin	0	attribute	onvalidationstatuschange	
geolocation-element	enum	ActivationBlockersMixinBlockerReason	0			
geolocation-element	interface mixin	PowerfulFeatureObserver	0	attribute	initialPermissionStatus	
geolocation-element	interface mixin	PowerfulFeatureObserver	0	attribute	permissionStatus	
geolocation-element	interface mixin	PowerfulFeatureObserver	0	attribute	onpromptaction	
geolocation-element	interface mixin	PowerfulFeatureObserver	0	attribute	onpromptdismiss	
geolocation	interface	Navigator	1	attribute	geolocation	
geolocation	interface	Geolocation	0	operation	getCurrentPosition	Window
geolocation	interface	Geolocation	0	operation	watchPosition	Window
geolocation	interface	Geolocation	0	operation	clearWatch	Window
geolocation	callback	PositionCallback	0			
geolocation	callback	PositionErrorCallback	0			
geolocation	dictionary	PositionOptions	0	field	enableHighAccuracy	
geolocation	dictionary	PositionOptions	0	field	timeout	
geolocation	dictionary	PositionOptions	0	field	maximumAge	
geolocation	interface	GeolocationPosition	0	attribute	coords	Window
geolocation	interface	GeolocationPosition	0	attribute	timestamp	Window
geolocation	interface	GeolocationPosition	0	operation	toJSON	Window
geolocation	interface	GeolocationCoordinates	0	attribute	accuracy	Window
geolocation	interface	GeolocationCoordinates	0	attribute	latitude	Window
geolocation	interface	GeolocationCoordinates	0	attribute	longitude	Window
geolocation	interface	GeolocationCoordinates	0	attribute	altitude	Window
geolocation	interface	GeolocationCoordinates	0	attribute	altitudeAccuracy	Window
geolocation	interface	GeolocationCoordinates	0	attribute	heading	Window
geolocation	interface	GeolocationCoordinates	0	attribute	speed	Window
geolocation	interface	GeolocationCoordinates	0	operation	toJSON	Window
geolocation	interface	GeolocationPositionError	0	const	PERMISSION_DENIED	Window
geolocation	interface	GeolocationPositionError	0	const	POSITION_UNAVAILABLE	Window
geolocation	interface	GeolocationPositionError	0	const	TIMEOUT	Window
geolocation	interface	GeolocationPositionError	0	attribute	code	Window
geolocation	interface	GeolocationPositionError	0	attribute	message	Window
geometry	interface	DOMPointReadOnly	0	constructor	constructor	Window,Worker
geometry	interface	DOMPointReadOnly	0	operation	fromPoint	Window,Worker
geometry	interface	DOMPointReadOnly	0	attribute	x	Window,Worker
geometry	interface	DOMPointReadOnly	0	attribute	y	Window,Worker
geometry	interface	DOMPointReadOnly	0	attribute	z	Window,Worker
geometry	interface	DOMPointReadOnly	0	attribute	w	Window,Worker
geometry	interface	DOMPointReadOnly	0	operation	matrixTransform	Window,Worker
geometry	interface	DOMPointReadOnly	0	operation	toJSON	Window,Worker
geometry	interface	DOMPoint	0	constructor	constructor	Window,Worker
geometry	interface	DOMPoint	0	operation	fromPoint	Window,Worker
geometry	interface	DOMPoint	0	attribute	x	Window,Worker
geometry	interface	DOMPoint	0	attribute	y	Window,Worker
geometry	interface	DOMPoint	0	attribute	z	Window,Worker
geometry	interface	DOMPoint	0	attribute	w	Window,Worker
geometry	dictionary	DOMPointInit	0	field	x	
geometry	dictionary	DOMPointInit	0	field	y	
geometry	dictionary	DOMPointInit	0	field	z	
geometry	dictionary	DOMPointInit	0	field	w	
geometry	interface	DOMRectReadOnly	0	constructor	constructor	Window,Worker
geometry	interface	DOMRectReadOnly	0	operation	fromRect	Window,Worker
geometry	interface	DOMRectReadOnly	0	attribute	x	Window,Worker
geometry	interface	DOMRectReadOnly	0	attribute	y	Window,Worker
geometry	interface	DOMRectReadOnly	0	attribute	width	Window,Worker
geometry	interface	DOMRectReadOnly	0	attribute	height	Window,Worker
geometry	interface	DOMRectReadOnly	0	attribute	top	Window,Worker
geometry	interface	DOMRectReadOnly	0	attribute	right	Window,Worker
geometry	interface	DOMRectReadOnly	0	attribute	bottom	Window,Worker
geometry	interface	DOMRectReadOnly	0	attribute	left	Window,Worker
geometry	interface	DOMRectReadOnly	0	operation	toJSON	Window,Worker
geometry	interface	DOMRect	0	constructor	constructor	Window,Worker
geometry	interface	DOMRect	0	operation	fromRect	Window,Worker
geometry	interface	DOMRect	0	attribute	x	Window,Worker
geometry	interface	DOMRect	0	attribute	y	Window,Worker
geometry	interface	DOMRect	0	attribute	width	Window,Worker
geometry	interface	DOMRect	0	attribute	height	Window,Worker
geometry	dictionary	DOMRectInit	0	field	x	
geometry	dictionary	DOMRectInit	0	field	y	
geometry	dictionary	DOMRectInit	0	field	width	
geometry	dictionary	DOMRectInit	0	field	height	
geometry	interface	DOMRectList	0	attribute	length	Window
geometry	interface	DOMRectList	0	operation	item	Window
geometry	interface	DOMQuad	0	constructor	constructor	Window,Worker
geometry	interface	DOMQuad	0	operation	fromRect	Window,Worker
geometry	interface	DOMQuad	0	operation	fromQuad	Window,Worker
geometry	interface	DOMQuad	0	attribute	p1	Window,Worker
geometry	interface	DOMQuad	0	attribute	p2	Window,Worker
geometry	interface	DOMQuad	0	attribute	p3	Window,Worker
geometry	interface	DOMQuad	0	attribute	p4	Window,Worker
geometry	interface	DOMQuad	0	operation	getBounds	Window,Worker
geometry	interface	DOMQuad	0	operation	toJSON	Window,Worker
geometry	dictionary	DOMQuadInit	0	field	p1	
geometry	dictionary	DOMQuadInit	0	field	p2	
geometry	dictionary	DOMQuadInit	0	field	p3	
geometry	dictionary	DOMQuadInit	0	field	p4	
geometry	interface	DOMMatrixReadOnly	0	constructor	constructor	Window,Worker
geometry	interface	DOMMatrixReadOnly	0	operation	fromMatrix	Window,Worker
geometry	interface	DOMMatrixReadOnly	0	operation	fromFloat32Array	Window,Worker
geometry	interface	DOMMatrixReadOnly	0	operation	fromFloat64Array	Window,Worker
geometry	interface	DOMMatrixReadOnly	0	attribute	a	Window,Worker
geometry	interface	DOMMatrixReadOnly	0	attribute	b	Window,Worker
geometry	interface	DOMMatrixReadOnly	0	attribute	c	Window,Worker
geometry	interface	DOMMatrixReadOnly	0	attribute	d	Window,Worker
geometry	interface	DOMMatrixReadOnly	0	attribute	e	Window,Worker
geometry	interface	DOMMatrixReadOnly	0	attribute	f	Window,Worker
geometry	interface	DOMMatrixReadOnly	0	attribute	m11	Window,Worker
geometry	interface	DOMMatrixReadOnly	0	attribute	m12	Window,Worker
geometry	interface	DOMMatrixReadOnly	0	attribute	m13	Window,Worker
geometry	interface	DOMMatrixReadOnly	0	attribute	m14	Window,Worker
geometry	interface	DOMMatrixReadOnly	0	attribute	m21	Window,Worker
geometry	interface	DOMMatrixReadOnly	0	attribute	m22	Window,Worker
geometry	interface	DOMMatrixReadOnly	0	attribute	m23	Window,Worker
geometry	interface	DOMMatrixReadOnly	0	attribute	m24	Window,Worker
geometry	interface	DOMMatrixReadOnly	0	attribute	m31	Window,Worker
geometry	interface	DOMMatrixReadOnly	0	attribute	m32	Window,Worker
geometry	interface	DOMMatrixReadOnly	0	attribute	m33	Window,Worker
geometry	interface	DOMMatrixReadOnly	0	attribute	m34	Window,Worker
geometry	interface	DOMMatrixReadOnly	0	attribute	m41	Window,Worker
geometry	interface	DOMMatrixReadOnly	0	attribute	m42	Window,Worker
geometry	interface	DOMMatrixReadOnly	0	attribute	m43	Window,Worker
geometry	interface	DOMMatrixReadOnly	0	attribute	m44	Window,Worker
geometry	interface	DOMMatrixReadOnly	0	attribute	is2D	Window,Worker
geometry	interface	DOMMatrixReadOnly	0	attribute	isIdentity	Window,Worker
geometry	interface	DOMMatrixReadOnly	0	operation	translate	Window,Worker
geometry	interface	DOMMatrixReadOnly	0	operation	scale	Window,Worker
geometry	interface	DOMMatrixReadOnly	0	operation	scaleNonUniform	Window,Worker
geometry	interface	DOMMatrixReadOnly	0	operation	scale3d	Window,Worker
geometry	interface	DOMMatrixReadOnly	0	operation	rotate	Window,Worker
geometry	interface	DOMMatrixReadOnly	0	operation	rotateFromVector	Window,Worker
geometry	interface	DOMMatrixReadOnly	0	operation	rotateAxisAngle	Window,Worker
geometry	interface	DOMMatrixReadOnly	0	operation	skewX	Window,Worker
geometry	interface	DOMMatrixReadOnly	0	operation	skewY	Window,Worker
geometry	interface	DOMMatrixReadOnly	0	operation	multiply	Window,Worker
geometry	interface	DOMMatrixReadOnly	0	operation	flipX	Window,Worker
geometry	interface	DOMMatrixReadOnly	0	operation	flipY	Window,Worker
geometry	interface	DOMMatrixReadOnly	0	operation	inverse	Window,Worker
geometry	interface	DOMMatrixReadOnly	0	operation	transformPoint	Window,Worker
geometry	interface	DOMMatrixReadOnly	0	operation	toFloat32Array	Window,Worker
geometry	interface	DOMMatrixReadOnly	0	operation	toFloat64Array	Window,Worker
geometry	interface	DOMMatrixReadOnly	0	operation	@匿名	Window,Worker
geometry	interface	DOMMatrixReadOnly	0	operation	toJSON	Window,Worker
geometry	interface	DOMMatrix	0	constructor	constructor	Window,Worker
geometry	interface	DOMMatrix	0	operation	fromMatrix	Window,Worker
geometry	interface	DOMMatrix	0	operation	fromFloat32Array	Window,Worker
geometry	interface	DOMMatrix	0	operation	fromFloat64Array	Window,Worker
geometry	interface	DOMMatrix	0	attribute	a	Window,Worker
geometry	interface	DOMMatrix	0	attribute	b	Window,Worker
geometry	interface	DOMMatrix	0	attribute	c	Window,Worker
geometry	interface	DOMMatrix	0	attribute	d	Window,Worker
geometry	interface	DOMMatrix	0	attribute	e	Window,Worker
geometry	interface	DOMMatrix	0	attribute	f	Window,Worker
geometry	interface	DOMMatrix	0	attribute	m11	Window,Worker
geometry	interface	DOMMatrix	0	attribute	m12	Window,Worker
geometry	interface	DOMMatrix	0	attribute	m13	Window,Worker
geometry	interface	DOMMatrix	0	attribute	m14	Window,Worker
geometry	interface	DOMMatrix	0	attribute	m21	Window,Worker
geometry	interface	DOMMatrix	0	attribute	m22	Window,Worker
geometry	interface	DOMMatrix	0	attribute	m23	Window,Worker
geometry	interface	DOMMatrix	0	attribute	m24	Window,Worker
geometry	interface	DOMMatrix	0	attribute	m31	Window,Worker
geometry	interface	DOMMatrix	0	attribute	m32	Window,Worker
geometry	interface	DOMMatrix	0	attribute	m33	Window,Worker
geometry	interface	DOMMatrix	0	attribute	m34	Window,Worker
geometry	interface	DOMMatrix	0	attribute	m41	Window,Worker
geometry	interface	DOMMatrix	0	attribute	m42	Window,Worker
geometry	interface	DOMMatrix	0	attribute	m43	Window,Worker
geometry	interface	DOMMatrix	0	attribute	m44	Window,Worker
geometry	interface	DOMMatrix	0	operation	multiplySelf	Window,Worker
geometry	interface	DOMMatrix	0	operation	preMultiplySelf	Window,Worker
geometry	interface	DOMMatrix	0	operation	translateSelf	Window,Worker
geometry	interface	DOMMatrix	0	operation	scaleSelf	Window,Worker
geometry	interface	DOMMatrix	0	operation	scale3dSelf	Window,Worker
geometry	interface	DOMMatrix	0	operation	rotateSelf	Window,Worker
geometry	interface	DOMMatrix	0	operation	rotateFromVectorSelf	Window,Worker
geometry	interface	DOMMatrix	0	operation	rotateAxisAngleSelf	Window,Worker
geometry	interface	DOMMatrix	0	operation	skewXSelf	Window,Worker
geometry	interface	DOMMatrix	0	operation	skewYSelf	Window,Worker
geometry	interface	DOMMatrix	0	operation	invertSelf	Window,Worker
geometry	interface	DOMMatrix	0	operation	setMatrixValue	Window,Worker
geometry	dictionary	DOMMatrix2DInit	0	field	a	
geometry	dictionary	DOMMatrix2DInit	0	field	b	
geometry	dictionary	DOMMatrix2DInit	0	field	c	
geometry	dictionary	DOMMatrix2DInit	0	field	d	
geometry	dictionary	DOMMatrix2DInit	0	field	e	
geometry	dictionary	DOMMatrix2DInit	0	field	f	
geometry	dictionary	DOMMatrix2DInit	0	field	m11	
geometry	dictionary	DOMMatrix2DInit	0	field	m12	
geometry	dictionary	DOMMatrix2DInit	0	field	m21	
geometry	dictionary	DOMMatrix2DInit	0	field	m22	
geometry	dictionary	DOMMatrix2DInit	0	field	m41	
geometry	dictionary	DOMMatrix2DInit	0	field	m42	
geometry	dictionary	DOMMatrixInit	0	field	m13	
geometry	dictionary	DOMMatrixInit	0	field	m14	
geometry	dictionary	DOMMatrixInit	0	field	m23	
geometry	dictionary	DOMMatrixInit	0	field	m24	
geometry	dictionary	DOMMatrixInit	0	field	m31	
geometry	dictionary	DOMMatrixInit	0	field	m32	
geometry	dictionary	DOMMatrixInit	0	field	m33	
geometry	dictionary	DOMMatrixInit	0	field	m34	
geometry	dictionary	DOMMatrixInit	0	field	m43	
geometry	dictionary	DOMMatrixInit	0	field	m44	
geometry	dictionary	DOMMatrixInit	0	field	is2D	
get-installed-related-apps	dictionary	RelatedApplication	0	field	platform	
get-installed-related-apps	dictionary	RelatedApplication	0	field	url	
get-installed-related-apps	dictionary	RelatedApplication	0	field	id	
get-installed-related-apps	dictionary	RelatedApplication	0	field	version	
get-installed-related-apps	interface	Navigator	1	operation	getInstalledRelatedApps	Window
gpc	interface mixin	GlobalPrivacyControl	0	attribute	globalPrivacyControl	
gpc	includes	Navigator	0		GlobalPrivacyControl	
gpc	includes	WorkerNavigator	0		GlobalPrivacyControl	
gyroscope	interface	Gyroscope	0	constructor	constructor	Window
gyroscope	interface	Gyroscope	0	attribute	x	Window
gyroscope	interface	Gyroscope	0	attribute	y	Window
gyroscope	interface	Gyroscope	0	attribute	z	Window
gyroscope	enum	GyroscopeLocalCoordinateSystem	0			
gyroscope	dictionary	GyroscopeSensorOptions	0	field	referenceFrame	
handwriting-recognition	interface	Navigator	1	operation	queryHandwritingRecognizer	
handwriting-recognition	dictionary	HandwritingModelConstraint	0	field	languages	
handwriting-recognition	dictionary	HandwritingRecognizerQueryResult	0	field	textAlternatives	
handwriting-recognition	dictionary	HandwritingRecognizerQueryResult	0	field	textSegmentation	
handwriting-recognition	dictionary	HandwritingRecognizerQueryResult	0	field	hints	
handwriting-recognition	dictionary	HandwritingHintsQueryResult	0	field	recognitionType	
handwriting-recognition	dictionary	HandwritingHintsQueryResult	0	field	inputType	
handwriting-recognition	dictionary	HandwritingHintsQueryResult	0	field	textContext	
handwriting-recognition	dictionary	HandwritingHintsQueryResult	0	field	alternatives	
handwriting-recognition	enum	HandwritingRecognitionType	0			
handwriting-recognition	enum	HandwritingInputType	0			
handwriting-recognition	interface	Navigator	1	operation	createHandwritingRecognizer	
handwriting-recognition	interface	HandwritingRecognizer	0	operation	startDrawing	Window
handwriting-recognition	interface	HandwritingRecognizer	0	operation	finish	Window
handwriting-recognition	dictionary	HandwritingHints	0	field	recognitionType	
handwriting-recognition	dictionary	HandwritingHints	0	field	inputType	
handwriting-recognition	dictionary	HandwritingHints	0	field	textContext	
handwriting-recognition	dictionary	HandwritingHints	0	field	alternatives	
handwriting-recognition	interface	HandwritingDrawing	0	operation	addStroke	Window
handwriting-recognition	interface	HandwritingDrawing	0	operation	removeStroke	Window
handwriting-recognition	interface	HandwritingDrawing	0	operation	clear	Window
handwriting-recognition	interface	HandwritingDrawing	0	operation	getStrokes	Window
handwriting-recognition	interface	HandwritingDrawing	0	operation	getPrediction	Window
handwriting-recognition	interface	HandwritingStroke	0	constructor	constructor	Window
handwriting-recognition	interface	HandwritingStroke	0	operation	addPoint	Window
handwriting-recognition	interface	HandwritingStroke	0	operation	getPoints	Window
handwriting-recognition	interface	HandwritingStroke	0	operation	clear	Window
handwriting-recognition	dictionary	HandwritingPoint	0	field	x	
handwriting-recognition	dictionary	HandwritingPoint	0	field	y	
handwriting-recognition	dictionary	HandwritingPoint	0	field	t	
handwriting-recognition	dictionary	HandwritingPrediction	0	field	text	
handwriting-recognition	dictionary	HandwritingPrediction	0	field	segmentationResult	
handwriting-recognition	dictionary	HandwritingSegment	0	field	grapheme	
handwriting-recognition	dictionary	HandwritingSegment	0	field	beginIndex	
handwriting-recognition	dictionary	HandwritingSegment	0	field	endIndex	
handwriting-recognition	dictionary	HandwritingSegment	0	field	drawingSegments	
handwriting-recognition	dictionary	HandwritingDrawingSegment	0	field	strokeIndex	
handwriting-recognition	dictionary	HandwritingDrawingSegment	0	field	beginPointIndex	
handwriting-recognition	dictionary	HandwritingDrawingSegment	0	field	endPointIndex	
hr-time	typedef	DOMHighResTimeStamp	0			
hr-time	typedef	EpochTimeStamp	0			
hr-time	interface	Performance	0	operation	now	Window,Worker
hr-time	interface	Performance	0	attribute	timeOrigin	Window,Worker
hr-time	interface	Performance	0	operation	toJSON	Window,Worker
hr-time	interface mixin	WindowOrWorkerGlobalScope	1	attribute	performance	
html-media-capture	interface	HTMLInputElement	1	attribute	capture	
html	interface	HTMLAllCollection	0	attribute	length	Window
html	interface	HTMLAllCollection	0	operation	@匿名	Window
html	interface	HTMLAllCollection	0	operation	namedItem	Window
html	interface	HTMLAllCollection	0	operation	item	Window
html	interface	HTMLFormControlsCollection	0	operation	namedItem	Window
html	interface	RadioNodeList	0	attribute	value	Window
html	interface	HTMLOptionsCollection	0	attribute	length	Window
html	interface	HTMLOptionsCollection	0	operation	@匿名	Window
html	interface	HTMLOptionsCollection	0	operation	add	Window
html	interface	HTMLOptionsCollection	0	operation	remove	Window
html	interface	HTMLOptionsCollection	0	attribute	selectedIndex	Window
html	interface	DOMStringList	0	attribute	length	Window,Worker
html	interface	DOMStringList	0	operation	item	Window,Worker
html	interface	DOMStringList	0	operation	contains	Window,Worker
html	enum	DocumentReadyState	0			
html	enum	DocumentVisibilityState	0			
html	typedef	HTMLOrSVGScriptElement	0			
html	interface	Document	1	operation	parseHTMLUnsafe	
html	interface	Document	1	operation	parseHTML	
html	interface	Document	1	attribute	location	
html	interface	Document	1	attribute	domain	
html	interface	Document	1	attribute	referrer	
html	interface	Document	1	attribute	cookie	
html	interface	Document	1	attribute	lastModified	
html	interface	Document	1	attribute	readyState	
html	interface	Document	1	operation	@匿名	
html	interface	Document	1	attribute	title	
html	interface	Document	1	attribute	dir	
html	interface	Document	1	attribute	body	
html	interface	Document	1	attribute	head	
html	interface	Document	1	attribute	images	
html	interface	Document	1	attribute	embeds	
html	interface	Document	1	attribute	plugins	
html	interface	Document	1	attribute	links	
html	interface	Document	1	attribute	forms	
html	interface	Document	1	attribute	scripts	
html	interface	Document	1	operation	getElementsByName	
html	interface	Document	1	attribute	currentScript	
html	interface	Document	1	operation	open	
html	interface	Document	1	operation	open	
html	interface	Document	1	operation	close	
html	interface	Document	1	operation	write	
html	interface	Document	1	operation	writeln	
html	interface	Document	1	attribute	defaultView	
html	interface	Document	1	operation	hasFocus	
html	interface	Document	1	attribute	designMode	
html	interface	Document	1	operation	execCommand	
html	interface	Document	1	operation	queryCommandEnabled	
html	interface	Document	1	operation	queryCommandIndeterm	
html	interface	Document	1	operation	queryCommandState	
html	interface	Document	1	operation	queryCommandSupported	
html	interface	Document	1	operation	queryCommandValue	
html	interface	Document	1	attribute	hidden	
html	interface	Document	1	attribute	visibilityState	
html	interface	Document	1	attribute	onreadystatechange	
html	interface	Document	1	attribute	onvisibilitychange	
html	includes	Document	0		GlobalEventHandlers	
html	interface mixin	DocumentOrShadowRoot	1	attribute	activeElement	
html	interface	HTMLElement	0	constructor	constructor	Window
html	interface	HTMLElement	0	attribute	title	Window
html	interface	HTMLElement	0	attribute	lang	Window
html	interface	HTMLElement	0	attribute	translate	Window
html	interface	HTMLElement	0	attribute	dir	Window
html	interface	HTMLElement	0	attribute	hidden	Window
html	interface	HTMLElement	0	attribute	inert	Window
html	interface	HTMLElement	0	operation	click	Window
html	interface	HTMLElement	0	attribute	accessKey	Window
html	interface	HTMLElement	0	attribute	accessKeyLabel	Window
html	interface	HTMLElement	0	attribute	draggable	Window
html	interface	HTMLElement	0	attribute	spellcheck	Window
html	interface	HTMLElement	0	attribute	writingSuggestions	Window
html	interface	HTMLElement	0	attribute	autocapitalize	Window
html	interface	HTMLElement	0	attribute	autocorrect	Window
html	interface	HTMLElement	0	attribute	innerText	Window
html	interface	HTMLElement	0	attribute	outerText	Window
html	interface	HTMLElement	0	operation	attachInternals	Window
html	interface	HTMLElement	0	operation	showPopover	Window
html	interface	HTMLElement	0	operation	hidePopover	Window
html	interface	HTMLElement	0	operation	togglePopover	Window
html	interface	HTMLElement	0	attribute	popover	Window
html	interface	HTMLElement	0	attribute	headingOffset	Window
html	interface	HTMLElement	0	attribute	headingReset	Window
html	dictionary	ShowPopoverOptions	0	field	source	
html	dictionary	TogglePopoverOptions	0	field	force	
html	includes	HTMLElement	0		GlobalEventHandlers	
html	includes	HTMLElement	0		ElementContentEditable	
html	includes	HTMLElement	0		HTMLOrSVGOrMathMLElement	
html	interface	HTMLUnknownElement	0			Window
html	interface mixin	HTMLOrSVGOrMathMLElement	0	attribute	dataset	
html	interface mixin	HTMLOrSVGOrMathMLElement	0	attribute	nonce	
html	interface mixin	HTMLOrSVGOrMathMLElement	0	attribute	autofocus	
html	interface mixin	HTMLOrSVGOrMathMLElement	0	attribute	tabIndex	
html	interface mixin	HTMLOrSVGOrMathMLElement	0	operation	focus	
html	interface mixin	HTMLOrSVGOrMathMLElement	0	operation	blur	
html	interface	DOMStringMap	0	operation	@匿名	Window
html	interface	DOMStringMap	0	operation	@匿名	Window
html	interface	DOMStringMap	0	operation	@匿名	Window
html	interface	HTMLHtmlElement	0	constructor	constructor	Window
html	interface	HTMLHeadElement	0	constructor	constructor	Window
html	interface	HTMLTitleElement	0	constructor	constructor	Window
html	interface	HTMLTitleElement	0	attribute	text	Window
html	interface	HTMLBaseElement	0	constructor	constructor	Window
html	interface	HTMLBaseElement	0	attribute	href	Window
html	interface	HTMLBaseElement	0	attribute	target	Window
html	interface	HTMLLinkElement	0	constructor	constructor	Window
html	interface	HTMLLinkElement	0	attribute	href	Window
html	interface	HTMLLinkElement	0	attribute	crossOrigin	Window
html	interface	HTMLLinkElement	0	attribute	rel	Window
html	interface	HTMLLinkElement	0	attribute	as	Window
html	interface	HTMLLinkElement	0	attribute	relList	Window
html	interface	HTMLLinkElement	0	attribute	media	Window
html	interface	HTMLLinkElement	0	attribute	integrity	Window
html	interface	HTMLLinkElement	0	attribute	hreflang	Window
html	interface	HTMLLinkElement	0	attribute	type	Window
html	interface	HTMLLinkElement	0	attribute	sizes	Window
html	interface	HTMLLinkElement	0	attribute	imageSrcset	Window
html	interface	HTMLLinkElement	0	attribute	imageSizes	Window
html	interface	HTMLLinkElement	0	attribute	referrerPolicy	Window
html	interface	HTMLLinkElement	0	attribute	blocking	Window
html	interface	HTMLLinkElement	0	attribute	disabled	Window
html	interface	HTMLLinkElement	0	attribute	fetchPriority	Window
html	includes	HTMLLinkElement	0		LinkStyle	
html	interface	HTMLMetaElement	0	constructor	constructor	Window
html	interface	HTMLMetaElement	0	attribute	name	Window
html	interface	HTMLMetaElement	0	attribute	httpEquiv	Window
html	interface	HTMLMetaElement	0	attribute	content	Window
html	interface	HTMLMetaElement	0	attribute	media	Window
html	interface	HTMLStyleElement	0	constructor	constructor	Window
html	interface	HTMLStyleElement	0	attribute	disabled	Window
html	interface	HTMLStyleElement	0	attribute	media	Window
html	interface	HTMLStyleElement	0	attribute	blocking	Window
html	includes	HTMLStyleElement	0		LinkStyle	
html	interface	HTMLBodyElement	0	constructor	constructor	Window
html	includes	HTMLBodyElement	0		WindowEventHandlers	
html	interface	HTMLHeadingElement	0	constructor	constructor	Window
html	interface	HTMLParagraphElement	0	constructor	constructor	Window
html	interface	HTMLHRElement	0	constructor	constructor	Window
html	interface	HTMLPreElement	0	constructor	constructor	Window
html	interface	HTMLQuoteElement	0	constructor	constructor	Window
html	interface	HTMLQuoteElement	0	attribute	cite	Window
html	interface	HTMLOListElement	0	constructor	constructor	Window
html	interface	HTMLOListElement	0	attribute	reversed	Window
html	interface	HTMLOListElement	0	attribute	start	Window
html	interface	HTMLOListElement	0	attribute	type	Window
html	interface	HTMLUListElement	0	constructor	constructor	Window
html	interface	HTMLMenuElement	0	constructor	constructor	Window
html	interface	HTMLLIElement	0	constructor	constructor	Window
html	interface	HTMLLIElement	0	attribute	value	Window
html	interface	HTMLDListElement	0	constructor	constructor	Window
html	interface	HTMLDivElement	0	constructor	constructor	Window
html	interface	HTMLAnchorElement	0	constructor	constructor	Window
html	interface	HTMLAnchorElement	0	attribute	download	Window
html	interface	HTMLAnchorElement	0	attribute	ping	Window
html	interface	HTMLAnchorElement	0	attribute	rel	Window
html	interface	HTMLAnchorElement	0	attribute	relList	Window
html	interface	HTMLAnchorElement	0	attribute	text	Window
html	interface	HTMLAnchorElement	0	attribute	referrerPolicy	Window
html	includes	HTMLAnchorElement	0		HyperlinkElementUtils	
html	includes	HTMLAnchorElement	0		HTMLHyperlinkElementUtils	
html	interface	HTMLDataElement	0	constructor	constructor	Window
html	interface	HTMLDataElement	0	attribute	value	Window
html	interface	HTMLTimeElement	0	constructor	constructor	Window
html	interface	HTMLTimeElement	0	attribute	dateTime	Window
html	interface	HTMLSpanElement	0	constructor	constructor	Window
html	interface	HTMLBRElement	0	constructor	constructor	Window
html	interface mixin	HyperlinkElementUtils	0	attribute	origin	
html	interface mixin	HyperlinkElementUtils	0	attribute	protocol	
html	interface mixin	HyperlinkElementUtils	0	attribute	username	
html	interface mixin	HyperlinkElementUtils	0	attribute	password	
html	interface mixin	HyperlinkElementUtils	0	attribute	host	
html	interface mixin	HyperlinkElementUtils	0	attribute	hostname	
html	interface mixin	HyperlinkElementUtils	0	attribute	port	
html	interface mixin	HyperlinkElementUtils	0	attribute	pathname	
html	interface mixin	HyperlinkElementUtils	0	attribute	search	
html	interface mixin	HyperlinkElementUtils	0	attribute	hash	
html	interface mixin	HyperlinkElementUtils	0	attribute	hreflang	
html	interface mixin	HyperlinkElementUtils	0	attribute	type	
html	interface mixin	HTMLHyperlinkElementUtils	0	attribute	href	
html	interface mixin	HTMLHyperlinkElementUtils	0	attribute	target	
html	interface	HTMLModElement	0	constructor	constructor	Window
html	interface	HTMLModElement	0	attribute	cite	Window
html	interface	HTMLModElement	0	attribute	dateTime	Window
html	interface	HTMLPictureElement	0	constructor	constructor	Window
html	interface	HTMLSourceElement	0	constructor	constructor	Window
html	interface	HTMLSourceElement	0	attribute	src	Window
html	interface	HTMLSourceElement	0	attribute	type	Window
html	interface	HTMLSourceElement	0	attribute	srcset	Window
html	interface	HTMLSourceElement	0	attribute	sizes	Window
html	interface	HTMLSourceElement	0	attribute	media	Window
html	interface	HTMLSourceElement	0	attribute	width	Window
html	interface	HTMLSourceElement	0	attribute	height	Window
html	interface	HTMLImageElement	0	constructor	constructor	Window
html	interface	HTMLImageElement	0	attribute	alt	Window
html	interface	HTMLImageElement	0	attribute	src	Window
html	interface	HTMLImageElement	0	attribute	srcset	Window
html	interface	HTMLImageElement	0	attribute	sizes	Window
html	interface	HTMLImageElement	0	attribute	crossOrigin	Window
html	interface	HTMLImageElement	0	attribute	useMap	Window
html	interface	HTMLImageElement	0	attribute	isMap	Window
html	interface	HTMLImageElement	0	attribute	controls	Window
html	interface	HTMLImageElement	0	attribute	width	Window
html	interface	HTMLImageElement	0	attribute	height	Window
html	interface	HTMLImageElement	0	attribute	naturalWidth	Window
html	interface	HTMLImageElement	0	attribute	naturalHeight	Window
html	interface	HTMLImageElement	0	attribute	complete	Window
html	interface	HTMLImageElement	0	attribute	currentSrc	Window
html	interface	HTMLImageElement	0	attribute	referrerPolicy	Window
html	interface	HTMLImageElement	0	attribute	decoding	Window
html	interface	HTMLImageElement	0	attribute	loading	Window
html	interface	HTMLImageElement	0	attribute	fetchPriority	Window
html	interface	HTMLImageElement	0	operation	decode	Window
html	interface	HTMLIFrameElement	0	constructor	constructor	Window
html	interface	HTMLIFrameElement	0	attribute	src	Window
html	interface	HTMLIFrameElement	0	attribute	srcdoc	Window
html	interface	HTMLIFrameElement	0	attribute	name	Window
html	interface	HTMLIFrameElement	0	attribute	sandbox	Window
html	interface	HTMLIFrameElement	0	attribute	allow	Window
html	interface	HTMLIFrameElement	0	attribute	allowFullscreen	Window
html	interface	HTMLIFrameElement	0	attribute	width	Window
html	interface	HTMLIFrameElement	0	attribute	height	Window
html	interface	HTMLIFrameElement	0	attribute	referrerPolicy	Window
html	interface	HTMLIFrameElement	0	attribute	loading	Window
html	interface	HTMLIFrameElement	0	attribute	contentDocument	Window
html	interface	HTMLIFrameElement	0	attribute	contentWindow	Window
html	interface	HTMLIFrameElement	0	operation	getSVGDocument	Window
html	interface	HTMLEmbedElement	0	constructor	constructor	Window
html	interface	HTMLEmbedElement	0	attribute	src	Window
html	interface	HTMLEmbedElement	0	attribute	type	Window
html	interface	HTMLEmbedElement	0	attribute	width	Window
html	interface	HTMLEmbedElement	0	attribute	height	Window
html	interface	HTMLEmbedElement	0	operation	getSVGDocument	Window
html	interface	HTMLObjectElement	0	constructor	constructor	Window
html	interface	HTMLObjectElement	0	attribute	data	Window
html	interface	HTMLObjectElement	0	attribute	type	Window
html	interface	HTMLObjectElement	0	attribute	name	Window
html	interface	HTMLObjectElement	0	attribute	form	Window
html	interface	HTMLObjectElement	0	attribute	width	Window
html	interface	HTMLObjectElement	0	attribute	height	Window
html	interface	HTMLObjectElement	0	attribute	contentDocument	Window
html	interface	HTMLObjectElement	0	attribute	contentWindow	Window
html	interface	HTMLObjectElement	0	operation	getSVGDocument	Window
html	interface	HTMLObjectElement	0	attribute	willValidate	Window
html	interface	HTMLObjectElement	0	attribute	validity	Window
html	interface	HTMLObjectElement	0	attribute	validationMessage	Window
html	interface	HTMLObjectElement	0	operation	checkValidity	Window
html	interface	HTMLObjectElement	0	operation	reportValidity	Window
html	interface	HTMLObjectElement	0	operation	setCustomValidity	Window
html	interface	HTMLVideoElement	0	constructor	constructor	Window
html	interface	HTMLVideoElement	0	attribute	width	Window
html	interface	HTMLVideoElement	0	attribute	height	Window
html	interface	HTMLVideoElement	0	attribute	videoWidth	Window
html	interface	HTMLVideoElement	0	attribute	videoHeight	Window
html	interface	HTMLVideoElement	0	attribute	poster	Window
html	interface	HTMLVideoElement	0	attribute	playsInline	Window
html	interface	HTMLAudioElement	0	constructor	constructor	Window
html	interface	HTMLTrackElement	0	constructor	constructor	Window
html	interface	HTMLTrackElement	0	attribute	kind	Window
html	interface	HTMLTrackElement	0	attribute	src	Window
html	interface	HTMLTrackElement	0	attribute	srclang	Window
html	interface	HTMLTrackElement	0	attribute	label	Window
html	interface	HTMLTrackElement	0	attribute	default	Window
html	interface	HTMLTrackElement	0	const	NONE	Window
html	interface	HTMLTrackElement	0	const	LOADING	Window
html	interface	HTMLTrackElement	0	const	LOADED	Window
html	interface	HTMLTrackElement	0	const	ERROR	Window
html	interface	HTMLTrackElement	0	attribute	readyState	Window
html	interface	HTMLTrackElement	0	attribute	track	Window
html	enum	CanPlayTypeResult	0			
html	typedef	MediaProvider	0			
html	interface	HTMLMediaElement	0	attribute	error	Window
html	interface	HTMLMediaElement	0	attribute	src	Window
html	interface	HTMLMediaElement	0	attribute	srcObject	Window
html	interface	HTMLMediaElement	0	attribute	currentSrc	Window
html	interface	HTMLMediaElement	0	attribute	crossOrigin	Window
html	interface	HTMLMediaElement	0	const	NETWORK_EMPTY	Window
html	interface	HTMLMediaElement	0	const	NETWORK_IDLE	Window
html	interface	HTMLMediaElement	0	const	NETWORK_LOADING	Window
html	interface	HTMLMediaElement	0	const	NETWORK_NO_SOURCE	Window
html	interface	HTMLMediaElement	0	attribute	networkState	Window
html	interface	HTMLMediaElement	0	attribute	preload	Window
html	interface	HTMLMediaElement	0	attribute	buffered	Window
html	interface	HTMLMediaElement	0	operation	load	Window
html	interface	HTMLMediaElement	0	operation	canPlayType	Window
html	interface	HTMLMediaElement	0	const	HAVE_NOTHING	Window
html	interface	HTMLMediaElement	0	const	HAVE_METADATA	Window
html	interface	HTMLMediaElement	0	const	HAVE_CURRENT_DATA	Window
html	interface	HTMLMediaElement	0	const	HAVE_FUTURE_DATA	Window
html	interface	HTMLMediaElement	0	const	HAVE_ENOUGH_DATA	Window
html	interface	HTMLMediaElement	0	attribute	readyState	Window
html	interface	HTMLMediaElement	0	attribute	seeking	Window
html	interface	HTMLMediaElement	0	attribute	currentTime	Window
html	interface	HTMLMediaElement	0	operation	fastSeek	Window
html	interface	HTMLMediaElement	0	attribute	duration	Window
html	interface	HTMLMediaElement	0	operation	getStartDate	Window
html	interface	HTMLMediaElement	0	attribute	paused	Window
html	interface	HTMLMediaElement	0	attribute	defaultPlaybackRate	Window
html	interface	HTMLMediaElement	0	attribute	playbackRate	Window
html	interface	HTMLMediaElement	0	attribute	preservesPitch	Window
html	interface	HTMLMediaElement	0	attribute	played	Window
html	interface	HTMLMediaElement	0	attribute	seekable	Window
html	interface	HTMLMediaElement	0	attribute	ended	Window
html	interface	HTMLMediaElement	0	attribute	autoplay	Window
html	interface	HTMLMediaElement	0	attribute	loop	Window
html	interface	HTMLMediaElement	0	operation	play	Window
html	interface	HTMLMediaElement	0	operation	pause	Window
html	interface	HTMLMediaElement	0	attribute	controls	Window
html	interface	HTMLMediaElement	0	attribute	volume	Window
html	interface	HTMLMediaElement	0	attribute	muted	Window
html	interface	HTMLMediaElement	0	attribute	defaultMuted	Window
html	interface	HTMLMediaElement	0	attribute	loading	Window
html	interface	HTMLMediaElement	0	attribute	audioTracks	Window
html	interface	HTMLMediaElement	0	attribute	videoTracks	Window
html	interface	HTMLMediaElement	0	attribute	textTracks	Window
html	interface	HTMLMediaElement	0	operation	addTextTrack	Window
html	interface	MediaError	0	const	MEDIA_ERR_ABORTED	Window
html	interface	MediaError	0	const	MEDIA_ERR_NETWORK	Window
html	interface	MediaError	0	const	MEDIA_ERR_DECODE	Window
html	interface	MediaError	0	const	MEDIA_ERR_SRC_NOT_SUPPORTED	Window
html	interface	MediaError	0	attribute	code	Window
html	interface	MediaError	0	attribute	message	Window
html	interface	AudioTrackList	0	attribute	length	Window
html	interface	AudioTrackList	0	operation	@匿名	Window
html	interface	AudioTrackList	0	operation	getTrackById	Window
html	interface	AudioTrackList	0	attribute	onchange	Window
html	interface	AudioTrackList	0	attribute	onaddtrack	Window
html	interface	AudioTrackList	0	attribute	onremovetrack	Window
html	interface	AudioTrack	0	attribute	id	Window
html	interface	AudioTrack	0	attribute	kind	Window
html	interface	AudioTrack	0	attribute	label	Window
html	interface	AudioTrack	0	attribute	language	Window
html	interface	AudioTrack	0	attribute	enabled	Window
html	interface	VideoTrackList	0	attribute	length	Window
html	interface	VideoTrackList	0	operation	@匿名	Window
html	interface	VideoTrackList	0	operation	getTrackById	Window
html	interface	VideoTrackList	0	attribute	selectedIndex	Window
html	interface	VideoTrackList	0	attribute	onchange	Window
html	interface	VideoTrackList	0	attribute	onaddtrack	Window
html	interface	VideoTrackList	0	attribute	onremovetrack	Window
html	interface	VideoTrack	0	attribute	id	Window
html	interface	VideoTrack	0	attribute	kind	Window
html	interface	VideoTrack	0	attribute	label	Window
html	interface	VideoTrack	0	attribute	language	Window
html	interface	VideoTrack	0	attribute	selected	Window
html	interface	TextTrackList	0	attribute	length	Window
html	interface	TextTrackList	0	operation	@匿名	Window
html	interface	TextTrackList	0	operation	getTrackById	Window
html	interface	TextTrackList	0	attribute	onchange	Window
html	interface	TextTrackList	0	attribute	onaddtrack	Window
html	interface	TextTrackList	0	attribute	onremovetrack	Window
html	enum	TextTrackMode	0			
html	enum	TextTrackKind	0			
html	interface	TextTrack	0	attribute	kind	Window
html	interface	TextTrack	0	attribute	label	Window
html	interface	TextTrack	0	attribute	language	Window
html	interface	TextTrack	0	attribute	id	Window
html	interface	TextTrack	0	attribute	inBandMetadataTrackDispatchType	Window
html	interface	TextTrack	0	attribute	mode	Window
html	interface	TextTrack	0	attribute	cues	Window
html	interface	TextTrack	0	attribute	activeCues	Window
html	interface	TextTrack	0	operation	addCue	Window
html	interface	TextTrack	0	operation	removeCue	Window
html	interface	TextTrack	0	attribute	oncuechange	Window
html	interface	TextTrackCueList	0	attribute	length	Window
html	interface	TextTrackCueList	0	operation	@匿名	Window
html	interface	TextTrackCueList	0	operation	getCueById	Window
html	interface	TextTrackCue	0	attribute	track	Window
html	interface	TextTrackCue	0	attribute	id	Window
html	interface	TextTrackCue	0	attribute	startTime	Window
html	interface	TextTrackCue	0	attribute	endTime	Window
html	interface	TextTrackCue	0	attribute	pauseOnExit	Window
html	interface	TextTrackCue	0	attribute	onenter	Window
html	interface	TextTrackCue	0	attribute	onexit	Window
html	interface	TimeRanges	0	attribute	length	Window
html	interface	TimeRanges	0	operation	start	Window
html	interface	TimeRanges	0	operation	end	Window
html	interface	TrackEvent	0	constructor	constructor	Window
html	interface	TrackEvent	0	attribute	track	Window
html	dictionary	TrackEventInit	0	field	track	
html	interface	HTMLMapElement	0	constructor	constructor	Window
html	interface	HTMLMapElement	0	attribute	name	Window
html	interface	HTMLMapElement	0	attribute	areas	Window
html	interface	HTMLAreaElement	0	constructor	constructor	Window
html	interface	HTMLAreaElement	0	attribute	alt	Window
html	interface	HTMLAreaElement	0	attribute	coords	Window
html	interface	HTMLAreaElement	0	attribute	shape	Window
html	interface	HTMLAreaElement	0	attribute	download	Window
html	interface	HTMLAreaElement	0	attribute	ping	Window
html	interface	HTMLAreaElement	0	attribute	rel	Window
html	interface	HTMLAreaElement	0	attribute	relList	Window
html	interface	HTMLAreaElement	0	attribute	referrerPolicy	Window
html	includes	HTMLAreaElement	0		HyperlinkElementUtils	
html	includes	HTMLAreaElement	0		HTMLHyperlinkElementUtils	
html	interface	HTMLTableElement	0	constructor	constructor	Window
html	interface	HTMLTableElement	0	attribute	caption	Window
html	interface	HTMLTableElement	0	operation	createCaption	Window
html	interface	HTMLTableElement	0	operation	deleteCaption	Window
html	interface	HTMLTableElement	0	attribute	tHead	Window
html	interface	HTMLTableElement	0	operation	createTHead	Window
html	interface	HTMLTableElement	0	operation	deleteTHead	Window
html	interface	HTMLTableElement	0	attribute	tFoot	Window
html	interface	HTMLTableElement	0	operation	createTFoot	Window
html	interface	HTMLTableElement	0	operation	deleteTFoot	Window
html	interface	HTMLTableElement	0	attribute	tBodies	Window
html	interface	HTMLTableElement	0	operation	createTBody	Window
html	interface	HTMLTableElement	0	attribute	rows	Window
html	interface	HTMLTableElement	0	operation	insertRow	Window
html	interface	HTMLTableElement	0	operation	deleteRow	Window
html	interface	HTMLTableCaptionElement	0	constructor	constructor	Window
html	interface	HTMLTableColElement	0	constructor	constructor	Window
html	interface	HTMLTableColElement	0	attribute	span	Window
html	interface	HTMLTableSectionElement	0	constructor	constructor	Window
html	interface	HTMLTableSectionElement	0	attribute	rows	Window
html	interface	HTMLTableSectionElement	0	operation	insertRow	Window
html	interface	HTMLTableSectionElement	0	operation	deleteRow	Window
html	interface	HTMLTableRowElement	0	constructor	constructor	Window
html	interface	HTMLTableRowElement	0	attribute	rowIndex	Window
html	interface	HTMLTableRowElement	0	attribute	sectionRowIndex	Window
html	interface	HTMLTableRowElement	0	attribute	cells	Window
html	interface	HTMLTableRowElement	0	operation	insertCell	Window
html	interface	HTMLTableRowElement	0	operation	deleteCell	Window
html	interface	HTMLTableCellElement	0	constructor	constructor	Window
html	interface	HTMLTableCellElement	0	attribute	colSpan	Window
html	interface	HTMLTableCellElement	0	attribute	rowSpan	Window
html	interface	HTMLTableCellElement	0	attribute	headers	Window
html	interface	HTMLTableCellElement	0	attribute	cellIndex	Window
html	interface	HTMLTableCellElement	0	attribute	scope	Window
html	interface	HTMLTableCellElement	0	attribute	abbr	Window
html	interface	HTMLFormElement	0	constructor	constructor	Window
html	interface	HTMLFormElement	0	attribute	acceptCharset	Window
html	interface	HTMLFormElement	0	attribute	action	Window
html	interface	HTMLFormElement	0	attribute	autocomplete	Window
html	interface	HTMLFormElement	0	attribute	enctype	Window
html	interface	HTMLFormElement	0	attribute	encoding	Window
html	interface	HTMLFormElement	0	attribute	method	Window
html	interface	HTMLFormElement	0	attribute	name	Window
html	interface	HTMLFormElement	0	attribute	noValidate	Window
html	interface	HTMLFormElement	0	attribute	target	Window
html	interface	HTMLFormElement	0	attribute	rel	Window
html	interface	HTMLFormElement	0	attribute	relList	Window
html	interface	HTMLFormElement	0	attribute	elements	Window
html	interface	HTMLFormElement	0	attribute	length	Window
html	interface	HTMLFormElement	0	operation	@匿名	Window
html	interface	HTMLFormElement	0	operation	@匿名	Window
html	interface	HTMLFormElement	0	operation	submit	Window
html	interface	HTMLFormElement	0	operation	requestSubmit	Window
html	interface	HTMLFormElement	0	operation	reset	Window
html	interface	HTMLFormElement	0	operation	checkValidity	Window
html	interface	HTMLFormElement	0	operation	reportValidity	Window
html	interface	HTMLLabelElement	0	constructor	constructor	Window
html	interface	HTMLLabelElement	0	attribute	form	Window
html	interface	HTMLLabelElement	0	attribute	htmlFor	Window
html	interface	HTMLLabelElement	0	attribute	control	Window
html	interface	HTMLInputElement	0	constructor	constructor	Window
html	interface	HTMLInputElement	0	attribute	accept	Window
html	interface	HTMLInputElement	0	attribute	alpha	Window
html	interface	HTMLInputElement	0	attribute	alt	Window
html	interface	HTMLInputElement	0	attribute	autocomplete	Window
html	interface	HTMLInputElement	0	attribute	defaultChecked	Window
html	interface	HTMLInputElement	0	attribute	checked	Window
html	interface	HTMLInputElement	0	attribute	colorSpace	Window
html	interface	HTMLInputElement	0	attribute	dirName	Window
html	interface	HTMLInputElement	0	attribute	disabled	Window
html	interface	HTMLInputElement	0	attribute	form	Window
html	interface	HTMLInputElement	0	attribute	files	Window
html	interface	HTMLInputElement	0	attribute	formAction	Window
html	interface	HTMLInputElement	0	attribute	formEnctype	Window
html	interface	HTMLInputElement	0	attribute	formMethod	Window
html	interface	HTMLInputElement	0	attribute	formNoValidate	Window
html	interface	HTMLInputElement	0	attribute	formTarget	Window
html	interface	HTMLInputElement	0	attribute	height	Window
html	interface	HTMLInputElement	0	attribute	indeterminate	Window
html	interface	HTMLInputElement	0	attribute	list	Window
html	interface	HTMLInputElement	0	attribute	max	Window
html	interface	HTMLInputElement	0	attribute	maxLength	Window
html	interface	HTMLInputElement	0	attribute	min	Window
html	interface	HTMLInputElement	0	attribute	minLength	Window
html	interface	HTMLInputElement	0	attribute	multiple	Window
html	interface	HTMLInputElement	0	attribute	name	Window
html	interface	HTMLInputElement	0	attribute	pattern	Window
html	interface	HTMLInputElement	0	attribute	placeholder	Window
html	interface	HTMLInputElement	0	attribute	readOnly	Window
html	interface	HTMLInputElement	0	attribute	required	Window
html	interface	HTMLInputElement	0	attribute	size	Window
html	interface	HTMLInputElement	0	attribute	src	Window
html	interface	HTMLInputElement	0	attribute	step	Window
html	interface	HTMLInputElement	0	attribute	type	Window
html	interface	HTMLInputElement	0	attribute	defaultValue	Window
html	interface	HTMLInputElement	0	attribute	value	Window
html	interface	HTMLInputElement	0	attribute	valueAsDate	Window
html	interface	HTMLInputElement	0	attribute	valueAsNumber	Window
html	interface	HTMLInputElement	0	attribute	width	Window
html	interface	HTMLInputElement	0	operation	stepUp	Window
html	interface	HTMLInputElement	0	operation	stepDown	Window
html	interface	HTMLInputElement	0	attribute	willValidate	Window
html	interface	HTMLInputElement	0	attribute	validity	Window
html	interface	HTMLInputElement	0	attribute	validationMessage	Window
html	interface	HTMLInputElement	0	operation	checkValidity	Window
html	interface	HTMLInputElement	0	operation	reportValidity	Window
html	interface	HTMLInputElement	0	operation	setCustomValidity	Window
html	interface	HTMLInputElement	0	attribute	labels	Window
html	interface	HTMLInputElement	0	operation	select	Window
html	interface	HTMLInputElement	0	attribute	selectionStart	Window
html	interface	HTMLInputElement	0	attribute	selectionEnd	Window
html	interface	HTMLInputElement	0	attribute	selectionDirection	Window
html	interface	HTMLInputElement	0	operation	setRangeText	Window
html	interface	HTMLInputElement	0	operation	setRangeText	Window
html	interface	HTMLInputElement	0	operation	setSelectionRange	Window
html	interface	HTMLInputElement	0	operation	showPicker	Window
html	includes	HTMLInputElement	0		PopoverTargetAttributes	
html	interface	HTMLButtonElement	0	constructor	constructor	Window
html	interface	HTMLButtonElement	0	attribute	command	Window
html	interface	HTMLButtonElement	0	attribute	commandForElement	Window
html	interface	HTMLButtonElement	0	attribute	disabled	Window
html	interface	HTMLButtonElement	0	attribute	form	Window
html	interface	HTMLButtonElement	0	attribute	formAction	Window
html	interface	HTMLButtonElement	0	attribute	formEnctype	Window
html	interface	HTMLButtonElement	0	attribute	formMethod	Window
html	interface	HTMLButtonElement	0	attribute	formNoValidate	Window
html	interface	HTMLButtonElement	0	attribute	formTarget	Window
html	interface	HTMLButtonElement	0	attribute	name	Window
html	interface	HTMLButtonElement	0	attribute	type	Window
html	interface	HTMLButtonElement	0	attribute	value	Window
html	interface	HTMLButtonElement	0	attribute	willValidate	Window
html	interface	HTMLButtonElement	0	attribute	validity	Window
html	interface	HTMLButtonElement	0	attribute	validationMessage	Window
html	interface	HTMLButtonElement	0	operation	checkValidity	Window
html	interface	HTMLButtonElement	0	operation	reportValidity	Window
html	interface	HTMLButtonElement	0	operation	setCustomValidity	Window
html	interface	HTMLButtonElement	0	attribute	labels	Window
html	includes	HTMLButtonElement	0		PopoverTargetAttributes	
html	interface	HTMLSelectElement	0	constructor	constructor	Window
html	interface	HTMLSelectElement	0	attribute	autocomplete	Window
html	interface	HTMLSelectElement	0	attribute	disabled	Window
html	interface	HTMLSelectElement	0	attribute	form	Window
html	interface	HTMLSelectElement	0	attribute	multiple	Window
html	interface	HTMLSelectElement	0	attribute	name	Window
html	interface	HTMLSelectElement	0	attribute	required	Window
html	interface	HTMLSelectElement	0	attribute	size	Window
html	interface	HTMLSelectElement	0	attribute	type	Window
html	interface	HTMLSelectElement	0	attribute	options	Window
html	interface	HTMLSelectElement	0	attribute	length	Window
html	interface	HTMLSelectElement	0	operation	item	Window
html	interface	HTMLSelectElement	0	operation	namedItem	Window
html	interface	HTMLSelectElement	0	operation	add	Window
html	interface	HTMLSelectElement	0	operation	remove	Window
html	interface	HTMLSelectElement	0	operation	remove	Window
html	interface	HTMLSelectElement	0	operation	@匿名	Window
html	interface	HTMLSelectElement	0	attribute	selectedOptions	Window
html	interface	HTMLSelectElement	0	attribute	selectedIndex	Window
html	interface	HTMLSelectElement	0	attribute	value	Window
html	interface	HTMLSelectElement	0	attribute	willValidate	Window
html	interface	HTMLSelectElement	0	attribute	validity	Window
html	interface	HTMLSelectElement	0	attribute	validationMessage	Window
html	interface	HTMLSelectElement	0	operation	checkValidity	Window
html	interface	HTMLSelectElement	0	operation	reportValidity	Window
html	interface	HTMLSelectElement	0	operation	setCustomValidity	Window
html	interface	HTMLSelectElement	0	operation	showPicker	Window
html	interface	HTMLSelectElement	0	attribute	labels	Window
html	interface	HTMLDataListElement	0	constructor	constructor	Window
html	interface	HTMLDataListElement	0	attribute	options	Window
html	interface	HTMLOptGroupElement	0	constructor	constructor	Window
html	interface	HTMLOptGroupElement	0	attribute	disabled	Window
html	interface	HTMLOptGroupElement	0	attribute	label	Window
html	interface	HTMLOptionElement	0	constructor	constructor	Window
html	interface	HTMLOptionElement	0	attribute	disabled	Window
html	interface	HTMLOptionElement	0	attribute	form	Window
html	interface	HTMLOptionElement	0	attribute	label	Window
html	interface	HTMLOptionElement	0	attribute	defaultSelected	Window
html	interface	HTMLOptionElement	0	attribute	selected	Window
html	interface	HTMLOptionElement	0	attribute	value	Window
html	interface	HTMLOptionElement	0	attribute	text	Window
html	interface	HTMLOptionElement	0	attribute	index	Window
html	interface	HTMLTextAreaElement	0	constructor	constructor	Window
html	interface	HTMLTextAreaElement	0	attribute	autocomplete	Window
html	interface	HTMLTextAreaElement	0	attribute	cols	Window
html	interface	HTMLTextAreaElement	0	attribute	dirName	Window
html	interface	HTMLTextAreaElement	0	attribute	disabled	Window
html	interface	HTMLTextAreaElement	0	attribute	form	Window
html	interface	HTMLTextAreaElement	0	attribute	maxLength	Window
html	interface	HTMLTextAreaElement	0	attribute	minLength	Window
html	interface	HTMLTextAreaElement	0	attribute	name	Window
html	interface	HTMLTextAreaElement	0	attribute	placeholder	Window
html	interface	HTMLTextAreaElement	0	attribute	readOnly	Window
html	interface	HTMLTextAreaElement	0	attribute	required	Window
html	interface	HTMLTextAreaElement	0	attribute	rows	Window
html	interface	HTMLTextAreaElement	0	attribute	wrap	Window
html	interface	HTMLTextAreaElement	0	attribute	type	Window
html	interface	HTMLTextAreaElement	0	attribute	defaultValue	Window
html	interface	HTMLTextAreaElement	0	attribute	value	Window
html	interface	HTMLTextAreaElement	0	attribute	textLength	Window
html	interface	HTMLTextAreaElement	0	attribute	willValidate	Window
html	interface	HTMLTextAreaElement	0	attribute	validity	Window
html	interface	HTMLTextAreaElement	0	attribute	validationMessage	Window
html	interface	HTMLTextAreaElement	0	operation	checkValidity	Window
html	interface	HTMLTextAreaElement	0	operation	reportValidity	Window
html	interface	HTMLTextAreaElement	0	operation	setCustomValidity	Window
html	interface	HTMLTextAreaElement	0	attribute	labels	Window
html	interface	HTMLTextAreaElement	0	operation	select	Window
html	interface	HTMLTextAreaElement	0	attribute	selectionStart	Window
html	interface	HTMLTextAreaElement	0	attribute	selectionEnd	Window
html	interface	HTMLTextAreaElement	0	attribute	selectionDirection	Window
html	interface	HTMLTextAreaElement	0	operation	setRangeText	Window
html	interface	HTMLTextAreaElement	0	operation	setRangeText	Window
html	interface	HTMLTextAreaElement	0	operation	setSelectionRange	Window
html	interface	HTMLOutputElement	0	constructor	constructor	Window
html	interface	HTMLOutputElement	0	attribute	htmlFor	Window
html	interface	HTMLOutputElement	0	attribute	form	Window
html	interface	HTMLOutputElement	0	attribute	name	Window
html	interface	HTMLOutputElement	0	attribute	type	Window
html	interface	HTMLOutputElement	0	attribute	defaultValue	Window
html	interface	HTMLOutputElement	0	attribute	value	Window
html	interface	HTMLOutputElement	0	attribute	willValidate	Window
html	interface	HTMLOutputElement	0	attribute	validity	Window
html	interface	HTMLOutputElement	0	attribute	validationMessage	Window
html	interface	HTMLOutputElement	0	operation	checkValidity	Window
html	interface	HTMLOutputElement	0	operation	reportValidity	Window
html	interface	HTMLOutputElement	0	operation	setCustomValidity	Window
html	interface	HTMLOutputElement	0	attribute	labels	Window
html	interface	HTMLProgressElement	0	constructor	constructor	Window
html	interface	HTMLProgressElement	0	attribute	value	Window
html	interface	HTMLProgressElement	0	attribute	max	Window
html	interface	HTMLProgressElement	0	attribute	position	Window
html	interface	HTMLProgressElement	0	attribute	labels	Window
html	interface	HTMLMeterElement	0	constructor	constructor	Window
html	interface	HTMLMeterElement	0	attribute	value	Window
html	interface	HTMLMeterElement	0	attribute	min	Window
html	interface	HTMLMeterElement	0	attribute	max	Window
html	interface	HTMLMeterElement	0	attribute	low	Window
html	interface	HTMLMeterElement	0	attribute	high	Window
html	interface	HTMLMeterElement	0	attribute	optimum	Window
html	interface	HTMLMeterElement	0	attribute	labels	Window
html	interface	HTMLFieldSetElement	0	constructor	constructor	Window
html	interface	HTMLFieldSetElement	0	attribute	disabled	Window
html	interface	HTMLFieldSetElement	0	attribute	form	Window
html	interface	HTMLFieldSetElement	0	attribute	name	Window
html	interface	HTMLFieldSetElement	0	attribute	type	Window
html	interface	HTMLFieldSetElement	0	attribute	elements	Window
html	interface	HTMLFieldSetElement	0	attribute	willValidate	Window
html	interface	HTMLFieldSetElement	0	attribute	validity	Window
html	interface	HTMLFieldSetElement	0	attribute	validationMessage	Window
html	interface	HTMLFieldSetElement	0	operation	checkValidity	Window
html	interface	HTMLFieldSetElement	0	operation	reportValidity	Window
html	interface	HTMLFieldSetElement	0	operation	setCustomValidity	Window
html	interface	HTMLLegendElement	0	constructor	constructor	Window
html	interface	HTMLLegendElement	0	attribute	form	Window
html	interface	HTMLSelectedContentElement	0	constructor	constructor	Window
html	enum	SelectionMode	0			
html	interface	ValidityState	0	attribute	valueMissing	Window
html	interface	ValidityState	0	attribute	typeMismatch	Window
html	interface	ValidityState	0	attribute	patternMismatch	Window
html	interface	ValidityState	0	attribute	tooLong	Window
html	interface	ValidityState	0	attribute	tooShort	Window
html	interface	ValidityState	0	attribute	rangeUnderflow	Window
html	interface	ValidityState	0	attribute	rangeOverflow	Window
html	interface	ValidityState	0	attribute	stepMismatch	Window
html	interface	ValidityState	0	attribute	badInput	Window
html	interface	ValidityState	0	attribute	customError	Window
html	interface	ValidityState	0	attribute	valid	Window
html	interface	SubmitEvent	0	constructor	constructor	Window
html	interface	SubmitEvent	0	attribute	submitter	Window
html	dictionary	SubmitEventInit	0	field	submitter	
html	interface	FormDataEvent	0	constructor	constructor	Window
html	interface	FormDataEvent	0	attribute	formData	Window
html	dictionary	FormDataEventInit	0	field	formData	
html	interface	HTMLDetailsElement	0	constructor	constructor	Window
html	interface	HTMLDetailsElement	0	attribute	name	Window
html	interface	HTMLDetailsElement	0	attribute	open	Window
html	interface	HTMLDialogElement	0	constructor	constructor	Window
html	interface	HTMLDialogElement	0	attribute	open	Window
html	interface	HTMLDialogElement	0	attribute	returnValue	Window
html	interface	HTMLDialogElement	0	attribute	closedBy	Window
html	interface	HTMLDialogElement	0	operation	show	Window
html	interface	HTMLDialogElement	0	operation	showModal	Window
html	interface	HTMLDialogElement	0	operation	close	Window
html	interface	HTMLDialogElement	0	operation	requestClose	Window
html	interface	HTMLScriptElement	0	constructor	constructor	Window
html	interface	HTMLScriptElement	0	attribute	type	Window
html	interface	HTMLScriptElement	0	attribute	src	Window
html	interface	HTMLScriptElement	0	attribute	noModule	Window
html	interface	HTMLScriptElement	0	attribute	async	Window
html	interface	HTMLScriptElement	0	attribute	defer	Window
html	interface	HTMLScriptElement	0	attribute	blocking	Window
html	interface	HTMLScriptElement	0	attribute	crossOrigin	Window
html	interface	HTMLScriptElement	0	attribute	referrerPolicy	Window
html	interface	HTMLScriptElement	0	attribute	integrity	Window
html	interface	HTMLScriptElement	0	attribute	fetchPriority	Window
html	interface	HTMLScriptElement	0	attribute	text	Window
html	interface	HTMLScriptElement	0	operation	supports	Window
html	interface	HTMLTemplateElement	0	constructor	constructor	Window
html	interface	HTMLTemplateElement	0	attribute	content	Window
html	interface	HTMLTemplateElement	0	attribute	htmlFor	Window
html	interface	HTMLTemplateElement	0	attribute	shadowRootMode	Window
html	interface	HTMLTemplateElement	0	attribute	shadowRootDelegatesFocus	Window
html	interface	HTMLTemplateElement	0	attribute	shadowRootSerializable	Window
html	interface	HTMLTemplateElement	0	attribute	shadowRootSlotAssignment	Window
html	interface	HTMLTemplateElement	0	attribute	shadowRootClonable	Window
html	interface	HTMLTemplateElement	0	attribute	shadowRootCustomElementRegistry	Window
html	interface	HTMLSlotElement	0	constructor	constructor	Window
html	interface	HTMLSlotElement	0	attribute	name	Window
html	interface	HTMLSlotElement	0	operation	assignedNodes	Window
html	interface	HTMLSlotElement	0	operation	assignedElements	Window
html	interface	HTMLSlotElement	0	operation	assign	Window
html	dictionary	AssignedNodesOptions	0	field	flatten	
html	typedef	RenderingContext	0			
html	interface	HTMLCanvasElement	0	constructor	constructor	Window
html	interface	HTMLCanvasElement	0	attribute	width	Window
html	interface	HTMLCanvasElement	0	attribute	height	Window
html	interface	HTMLCanvasElement	0	operation	getContext	Window
html	interface	HTMLCanvasElement	0	operation	toDataURL	Window
html	interface	HTMLCanvasElement	0	operation	toBlob	Window
html	interface	HTMLCanvasElement	0	operation	transferControlToOffscreen	Window
html	callback	BlobCallback	0			
html	typedef	HTMLOrSVGImageElement	0			
html	typedef	CanvasImageSource	0			
html	enum	CanvasColorType	0			
html	enum	CanvasFillRule	0			
html	dictionary	CanvasRenderingContext2DSettings	0	field	alpha	
html	dictionary	CanvasRenderingContext2DSettings	0	field	desynchronized	
html	dictionary	CanvasRenderingContext2DSettings	0	field	colorSpace	
html	dictionary	CanvasRenderingContext2DSettings	0	field	colorType	
html	dictionary	CanvasRenderingContext2DSettings	0	field	willReadFrequently	
html	enum	ImageSmoothingQuality	0			
html	interface	CanvasRenderingContext2D	0	attribute	canvas	Window
html	includes	CanvasRenderingContext2D	0		CanvasSettings	
html	includes	CanvasRenderingContext2D	0		CanvasState	
html	includes	CanvasRenderingContext2D	0		CanvasTransform	
html	includes	CanvasRenderingContext2D	0		CanvasCompositing	
html	includes	CanvasRenderingContext2D	0		CanvasImageSmoothing	
html	includes	CanvasRenderingContext2D	0		CanvasFillStrokeStyles	
html	includes	CanvasRenderingContext2D	0		CanvasShadowStyles	
html	includes	CanvasRenderingContext2D	0		CanvasFilters	
html	includes	CanvasRenderingContext2D	0		CanvasRect	
html	includes	CanvasRenderingContext2D	0		CanvasDrawPath	
html	includes	CanvasRenderingContext2D	0		CanvasUserInterface	
html	includes	CanvasRenderingContext2D	0		CanvasText	
html	includes	CanvasRenderingContext2D	0		CanvasDrawImage	
html	includes	CanvasRenderingContext2D	0		CanvasImageData	
html	includes	CanvasRenderingContext2D	0		CanvasPathDrawingStyles	
html	includes	CanvasRenderingContext2D	0		CanvasTextDrawingStyles	
html	includes	CanvasRenderingContext2D	0		CanvasPath	
html	interface mixin	CanvasSettings	0	operation	getContextAttributes	
html	interface mixin	CanvasState	0	operation	save	
html	interface mixin	CanvasState	0	operation	restore	
html	interface mixin	CanvasState	0	operation	reset	
html	interface mixin	CanvasState	0	operation	isContextLost	
html	interface mixin	CanvasTransform	0	operation	scale	
html	interface mixin	CanvasTransform	0	operation	rotate	
html	interface mixin	CanvasTransform	0	operation	translate	
html	interface mixin	CanvasTransform	0	operation	transform	
html	interface mixin	CanvasTransform	0	operation	getTransform	
html	interface mixin	CanvasTransform	0	operation	setTransform	
html	interface mixin	CanvasTransform	0	operation	setTransform	
html	interface mixin	CanvasTransform	0	operation	resetTransform	
html	interface mixin	CanvasCompositing	0	attribute	globalAlpha	
html	interface mixin	CanvasCompositing	0	attribute	globalCompositeOperation	
html	interface mixin	CanvasImageSmoothing	0	attribute	imageSmoothingEnabled	
html	interface mixin	CanvasImageSmoothing	0	attribute	imageSmoothingQuality	
html	interface mixin	CanvasFillStrokeStyles	0	attribute	strokeStyle	
html	interface mixin	CanvasFillStrokeStyles	0	attribute	fillStyle	
html	interface mixin	CanvasFillStrokeStyles	0	operation	createLinearGradient	
html	interface mixin	CanvasFillStrokeStyles	0	operation	createRadialGradient	
html	interface mixin	CanvasFillStrokeStyles	0	operation	createConicGradient	
html	interface mixin	CanvasFillStrokeStyles	0	operation	createPattern	
html	interface mixin	CanvasShadowStyles	0	attribute	shadowOffsetX	
html	interface mixin	CanvasShadowStyles	0	attribute	shadowOffsetY	
html	interface mixin	CanvasShadowStyles	0	attribute	shadowBlur	
html	interface mixin	CanvasShadowStyles	0	attribute	shadowColor	
html	interface mixin	CanvasFilters	0	attribute	filter	
html	interface mixin	CanvasRect	0	operation	clearRect	
html	interface mixin	CanvasRect	0	operation	fillRect	
html	interface mixin	CanvasRect	0	operation	strokeRect	
html	interface mixin	CanvasDrawPath	0	operation	beginPath	
html	interface mixin	CanvasDrawPath	0	operation	fill	
html	interface mixin	CanvasDrawPath	0	operation	fill	
html	interface mixin	CanvasDrawPath	0	operation	stroke	
html	interface mixin	CanvasDrawPath	0	operation	stroke	
html	interface mixin	CanvasDrawPath	0	operation	clip	
html	interface mixin	CanvasDrawPath	0	operation	clip	
html	interface mixin	CanvasDrawPath	0	operation	isPointInPath	
html	interface mixin	CanvasDrawPath	0	operation	isPointInPath	
html	interface mixin	CanvasDrawPath	0	operation	isPointInStroke	
html	interface mixin	CanvasDrawPath	0	operation	isPointInStroke	
html	interface mixin	CanvasUserInterface	0	operation	drawFocusIfNeeded	
html	interface mixin	CanvasUserInterface	0	operation	drawFocusIfNeeded	
html	interface mixin	CanvasText	0	operation	fillText	
html	interface mixin	CanvasText	0	operation	strokeText	
html	interface mixin	CanvasText	0	operation	measureText	
html	interface mixin	CanvasDrawImage	0	operation	drawImage	
html	interface mixin	CanvasDrawImage	0	operation	drawImage	
html	interface mixin	CanvasDrawImage	0	operation	drawImage	
html	interface mixin	CanvasImageData	0	operation	createImageData	
html	interface mixin	CanvasImageData	0	operation	createImageData	
html	interface mixin	CanvasImageData	0	operation	getImageData	
html	interface mixin	CanvasImageData	0	operation	putImageData	
html	interface mixin	CanvasImageData	0	operation	putImageData	
html	enum	CanvasLineCap	0			
html	enum	CanvasLineJoin	0			
html	enum	CanvasTextAlign	0			
html	enum	CanvasTextBaseline	0			
html	enum	CanvasDirection	0			
html	enum	CanvasFontKerning	0			
html	enum	CanvasFontStretch	0			
html	enum	CanvasFontVariantCaps	0			
html	enum	CanvasTextRendering	0			
html	interface mixin	CanvasPathDrawingStyles	0	attribute	lineWidth	
html	interface mixin	CanvasPathDrawingStyles	0	attribute	lineCap	
html	interface mixin	CanvasPathDrawingStyles	0	attribute	lineJoin	
html	interface mixin	CanvasPathDrawingStyles	0	attribute	miterLimit	
html	interface mixin	CanvasPathDrawingStyles	0	operation	setLineDash	
html	interface mixin	CanvasPathDrawingStyles	0	operation	getLineDash	
html	interface mixin	CanvasPathDrawingStyles	0	attribute	lineDashOffset	
html	interface mixin	CanvasTextDrawingStyles	0	attribute	lang	
html	interface mixin	CanvasTextDrawingStyles	0	attribute	font	
html	interface mixin	CanvasTextDrawingStyles	0	attribute	textAlign	
html	interface mixin	CanvasTextDrawingStyles	0	attribute	textBaseline	
html	interface mixin	CanvasTextDrawingStyles	0	attribute	direction	
html	interface mixin	CanvasTextDrawingStyles	0	attribute	letterSpacing	
html	interface mixin	CanvasTextDrawingStyles	0	attribute	fontKerning	
html	interface mixin	CanvasTextDrawingStyles	0	attribute	fontStretch	
html	interface mixin	CanvasTextDrawingStyles	0	attribute	fontVariantCaps	
html	interface mixin	CanvasTextDrawingStyles	0	attribute	textRendering	
html	interface mixin	CanvasTextDrawingStyles	0	attribute	wordSpacing	
html	interface mixin	CanvasPath	0	operation	closePath	
html	interface mixin	CanvasPath	0	operation	moveTo	
html	interface mixin	CanvasPath	0	operation	lineTo	
html	interface mixin	CanvasPath	0	operation	quadraticCurveTo	
html	interface mixin	CanvasPath	0	operation	bezierCurveTo	
html	interface mixin	CanvasPath	0	operation	arcTo	
html	interface mixin	CanvasPath	0	operation	rect	
html	interface mixin	CanvasPath	0	operation	roundRect	
html	interface mixin	CanvasPath	0	operation	arc	
html	interface mixin	CanvasPath	0	operation	ellipse	
html	interface	CanvasGradient	0	operation	addColorStop	Window,Worker
html	interface	CanvasPattern	0	operation	setTransform	Window,Worker
html	interface	TextMetrics	0	attribute	width	Window,Worker
html	interface	TextMetrics	0	attribute	actualBoundingBoxLeft	Window,Worker
html	interface	TextMetrics	0	attribute	actualBoundingBoxRight	Window,Worker
html	interface	TextMetrics	0	attribute	fontBoundingBoxAscent	Window,Worker
html	interface	TextMetrics	0	attribute	fontBoundingBoxDescent	Window,Worker
html	interface	TextMetrics	0	attribute	actualBoundingBoxAscent	Window,Worker
html	interface	TextMetrics	0	attribute	actualBoundingBoxDescent	Window,Worker
html	interface	TextMetrics	0	attribute	emHeightAscent	Window,Worker
html	interface	TextMetrics	0	attribute	emHeightDescent	Window,Worker
html	interface	TextMetrics	0	attribute	hangingBaseline	Window,Worker
html	interface	TextMetrics	0	attribute	alphabeticBaseline	Window,Worker
html	interface	TextMetrics	0	attribute	ideographicBaseline	Window,Worker
html	interface	Path2D	0	constructor	constructor	Window,Worker
html	interface	Path2D	0	operation	addPath	Window,Worker
html	includes	Path2D	0		CanvasPath	
html	interface	ImageBitmapRenderingContext	0	attribute	canvas	Window,Worker
html	interface	ImageBitmapRenderingContext	0	operation	transferFromImageBitmap	Window,Worker
html	dictionary	ImageBitmapRenderingContextSettings	0	field	alpha	
html	typedef	OffscreenRenderingContext	0			
html	dictionary	ImageEncodeOptions	0	field	type	
html	dictionary	ImageEncodeOptions	0	field	quality	
html	enum	OffscreenRenderingContextId	0			
html	interface	OffscreenCanvas	0	constructor	constructor	Window,Worker
html	interface	OffscreenCanvas	0	attribute	width	Window,Worker
html	interface	OffscreenCanvas	0	attribute	height	Window,Worker
html	interface	OffscreenCanvas	0	operation	getContext	Window,Worker
html	interface	OffscreenCanvas	0	operation	transferToImageBitmap	Window,Worker
html	interface	OffscreenCanvas	0	operation	convertToBlob	Window,Worker
html	interface	OffscreenCanvas	0	attribute	oncontextlost	Window,Worker
html	interface	OffscreenCanvas	0	attribute	oncontextrestored	Window,Worker
html	interface	OffscreenCanvasRenderingContext2D	0	attribute	canvas	Window,Worker
html	includes	OffscreenCanvasRenderingContext2D	0		CanvasSettings	
html	includes	OffscreenCanvasRenderingContext2D	0		CanvasState	
html	includes	OffscreenCanvasRenderingContext2D	0		CanvasTransform	
html	includes	OffscreenCanvasRenderingContext2D	0		CanvasCompositing	
html	includes	OffscreenCanvasRenderingContext2D	0		CanvasImageSmoothing	
html	includes	OffscreenCanvasRenderingContext2D	0		CanvasFillStrokeStyles	
html	includes	OffscreenCanvasRenderingContext2D	0		CanvasShadowStyles	
html	includes	OffscreenCanvasRenderingContext2D	0		CanvasFilters	
html	includes	OffscreenCanvasRenderingContext2D	0		CanvasRect	
html	includes	OffscreenCanvasRenderingContext2D	0		CanvasDrawPath	
html	includes	OffscreenCanvasRenderingContext2D	0		CanvasText	
html	includes	OffscreenCanvasRenderingContext2D	0		CanvasDrawImage	
html	includes	OffscreenCanvasRenderingContext2D	0		CanvasImageData	
html	includes	OffscreenCanvasRenderingContext2D	0		CanvasPathDrawingStyles	
html	includes	OffscreenCanvasRenderingContext2D	0		CanvasTextDrawingStyles	
html	includes	OffscreenCanvasRenderingContext2D	0		CanvasPath	
html	enum	PredefinedColorSpace	0			
html	interface	CustomElementRegistry	0	constructor	constructor	Window
html	interface	CustomElementRegistry	0	operation	define	Window
html	interface	CustomElementRegistry	0	operation	get	Window
html	interface	CustomElementRegistry	0	operation	getName	Window
html	interface	CustomElementRegistry	0	operation	whenDefined	Window
html	interface	CustomElementRegistry	0	operation	upgrade	Window
html	interface	CustomElementRegistry	0	operation	initialize	Window
html	callback	CustomElementConstructor	0			
html	dictionary	ElementDefinitionOptions	0	field	extends	
html	interface	ElementInternals	0	attribute	shadowRoot	Window
html	interface	ElementInternals	0	operation	setFormValue	Window
html	interface	ElementInternals	0	attribute	form	Window
html	interface	ElementInternals	0	operation	setValidity	Window
html	interface	ElementInternals	0	attribute	willValidate	Window
html	interface	ElementInternals	0	attribute	validity	Window
html	interface	ElementInternals	0	attribute	validationMessage	Window
html	interface	ElementInternals	0	operation	checkValidity	Window
html	interface	ElementInternals	0	operation	reportValidity	Window
html	interface	ElementInternals	0	attribute	labels	Window
html	interface	ElementInternals	0	attribute	states	Window
html	includes	ElementInternals	0		ARIAMixin	
html	dictionary	ValidityStateFlags	0	field	valueMissing	
html	dictionary	ValidityStateFlags	0	field	typeMismatch	
html	dictionary	ValidityStateFlags	0	field	patternMismatch	
html	dictionary	ValidityStateFlags	0	field	tooLong	
html	dictionary	ValidityStateFlags	0	field	tooShort	
html	dictionary	ValidityStateFlags	0	field	rangeUnderflow	
html	dictionary	ValidityStateFlags	0	field	rangeOverflow	
html	dictionary	ValidityStateFlags	0	field	stepMismatch	
html	dictionary	ValidityStateFlags	0	field	badInput	
html	dictionary	ValidityStateFlags	0	field	customError	
html	interface	CustomStateSet	0	setlike	@@setlike	Window
html	interface	VisibilityStateEntry	0	attribute	name	Window
html	interface	VisibilityStateEntry	0	attribute	entryType	Window
html	interface	VisibilityStateEntry	0	attribute	startTime	Window
html	interface	VisibilityStateEntry	0	attribute	duration	Window
html	interface	UserActivation	0	attribute	hasBeenActive	Window
html	interface	UserActivation	0	attribute	isActive	Window
html	interface	Navigator	1	attribute	userActivation	
html	interface	ToggleEvent	0	constructor	constructor	Window
html	interface	ToggleEvent	0	attribute	oldState	Window
html	interface	ToggleEvent	0	attribute	newState	Window
html	interface	ToggleEvent	0	attribute	source	Window
html	dictionary	ToggleEventInit	0	field	oldState	
html	dictionary	ToggleEventInit	0	field	newState	
html	dictionary	ToggleEventInit	0	field	source	
html	interface	CommandEvent	0	constructor	constructor	Window
html	interface	CommandEvent	0	attribute	source	Window
html	interface	CommandEvent	0	attribute	command	Window
html	dictionary	CommandEventInit	0	field	source	
html	dictionary	CommandEventInit	0	field	command	
html	dictionary	FocusOptions	0	field	preventScroll	
html	dictionary	FocusOptions	0	field	focusVisible	
html	interface mixin	ElementContentEditable	0	attribute	contentEditable	
html	interface mixin	ElementContentEditable	0	attribute	enterKeyHint	
html	interface mixin	ElementContentEditable	0	attribute	isContentEditable	
html	interface mixin	ElementContentEditable	0	attribute	inputMode	
html	interface	CloseWatcher	0	constructor	constructor	Window
html	interface	CloseWatcher	0	operation	requestClose	Window
html	interface	CloseWatcher	0	operation	close	Window
html	interface	CloseWatcher	0	operation	destroy	Window
html	interface	CloseWatcher	0	attribute	oncancel	Window
html	interface	CloseWatcher	0	attribute	onclose	Window
html	dictionary	CloseWatcherOptions	0	field	signal	
html	interface	DataTransfer	0	constructor	constructor	Window
html	interface	DataTransfer	0	attribute	dropEffect	Window
html	interface	DataTransfer	0	attribute	effectAllowed	Window
html	interface	DataTransfer	0	attribute	items	Window
html	interface	DataTransfer	0	operation	setDragImage	Window
html	interface	DataTransfer	0	attribute	types	Window
html	interface	DataTransfer	0	operation	getData	Window
html	interface	DataTransfer	0	operation	setData	Window
html	interface	DataTransfer	0	operation	clearData	Window
html	interface	DataTransfer	0	attribute	files	Window
html	interface	DataTransferItemList	0	attribute	length	Window
html	interface	DataTransferItemList	0	operation	@匿名	Window
html	interface	DataTransferItemList	0	operation	add	Window
html	interface	DataTransferItemList	0	operation	add	Window
html	interface	DataTransferItemList	0	operation	remove	Window
html	interface	DataTransferItemList	0	operation	clear	Window
html	interface	DataTransferItem	0	attribute	kind	Window
html	interface	DataTransferItem	0	attribute	type	Window
html	interface	DataTransferItem	0	operation	getAsString	Window
html	interface	DataTransferItem	0	operation	getAsFile	Window
html	callback	FunctionStringCallback	0			
html	interface	DragEvent	0	constructor	constructor	Window
html	interface	DragEvent	0	attribute	dataTransfer	Window
html	dictionary	DragEventInit	0	field	dataTransfer	
html	interface mixin	PopoverTargetAttributes	0	attribute	popoverTargetElement	
html	interface mixin	PopoverTargetAttributes	0	attribute	popoverTargetAction	
html	interface	Origin	0	constructor	constructor	*
html	interface	Origin	0	operation	from	*
html	interface	Origin	0	attribute	opaque	*
html	interface	Origin	0	operation	isSameOrigin	*
html	interface	Origin	0	operation	isSameSite	*
html	interface	Window	0	attribute	window	Window
html	interface	Window	0	attribute	self	Window
html	interface	Window	0	attribute	document	Window
html	interface	Window	0	attribute	name	Window
html	interface	Window	0	attribute	location	Window
html	interface	Window	0	attribute	history	Window
html	interface	Window	0	attribute	navigation	Window
html	interface	Window	0	attribute	customElements	Window
html	interface	Window	0	attribute	locationbar	Window
html	interface	Window	0	attribute	menubar	Window
html	interface	Window	0	attribute	personalbar	Window
html	interface	Window	0	attribute	scrollbars	Window
html	interface	Window	0	attribute	statusbar	Window
html	interface	Window	0	attribute	toolbar	Window
html	interface	Window	0	attribute	status	Window
html	interface	Window	0	operation	close	Window
html	interface	Window	0	attribute	closed	Window
html	interface	Window	0	operation	stop	Window
html	interface	Window	0	operation	focus	Window
html	interface	Window	0	operation	blur	Window
html	interface	Window	0	attribute	frames	Window
html	interface	Window	0	attribute	length	Window
html	interface	Window	0	attribute	top	Window
html	interface	Window	0	attribute	opener	Window
html	interface	Window	0	attribute	parent	Window
html	interface	Window	0	attribute	frameElement	Window
html	interface	Window	0	operation	open	Window
html	interface	Window	0	operation	@匿名	Window
html	interface	Window	0	attribute	navigator	Window
html	interface	Window	0	attribute	clientInformation	Window
html	interface	Window	0	attribute	originAgentCluster	Window
html	interface	Window	0	operation	alert	Window
html	interface	Window	0	operation	alert	Window
html	interface	Window	0	operation	confirm	Window
html	interface	Window	0	operation	prompt	Window
html	interface	Window	0	operation	print	Window
html	interface	Window	0	operation	postMessage	Window
html	interface	Window	0	operation	postMessage	Window
html	includes	Window	0		GlobalEventHandlers	
html	includes	Window	0		WindowEventHandlers	
html	dictionary	WindowPostMessageOptions	0	field	targetOrigin	
html	interface	BarProp	0	attribute	visible	Window
html	interface	Location	0	attribute	href	Window
html	interface	Location	0	attribute	origin	Window
html	interface	Location	0	attribute	protocol	Window
html	interface	Location	0	attribute	host	Window
html	interface	Location	0	attribute	hostname	Window
html	interface	Location	0	attribute	port	Window
html	interface	Location	0	attribute	pathname	Window
html	interface	Location	0	attribute	search	Window
html	interface	Location	0	attribute	hash	Window
html	interface	Location	0	operation	assign	Window
html	interface	Location	0	operation	replace	Window
html	interface	Location	0	operation	reload	Window
html	interface	Location	0	attribute	ancestorOrigins	Window
html	enum	ScrollRestoration	0			
html	interface	History	0	attribute	length	Window
html	interface	History	0	attribute	scrollRestoration	Window
html	interface	History	0	attribute	state	Window
html	interface	History	0	operation	go	Window
html	interface	History	0	operation	back	Window
html	interface	History	0	operation	forward	Window
html	interface	History	0	operation	pushState	Window
html	interface	History	0	operation	replaceState	Window
html	interface	Navigation	0	operation	entries	Window
html	interface	Navigation	0	attribute	currentEntry	Window
html	interface	Navigation	0	operation	updateCurrentEntry	Window
html	interface	Navigation	0	attribute	transition	Window
html	interface	Navigation	0	attribute	activation	Window
html	interface	Navigation	0	attribute	canGoBack	Window
html	interface	Navigation	0	attribute	canGoForward	Window
html	interface	Navigation	0	operation	navigate	Window
html	interface	Navigation	0	operation	reload	Window
html	interface	Navigation	0	operation	traverseTo	Window
html	interface	Navigation	0	operation	back	Window
html	interface	Navigation	0	operation	forward	Window
html	interface	Navigation	0	attribute	onnavigate	Window
html	interface	Navigation	0	attribute	onnavigatesuccess	Window
html	interface	Navigation	0	attribute	onnavigateerror	Window
html	interface	Navigation	0	attribute	oncurrententrychange	Window
html	dictionary	NavigationUpdateCurrentEntryOptions	0	field	state	
html	dictionary	NavigationOptions	0	field	info	
html	dictionary	NavigationNavigateOptions	0	field	state	
html	dictionary	NavigationNavigateOptions	0	field	history	
html	dictionary	NavigationReloadOptions	0	field	state	
html	dictionary	NavigationResult	0	field	committed	
html	dictionary	NavigationResult	0	field	finished	
html	enum	NavigationHistoryBehavior	0			
html	enum	NavigationType	0			
html	interface	NavigationHistoryEntry	0	attribute	url	Window
html	interface	NavigationHistoryEntry	0	attribute	key	Window
html	interface	NavigationHistoryEntry	0	attribute	id	Window
html	interface	NavigationHistoryEntry	0	attribute	index	Window
html	interface	NavigationHistoryEntry	0	attribute	sameDocument	Window
html	interface	NavigationHistoryEntry	0	operation	getState	Window
html	interface	NavigationHistoryEntry	0	attribute	ondispose	Window
html	interface	NavigationTransition	0	attribute	navigationType	Window
html	interface	NavigationTransition	0	attribute	from	Window
html	interface	NavigationTransition	0	attribute	to	Window
html	interface	NavigationTransition	0	attribute	committed	Window
html	interface	NavigationTransition	0	attribute	finished	Window
html	interface	NavigationActivation	0	attribute	from	Window
html	interface	NavigationActivation	0	attribute	entry	Window
html	interface	NavigationActivation	0	attribute	navigationType	Window
html	interface	NavigateEvent	0	constructor	constructor	Window
html	interface	NavigateEvent	0	attribute	navigationType	Window
html	interface	NavigateEvent	0	attribute	destination	Window
html	interface	NavigateEvent	0	attribute	canIntercept	Window
html	interface	NavigateEvent	0	attribute	userInitiated	Window
html	interface	NavigateEvent	0	attribute	hashChange	Window
html	interface	NavigateEvent	0	attribute	signal	Window
html	interface	NavigateEvent	0	attribute	formData	Window
html	interface	NavigateEvent	0	attribute	downloadRequest	Window
html	interface	NavigateEvent	0	attribute	info	Window
html	interface	NavigateEvent	0	attribute	hasUAVisualTransition	Window
html	interface	NavigateEvent	0	attribute	sourceElement	Window
html	interface	NavigateEvent	0	operation	intercept	Window
html	interface	NavigateEvent	0	operation	scroll	Window
html	dictionary	NavigateEventInit	0	field	navigationType	
html	dictionary	NavigateEventInit	0	field	destination	
html	dictionary	NavigateEventInit	0	field	canIntercept	
html	dictionary	NavigateEventInit	0	field	userInitiated	
html	dictionary	NavigateEventInit	0	field	hashChange	
html	dictionary	NavigateEventInit	0	field	signal	
html	dictionary	NavigateEventInit	0	field	formData	
html	dictionary	NavigateEventInit	0	field	downloadRequest	
html	dictionary	NavigateEventInit	0	field	info	
html	dictionary	NavigateEventInit	0	field	hasUAVisualTransition	
html	dictionary	NavigateEventInit	0	field	sourceElement	
html	dictionary	NavigationInterceptOptions	0	field	precommitHandler	
html	dictionary	NavigationInterceptOptions	0	field	handler	
html	dictionary	NavigationInterceptOptions	0	field	focusReset	
html	dictionary	NavigationInterceptOptions	0	field	scroll	
html	enum	NavigationFocusReset	0			
html	enum	NavigationScrollBehavior	0			
html	callback	NavigationInterceptHandler	0			
html	interface	NavigationPrecommitController	0	operation	redirect	Window
html	interface	NavigationPrecommitController	0	operation	addHandler	Window
html	callback	NavigationPrecommitHandler	0			
html	interface	NavigationDestination	0	attribute	url	Window
html	interface	NavigationDestination	0	attribute	key	Window
html	interface	NavigationDestination	0	attribute	id	Window
html	interface	NavigationDestination	0	attribute	index	Window
html	interface	NavigationDestination	0	attribute	sameDocument	Window
html	interface	NavigationDestination	0	operation	getState	Window
html	interface	NavigationCurrentEntryChangeEvent	0	constructor	constructor	Window
html	interface	NavigationCurrentEntryChangeEvent	0	attribute	navigationType	Window
html	interface	NavigationCurrentEntryChangeEvent	0	attribute	from	Window
html	dictionary	NavigationCurrentEntryChangeEventInit	0	field	navigationType	
html	dictionary	NavigationCurrentEntryChangeEventInit	0	field	from	
html	interface	PopStateEvent	0	constructor	constructor	Window
html	interface	PopStateEvent	0	attribute	state	Window
html	interface	PopStateEvent	0	attribute	hasUAVisualTransition	Window
html	dictionary	PopStateEventInit	0	field	state	
html	dictionary	PopStateEventInit	0	field	hasUAVisualTransition	
html	interface	HashChangeEvent	0	constructor	constructor	Window
html	interface	HashChangeEvent	0	attribute	oldURL	Window
html	interface	HashChangeEvent	0	attribute	newURL	Window
html	dictionary	HashChangeEventInit	0	field	oldURL	
html	dictionary	HashChangeEventInit	0	field	newURL	
html	interface	PageSwapEvent	0	constructor	constructor	Window
html	interface	PageSwapEvent	0	attribute	activation	Window
html	interface	PageSwapEvent	0	attribute	viewTransition	Window
html	dictionary	PageSwapEventInit	0	field	activation	
html	dictionary	PageSwapEventInit	0	field	viewTransition	
html	interface	PageRevealEvent	0	constructor	constructor	Window
html	interface	PageRevealEvent	0	attribute	viewTransition	Window
html	dictionary	PageRevealEventInit	0	field	viewTransition	
html	interface	PageTransitionEvent	0	constructor	constructor	Window
html	interface	PageTransitionEvent	0	attribute	persisted	Window
html	dictionary	PageTransitionEventInit	0	field	persisted	
html	interface	BeforeUnloadEvent	0	attribute	returnValue	Window
html	interface	NotRestoredReasonDetails	0	attribute	reason	Window
html	interface	NotRestoredReasonDetails	0	operation	toJSON	Window
html	interface	NotRestoredReasons	0	attribute	src	Window
html	interface	NotRestoredReasons	0	attribute	id	Window
html	interface	NotRestoredReasons	0	attribute	name	Window
html	interface	NotRestoredReasons	0	attribute	url	Window
html	interface	NotRestoredReasons	0	attribute	reasons	Window
html	interface	NotRestoredReasons	0	attribute	children	Window
html	interface	NotRestoredReasons	0	operation	toJSON	Window
html	interface	ErrorEvent	0	constructor	constructor	*
html	interface	ErrorEvent	0	attribute	message	*
html	interface	ErrorEvent	0	attribute	filename	*
html	interface	ErrorEvent	0	attribute	lineno	*
html	interface	ErrorEvent	0	attribute	colno	*
html	interface	ErrorEvent	0	attribute	error	*
html	dictionary	ErrorEventInit	0	field	message	
html	dictionary	ErrorEventInit	0	field	filename	
html	dictionary	ErrorEventInit	0	field	lineno	
html	dictionary	ErrorEventInit	0	field	colno	
html	dictionary	ErrorEventInit	0	field	error	
html	interface	PromiseRejectionEvent	0	constructor	constructor	*
html	interface	PromiseRejectionEvent	0	attribute	promise	*
html	interface	PromiseRejectionEvent	0	attribute	reason	*
html	dictionary	PromiseRejectionEventInit	0	field	promise	
html	dictionary	PromiseRejectionEventInit	0	field	reason	
html	callback	EventHandlerNonNull	0			
html	typedef	EventHandler	0			
html	callback	OnErrorEventHandlerNonNull	0			
html	typedef	OnErrorEventHandler	0			
html	callback	OnBeforeUnloadEventHandlerNonNull	0			
html	typedef	OnBeforeUnloadEventHandler	0			
html	interface mixin	GlobalEventHandlers	0	attribute	onabort	
html	interface mixin	GlobalEventHandlers	0	attribute	onauxclick	
html	interface mixin	GlobalEventHandlers	0	attribute	onbeforeinput	
html	interface mixin	GlobalEventHandlers	0	attribute	onbeforematch	
html	interface mixin	GlobalEventHandlers	0	attribute	onbeforetoggle	
html	interface mixin	GlobalEventHandlers	0	attribute	onblur	
html	interface mixin	GlobalEventHandlers	0	attribute	oncancel	
html	interface mixin	GlobalEventHandlers	0	attribute	oncanplay	
html	interface mixin	GlobalEventHandlers	0	attribute	oncanplaythrough	
html	interface mixin	GlobalEventHandlers	0	attribute	onchange	
html	interface mixin	GlobalEventHandlers	0	attribute	onclick	
html	interface mixin	GlobalEventHandlers	0	attribute	onclose	
html	interface mixin	GlobalEventHandlers	0	attribute	oncommand	
html	interface mixin	GlobalEventHandlers	0	attribute	oncontextlost	
html	interface mixin	GlobalEventHandlers	0	attribute	oncontextmenu	
html	interface mixin	GlobalEventHandlers	0	attribute	oncontextrestored	
html	interface mixin	GlobalEventHandlers	0	attribute	oncopy	
html	interface mixin	GlobalEventHandlers	0	attribute	oncuechange	
html	interface mixin	GlobalEventHandlers	0	attribute	oncut	
html	interface mixin	GlobalEventHandlers	0	attribute	ondblclick	
html	interface mixin	GlobalEventHandlers	0	attribute	ondrag	
html	interface mixin	GlobalEventHandlers	0	attribute	ondragend	
html	interface mixin	GlobalEventHandlers	0	attribute	ondragenter	
html	interface mixin	GlobalEventHandlers	0	attribute	ondragleave	
html	interface mixin	GlobalEventHandlers	0	attribute	ondragover	
html	interface mixin	GlobalEventHandlers	0	attribute	ondragstart	
html	interface mixin	GlobalEventHandlers	0	attribute	ondrop	
html	interface mixin	GlobalEventHandlers	0	attribute	ondurationchange	
html	interface mixin	GlobalEventHandlers	0	attribute	onemptied	
html	interface mixin	GlobalEventHandlers	0	attribute	onended	
html	interface mixin	GlobalEventHandlers	0	attribute	onerror	
html	interface mixin	GlobalEventHandlers	0	attribute	onfocus	
html	interface mixin	GlobalEventHandlers	0	attribute	onformdata	
html	interface mixin	GlobalEventHandlers	0	attribute	oninput	
html	interface mixin	GlobalEventHandlers	0	attribute	oninvalid	
html	interface mixin	GlobalEventHandlers	0	attribute	onkeydown	
html	interface mixin	GlobalEventHandlers	0	attribute	onkeypress	
html	interface mixin	GlobalEventHandlers	0	attribute	onkeyup	
html	interface mixin	GlobalEventHandlers	0	attribute	onload	
html	interface mixin	GlobalEventHandlers	0	attribute	onloadeddata	
html	interface mixin	GlobalEventHandlers	0	attribute	onloadedmetadata	
html	interface mixin	GlobalEventHandlers	0	attribute	onloadstart	
html	interface mixin	GlobalEventHandlers	0	attribute	onmousedown	
html	interface mixin	GlobalEventHandlers	0	attribute	onmouseenter	
html	interface mixin	GlobalEventHandlers	0	attribute	onmouseleave	
html	interface mixin	GlobalEventHandlers	0	attribute	onmousemove	
html	interface mixin	GlobalEventHandlers	0	attribute	onmouseout	
html	interface mixin	GlobalEventHandlers	0	attribute	onmouseover	
html	interface mixin	GlobalEventHandlers	0	attribute	onmouseup	
html	interface mixin	GlobalEventHandlers	0	attribute	onpaste	
html	interface mixin	GlobalEventHandlers	0	attribute	onpause	
html	interface mixin	GlobalEventHandlers	0	attribute	onplay	
html	interface mixin	GlobalEventHandlers	0	attribute	onplaying	
html	interface mixin	GlobalEventHandlers	0	attribute	onprogress	
html	interface mixin	GlobalEventHandlers	0	attribute	onratechange	
html	interface mixin	GlobalEventHandlers	0	attribute	onreset	
html	interface mixin	GlobalEventHandlers	0	attribute	onresize	
html	interface mixin	GlobalEventHandlers	0	attribute	onscroll	
html	interface mixin	GlobalEventHandlers	0	attribute	onscrollend	
html	interface mixin	GlobalEventHandlers	0	attribute	onsecuritypolicyviolation	
html	interface mixin	GlobalEventHandlers	0	attribute	onseeked	
html	interface mixin	GlobalEventHandlers	0	attribute	onseeking	
html	interface mixin	GlobalEventHandlers	0	attribute	onselect	
html	interface mixin	GlobalEventHandlers	0	attribute	onslotchange	
html	interface mixin	GlobalEventHandlers	0	attribute	onstalled	
html	interface mixin	GlobalEventHandlers	0	attribute	onsubmit	
html	interface mixin	GlobalEventHandlers	0	attribute	onsuspend	
html	interface mixin	GlobalEventHandlers	0	attribute	ontimeupdate	
html	interface mixin	GlobalEventHandlers	0	attribute	ontoggle	
html	interface mixin	GlobalEventHandlers	0	attribute	onvolumechange	
html	interface mixin	GlobalEventHandlers	0	attribute	onwaiting	
html	interface mixin	GlobalEventHandlers	0	attribute	onwebkitanimationend	
html	interface mixin	GlobalEventHandlers	0	attribute	onwebkitanimationiteration	
html	interface mixin	GlobalEventHandlers	0	attribute	onwebkitanimationstart	
html	interface mixin	GlobalEventHandlers	0	attribute	onwebkittransitionend	
html	interface mixin	GlobalEventHandlers	0	attribute	onwheel	
html	interface mixin	WindowEventHandlers	0	attribute	onafterprint	
html	interface mixin	WindowEventHandlers	0	attribute	onbeforeprint	
html	interface mixin	WindowEventHandlers	0	attribute	onbeforeunload	
html	interface mixin	WindowEventHandlers	0	attribute	onhashchange	
html	interface mixin	WindowEventHandlers	0	attribute	onlanguagechange	
html	interface mixin	WindowEventHandlers	0	attribute	onmessage	
html	interface mixin	WindowEventHandlers	0	attribute	onmessageerror	
html	interface mixin	WindowEventHandlers	0	attribute	onoffline	
html	interface mixin	WindowEventHandlers	0	attribute	ononline	
html	interface mixin	WindowEventHandlers	0	attribute	onpagehide	
html	interface mixin	WindowEventHandlers	0	attribute	onpagereveal	
html	interface mixin	WindowEventHandlers	0	attribute	onpageshow	
html	interface mixin	WindowEventHandlers	0	attribute	onpageswap	
html	interface mixin	WindowEventHandlers	0	attribute	onpopstate	
html	interface mixin	WindowEventHandlers	0	attribute	onrejectionhandled	
html	interface mixin	WindowEventHandlers	0	attribute	onstorage	
html	interface mixin	WindowEventHandlers	0	attribute	onunhandledrejection	
html	interface mixin	WindowEventHandlers	0	attribute	onunload	
html	typedef	TimerHandler	0			
html	interface mixin	WindowOrWorkerGlobalScope	0	attribute	origin	
html	interface mixin	WindowOrWorkerGlobalScope	0	attribute	isSecureContext	
html	interface mixin	WindowOrWorkerGlobalScope	0	attribute	crossOriginIsolated	
html	interface mixin	WindowOrWorkerGlobalScope	0	operation	reportError	
html	interface mixin	WindowOrWorkerGlobalScope	0	operation	btoa	
html	interface mixin	WindowOrWorkerGlobalScope	0	operation	atob	
html	interface mixin	WindowOrWorkerGlobalScope	0	operation	setTimeout	
html	interface mixin	WindowOrWorkerGlobalScope	0	operation	clearTimeout	
html	interface mixin	WindowOrWorkerGlobalScope	0	operation	setInterval	
html	interface mixin	WindowOrWorkerGlobalScope	0	operation	clearInterval	
html	interface mixin	WindowOrWorkerGlobalScope	0	operation	queueMicrotask	
html	interface mixin	WindowOrWorkerGlobalScope	0	operation	createImageBitmap	
html	interface mixin	WindowOrWorkerGlobalScope	0	operation	createImageBitmap	
html	interface mixin	WindowOrWorkerGlobalScope	0	operation	structuredClone	
html	includes	Window	0		WindowOrWorkerGlobalScope	
html	includes	WorkerGlobalScope	0		WindowOrWorkerGlobalScope	
html	interface	Element	1	operation	setHTML	
html	interface	Element	1	operation	setHTMLUnsafe	
html	interface	Element	1	operation	getHTML	
html	interface	Element	1	attribute	innerHTML	
html	interface	Element	1	attribute	outerHTML	
html	interface	Element	1	operation	insertAdjacentHTML	
html	interface	ShadowRoot	1	operation	setHTML	
html	interface	ShadowRoot	1	operation	setHTMLUnsafe	
html	interface	ShadowRoot	1	operation	getHTML	
html	interface	ShadowRoot	1	attribute	innerHTML	
html	enum	SanitizerPresets	0			
html	dictionary	SetHTMLOptions	0	field	sanitizer	
html	dictionary	SetHTMLUnsafeOptions	0	field	sanitizer	
html	dictionary	SetHTMLUnsafeOptions	0	field	runScripts	
html	dictionary	ParseHTMLUnsafeOptions	0	field	sanitizer	
html	dictionary	GetHTMLOptions	0	field	serializableShadowRoots	
html	dictionary	GetHTMLOptions	0	field	shadowRoots	
html	interface	DOMParser	0	constructor	constructor	Window
html	interface	DOMParser	0	operation	parseFromString	Window
html	enum	DOMParserSupportedType	0			
html	interface	Range	1	operation	createContextualFragment	
html	interface	XMLSerializer	0	constructor	constructor	Window
html	interface	XMLSerializer	0	operation	serializeToString	Window
html	interface	Sanitizer	0	constructor	constructor	Window
html	interface	Sanitizer	0	operation	get	Window
html	interface	Sanitizer	0	operation	allowElement	Window
html	interface	Sanitizer	0	operation	removeElement	Window
html	interface	Sanitizer	0	operation	replaceElementWithChildren	Window
html	interface	Sanitizer	0	operation	allowProcessingInstruction	Window
html	interface	Sanitizer	0	operation	removeProcessingInstruction	Window
html	interface	Sanitizer	0	operation	allowAttribute	Window
html	interface	Sanitizer	0	operation	removeAttribute	Window
html	interface	Sanitizer	0	operation	setComments	Window
html	interface	Sanitizer	0	operation	setDataAttributes	Window
html	interface	Sanitizer	0	operation	setJavascriptURLs	Window
html	interface	Sanitizer	0	operation	removeUnsafe	Window
html	dictionary	SanitizerElementNamespace	0	field	name	
html	dictionary	SanitizerElementNamespace	0	field	namespace	
html	dictionary	SanitizerElementNamespaceWithAttributes	0	field	attributes	
html	dictionary	SanitizerElementNamespaceWithAttributes	0	field	removeAttributes	
html	dictionary	SanitizerAttributeNamespace	0	field	name	
html	dictionary	SanitizerAttributeNamespace	0	field	namespace	
html	dictionary	SanitizerProcessingInstruction	0	field	target	
html	typedef	SanitizerElement	0			
html	typedef	SanitizerElementWithAttributes	0			
html	typedef	SanitizerPI	0			
html	typedef	SanitizerAttribute	0			
html	dictionary	SanitizerConfig	0	field	elements	
html	dictionary	SanitizerConfig	0	field	removeElements	
html	dictionary	SanitizerConfig	0	field	replaceWithChildrenElements	
html	dictionary	SanitizerConfig	0	field	processingInstructions	
html	dictionary	SanitizerConfig	0	field	removeProcessingInstructions	
html	dictionary	SanitizerConfig	0	field	attributes	
html	dictionary	SanitizerConfig	0	field	removeAttributes	
html	dictionary	SanitizerConfig	0	field	comments	
html	dictionary	SanitizerConfig	0	field	dataAttributes	
html	dictionary	SanitizerConfig	0	field	javascriptURLs	
html	interface	Navigator	0			Window
html	includes	Navigator	0		NavigatorID	
html	includes	Navigator	0		NavigatorLanguage	
html	includes	Navigator	0		NavigatorOnLine	
html	includes	Navigator	0		NavigatorContentUtils	
html	includes	Navigator	0		NavigatorCookies	
html	includes	Navigator	0		NavigatorPlugins	
html	includes	Navigator	0		NavigatorConcurrentHardware	
html	interface mixin	NavigatorID	0	attribute	appCodeName	
html	interface mixin	NavigatorID	0	attribute	appName	
html	interface mixin	NavigatorID	0	attribute	appVersion	
html	interface mixin	NavigatorID	0	attribute	platform	
html	interface mixin	NavigatorID	0	attribute	product	
html	interface mixin	NavigatorID	0	attribute	productSub	
html	interface mixin	NavigatorID	0	attribute	userAgent	
html	interface mixin	NavigatorID	0	attribute	vendor	
html	interface mixin	NavigatorID	0	attribute	vendorSub	
html	interface mixin	NavigatorID	1	operation	taintEnabled	
html	interface mixin	NavigatorID	1	attribute	oscpu	
html	interface mixin	NavigatorLanguage	0	attribute	language	
html	interface mixin	NavigatorLanguage	0	attribute	languages	
html	interface mixin	NavigatorOnLine	0	attribute	onLine	
html	interface mixin	NavigatorContentUtils	0	operation	registerProtocolHandler	
html	interface mixin	NavigatorContentUtils	0	operation	unregisterProtocolHandler	
html	interface mixin	NavigatorCookies	0	attribute	cookieEnabled	
html	interface mixin	NavigatorPlugins	0	attribute	plugins	
html	interface mixin	NavigatorPlugins	0	attribute	mimeTypes	
html	interface mixin	NavigatorPlugins	0	operation	javaEnabled	
html	interface mixin	NavigatorPlugins	0	attribute	pdfViewerEnabled	
html	interface	PluginArray	0	operation	refresh	Window
html	interface	PluginArray	0	attribute	length	Window
html	interface	PluginArray	0	operation	item	Window
html	interface	PluginArray	0	operation	namedItem	Window
html	interface	MimeTypeArray	0	attribute	length	Window
html	interface	MimeTypeArray	0	operation	item	Window
html	interface	MimeTypeArray	0	operation	namedItem	Window
html	interface	Plugin	0	attribute	name	Window
html	interface	Plugin	0	attribute	description	Window
html	interface	Plugin	0	attribute	filename	Window
html	interface	Plugin	0	attribute	length	Window
html	interface	Plugin	0	operation	item	Window
html	interface	Plugin	0	operation	namedItem	Window
html	interface	MimeType	0	attribute	type	Window
html	interface	MimeType	0	attribute	description	Window
html	interface	MimeType	0	attribute	suffixes	Window
html	interface	MimeType	0	attribute	enabledPlugin	Window
html	typedef	ImageDataArray	0			
html	enum	ImageDataPixelFormat	0			
html	dictionary	ImageDataSettings	0	field	colorSpace	
html	dictionary	ImageDataSettings	0	field	pixelFormat	
html	interface	ImageData	0	constructor	constructor	Window,Worker
html	interface	ImageData	0	constructor	constructor	Window,Worker
html	interface	ImageData	0	attribute	width	Window,Worker
html	interface	ImageData	0	attribute	height	Window,Worker
html	interface	ImageData	0	attribute	data	Window,Worker
html	interface	ImageData	0	attribute	pixelFormat	Window,Worker
html	interface	ImageData	0	attribute	colorSpace	Window,Worker
html	interface	ImageBitmap	0	attribute	width	Window,Worker
html	interface	ImageBitmap	0	attribute	height	Window,Worker
html	interface	ImageBitmap	0	operation	close	Window,Worker
html	typedef	ImageBitmapSource	0			
html	enum	ImageOrientation	0			
html	enum	PremultiplyAlpha	0			
html	enum	ColorSpaceConversion	0			
html	enum	ResizeQuality	0			
html	dictionary	ImageBitmapOptions	0	field	imageOrientation	
html	dictionary	ImageBitmapOptions	0	field	premultiplyAlpha	
html	dictionary	ImageBitmapOptions	0	field	colorSpaceConversion	
html	dictionary	ImageBitmapOptions	0	field	resizeWidth	
html	dictionary	ImageBitmapOptions	0	field	resizeHeight	
html	dictionary	ImageBitmapOptions	0	field	resizeQuality	
html	callback	FrameRequestCallback	0			
html	interface mixin	AnimationFrameProvider	0	operation	requestAnimationFrame	
html	interface mixin	AnimationFrameProvider	0	operation	cancelAnimationFrame	
html	includes	Window	0		AnimationFrameProvider	
html	includes	DedicatedWorkerGlobalScope	0		AnimationFrameProvider	
html	interface	MessageEvent	0	constructor	constructor	Window,Worker,AudioWorklet
html	interface	MessageEvent	0	attribute	data	Window,Worker,AudioWorklet
html	interface	MessageEvent	0	attribute	origin	Window,Worker,AudioWorklet
html	interface	MessageEvent	0	attribute	lastEventId	Window,Worker,AudioWorklet
html	interface	MessageEvent	0	attribute	source	Window,Worker,AudioWorklet
html	interface	MessageEvent	0	attribute	ports	Window,Worker,AudioWorklet
html	interface	MessageEvent	0	operation	initMessageEvent	Window,Worker,AudioWorklet
html	dictionary	MessageEventInit	0	field	data	
html	dictionary	MessageEventInit	0	field	origin	
html	dictionary	MessageEventInit	0	field	lastEventId	
html	dictionary	MessageEventInit	0	field	source	
html	dictionary	MessageEventInit	0	field	ports	
html	typedef	MessageEventSource	0			
html	interface	EventSource	0	constructor	constructor	Window,Worker
html	interface	EventSource	0	attribute	url	Window,Worker
html	interface	EventSource	0	attribute	withCredentials	Window,Worker
html	interface	EventSource	0	const	CONNECTING	Window,Worker
html	interface	EventSource	0	const	OPEN	Window,Worker
html	interface	EventSource	0	const	CLOSED	Window,Worker
html	interface	EventSource	0	attribute	readyState	Window,Worker
html	interface	EventSource	0	attribute	onopen	Window,Worker
html	interface	EventSource	0	attribute	onmessage	Window,Worker
html	interface	EventSource	0	attribute	onerror	Window,Worker
html	interface	EventSource	0	operation	close	Window,Worker
html	dictionary	EventSourceInit	0	field	withCredentials	
html	interface	MessageChannel	0	constructor	constructor	Window,Worker
html	interface	MessageChannel	0	attribute	port1	Window,Worker
html	interface	MessageChannel	0	attribute	port2	Window,Worker
html	interface mixin	MessageEventTarget	0	attribute	onmessage	
html	interface mixin	MessageEventTarget	0	attribute	onmessageerror	
html	interface	MessagePort	0	operation	postMessage	Window,Worker,AudioWorklet
html	interface	MessagePort	0	operation	postMessage	Window,Worker,AudioWorklet
html	interface	MessagePort	0	operation	start	Window,Worker,AudioWorklet
html	interface	MessagePort	0	operation	close	Window,Worker,AudioWorklet
html	interface	MessagePort	0	attribute	onclose	Window,Worker,AudioWorklet
html	includes	MessagePort	0		MessageEventTarget	
html	dictionary	StructuredSerializeOptions	0	field	transfer	
html	interface	BroadcastChannel	0	constructor	constructor	Window,Worker
html	interface	BroadcastChannel	0	attribute	name	Window,Worker
html	interface	BroadcastChannel	0	operation	postMessage	Window,Worker
html	interface	BroadcastChannel	0	operation	close	Window,Worker
html	interface	BroadcastChannel	0	attribute	onmessage	Window,Worker
html	interface	BroadcastChannel	0	attribute	onmessageerror	Window,Worker
html	interface	WorkerGlobalScope	0	attribute	self	Worker
html	interface	WorkerGlobalScope	0	attribute	location	Worker
html	interface	WorkerGlobalScope	0	attribute	navigator	Worker
html	interface	WorkerGlobalScope	0	operation	importScripts	Worker
html	interface	WorkerGlobalScope	0	attribute	onerror	Worker
html	interface	WorkerGlobalScope	0	attribute	onlanguagechange	Worker
html	interface	WorkerGlobalScope	0	attribute	onoffline	Worker
html	interface	WorkerGlobalScope	0	attribute	ononline	Worker
html	interface	WorkerGlobalScope	0	attribute	onrejectionhandled	Worker
html	interface	WorkerGlobalScope	0	attribute	onunhandledrejection	Worker
html	interface	DedicatedWorkerGlobalScope	0	attribute	name	DedicatedWorker
html	interface	DedicatedWorkerGlobalScope	0	operation	postMessage	DedicatedWorker
html	interface	DedicatedWorkerGlobalScope	0	operation	postMessage	DedicatedWorker
html	interface	DedicatedWorkerGlobalScope	0	operation	close	DedicatedWorker
html	includes	DedicatedWorkerGlobalScope	0		MessageEventTarget	
html	interface	SharedWorkerGlobalScope	0	attribute	name	SharedWorker
html	interface	SharedWorkerGlobalScope	0	operation	close	SharedWorker
html	interface	SharedWorkerGlobalScope	0	attribute	onconnect	SharedWorker
html	interface mixin	AbstractWorker	0	attribute	onerror	
html	interface	Worker	0	constructor	constructor	Window,DedicatedWorker,SharedWorker
html	interface	Worker	0	operation	terminate	Window,DedicatedWorker,SharedWorker
html	interface	Worker	0	operation	postMessage	Window,DedicatedWorker,SharedWorker
html	interface	Worker	0	operation	postMessage	Window,DedicatedWorker,SharedWorker
html	dictionary	WorkerOptions	0	field	name	
html	dictionary	WorkerOptions	0	field	type	
html	dictionary	WorkerOptions	0	field	credentials	
html	enum	WorkerType	0			
html	includes	Worker	0		AbstractWorker	
html	includes	Worker	0		MessageEventTarget	
html	interface	SharedWorker	0	constructor	constructor	Window
html	interface	SharedWorker	0	attribute	port	Window
html	includes	SharedWorker	0		AbstractWorker	
html	dictionary	SharedWorkerOptions	0	field	extendedLifetime	
html	interface mixin	NavigatorConcurrentHardware	0	attribute	hardwareConcurrency	
html	interface	WorkerNavigator	0			Worker
html	includes	WorkerNavigator	0		NavigatorID	
html	includes	WorkerNavigator	0		NavigatorLanguage	
html	includes	WorkerNavigator	0		NavigatorOnLine	
html	includes	WorkerNavigator	0		NavigatorConcurrentHardware	
html	interface	WorkerLocation	0	attribute	href	Worker
html	interface	WorkerLocation	0	attribute	origin	Worker
html	interface	WorkerLocation	0	attribute	protocol	Worker
html	interface	WorkerLocation	0	attribute	host	Worker
html	interface	WorkerLocation	0	attribute	hostname	Worker
html	interface	WorkerLocation	0	attribute	port	Worker
html	interface	WorkerLocation	0	attribute	pathname	Worker
html	interface	WorkerLocation	0	attribute	search	Worker
html	interface	WorkerLocation	0	attribute	hash	Worker
html	interface	WorkletGlobalScope	0			Worklet
html	interface	Worklet	0	operation	addModule	Window
html	dictionary	WorkletOptions	0	field	credentials	
html	interface	Storage	0	attribute	length	Window
html	interface	Storage	0	operation	key	Window
html	interface	Storage	0	operation	getItem	Window
html	interface	Storage	0	operation	setItem	Window
html	interface	Storage	0	operation	removeItem	Window
html	interface	Storage	0	operation	clear	Window
html	interface mixin	WindowSessionStorage	0	attribute	sessionStorage	
html	includes	Window	0		WindowSessionStorage	
html	interface mixin	WindowLocalStorage	0	attribute	localStorage	
html	includes	Window	0		WindowLocalStorage	
html	interface	StorageEvent	0	constructor	constructor	Window
html	interface	StorageEvent	0	attribute	key	Window
html	interface	StorageEvent	0	attribute	oldValue	Window
html	interface	StorageEvent	0	attribute	newValue	Window
html	interface	StorageEvent	0	attribute	url	Window
html	interface	StorageEvent	0	attribute	storageArea	Window
html	interface	StorageEvent	0	operation	initStorageEvent	Window
html	dictionary	StorageEventInit	0	field	key	
html	dictionary	StorageEventInit	0	field	oldValue	
html	dictionary	StorageEventInit	0	field	newValue	
html	dictionary	StorageEventInit	0	field	url	
html	dictionary	StorageEventInit	0	field	storageArea	
html	interface	HTMLMarqueeElement	0	constructor	constructor	Window
html	interface	HTMLMarqueeElement	0	attribute	behavior	Window
html	interface	HTMLMarqueeElement	0	attribute	bgColor	Window
html	interface	HTMLMarqueeElement	0	attribute	direction	Window
html	interface	HTMLMarqueeElement	0	attribute	height	Window
html	interface	HTMLMarqueeElement	0	attribute	hspace	Window
html	interface	HTMLMarqueeElement	0	attribute	loop	Window
html	interface	HTMLMarqueeElement	0	attribute	scrollAmount	Window
html	interface	HTMLMarqueeElement	0	attribute	scrollDelay	Window
html	interface	HTMLMarqueeElement	0	attribute	trueSpeed	Window
html	interface	HTMLMarqueeElement	0	attribute	vspace	Window
html	interface	HTMLMarqueeElement	0	attribute	width	Window
html	interface	HTMLMarqueeElement	0	operation	start	Window
html	interface	HTMLMarqueeElement	0	operation	stop	Window
html	interface	HTMLFrameSetElement	0	constructor	constructor	Window
html	interface	HTMLFrameSetElement	0	attribute	cols	Window
html	interface	HTMLFrameSetElement	0	attribute	rows	Window
html	includes	HTMLFrameSetElement	0		WindowEventHandlers	
html	interface	HTMLFrameElement	0	constructor	constructor	Window
html	interface	HTMLFrameElement	0	attribute	name	Window
html	interface	HTMLFrameElement	0	attribute	scrolling	Window
html	interface	HTMLFrameElement	0	attribute	src	Window
html	interface	HTMLFrameElement	0	attribute	frameBorder	Window
html	interface	HTMLFrameElement	0	attribute	longDesc	Window
html	interface	HTMLFrameElement	0	attribute	noResize	Window
html	interface	HTMLFrameElement	0	attribute	contentDocument	Window
html	interface	HTMLFrameElement	0	attribute	contentWindow	Window
html	interface	HTMLFrameElement	0	attribute	marginHeight	Window
html	interface	HTMLFrameElement	0	attribute	marginWidth	Window
html	interface	HTMLAnchorElement	1	attribute	coords	
html	interface	HTMLAnchorElement	1	attribute	charset	
html	interface	HTMLAnchorElement	1	attribute	name	
html	interface	HTMLAnchorElement	1	attribute	rev	
html	interface	HTMLAnchorElement	1	attribute	shape	
html	interface	HTMLAreaElement	1	attribute	noHref	
html	interface	HTMLBodyElement	1	attribute	text	
html	interface	HTMLBodyElement	1	attribute	link	
html	interface	HTMLBodyElement	1	attribute	vLink	
html	interface	HTMLBodyElement	1	attribute	aLink	
html	interface	HTMLBodyElement	1	attribute	bgColor	
html	interface	HTMLBodyElement	1	attribute	background	
html	interface	HTMLBRElement	1	attribute	clear	
html	interface	HTMLTableCaptionElement	1	attribute	align	
html	interface	HTMLTableColElement	1	attribute	align	
html	interface	HTMLTableColElement	1	attribute	ch	
html	interface	HTMLTableColElement	1	attribute	chOff	
html	interface	HTMLTableColElement	1	attribute	vAlign	
html	interface	HTMLTableColElement	1	attribute	width	
html	interface	HTMLDirectoryElement	0	constructor	constructor	Window
html	interface	HTMLDirectoryElement	0	attribute	compact	Window
html	interface	HTMLDivElement	1	attribute	align	
html	interface	HTMLDListElement	1	attribute	compact	
html	interface	HTMLEmbedElement	1	attribute	align	
html	interface	HTMLEmbedElement	1	attribute	name	
html	interface	HTMLFontElement	0	constructor	constructor	Window
html	interface	HTMLFontElement	0	attribute	color	Window
html	interface	HTMLFontElement	0	attribute	face	Window
html	interface	HTMLFontElement	0	attribute	size	Window
html	interface	HTMLHeadingElement	1	attribute	align	
html	interface	HTMLHRElement	1	attribute	align	
html	interface	HTMLHRElement	1	attribute	color	
html	interface	HTMLHRElement	1	attribute	noShade	
html	interface	HTMLHRElement	1	attribute	size	
html	interface	HTMLHRElement	1	attribute	width	
html	interface	HTMLHtmlElement	1	attribute	version	
html	interface	HTMLIFrameElement	1	attribute	align	
html	interface	HTMLIFrameElement	1	attribute	scrolling	
html	interface	HTMLIFrameElement	1	attribute	frameBorder	
html	interface	HTMLIFrameElement	1	attribute	longDesc	
html	interface	HTMLIFrameElement	1	attribute	marginHeight	
html	interface	HTMLIFrameElement	1	attribute	marginWidth	
html	interface	HTMLImageElement	1	attribute	name	
html	interface	HTMLImageElement	1	attribute	lowsrc	
html	interface	HTMLImageElement	1	attribute	align	
html	interface	HTMLImageElement	1	attribute	hspace	
html	interface	HTMLImageElement	1	attribute	vspace	
html	interface	HTMLImageElement	1	attribute	longDesc	
html	interface	HTMLImageElement	1	attribute	border	
html	interface	HTMLInputElement	1	attribute	align	
html	interface	HTMLInputElement	1	attribute	useMap	
html	interface	HTMLLegendElement	1	attribute	align	
html	interface	HTMLLIElement	1	attribute	type	
html	interface	HTMLLinkElement	1	attribute	charset	
html	interface	HTMLLinkElement	1	attribute	rev	
html	interface	HTMLLinkElement	1	attribute	target	
html	interface	HTMLMenuElement	1	attribute	compact	
html	interface	HTMLMetaElement	1	attribute	scheme	
html	interface	HTMLObjectElement	1	attribute	align	
html	interface	HTMLObjectElement	1	attribute	archive	
html	interface	HTMLObjectElement	1	attribute	code	
html	interface	HTMLObjectElement	1	attribute	declare	
html	interface	HTMLObjectElement	1	attribute	hspace	
html	interface	HTMLObjectElement	1	attribute	standby	
html	interface	HTMLObjectElement	1	attribute	vspace	
html	interface	HTMLObjectElement	1	attribute	codeBase	
html	interface	HTMLObjectElement	1	attribute	codeType	
html	interface	HTMLObjectElement	1	attribute	useMap	
html	interface	HTMLObjectElement	1	attribute	border	
html	interface	HTMLOListElement	1	attribute	compact	
html	interface	HTMLParagraphElement	1	attribute	align	
html	interface	HTMLParamElement	0	constructor	constructor	Window
html	interface	HTMLParamElement	0	attribute	name	Window
html	interface	HTMLParamElement	0	attribute	value	Window
html	interface	HTMLParamElement	0	attribute	type	Window
html	interface	HTMLParamElement	0	attribute	valueType	Window
html	interface	HTMLPreElement	1	attribute	width	
html	interface	HTMLStyleElement	1	attribute	type	
html	interface	HTMLScriptElement	1	attribute	charset	
html	interface	HTMLScriptElement	1	attribute	event	
html	interface	HTMLScriptElement	1	attribute	htmlFor	
html	interface	HTMLTableElement	1	attribute	align	
html	interface	HTMLTableElement	1	attribute	border	
html	interface	HTMLTableElement	1	attribute	frame	
html	interface	HTMLTableElement	1	attribute	rules	
html	interface	HTMLTableElement	1	attribute	summary	
html	interface	HTMLTableElement	1	attribute	width	
html	interface	HTMLTableElement	1	attribute	bgColor	
html	interface	HTMLTableElement	1	attribute	cellPadding	
html	interface	HTMLTableElement	1	attribute	cellSpacing	
html	interface	HTMLTableSectionElement	1	attribute	align	
html	interface	HTMLTableSectionElement	1	attribute	ch	
html	interface	HTMLTableSectionElement	1	attribute	chOff	
html	interface	HTMLTableSectionElement	1	attribute	vAlign	
html	interface	HTMLTableCellElement	1	attribute	align	
html	interface	HTMLTableCellElement	1	attribute	axis	
html	interface	HTMLTableCellElement	1	attribute	height	
html	interface	HTMLTableCellElement	1	attribute	width	
html	interface	HTMLTableCellElement	1	attribute	ch	
html	interface	HTMLTableCellElement	1	attribute	chOff	
html	interface	HTMLTableCellElement	1	attribute	noWrap	
html	interface	HTMLTableCellElement	1	attribute	vAlign	
html	interface	HTMLTableCellElement	1	attribute	bgColor	
html	interface	HTMLTableRowElement	1	attribute	align	
html	interface	HTMLTableRowElement	1	attribute	ch	
html	interface	HTMLTableRowElement	1	attribute	chOff	
html	interface	HTMLTableRowElement	1	attribute	vAlign	
html	interface	HTMLTableRowElement	1	attribute	bgColor	
html	interface	HTMLUListElement	1	attribute	compact	
html	interface	HTMLUListElement	1	attribute	type	
html	interface	Document	1	attribute	fgColor	
html	interface	Document	1	attribute	linkColor	
html	interface	Document	1	attribute	vlinkColor	
html	interface	Document	1	attribute	alinkColor	
html	interface	Document	1	attribute	bgColor	
html	interface	Document	1	attribute	anchors	
html	interface	Document	1	attribute	applets	
html	interface	Document	1	operation	clear	
html	interface	Document	1	operation	captureEvents	
html	interface	Document	1	operation	releaseEvents	
html	interface	Document	1	attribute	all	
html	interface	Window	1	operation	captureEvents	
html	interface	Window	1	operation	releaseEvents	
html	interface	Window	1	attribute	external	
html	interface	External	0	operation	AddSearchProvider	Window
html	interface	External	0	operation	IsSearchProviderInstalled	Window
idle-detection	enum	UserIdleState	0			
idle-detection	enum	ScreenIdleState	0			
idle-detection	dictionary	IdleOptions	0	field	threshold	
idle-detection	dictionary	IdleOptions	0	field	signal	
idle-detection	interface	IdleDetector	0	constructor	constructor	Window,DedicatedWorker
idle-detection	interface	IdleDetector	0	attribute	userState	Window,DedicatedWorker
idle-detection	interface	IdleDetector	0	attribute	screenState	Window,DedicatedWorker
idle-detection	interface	IdleDetector	0	attribute	onchange	Window,DedicatedWorker
idle-detection	interface	IdleDetector	0	operation	requestPermission	Window,DedicatedWorker
idle-detection	interface	IdleDetector	0	operation	start	Window,DedicatedWorker
image-capture	interface	ImageCapture	0	constructor	constructor	Window
image-capture	interface	ImageCapture	0	operation	takePhoto	Window
image-capture	interface	ImageCapture	0	operation	getPhotoCapabilities	Window
image-capture	interface	ImageCapture	0	operation	getPhotoSettings	Window
image-capture	interface	ImageCapture	0	operation	grabFrame	Window
image-capture	interface	ImageCapture	0	attribute	track	Window
image-capture	dictionary	PhotoCapabilities	0	field	redEyeReduction	
image-capture	dictionary	PhotoCapabilities	0	field	imageHeight	
image-capture	dictionary	PhotoCapabilities	0	field	imageWidth	
image-capture	dictionary	PhotoCapabilities	0	field	fillLightMode	
image-capture	dictionary	PhotoSettings	0	field	fillLightMode	
image-capture	dictionary	PhotoSettings	0	field	imageHeight	
image-capture	dictionary	PhotoSettings	0	field	imageWidth	
image-capture	dictionary	PhotoSettings	0	field	redEyeReduction	
image-capture	dictionary	MediaSettingsRange	0	field	max	
image-capture	dictionary	MediaSettingsRange	0	field	min	
image-capture	dictionary	MediaSettingsRange	0	field	step	
image-capture	enum	RedEyeReduction	0			
image-capture	enum	FillLightMode	0			
image-capture	dictionary	MediaTrackSupportedConstraints	1	field	whiteBalanceMode	
image-capture	dictionary	MediaTrackSupportedConstraints	1	field	exposureMode	
image-capture	dictionary	MediaTrackSupportedConstraints	1	field	focusMode	
image-capture	dictionary	MediaTrackSupportedConstraints	1	field	pointsOfInterest	
image-capture	dictionary	MediaTrackSupportedConstraints	1	field	exposureCompensation	
image-capture	dictionary	MediaTrackSupportedConstraints	1	field	exposureTime	
image-capture	dictionary	MediaTrackSupportedConstraints	1	field	colorTemperature	
image-capture	dictionary	MediaTrackSupportedConstraints	1	field	iso	
image-capture	dictionary	MediaTrackSupportedConstraints	1	field	brightness	
image-capture	dictionary	MediaTrackSupportedConstraints	1	field	contrast	
image-capture	dictionary	MediaTrackSupportedConstraints	1	field	pan	
image-capture	dictionary	MediaTrackSupportedConstraints	1	field	saturation	
image-capture	dictionary	MediaTrackSupportedConstraints	1	field	sharpness	
image-capture	dictionary	MediaTrackSupportedConstraints	1	field	focusDistance	
image-capture	dictionary	MediaTrackSupportedConstraints	1	field	tilt	
image-capture	dictionary	MediaTrackSupportedConstraints	1	field	zoom	
image-capture	dictionary	MediaTrackSupportedConstraints	1	field	torch	
image-capture	dictionary	MediaTrackCapabilities	1	field	whiteBalanceMode	
image-capture	dictionary	MediaTrackCapabilities	1	field	exposureMode	
image-capture	dictionary	MediaTrackCapabilities	1	field	focusMode	
image-capture	dictionary	MediaTrackCapabilities	1	field	exposureCompensation	
image-capture	dictionary	MediaTrackCapabilities	1	field	exposureTime	
image-capture	dictionary	MediaTrackCapabilities	1	field	colorTemperature	
image-capture	dictionary	MediaTrackCapabilities	1	field	iso	
image-capture	dictionary	MediaTrackCapabilities	1	field	brightness	
image-capture	dictionary	MediaTrackCapabilities	1	field	contrast	
image-capture	dictionary	MediaTrackCapabilities	1	field	saturation	
image-capture	dictionary	MediaTrackCapabilities	1	field	sharpness	
image-capture	dictionary	MediaTrackCapabilities	1	field	focusDistance	
image-capture	dictionary	MediaTrackCapabilities	1	field	pan	
image-capture	dictionary	MediaTrackCapabilities	1	field	tilt	
image-capture	dictionary	MediaTrackCapabilities	1	field	zoom	
image-capture	dictionary	MediaTrackCapabilities	1	field	torch	
image-capture	dictionary	MediaTrackConstraintSet	1	field	whiteBalanceMode	
image-capture	dictionary	MediaTrackConstraintSet	1	field	exposureMode	
image-capture	dictionary	MediaTrackConstraintSet	1	field	focusMode	
image-capture	dictionary	MediaTrackConstraintSet	1	field	pointsOfInterest	
image-capture	dictionary	MediaTrackConstraintSet	1	field	exposureCompensation	
image-capture	dictionary	MediaTrackConstraintSet	1	field	exposureTime	
image-capture	dictionary	MediaTrackConstraintSet	1	field	colorTemperature	
image-capture	dictionary	MediaTrackConstraintSet	1	field	iso	
image-capture	dictionary	MediaTrackConstraintSet	1	field	brightness	
image-capture	dictionary	MediaTrackConstraintSet	1	field	contrast	
image-capture	dictionary	MediaTrackConstraintSet	1	field	saturation	
image-capture	dictionary	MediaTrackConstraintSet	1	field	sharpness	
image-capture	dictionary	MediaTrackConstraintSet	1	field	focusDistance	
image-capture	dictionary	MediaTrackConstraintSet	1	field	pan	
image-capture	dictionary	MediaTrackConstraintSet	1	field	tilt	
image-capture	dictionary	MediaTrackConstraintSet	1	field	zoom	
image-capture	dictionary	MediaTrackConstraintSet	1	field	torch	
image-capture	dictionary	MediaTrackSettings	1	field	whiteBalanceMode	
image-capture	dictionary	MediaTrackSettings	1	field	exposureMode	
image-capture	dictionary	MediaTrackSettings	1	field	focusMode	
image-capture	dictionary	MediaTrackSettings	1	field	pointsOfInterest	
image-capture	dictionary	MediaTrackSettings	1	field	exposureCompensation	
image-capture	dictionary	MediaTrackSettings	1	field	exposureTime	
image-capture	dictionary	MediaTrackSettings	1	field	colorTemperature	
image-capture	dictionary	MediaTrackSettings	1	field	iso	
image-capture	dictionary	MediaTrackSettings	1	field	brightness	
image-capture	dictionary	MediaTrackSettings	1	field	contrast	
image-capture	dictionary	MediaTrackSettings	1	field	saturation	
image-capture	dictionary	MediaTrackSettings	1	field	sharpness	
image-capture	dictionary	MediaTrackSettings	1	field	focusDistance	
image-capture	dictionary	MediaTrackSettings	1	field	pan	
image-capture	dictionary	MediaTrackSettings	1	field	tilt	
image-capture	dictionary	MediaTrackSettings	1	field	zoom	
image-capture	dictionary	MediaTrackSettings	1	field	torch	
image-capture	dictionary	ConstrainPoint2DParameters	0	field	exact	
image-capture	dictionary	ConstrainPoint2DParameters	0	field	ideal	
image-capture	typedef	ConstrainPoint2D	0			
image-capture	enum	MeteringMode	0			
image-capture	dictionary	Point2D	0	field	x	
image-capture	dictionary	Point2D	0	field	y	
image-resource	dictionary	ImageResource	0	field	src	
image-resource	dictionary	ImageResource	0	field	sizes	
image-resource	dictionary	ImageResource	0	field	type	
image-resource	dictionary	ImageResource	0	field	label	
ink-enhancement	interface	Ink	0	operation	requestPresenter	Window
ink-enhancement	dictionary	InkPresenterParam	0	field	presentationArea	
ink-enhancement	interface	DelegatedInkTrailPresenter	0	attribute	presentationArea	Window
ink-enhancement	interface	DelegatedInkTrailPresenter	0	operation	updateInkTrailStartPoint	Window
ink-enhancement	dictionary	InkTrailStyle	0	field	color	
ink-enhancement	dictionary	InkTrailStyle	0	field	diameter	
ink-enhancement	interface	Navigator	1	attribute	ink	Window
input-device-capabilities	interface	InputDeviceCapabilities	0	constructor	constructor	Window
input-device-capabilities	interface	InputDeviceCapabilities	0	attribute	firesTouchEvents	Window
input-device-capabilities	interface	InputDeviceCapabilities	0	attribute	pointerMovementScrolls	Window
input-device-capabilities	dictionary	InputDeviceCapabilitiesInit	0	field	firesTouchEvents	
input-device-capabilities	dictionary	InputDeviceCapabilitiesInit	0	field	pointerMovementScrolls	
input-device-capabilities	interface	UIEvent	1	attribute	sourceCapabilities	
input-device-capabilities	dictionary	UIEventInit	1	field	sourceCapabilities	
input-events	interface	InputEvent	1	attribute	dataTransfer	
input-events	interface	InputEvent	1	operation	getTargetRanges	
input-events	dictionary	InputEventInit	1	field	dataTransfer	
input-events	dictionary	InputEventInit	1	field	targetRanges	
install-element	interface	Navigator	1	operation	install	
install-element	interface	Navigator	1	operation	install	
install-element	dictionary	InstallParams	0	field	manifest	
install-element	dictionary	InstallParams	0	field	manifestId	
install-element	dictionary	WebInstallResult	0			
install-element	interface	HTMLInstallElement	0	constructor	constructor	Window
install-element	interface	HTMLInstallElement	0	attribute	manifest	Window
install-element	interface	HTMLInstallElement	0	attribute	manifestId	Window
install-element	interface	HTMLInstallElement	0	attribute	oninstallresult	Window
install-element	includes	HTMLInstallElement	0		ActivationBlockersMixin	
install-element	enum	InstallResult	0			
install-element	interface	InstallResultEvent	0	constructor	constructor	Window
install-element	interface	InstallResultEvent	0	attribute	result	Window
install-element	dictionary	InstallResultEventInit	0	field	result	
intersection-observer	callback	IntersectionObserverCallback	0			
intersection-observer	interface	IntersectionObserver	0	constructor	constructor	Window
intersection-observer	interface	IntersectionObserver	0	attribute	root	Window
intersection-observer	interface	IntersectionObserver	0	attribute	rootMargin	Window
intersection-observer	interface	IntersectionObserver	0	attribute	scrollMargin	Window
intersection-observer	interface	IntersectionObserver	0	attribute	thresholds	Window
intersection-observer	interface	IntersectionObserver	0	attribute	delay	Window
intersection-observer	interface	IntersectionObserver	0	attribute	trackVisibility	Window
intersection-observer	interface	IntersectionObserver	0	operation	observe	Window
intersection-observer	interface	IntersectionObserver	0	operation	unobserve	Window
intersection-observer	interface	IntersectionObserver	0	operation	disconnect	Window
intersection-observer	interface	IntersectionObserver	0	operation	takeRecords	Window
intersection-observer	interface	IntersectionObserverEntry	0	constructor	constructor	Window
intersection-observer	interface	IntersectionObserverEntry	0	attribute	time	Window
intersection-observer	interface	IntersectionObserverEntry	0	attribute	rootBounds	Window
intersection-observer	interface	IntersectionObserverEntry	0	attribute	boundingClientRect	Window
intersection-observer	interface	IntersectionObserverEntry	0	attribute	intersectionRect	Window
intersection-observer	interface	IntersectionObserverEntry	0	attribute	isIntersecting	Window
intersection-observer	interface	IntersectionObserverEntry	0	attribute	isVisible	Window
intersection-observer	interface	IntersectionObserverEntry	0	attribute	intersectionRatio	Window
intersection-observer	interface	IntersectionObserverEntry	0	attribute	target	Window
intersection-observer	dictionary	IntersectionObserverEntryInit	0	field	time	
intersection-observer	dictionary	IntersectionObserverEntryInit	0	field	rootBounds	
intersection-observer	dictionary	IntersectionObserverEntryInit	0	field	boundingClientRect	
intersection-observer	dictionary	IntersectionObserverEntryInit	0	field	intersectionRect	
intersection-observer	dictionary	IntersectionObserverEntryInit	0	field	isIntersecting	
intersection-observer	dictionary	IntersectionObserverEntryInit	0	field	isVisible	
intersection-observer	dictionary	IntersectionObserverEntryInit	0	field	intersectionRatio	
intersection-observer	dictionary	IntersectionObserverEntryInit	0	field	target	
intersection-observer	dictionary	IntersectionObserverInit	0	field	root	
intersection-observer	dictionary	IntersectionObserverInit	0	field	rootMargin	
intersection-observer	dictionary	IntersectionObserverInit	0	field	scrollMargin	
intersection-observer	dictionary	IntersectionObserverInit	0	field	threshold	
intersection-observer	dictionary	IntersectionObserverInit	0	field	delay	
intersection-observer	dictionary	IntersectionObserverInit	0	field	trackVisibility	
intervention-reporting	dictionary	InterventionReportBody	0	field	id	
intervention-reporting	dictionary	InterventionReportBody	0	field	message	
intervention-reporting	dictionary	InterventionReportBody	0	field	sourceFile	
intervention-reporting	dictionary	InterventionReportBody	0	field	lineNumber	
intervention-reporting	dictionary	InterventionReportBody	0	field	columnNumber	
is-input-pending	dictionary	IsInputPendingOptions	0	field	includeContinuous	
is-input-pending	interface	Scheduling	0	operation	isInputPending	Window
is-input-pending	interface	Navigator	1	attribute	scheduling	
js-self-profiling	interface	Profiler	0	attribute	sampleInterval	Window,Worker
js-self-profiling	interface	Profiler	0	attribute	stopped	Window,Worker
js-self-profiling	interface	Profiler	0	constructor	constructor	Window,Worker
js-self-profiling	interface	Profiler	0	operation	stop	Window,Worker
js-self-profiling	typedef	ProfilerResource	0			
js-self-profiling	dictionary	ProfilerTrace	0	field	resources	
js-self-profiling	dictionary	ProfilerTrace	0	field	frames	
js-self-profiling	dictionary	ProfilerTrace	0	field	stacks	
js-self-profiling	dictionary	ProfilerTrace	0	field	samples	
js-self-profiling	dictionary	ProfilerSample	0	field	timestamp	
js-self-profiling	dictionary	ProfilerSample	0	field	stackId	
js-self-profiling	dictionary	ProfilerStack	0	field	parentId	
js-self-profiling	dictionary	ProfilerStack	0	field	frameId	
js-self-profiling	dictionary	ProfilerFrame	0	field	name	
js-self-profiling	dictionary	ProfilerFrame	0	field	resourceId	
js-self-profiling	dictionary	ProfilerFrame	0	field	line	
js-self-profiling	dictionary	ProfilerFrame	0	field	column	
js-self-profiling	dictionary	ProfilerInitOptions	0	field	sampleInterval	
js-self-profiling	dictionary	ProfilerInitOptions	0	field	maxBufferSize	
keyboard-lock	interface	Navigator	1	attribute	keyboard	
keyboard-lock	interface	Keyboard	0	operation	lock	Window
keyboard-lock	interface	Keyboard	0	operation	unlock	Window
keyboard-map	interface	KeyboardLayoutMap	0	maplike	@@maplike	Window
keyboard-map	interface	Keyboard	1	operation	getLayoutMap	
keyboard-map	interface	Keyboard	1	attribute	onlayoutchange	
largest-contentful-paint	interface	LargestContentfulPaint	0	attribute	loadTime	Window
largest-contentful-paint	interface	LargestContentfulPaint	0	attribute	renderTime	Window
largest-contentful-paint	interface	LargestContentfulPaint	0	attribute	size	Window
largest-contentful-paint	interface	LargestContentfulPaint	0	attribute	id	Window
largest-contentful-paint	interface	LargestContentfulPaint	0	attribute	url	Window
largest-contentful-paint	interface	LargestContentfulPaint	0	attribute	element	Window
largest-contentful-paint	interface	LargestContentfulPaint	0	operation	toJSON	Window
largest-contentful-paint	includes	LargestContentfulPaint	0		PaintTimingMixin	
layout-instability	interface	LayoutShift	0	attribute	value	Window
layout-instability	interface	LayoutShift	0	attribute	hadRecentInput	Window
layout-instability	interface	LayoutShift	0	attribute	lastInputTime	Window
layout-instability	interface	LayoutShift	0	attribute	sources	Window
layout-instability	interface	LayoutShift	0	operation	toJSON	Window
layout-instability	interface	LayoutShiftAttribution	0	attribute	node	Window
layout-instability	interface	LayoutShiftAttribution	0	attribute	previousRect	Window
layout-instability	interface	LayoutShiftAttribution	0	attribute	currentRect	Window
local-font-access	interface	Window	1	operation	queryLocalFonts	
local-font-access	dictionary	QueryOptions	0	field	postscriptNames	
local-font-access	interface	FontData	0	operation	blob	Window
local-font-access	interface	FontData	0	attribute	postscriptName	Window
local-font-access	interface	FontData	0	attribute	fullName	Window
local-font-access	interface	FontData	0	attribute	family	Window
local-font-access	interface	FontData	0	attribute	style	Window
local-network-access	enum	IPAddressSpace	0			
local-network-access	dictionary	RequestInit	1	field	targetAddressSpace	
local-network-access	interface	Request	1	attribute	targetAddressSpace	
login-status	enum	LoginStatus	0			
login-status	interface	NavigatorLogin	0	operation	setStatus	Window
login-status	interface	Navigator	1	attribute	login	
long-animation-frames	interface	PerformanceLongAnimationFrameTiming	0	attribute	startTime	Window
long-animation-frames	interface	PerformanceLongAnimationFrameTiming	0	attribute	duration	Window
long-animation-frames	interface	PerformanceLongAnimationFrameTiming	0	attribute	name	Window
long-animation-frames	interface	PerformanceLongAnimationFrameTiming	0	attribute	entryType	Window
long-animation-frames	interface	PerformanceLongAnimationFrameTiming	0	attribute	renderStart	Window
long-animation-frames	interface	PerformanceLongAnimationFrameTiming	0	attribute	styleAndLayoutStart	Window
long-animation-frames	interface	PerformanceLongAnimationFrameTiming	0	attribute	blockingDuration	Window
long-animation-frames	interface	PerformanceLongAnimationFrameTiming	0	attribute	firstUIEventTimestamp	Window
long-animation-frames	interface	PerformanceLongAnimationFrameTiming	0	attribute	scripts	Window
long-animation-frames	interface	PerformanceLongAnimationFrameTiming	0	operation	toJSON	Window
long-animation-frames	includes	PerformanceLongAnimationFrameTiming	0		PaintTimingMixin	
long-animation-frames	enum	ScriptInvokerType	0			
long-animation-frames	enum	ScriptWindowAttribution	0			
long-animation-frames	interface	PerformanceScriptTiming	0	attribute	startTime	Window
long-animation-frames	interface	PerformanceScriptTiming	0	attribute	duration	Window
long-animation-frames	interface	PerformanceScriptTiming	0	attribute	name	Window
long-animation-frames	interface	PerformanceScriptTiming	0	attribute	entryType	Window
long-animation-frames	interface	PerformanceScriptTiming	0	attribute	invokerType	Window
long-animation-frames	interface	PerformanceScriptTiming	0	attribute	invoker	Window
long-animation-frames	interface	PerformanceScriptTiming	0	attribute	executionStart	Window
long-animation-frames	interface	PerformanceScriptTiming	0	attribute	sourceURL	Window
long-animation-frames	interface	PerformanceScriptTiming	0	attribute	sourceFunctionName	Window
long-animation-frames	interface	PerformanceScriptTiming	0	attribute	sourceCharPosition	Window
long-animation-frames	interface	PerformanceScriptTiming	0	attribute	pauseDuration	Window
long-animation-frames	interface	PerformanceScriptTiming	0	attribute	forcedStyleAndLayoutDuration	Window
long-animation-frames	interface	PerformanceScriptTiming	0	attribute	window	Window
long-animation-frames	interface	PerformanceScriptTiming	0	attribute	windowAttribution	Window
long-animation-frames	interface	PerformanceScriptTiming	0	operation	toJSON	Window
longtasks	interface	PerformanceLongTaskTiming	0	attribute	startTime	Window
longtasks	interface	PerformanceLongTaskTiming	0	attribute	duration	Window
longtasks	interface	PerformanceLongTaskTiming	0	attribute	name	Window
longtasks	interface	PerformanceLongTaskTiming	0	attribute	entryType	Window
longtasks	interface	PerformanceLongTaskTiming	0	attribute	attribution	Window
longtasks	interface	PerformanceLongTaskTiming	0	operation	toJSON	Window
longtasks	interface	TaskAttributionTiming	0	attribute	startTime	Window
longtasks	interface	TaskAttributionTiming	0	attribute	duration	Window
longtasks	interface	TaskAttributionTiming	0	attribute	name	Window
longtasks	interface	TaskAttributionTiming	0	attribute	entryType	Window
longtasks	interface	TaskAttributionTiming	0	attribute	containerType	Window
longtasks	interface	TaskAttributionTiming	0	attribute	containerSrc	Window
longtasks	interface	TaskAttributionTiming	0	attribute	containerId	Window
longtasks	interface	TaskAttributionTiming	0	attribute	containerName	Window
longtasks	interface	TaskAttributionTiming	0	operation	toJSON	Window
magnetometer	interface	Magnetometer	0	constructor	constructor	Window
magnetometer	interface	Magnetometer	0	attribute	x	Window
magnetometer	interface	Magnetometer	0	attribute	y	Window
magnetometer	interface	Magnetometer	0	attribute	z	Window
magnetometer	enum	MagnetometerLocalCoordinateSystem	0			
magnetometer	dictionary	MagnetometerSensorOptions	0	field	referenceFrame	
magnetometer	interface	UncalibratedMagnetometer	0	constructor	constructor	Window
magnetometer	interface	UncalibratedMagnetometer	0	attribute	x	Window
magnetometer	interface	UncalibratedMagnetometer	0	attribute	y	Window
magnetometer	interface	UncalibratedMagnetometer	0	attribute	z	Window
magnetometer	interface	UncalibratedMagnetometer	0	attribute	xBias	Window
magnetometer	interface	UncalibratedMagnetometer	0	attribute	yBias	Window
magnetometer	interface	UncalibratedMagnetometer	0	attribute	zBias	Window
managed-configuration	interface	Navigator	1	attribute	managed	
managed-configuration	interface	NavigatorManagedData	0	operation	getManagedConfiguration	Window
managed-configuration	interface	NavigatorManagedData	0	attribute	onmanagedconfigurationchange	Window
manifest-incubations	interface	BeforeInstallPromptEvent	0	constructor	constructor	Window
manifest-incubations	interface	BeforeInstallPromptEvent	0	operation	prompt	Window
manifest-incubations	dictionary	PromptResponseObject	0	field	userChoice	
manifest-incubations	enum	AppBannerPromptOutcome	0			
manifest-incubations	interface	Window	1	attribute	onappinstalled	
manifest-incubations	interface	Window	1	attribute	onbeforeinstallprompt	
mathml-core	interface	MathMLElement	0			Window
mathml-core	includes	MathMLElement	0		GlobalEventHandlers	
mathml-core	includes	MathMLElement	0		HTMLOrSVGOrMathMLElement	
mathml-core	interface	MathMLAnchorElement	0	attribute	href	Window
mathml-core	interface	MathMLAnchorElement	0	attribute	target	Window
mathml-core	includes	MathMLAnchorElement	0		HyperlinkElementUtils	
media-capabilities	dictionary	MediaConfiguration	0	field	video	
media-capabilities	dictionary	MediaConfiguration	0	field	audio	
media-capabilities	dictionary	MediaDecodingConfiguration	0	field	type	
media-capabilities	dictionary	MediaDecodingConfiguration	0	field	keySystemConfiguration	
media-capabilities	dictionary	MediaEncodingConfiguration	0	field	type	
media-capabilities	enum	MediaDecodingType	0			
media-capabilities	enum	MediaEncodingType	0			
media-capabilities	dictionary	VideoConfiguration	0	field	contentType	
media-capabilities	dictionary	VideoConfiguration	0	field	width	
media-capabilities	dictionary	VideoConfiguration	0	field	height	
media-capabilities	dictionary	VideoConfiguration	0	field	bitrate	
media-capabilities	dictionary	VideoConfiguration	0	field	framerate	
media-capabilities	dictionary	VideoConfiguration	0	field	hasAlphaChannel	
media-capabilities	dictionary	VideoConfiguration	0	field	hdrMetadataType	
media-capabilities	dictionary	VideoConfiguration	0	field	colorGamut	
media-capabilities	dictionary	VideoConfiguration	0	field	transferFunction	
media-capabilities	dictionary	VideoConfiguration	0	field	scalabilityMode	
media-capabilities	dictionary	VideoConfiguration	0	field	spatialScalability	
media-capabilities	enum	HdrMetadataType	0			
media-capabilities	enum	ColorGamut	0			
media-capabilities	enum	TransferFunction	0			
media-capabilities	dictionary	AudioConfiguration	0	field	contentType	
media-capabilities	dictionary	AudioConfiguration	0	field	channels	
media-capabilities	dictionary	AudioConfiguration	0	field	bitrate	
media-capabilities	dictionary	AudioConfiguration	0	field	samplerate	
media-capabilities	dictionary	AudioConfiguration	0	field	spatialRendering	
media-capabilities	dictionary	MediaCapabilitiesKeySystemConfiguration	0	field	keySystem	
media-capabilities	dictionary	MediaCapabilitiesKeySystemConfiguration	0	field	initDataType	
media-capabilities	dictionary	MediaCapabilitiesKeySystemConfiguration	0	field	distinctiveIdentifier	
media-capabilities	dictionary	MediaCapabilitiesKeySystemConfiguration	0	field	persistentState	
media-capabilities	dictionary	MediaCapabilitiesKeySystemConfiguration	0	field	sessionTypes	
media-capabilities	dictionary	MediaCapabilitiesKeySystemConfiguration	0	field	audio	
media-capabilities	dictionary	MediaCapabilitiesKeySystemConfiguration	0	field	video	
media-capabilities	dictionary	KeySystemTrackConfiguration	0	field	robustness	
media-capabilities	dictionary	KeySystemTrackConfiguration	0	field	encryptionScheme	
media-capabilities	dictionary	MediaCapabilitiesInfo	0	field	supported	
media-capabilities	dictionary	MediaCapabilitiesInfo	0	field	smooth	
media-capabilities	dictionary	MediaCapabilitiesInfo	0	field	powerEfficient	
media-capabilities	dictionary	MediaCapabilitiesDecodingInfo	0	field	keySystemAccess	
media-capabilities	dictionary	MediaCapabilitiesDecodingInfo	0	field	configuration	
media-capabilities	dictionary	MediaCapabilitiesEncodingInfo	0	field	configuration	
media-capabilities	interface	Navigator	1	attribute	mediaCapabilities	Window
media-capabilities	interface	WorkerNavigator	1	attribute	mediaCapabilities	Worker
media-capabilities	interface	MediaCapabilities	0	operation	decodingInfo	Window,Worker
media-capabilities	interface	MediaCapabilities	0	operation	encodingInfo	Window,Worker
media-playback-quality	interface	HTMLVideoElement	1	operation	getVideoPlaybackQuality	
media-playback-quality	interface	VideoPlaybackQuality	0	attribute	creationTime	Window
media-playback-quality	interface	VideoPlaybackQuality	0	attribute	droppedVideoFrames	Window
media-playback-quality	interface	VideoPlaybackQuality	0	attribute	totalVideoFrames	Window
media-playback-quality	interface	VideoPlaybackQuality	0	attribute	corruptedVideoFrames	Window
media-source	enum	ReadyState	0			
media-source	enum	EndOfStreamError	0			
media-source	interface	MediaSource	0	constructor	constructor	Window,DedicatedWorker
media-source	interface	MediaSource	0	attribute	handle	Window,DedicatedWorker
media-source	interface	MediaSource	0	attribute	sourceBuffers	Window,DedicatedWorker
media-source	interface	MediaSource	0	attribute	activeSourceBuffers	Window,DedicatedWorker
media-source	interface	MediaSource	0	attribute	readyState	Window,DedicatedWorker
media-source	interface	MediaSource	0	attribute	duration	Window,DedicatedWorker
media-source	interface	MediaSource	0	attribute	onsourceopen	Window,DedicatedWorker
media-source	interface	MediaSource	0	attribute	onsourceended	Window,DedicatedWorker
media-source	interface	MediaSource	0	attribute	onsourceclose	Window,DedicatedWorker
media-source	interface	MediaSource	0	attribute	canConstructInDedicatedWorker	Window,DedicatedWorker
media-source	interface	MediaSource	0	operation	addSourceBuffer	Window,DedicatedWorker
media-source	interface	MediaSource	0	operation	removeSourceBuffer	Window,DedicatedWorker
media-source	interface	MediaSource	0	operation	endOfStream	Window,DedicatedWorker
media-source	interface	MediaSource	0	operation	setLiveSeekableRange	Window,DedicatedWorker
media-source	interface	MediaSource	0	operation	clearLiveSeekableRange	Window,DedicatedWorker
media-source	interface	MediaSource	0	operation	isTypeSupported	Window,DedicatedWorker
media-source	interface	MediaSourceHandle	0			Window,DedicatedWorker
media-source	enum	AppendMode	0			
media-source	interface	SourceBuffer	0	attribute	mode	Window,DedicatedWorker
media-source	interface	SourceBuffer	0	attribute	updating	Window,DedicatedWorker
media-source	interface	SourceBuffer	0	attribute	buffered	Window,DedicatedWorker
media-source	interface	SourceBuffer	0	attribute	timestampOffset	Window,DedicatedWorker
media-source	interface	SourceBuffer	0	attribute	audioTracks	Window,DedicatedWorker
media-source	interface	SourceBuffer	0	attribute	videoTracks	Window,DedicatedWorker
media-source	interface	SourceBuffer	0	attribute	textTracks	Window,DedicatedWorker
media-source	interface	SourceBuffer	0	attribute	appendWindowStart	Window,DedicatedWorker
media-source	interface	SourceBuffer	0	attribute	appendWindowEnd	Window,DedicatedWorker
media-source	interface	SourceBuffer	0	attribute	onupdatestart	Window,DedicatedWorker
media-source	interface	SourceBuffer	0	attribute	onupdate	Window,DedicatedWorker
media-source	interface	SourceBuffer	0	attribute	onupdateend	Window,DedicatedWorker
media-source	interface	SourceBuffer	0	attribute	onerror	Window,DedicatedWorker
media-source	interface	SourceBuffer	0	attribute	onabort	Window,DedicatedWorker
media-source	interface	SourceBuffer	0	operation	appendBuffer	Window,DedicatedWorker
media-source	interface	SourceBuffer	0	operation	abort	Window,DedicatedWorker
media-source	interface	SourceBuffer	0	operation	changeType	Window,DedicatedWorker
media-source	interface	SourceBuffer	0	operation	remove	Window,DedicatedWorker
media-source	interface	SourceBufferList	0	attribute	length	Window,DedicatedWorker
media-source	interface	SourceBufferList	0	attribute	onaddsourcebuffer	Window,DedicatedWorker
media-source	interface	SourceBufferList	0	attribute	onremovesourcebuffer	Window,DedicatedWorker
media-source	interface	SourceBufferList	0	operation	@匿名	Window,DedicatedWorker
media-source	interface	ManagedMediaSource	0	constructor	constructor	Window,DedicatedWorker
media-source	interface	ManagedMediaSource	0	attribute	streaming	Window,DedicatedWorker
media-source	interface	ManagedMediaSource	0	attribute	onstartstreaming	Window,DedicatedWorker
media-source	interface	ManagedMediaSource	0	attribute	onendstreaming	Window,DedicatedWorker
media-source	interface	BufferedChangeEvent	0	constructor	constructor	Window,DedicatedWorker
media-source	interface	BufferedChangeEvent	0	attribute	addedRanges	Window,DedicatedWorker
media-source	interface	BufferedChangeEvent	0	attribute	removedRanges	Window,DedicatedWorker
media-source	dictionary	BufferedChangeEventInit	0	field	addedRanges	
media-source	dictionary	BufferedChangeEventInit	0	field	removedRanges	
media-source	interface	ManagedSourceBuffer	0	attribute	onbufferedchange	Window,DedicatedWorker
media-source	interface	AudioTrack	1	attribute	sourceBuffer	Window
media-source	interface	VideoTrack	1	attribute	sourceBuffer	Window
media-source	interface	TextTrack	1	attribute	sourceBuffer	Window
mediacapture-automation	enum	MockCapturePromptResult	0			
mediacapture-automation	dictionary	MockCapturePromptResultConfiguration	0	field	getUserMedia	
mediacapture-automation	dictionary	MockCapturePromptResultConfiguration	0	field	getDisplayMedia	
mediacapture-automation	dictionary	MockCaptureDeviceConfiguration	0	field	label	
mediacapture-automation	dictionary	MockCaptureDeviceConfiguration	0	field	deviceId	
mediacapture-automation	dictionary	MockCaptureDeviceConfiguration	0	field	groupId	
mediacapture-automation	dictionary	MockCameraConfiguration	0	field	defaultFrameRate	
mediacapture-automation	dictionary	MockCameraConfiguration	0	field	facingMode	
mediacapture-automation	dictionary	MockMicrophoneConfiguration	0	field	defaultSampleRate	
mediacapture-extensions	interface	MediaDevices	1	attribute	defaultSemantics	
mediacapture-extensions	dictionary	MediaStreamConstraints	1	field	semantics	
mediacapture-extensions	enum	GetUserMediaSemantics	0			
mediacapture-extensions	interface	MediaStreamTrack	1			Window,DedicatedWorker
mediacapture-extensions	interface	MediaStreamTrack	1	attribute	stats	
mediacapture-extensions	interface	MediaStreamTrackAudioStats	0	attribute	latency	Window,DedicatedWorker
mediacapture-extensions	interface	MediaStreamTrackAudioStats	0	attribute	averageLatency	Window,DedicatedWorker
mediacapture-extensions	interface	MediaStreamTrackAudioStats	0	attribute	minimumLatency	Window,DedicatedWorker
mediacapture-extensions	interface	MediaStreamTrackAudioStats	0	attribute	maximumLatency	Window,DedicatedWorker
mediacapture-extensions	interface	MediaStreamTrackAudioStats	0	operation	resetLatency	Window,DedicatedWorker
mediacapture-extensions	interface	MediaStreamTrackAudioStats	0	operation	toJSON	Window,DedicatedWorker
mediacapture-extensions	interface	MediaStreamTrackVideoStats	0	attribute	deliveredFrames	Window,DedicatedWorker
mediacapture-extensions	interface	MediaStreamTrackVideoStats	0	attribute	discardedFrames	Window,DedicatedWorker
mediacapture-extensions	interface	MediaStreamTrackVideoStats	0	attribute	totalFrames	Window,DedicatedWorker
mediacapture-extensions	interface	MediaStreamTrackVideoStats	0	operation	toJSON	Window,DedicatedWorker
mediacapture-extensions	dictionary	MediaTrackSupportedConstraints	1	field	powerEfficient	
mediacapture-extensions	dictionary	MediaTrackCapabilities	1	field	powerEfficient	
mediacapture-extensions	dictionary	MediaTrackSettings	1	field	powerEfficient	
mediacapture-extensions	dictionary	MediaTrackSupportedConstraints	1	field	powerEfficientPixelFormat	
mediacapture-extensions	dictionary	MediaTrackCapabilities	1	field	powerEfficientPixelFormat	
mediacapture-extensions	dictionary	MediaTrackSettings	1	field	powerEfficientPixelFormat	
mediacapture-extensions	dictionary	MediaTrackSupportedConstraints	1	field	gestureReactions	
mediacapture-extensions	dictionary	MediaTrackConstraintSet	1	field	gestureReactions	
mediacapture-extensions	dictionary	MediaTrackSettings	1	field	gestureReactions	
mediacapture-extensions	dictionary	MediaTrackCapabilities	1	field	gestureReactions	
mediacapture-extensions	dictionary	MediaTrackSupportedConstraints	1	field	faceFraming	
mediacapture-extensions	dictionary	MediaTrackCapabilities	1	field	faceFraming	
mediacapture-extensions	dictionary	MediaTrackConstraintSet	1	field	faceFraming	
mediacapture-extensions	dictionary	MediaTrackSettings	1	field	faceFraming	
mediacapture-extensions	dictionary	MediaTrackSupportedConstraints	1	field	eyeGazeCorrection	
mediacapture-extensions	dictionary	MediaTrackCapabilities	1	field	eyeGazeCorrection	
mediacapture-extensions	dictionary	MediaTrackConstraintSet	1	field	eyeGazeCorrection	
mediacapture-extensions	dictionary	MediaTrackSettings	1	field	eyeGazeCorrection	
mediacapture-extensions	dictionary	MediaTrackSupportedConstraints	1	field	voiceIsolation	
mediacapture-extensions	dictionary	MediaTrackConstraintSet	1	field	voiceIsolation	
mediacapture-extensions	dictionary	MediaTrackSettings	1	field	voiceIsolation	
mediacapture-extensions	dictionary	MediaTrackCapabilities	1	field	voiceIsolation	
mediacapture-extensions	interface	MediaStreamTrack	1	attribute	onconfigurationchange	
mediacapture-extensions	dictionary	VideoFrameMetadata	1	field	segments	
mediacapture-extensions	dictionary	Segment	0	field	type	
mediacapture-extensions	dictionary	Segment	0	field	id	
mediacapture-extensions	dictionary	Segment	0	field	partOf	
mediacapture-extensions	dictionary	Segment	0	field	probability	
mediacapture-extensions	dictionary	Segment	0	field	centerPoint	
mediacapture-extensions	dictionary	Segment	0	field	boundingBox	
mediacapture-extensions	enum	SegmentType	0			
mediacapture-extensions	dictionary	MediaTrackSupportedConstraints	1	field	humanFaceDetectionMode	
mediacapture-extensions	dictionary	MediaTrackCapabilities	1	field	humanFaceDetectionMode	
mediacapture-extensions	dictionary	MediaTrackConstraintSet	1	field	humanFaceDetectionMode	
mediacapture-extensions	dictionary	MediaTrackSettings	1	field	humanFaceDetectionMode	
mediacapture-extensions	enum	HumanFaceDetectionModeEnum	0			
mediacapture-extensions	dictionary	VideoFrameMetadata	1	field	backgroundBlur	
mediacapture-extensions	dictionary	BackgroundBlur	0			
mediacapture-extensions	dictionary	MediaEffectInfo	0	field	enabled	
mediacapture-extensions	interface	MediaStream	1			Window,DedicatedWorker
mediacapture-extensions	dictionary	MediaTrackSupportedConstraints	1	field	backgroundSegmentationMask	
mediacapture-extensions	dictionary	MediaTrackConstraintSet	1	field	backgroundSegmentationMask	
mediacapture-extensions	dictionary	MediaTrackSettings	1	field	backgroundSegmentationMask	
mediacapture-extensions	dictionary	MediaTrackCapabilities	1	field	backgroundSegmentationMask	
mediacapture-extensions	dictionary	VideoFrameMetadata	1	field	backgroundSegmentationMask	
mediacapture-extensions	interface	HTMLCameraElement	0	constructor	constructor	Window
mediacapture-extensions	interface	HTMLCameraElement	0	attribute	track	Window
mediacapture-extensions	interface	HTMLCameraElement	0	attribute	error	Window
mediacapture-extensions	interface	HTMLCameraElement	0	operation	setConstraints	Window
mediacapture-extensions	interface	HTMLCameraElement	0	attribute	ontrack	Window
mediacapture-extensions	interface	HTMLCameraElement	0	attribute	onerror	Window
mediacapture-extensions	interface	HTMLCameraElement	0	attribute	oncancel	Window
mediacapture-extensions	interface	HTMLMicrophoneElement	0	constructor	constructor	Window
mediacapture-extensions	interface	HTMLMicrophoneElement	0	attribute	track	Window
mediacapture-extensions	interface	HTMLMicrophoneElement	0	attribute	error	Window
mediacapture-extensions	interface	HTMLMicrophoneElement	0	operation	setConstraints	Window
mediacapture-extensions	interface	HTMLMicrophoneElement	0	attribute	ontrack	Window
mediacapture-extensions	interface	HTMLMicrophoneElement	0	attribute	onerror	Window
mediacapture-extensions	interface	HTMLMicrophoneElement	0	attribute	oncancel	Window
mediacapture-extensions	dictionary	HTMLMediaStreamConstraints	0	field	video	
mediacapture-extensions	dictionary	HTMLMediaStreamConstraints	0	field	audio	
mediacapture-extensions	interface	HTMLUserMediaElement	0	constructor	constructor	Window
mediacapture-extensions	interface	HTMLUserMediaElement	0	attribute	stream	Window
mediacapture-extensions	interface	HTMLUserMediaElement	0	attribute	error	Window
mediacapture-extensions	interface	HTMLUserMediaElement	0	operation	setConstraints	Window
mediacapture-extensions	interface	HTMLUserMediaElement	0	attribute	onstream	Window
mediacapture-extensions	interface	HTMLUserMediaElement	0	attribute	onerror	Window
mediacapture-extensions	interface	HTMLUserMediaElement	0	attribute	oncancel	Window
mediacapture-fromelement	interface	HTMLMediaElement	1	operation	captureStream	
mediacapture-fromelement	interface	HTMLCanvasElement	1	operation	captureStream	
mediacapture-fromelement	interface	CanvasCaptureMediaStreamTrack	0	attribute	canvas	Window
mediacapture-fromelement	interface	CanvasCaptureMediaStreamTrack	0	operation	requestFrame	Window
mediacapture-handle-actions	interface	MediaDevices	1	operation	setSupportedCaptureActions	
mediacapture-handle-actions	interface	MediaDevices	1	attribute	oncaptureaction	
mediacapture-handle-actions	enum	CaptureAction	0			
mediacapture-handle-actions	interface	CaptureActionEvent	0	constructor	constructor	Window
mediacapture-handle-actions	interface	CaptureActionEvent	0	attribute	action	Window
mediacapture-handle-actions	dictionary	CaptureActionEventInit	0	field	action	
mediacapture-handle-actions	interface	MediaStreamTrack	1	operation	getSupportedCaptureActions	
mediacapture-handle-actions	interface	MediaStreamTrack	1	operation	sendCaptureAction	
mediacapture-region	interface	CropTarget	0	operation	fromElement	Window,Worker
mediacapture-region	interface	BrowserCaptureMediaStreamTrack	0	operation	cropTo	Window
mediacapture-region	interface	BrowserCaptureMediaStreamTrack	0	operation	clone	Window
mediacapture-streams	interface	MediaStream	0	constructor	constructor	Window
mediacapture-streams	interface	MediaStream	0	constructor	constructor	Window
mediacapture-streams	interface	MediaStream	0	constructor	constructor	Window
mediacapture-streams	interface	MediaStream	0	attribute	id	Window
mediacapture-streams	interface	MediaStream	0	operation	getAudioTracks	Window
mediacapture-streams	interface	MediaStream	0	operation	getVideoTracks	Window
mediacapture-streams	interface	MediaStream	0	operation	getTracks	Window
mediacapture-streams	interface	MediaStream	0	operation	getTrackById	Window
mediacapture-streams	interface	MediaStream	0	operation	addTrack	Window
mediacapture-streams	interface	MediaStream	0	operation	removeTrack	Window
mediacapture-streams	interface	MediaStream	0	operation	clone	Window
mediacapture-streams	interface	MediaStream	0	attribute	active	Window
mediacapture-streams	interface	MediaStream	0	attribute	onaddtrack	Window
mediacapture-streams	interface	MediaStream	0	attribute	onremovetrack	Window
mediacapture-streams	interface	MediaStreamTrack	0	attribute	kind	Window
mediacapture-streams	interface	MediaStreamTrack	0	attribute	id	Window
mediacapture-streams	interface	MediaStreamTrack	0	attribute	label	Window
mediacapture-streams	interface	MediaStreamTrack	0	attribute	enabled	Window
mediacapture-streams	interface	MediaStreamTrack	0	attribute	muted	Window
mediacapture-streams	interface	MediaStreamTrack	0	attribute	onmute	Window
mediacapture-streams	interface	MediaStreamTrack	0	attribute	onunmute	Window
mediacapture-streams	interface	MediaStreamTrack	0	attribute	readyState	Window
mediacapture-streams	interface	MediaStreamTrack	0	attribute	onended	Window
mediacapture-streams	interface	MediaStreamTrack	0	operation	clone	Window
mediacapture-streams	interface	MediaStreamTrack	0	operation	stop	Window
mediacapture-streams	interface	MediaStreamTrack	0	operation	getCapabilities	Window
mediacapture-streams	interface	MediaStreamTrack	0	operation	getConstraints	Window
mediacapture-streams	interface	MediaStreamTrack	0	operation	getSettings	Window
mediacapture-streams	interface	MediaStreamTrack	0	operation	applyConstraints	Window
mediacapture-streams	enum	MediaStreamTrackState	0			
mediacapture-streams	dictionary	MediaTrackSupportedConstraints	0	field	width	
mediacapture-streams	dictionary	MediaTrackSupportedConstraints	0	field	height	
mediacapture-streams	dictionary	MediaTrackSupportedConstraints	0	field	aspectRatio	
mediacapture-streams	dictionary	MediaTrackSupportedConstraints	0	field	frameRate	
mediacapture-streams	dictionary	MediaTrackSupportedConstraints	0	field	facingMode	
mediacapture-streams	dictionary	MediaTrackSupportedConstraints	0	field	resizeMode	
mediacapture-streams	dictionary	MediaTrackSupportedConstraints	0	field	sampleRate	
mediacapture-streams	dictionary	MediaTrackSupportedConstraints	0	field	sampleSize	
mediacapture-streams	dictionary	MediaTrackSupportedConstraints	0	field	echoCancellation	
mediacapture-streams	dictionary	MediaTrackSupportedConstraints	0	field	autoGainControl	
mediacapture-streams	dictionary	MediaTrackSupportedConstraints	0	field	noiseSuppression	
mediacapture-streams	dictionary	MediaTrackSupportedConstraints	0	field	latency	
mediacapture-streams	dictionary	MediaTrackSupportedConstraints	0	field	channelCount	
mediacapture-streams	dictionary	MediaTrackSupportedConstraints	0	field	deviceId	
mediacapture-streams	dictionary	MediaTrackSupportedConstraints	0	field	groupId	
mediacapture-streams	dictionary	MediaTrackSupportedConstraints	0	field	backgroundBlur	
mediacapture-streams	dictionary	MediaTrackCapabilities	0	field	width	
mediacapture-streams	dictionary	MediaTrackCapabilities	0	field	height	
mediacapture-streams	dictionary	MediaTrackCapabilities	0	field	aspectRatio	
mediacapture-streams	dictionary	MediaTrackCapabilities	0	field	frameRate	
mediacapture-streams	dictionary	MediaTrackCapabilities	0	field	facingMode	
mediacapture-streams	dictionary	MediaTrackCapabilities	0	field	resizeMode	
mediacapture-streams	dictionary	MediaTrackCapabilities	0	field	sampleRate	
mediacapture-streams	dictionary	MediaTrackCapabilities	0	field	sampleSize	
mediacapture-streams	dictionary	MediaTrackCapabilities	0	field	echoCancellation	
mediacapture-streams	dictionary	MediaTrackCapabilities	0	field	autoGainControl	
mediacapture-streams	dictionary	MediaTrackCapabilities	0	field	noiseSuppression	
mediacapture-streams	dictionary	MediaTrackCapabilities	0	field	latency	
mediacapture-streams	dictionary	MediaTrackCapabilities	0	field	channelCount	
mediacapture-streams	dictionary	MediaTrackCapabilities	0	field	deviceId	
mediacapture-streams	dictionary	MediaTrackCapabilities	0	field	groupId	
mediacapture-streams	dictionary	MediaTrackCapabilities	0	field	backgroundBlur	
mediacapture-streams	dictionary	MediaTrackConstraints	0	field	advanced	
mediacapture-streams	dictionary	MediaTrackConstraintSet	0	field	width	
mediacapture-streams	dictionary	MediaTrackConstraintSet	0	field	height	
mediacapture-streams	dictionary	MediaTrackConstraintSet	0	field	aspectRatio	
mediacapture-streams	dictionary	MediaTrackConstraintSet	0	field	frameRate	
mediacapture-streams	dictionary	MediaTrackConstraintSet	0	field	facingMode	
mediacapture-streams	dictionary	MediaTrackConstraintSet	0	field	resizeMode	
mediacapture-streams	dictionary	MediaTrackConstraintSet	0	field	sampleRate	
mediacapture-streams	dictionary	MediaTrackConstraintSet	0	field	sampleSize	
mediacapture-streams	dictionary	MediaTrackConstraintSet	0	field	echoCancellation	
mediacapture-streams	dictionary	MediaTrackConstraintSet	0	field	autoGainControl	
mediacapture-streams	dictionary	MediaTrackConstraintSet	0	field	noiseSuppression	
mediacapture-streams	dictionary	MediaTrackConstraintSet	0	field	latency	
mediacapture-streams	dictionary	MediaTrackConstraintSet	0	field	channelCount	
mediacapture-streams	dictionary	MediaTrackConstraintSet	0	field	deviceId	
mediacapture-streams	dictionary	MediaTrackConstraintSet	0	field	groupId	
mediacapture-streams	dictionary	MediaTrackConstraintSet	0	field	backgroundBlur	
mediacapture-streams	dictionary	MediaTrackSettings	0	field	width	
mediacapture-streams	dictionary	MediaTrackSettings	0	field	height	
mediacapture-streams	dictionary	MediaTrackSettings	0	field	aspectRatio	
mediacapture-streams	dictionary	MediaTrackSettings	0	field	frameRate	
mediacapture-streams	dictionary	MediaTrackSettings	0	field	facingMode	
mediacapture-streams	dictionary	MediaTrackSettings	0	field	resizeMode	
mediacapture-streams	dictionary	MediaTrackSettings	0	field	sampleRate	
mediacapture-streams	dictionary	MediaTrackSettings	0	field	sampleSize	
mediacapture-streams	dictionary	MediaTrackSettings	0	field	echoCancellation	
mediacapture-streams	dictionary	MediaTrackSettings	0	field	autoGainControl	
mediacapture-streams	dictionary	MediaTrackSettings	0	field	noiseSuppression	
mediacapture-streams	dictionary	MediaTrackSettings	0	field	latency	
mediacapture-streams	dictionary	MediaTrackSettings	0	field	channelCount	
mediacapture-streams	dictionary	MediaTrackSettings	0	field	deviceId	
mediacapture-streams	dictionary	MediaTrackSettings	0	field	groupId	
mediacapture-streams	dictionary	MediaTrackSettings	0	field	backgroundBlur	
mediacapture-streams	enum	VideoFacingModeEnum	0			
mediacapture-streams	enum	VideoResizeModeEnum	0			
mediacapture-streams	enum	EchoCancellationModeEnum	0			
mediacapture-streams	interface	MediaStreamTrackEvent	0	constructor	constructor	Window
mediacapture-streams	interface	MediaStreamTrackEvent	0	attribute	track	Window
mediacapture-streams	dictionary	MediaStreamTrackEventInit	0	field	track	
mediacapture-streams	interface	OverconstrainedError	0	constructor	constructor	Window
mediacapture-streams	interface	OverconstrainedError	0	attribute	constraint	Window
mediacapture-streams	interface	Navigator	1	attribute	mediaDevices	
mediacapture-streams	interface	MediaDevices	0	attribute	ondevicechange	Window
mediacapture-streams	interface	MediaDevices	0	operation	enumerateDevices	Window
mediacapture-streams	interface	MediaDeviceInfo	0	attribute	deviceId	Window
mediacapture-streams	interface	MediaDeviceInfo	0	attribute	kind	Window
mediacapture-streams	interface	MediaDeviceInfo	0	attribute	label	Window
mediacapture-streams	interface	MediaDeviceInfo	0	attribute	groupId	Window
mediacapture-streams	interface	MediaDeviceInfo	0	operation	toJSON	Window
mediacapture-streams	enum	MediaDeviceKind	0			
mediacapture-streams	interface	InputDeviceInfo	0	operation	getCapabilities	Window
mediacapture-streams	interface	DeviceChangeEvent	0	constructor	constructor	Window
mediacapture-streams	interface	DeviceChangeEvent	0	attribute	devices	Window
mediacapture-streams	interface	DeviceChangeEvent	0	attribute	userInsertedDevices	Window
mediacapture-streams	dictionary	DeviceChangeEventInit	0	field	devices	
mediacapture-streams	interface	MediaDevices	1	operation	getSupportedConstraints	
mediacapture-streams	interface	MediaDevices	1	operation	getUserMedia	
mediacapture-streams	dictionary	MediaStreamConstraints	0	field	video	
mediacapture-streams	dictionary	MediaStreamConstraints	0	field	audio	
mediacapture-streams	dictionary	DoubleRange	0	field	max	
mediacapture-streams	dictionary	DoubleRange	0	field	min	
mediacapture-streams	dictionary	ConstrainDoubleRange	0	field	exact	
mediacapture-streams	dictionary	ConstrainDoubleRange	0	field	ideal	
mediacapture-streams	dictionary	ULongRange	0	field	max	
mediacapture-streams	dictionary	ULongRange	0	field	min	
mediacapture-streams	dictionary	ConstrainULongRange	0	field	exact	
mediacapture-streams	dictionary	ConstrainULongRange	0	field	ideal	
mediacapture-streams	dictionary	ConstrainBooleanParameters	0	field	exact	
mediacapture-streams	dictionary	ConstrainBooleanParameters	0	field	ideal	
mediacapture-streams	dictionary	ConstrainDOMStringParameters	0	field	exact	
mediacapture-streams	dictionary	ConstrainDOMStringParameters	0	field	ideal	
mediacapture-streams	dictionary	ConstrainBooleanOrDOMStringParameters	0	field	exact	
mediacapture-streams	dictionary	ConstrainBooleanOrDOMStringParameters	0	field	ideal	
mediacapture-streams	typedef	ConstrainULong	0			
mediacapture-streams	typedef	ConstrainDouble	0			
mediacapture-streams	typedef	ConstrainBoolean	0			
mediacapture-streams	typedef	ConstrainDOMString	0			
mediacapture-streams	typedef	ConstrainBooleanOrDOMString	0			
mediacapture-streams	dictionary	CameraDevicePermissionDescriptor	0	field	panTiltZoom	
mediacapture-surface-control	interface	CaptureController	1	operation	getSupportedZoomLevels	
mediacapture-surface-control	interface	CaptureController	1	attribute	zoomLevel	
mediacapture-surface-control	interface	CaptureController	1	operation	increaseZoomLevel	
mediacapture-surface-control	interface	CaptureController	1	operation	decreaseZoomLevel	
mediacapture-surface-control	interface	CaptureController	1	operation	resetZoomLevel	
mediacapture-surface-control	interface	CaptureController	1	attribute	onzoomlevelchange	
mediacapture-surface-control	interface	CaptureController	1	constructor	constructor	
mediacapture-surface-control	interface	CaptureController	1	operation	forwardWheel	
mediacapture-transform	interface	MediaStreamTrackHandle	0	constructor	constructor	Window,DedicatedWorker
mediacapture-transform	interface	MediaStreamTrackProcessor	0	constructor	constructor	DedicatedWorker
mediacapture-transform	interface	MediaStreamTrackProcessor	0	attribute	readable	DedicatedWorker
mediacapture-transform	interface	MediaStreamTrackProcessor	0	attribute	discardedFrames	DedicatedWorker
mediacapture-transform	interface	MediaStreamTrackProcessor	0	attribute	totalFrames	DedicatedWorker
mediacapture-transform	typedef	MediaStreamTrackOrHandle	0			
mediacapture-transform	dictionary	MediaStreamTrackProcessorInit	0	field	track	
mediacapture-transform	dictionary	MediaStreamTrackProcessorInit	0	field	maxBufferSize	
mediacapture-transform	interface	VideoTrackGenerator	0	constructor	constructor	DedicatedWorker
mediacapture-transform	interface	VideoTrackGenerator	0	attribute	writable	DedicatedWorker
mediacapture-transform	interface	VideoTrackGenerator	0	attribute	muted	DedicatedWorker
mediacapture-transform	interface	VideoTrackGenerator	0	attribute	track	DedicatedWorker
mediacapture-viewport	interface	MediaDevices	1	operation	getViewportMedia	
mediaqueries-5	typedef	CustomMediaQuery	0			
mediaqueries-5	interface	CSSCustomMediaRule	0	attribute	name	Window
mediaqueries-5	interface	CSSCustomMediaRule	0	attribute	query	Window
mediaqueries-5	interface	Navigator	1	attribute	preferences	Window
mediaqueries-5	interface	PreferenceManager	0	attribute	colorScheme	Window
mediaqueries-5	interface	PreferenceManager	0	attribute	contrast	Window
mediaqueries-5	interface	PreferenceManager	0	attribute	reducedMotion	Window
mediaqueries-5	interface	PreferenceManager	0	attribute	reducedTransparency	Window
mediaqueries-5	interface	PreferenceManager	0	attribute	reducedData	Window
mediaqueries-5	interface	PreferenceObject	0	attribute	override	Window
mediaqueries-5	interface	PreferenceObject	0	attribute	value	Window
mediaqueries-5	interface	PreferenceObject	0	attribute	validValues	Window
mediaqueries-5	interface	PreferenceObject	0	operation	clearOverride	Window
mediaqueries-5	interface	PreferenceObject	0	operation	requestOverride	Window
mediaqueries-5	interface	PreferenceObject	0	attribute	onchange	Window
mediasession	interface	Navigator	1	attribute	mediaSession	Window
mediasession	enum	MediaSessionPlaybackState	0			
mediasession	enum	MediaSessionAction	0			
mediasession	enum	MediaSessionEnterPictureInPictureReason	0			
mediasession	callback	MediaSessionActionHandler	0			
mediasession	interface	MediaSession	0	attribute	metadata	Window
mediasession	interface	MediaSession	0	attribute	playbackState	Window
mediasession	interface	MediaSession	0	operation	setActionHandler	Window
mediasession	interface	MediaSession	0	operation	setPositionState	Window
mediasession	interface	MediaSession	0	operation	setMicrophoneActive	Window
mediasession	interface	MediaSession	0	operation	setCameraActive	Window
mediasession	interface	MediaSession	0	operation	setScreenshareActive	Window
mediasession	interface	MediaMetadata	0	constructor	constructor	Window
mediasession	interface	MediaMetadata	0	attribute	title	Window
mediasession	interface	MediaMetadata	0	attribute	artist	Window
mediasession	interface	MediaMetadata	0	attribute	album	Window
mediasession	interface	MediaMetadata	0	attribute	artwork	Window
mediasession	interface	MediaMetadata	0	attribute	chapterInfo	Window
mediasession	dictionary	MediaMetadataInit	0	field	title	
mediasession	dictionary	MediaMetadataInit	0	field	artist	
mediasession	dictionary	MediaMetadataInit	0	field	album	
mediasession	dictionary	MediaMetadataInit	0	field	artwork	
mediasession	dictionary	MediaMetadataInit	0	field	chapterInfo	
mediasession	interface	ChapterInformation	0	attribute	title	Window
mediasession	interface	ChapterInformation	0	attribute	startTime	Window
mediasession	interface	ChapterInformation	0	attribute	artwork	Window
mediasession	dictionary	ChapterInformationInit	0	field	title	
mediasession	dictionary	ChapterInformationInit	0	field	startTime	
mediasession	dictionary	ChapterInformationInit	0	field	artwork	
mediasession	dictionary	MediaImage	0	field	src	
mediasession	dictionary	MediaImage	0	field	sizes	
mediasession	dictionary	MediaImage	0	field	type	
mediasession	dictionary	MediaPositionState	0	field	duration	
mediasession	dictionary	MediaPositionState	0	field	playbackRate	
mediasession	dictionary	MediaPositionState	0	field	position	
mediasession	dictionary	MediaSessionActionDetails	0	field	action	
mediasession	dictionary	MediaSessionActionDetails	0	field	seekOffset	
mediasession	dictionary	MediaSessionActionDetails	0	field	seekTime	
mediasession	dictionary	MediaSessionActionDetails	0	field	fastSeek	
mediasession	dictionary	MediaSessionActionDetails	0	field	isActivating	
mediasession	dictionary	MediaSessionActionDetails	0	field	enterPictureInPictureReason	
mediastream-recording	interface	MediaRecorder	0	constructor	constructor	Window
mediastream-recording	interface	MediaRecorder	0	attribute	stream	Window
mediastream-recording	interface	MediaRecorder	0	attribute	mimeType	Window
mediastream-recording	interface	MediaRecorder	0	attribute	state	Window
mediastream-recording	interface	MediaRecorder	0	attribute	onstart	Window
mediastream-recording	interface	MediaRecorder	0	attribute	onstop	Window
mediastream-recording	interface	MediaRecorder	0	attribute	ondataavailable	Window
mediastream-recording	interface	MediaRecorder	0	attribute	onpause	Window
mediastream-recording	interface	MediaRecorder	0	attribute	onresume	Window
mediastream-recording	interface	MediaRecorder	0	attribute	onerror	Window
mediastream-recording	interface	MediaRecorder	0	attribute	videoBitsPerSecond	Window
mediastream-recording	interface	MediaRecorder	0	attribute	audioBitsPerSecond	Window
mediastream-recording	interface	MediaRecorder	0	attribute	audioBitrateMode	Window
mediastream-recording	interface	MediaRecorder	0	operation	start	Window
mediastream-recording	interface	MediaRecorder	0	operation	stop	Window
mediastream-recording	interface	MediaRecorder	0	operation	pause	Window
mediastream-recording	interface	MediaRecorder	0	operation	resume	Window
mediastream-recording	interface	MediaRecorder	0	operation	requestData	Window
mediastream-recording	interface	MediaRecorder	0	operation	isTypeSupported	Window
mediastream-recording	dictionary	MediaRecorderOptions	0	field	mimeType	
mediastream-recording	dictionary	MediaRecorderOptions	0	field	audioBitsPerSecond	
mediastream-recording	dictionary	MediaRecorderOptions	0	field	videoBitsPerSecond	
mediastream-recording	dictionary	MediaRecorderOptions	0	field	bitsPerSecond	
mediastream-recording	dictionary	MediaRecorderOptions	0	field	audioBitrateMode	
mediastream-recording	dictionary	MediaRecorderOptions	0	field	videoKeyFrameIntervalDuration	
mediastream-recording	dictionary	MediaRecorderOptions	0	field	videoKeyFrameIntervalCount	
mediastream-recording	enum	BitrateMode	0			
mediastream-recording	enum	RecordingState	0			
mediastream-recording	interface	BlobEvent	0	constructor	constructor	Window
mediastream-recording	interface	BlobEvent	0	attribute	data	Window
mediastream-recording	interface	BlobEvent	0	attribute	timecode	Window
mediastream-recording	dictionary	BlobEventInit	0	field	data	
mediastream-recording	dictionary	BlobEventInit	0	field	timecode	
model-element	interface	HTMLModelElement	0	attribute	ready	Window
model-element	interface	HTMLModelElement	0	attribute	boundingBoxCenter	Window
model-element	interface	HTMLModelElement	0	attribute	boundingBoxExtents	Window
model-element	interface	HTMLModelElement	0	attribute	entityTransform	Window
model-element	interface	HTMLModelElement	0	attribute	environmentMap	Window
model-element	interface	HTMLModelElement	0	attribute	environmentMapReady	Window
model-element	interface	HTMLModelElement	0	attribute	stageMode	Window
mst-content-hint	interface	MediaStreamTrack	1	attribute	contentHint	
mst-content-hint	enum	RTCDegradationPreference	0			
mst-content-hint	dictionary	RTCRtpSendParameters	1	field	degradationPreference	
navigation-timing	interface	PerformanceNavigationTiming	0	attribute	unloadEventStart	Window
navigation-timing	interface	PerformanceNavigationTiming	0	attribute	unloadEventEnd	Window
navigation-timing	interface	PerformanceNavigationTiming	0	attribute	domInteractive	Window
navigation-timing	interface	PerformanceNavigationTiming	0	attribute	domContentLoadedEventStart	Window
navigation-timing	interface	PerformanceNavigationTiming	0	attribute	domContentLoadedEventEnd	Window
navigation-timing	interface	PerformanceNavigationTiming	0	attribute	domComplete	Window
navigation-timing	interface	PerformanceNavigationTiming	0	attribute	loadEventStart	Window
navigation-timing	interface	PerformanceNavigationTiming	0	attribute	loadEventEnd	Window
navigation-timing	interface	PerformanceNavigationTiming	0	attribute	type	Window
navigation-timing	interface	PerformanceNavigationTiming	0	attribute	redirectCount	Window
navigation-timing	interface	PerformanceNavigationTiming	0	attribute	criticalCHRestart	Window
navigation-timing	interface	PerformanceNavigationTiming	0	attribute	notRestoredReasons	Window
navigation-timing	interface	PerformanceNavigationTiming	0	attribute	confidence	Window
navigation-timing	interface	PerformanceNavigationTiming	0	operation	toJSON	Window
navigation-timing	enum	NavigationTimingType	0			
navigation-timing	interface	PerformanceTimingConfidence	0	attribute	randomizedTriggerRate	Window
navigation-timing	interface	PerformanceTimingConfidence	0	attribute	value	Window
navigation-timing	interface	PerformanceTimingConfidence	0	operation	toJSON	Window
navigation-timing	enum	PerformanceTimingConfidenceValue	0			
navigation-timing	interface	PerformanceTiming	0	attribute	navigationStart	Window
navigation-timing	interface	PerformanceTiming	0	attribute	unloadEventStart	Window
navigation-timing	interface	PerformanceTiming	0	attribute	unloadEventEnd	Window
navigation-timing	interface	PerformanceTiming	0	attribute	redirectStart	Window
navigation-timing	interface	PerformanceTiming	0	attribute	redirectEnd	Window
navigation-timing	interface	PerformanceTiming	0	attribute	fetchStart	Window
navigation-timing	interface	PerformanceTiming	0	attribute	domainLookupStart	Window
navigation-timing	interface	PerformanceTiming	0	attribute	domainLookupEnd	Window
navigation-timing	interface	PerformanceTiming	0	attribute	connectStart	Window
navigation-timing	interface	PerformanceTiming	0	attribute	connectEnd	Window
navigation-timing	interface	PerformanceTiming	0	attribute	secureConnectionStart	Window
navigation-timing	interface	PerformanceTiming	0	attribute	requestStart	Window
navigation-timing	interface	PerformanceTiming	0	attribute	responseStart	Window
navigation-timing	interface	PerformanceTiming	0	attribute	responseEnd	Window
navigation-timing	interface	PerformanceTiming	0	attribute	domLoading	Window
navigation-timing	interface	PerformanceTiming	0	attribute	domInteractive	Window
navigation-timing	interface	PerformanceTiming	0	attribute	domContentLoadedEventStart	Window
navigation-timing	interface	PerformanceTiming	0	attribute	domContentLoadedEventEnd	Window
navigation-timing	interface	PerformanceTiming	0	attribute	domComplete	Window
navigation-timing	interface	PerformanceTiming	0	attribute	loadEventStart	Window
navigation-timing	interface	PerformanceTiming	0	attribute	loadEventEnd	Window
navigation-timing	interface	PerformanceTiming	0	operation	toJSON	Window
navigation-timing	interface	PerformanceNavigation	0	const	TYPE_NAVIGATE	Window
navigation-timing	interface	PerformanceNavigation	0	const	TYPE_RELOAD	Window
navigation-timing	interface	PerformanceNavigation	0	const	TYPE_BACK_FORWARD	Window
navigation-timing	interface	PerformanceNavigation	0	const	TYPE_RESERVED	Window
navigation-timing	interface	PerformanceNavigation	0	attribute	type	Window
navigation-timing	interface	PerformanceNavigation	0	attribute	redirectCount	Window
navigation-timing	interface	PerformanceNavigation	0	operation	toJSON	Window
navigation-timing	interface	Performance	1	attribute	timing	Window
navigation-timing	interface	Performance	1	attribute	navigation	Window
netinfo	enum	ConnectionType	0			
netinfo	enum	EffectiveConnectionType	0			
netinfo	interface mixin	NavigatorNetworkInformation	0	attribute	connection	
netinfo	includes	Navigator	0		NavigatorNetworkInformation	
netinfo	includes	WorkerNavigator	0		NavigatorNetworkInformation	
netinfo	interface	NetworkInformation	0	attribute	type	Window,Worker
netinfo	interface	NetworkInformation	0	attribute	effectiveType	Window,Worker
netinfo	interface	NetworkInformation	0	attribute	downlinkMax	Window,Worker
netinfo	interface	NetworkInformation	0	attribute	downlink	Window,Worker
netinfo	interface	NetworkInformation	0	attribute	rtt	Window,Worker
netinfo	interface	NetworkInformation	0	attribute	onchange	Window,Worker
netinfo	typedef	Megabit	0			
netinfo	typedef	Millisecond	0			
notifications	interface	Notification	0	constructor	constructor	Window,Worker
notifications	interface	Notification	0	attribute	permission	Window,Worker
notifications	interface	Notification	0	operation	requestPermission	Window,Worker
notifications	interface	Notification	0	attribute	maxActions	Window,Worker
notifications	interface	Notification	0	attribute	onclick	Window,Worker
notifications	interface	Notification	0	attribute	onshow	Window,Worker
notifications	interface	Notification	0	attribute	onerror	Window,Worker
notifications	interface	Notification	0	attribute	onclose	Window,Worker
notifications	interface	Notification	0	attribute	title	Window,Worker
notifications	interface	Notification	0	attribute	dir	Window,Worker
notifications	interface	Notification	0	attribute	lang	Window,Worker
notifications	interface	Notification	0	attribute	body	Window,Worker
notifications	interface	Notification	0	attribute	navigate	Window,Worker
notifications	interface	Notification	0	attribute	tag	Window,Worker
notifications	interface	Notification	0	attribute	image	Window,Worker
notifications	interface	Notification	0	attribute	icon	Window,Worker
notifications	interface	Notification	0	attribute	badge	Window,Worker
notifications	interface	Notification	0	attribute	vibrate	Window,Worker
notifications	interface	Notification	0	attribute	timestamp	Window,Worker
notifications	interface	Notification	0	attribute	renotify	Window,Worker
notifications	interface	Notification	0	attribute	silent	Window,Worker
notifications	interface	Notification	0	attribute	requireInteraction	Window,Worker
notifications	interface	Notification	0	attribute	data	Window,Worker
notifications	interface	Notification	0	attribute	actions	Window,Worker
notifications	interface	Notification	0	operation	close	Window,Worker
notifications	dictionary	NotificationOptions	0	field	dir	
notifications	dictionary	NotificationOptions	0	field	lang	
notifications	dictionary	NotificationOptions	0	field	body	
notifications	dictionary	NotificationOptions	0	field	navigate	
notifications	dictionary	NotificationOptions	0	field	tag	
notifications	dictionary	NotificationOptions	0	field	image	
notifications	dictionary	NotificationOptions	0	field	icon	
notifications	dictionary	NotificationOptions	0	field	badge	
notifications	dictionary	NotificationOptions	0	field	vibrate	
notifications	dictionary	NotificationOptions	0	field	timestamp	
notifications	dictionary	NotificationOptions	0	field	renotify	
notifications	dictionary	NotificationOptions	0	field	silent	
notifications	dictionary	NotificationOptions	0	field	requireInteraction	
notifications	dictionary	NotificationOptions	0	field	data	
notifications	dictionary	NotificationOptions	0	field	actions	
notifications	enum	NotificationPermission	0			
notifications	enum	NotificationDirection	0			
notifications	dictionary	NotificationAction	0	field	action	
notifications	dictionary	NotificationAction	0	field	title	
notifications	dictionary	NotificationAction	0	field	navigate	
notifications	dictionary	NotificationAction	0	field	icon	
notifications	callback	NotificationPermissionCallback	0			
notifications	dictionary	GetNotificationOptions	0	field	tag	
notifications	interface	ServiceWorkerRegistration	1	operation	showNotification	
notifications	interface	ServiceWorkerRegistration	1	operation	getNotifications	
notifications	interface	NotificationEvent	0	constructor	constructor	ServiceWorker
notifications	interface	NotificationEvent	0	attribute	notification	ServiceWorker
notifications	interface	NotificationEvent	0	attribute	action	ServiceWorker
notifications	dictionary	NotificationEventInit	0	field	notification	
notifications	dictionary	NotificationEventInit	0	field	action	
notifications	interface	ServiceWorkerGlobalScope	1	attribute	onnotificationclick	
notifications	interface	ServiceWorkerGlobalScope	1	attribute	onnotificationclose	
observable	interface	Subscriber	0	operation	next	*
observable	interface	Subscriber	0	operation	error	*
observable	interface	Subscriber	0	operation	complete	*
observable	interface	Subscriber	0	operation	addTeardown	*
observable	interface	Subscriber	0	attribute	active	*
observable	interface	Subscriber	0	attribute	signal	*
observable	callback	SubscribeCallback	0			
observable	callback	ObservableSubscriptionCallback	0			
observable	dictionary	SubscriptionObserver	0	field	next	
observable	dictionary	SubscriptionObserver	0	field	error	
observable	dictionary	SubscriptionObserver	0	field	complete	
observable	callback	ObservableInspectorAbortHandler	0			
observable	dictionary	ObservableInspector	0	field	next	
observable	dictionary	ObservableInspector	0	field	error	
observable	dictionary	ObservableInspector	0	field	complete	
observable	dictionary	ObservableInspector	0	field	subscribe	
observable	dictionary	ObservableInspector	0	field	abort	
observable	typedef	ObserverUnion	0			
observable	typedef	ObservableInspectorUnion	0			
observable	dictionary	SubscribeOptions	0	field	signal	
observable	callback	Predicate	0			
observable	callback	Reducer	0			
observable	callback	Mapper	0			
observable	callback	Visitor	0			
observable	callback	CatchCallback	0			
observable	interface	Observable	0	constructor	constructor	*
observable	interface	Observable	0	operation	subscribe	*
observable	interface	Observable	0	operation	from	*
observable	interface	Observable	0	operation	takeUntil	*
observable	interface	Observable	0	operation	map	*
observable	interface	Observable	0	operation	filter	*
observable	interface	Observable	0	operation	take	*
observable	interface	Observable	0	operation	drop	*
observable	interface	Observable	0	operation	flatMap	*
observable	interface	Observable	0	operation	switchMap	*
observable	interface	Observable	0	operation	inspect	*
observable	interface	Observable	0	operation	catch	*
observable	interface	Observable	0	operation	finally	*
observable	interface	Observable	0	operation	toArray	*
observable	interface	Observable	0	operation	forEach	*
observable	interface	Observable	0	operation	every	*
observable	interface	Observable	0	operation	first	*
observable	interface	Observable	0	operation	last	*
observable	interface	Observable	0	operation	find	*
observable	interface	Observable	0	operation	some	*
observable	interface	Observable	0	operation	reduce	*
observable	dictionary	ObservableEventListenerOptions	0	field	capture	
observable	dictionary	ObservableEventListenerOptions	0	field	passive	
observable	interface	EventTarget	1	operation	when	
orientation-event	interface	Window	1	attribute	ondeviceorientation	
orientation-event	interface	DeviceOrientationEvent	0	constructor	constructor	Window
orientation-event	interface	DeviceOrientationEvent	0	attribute	alpha	Window
orientation-event	interface	DeviceOrientationEvent	0	attribute	beta	Window
orientation-event	interface	DeviceOrientationEvent	0	attribute	gamma	Window
orientation-event	interface	DeviceOrientationEvent	0	attribute	absolute	Window
orientation-event	interface	DeviceOrientationEvent	0	operation	requestPermission	Window
orientation-event	dictionary	DeviceOrientationEventInit	0	field	alpha	
orientation-event	dictionary	DeviceOrientationEventInit	0	field	beta	
orientation-event	dictionary	DeviceOrientationEventInit	0	field	gamma	
orientation-event	dictionary	DeviceOrientationEventInit	0	field	absolute	
orientation-event	interface	Window	1	attribute	ondeviceorientationabsolute	
orientation-event	interface	DeviceMotionEventAcceleration	0	attribute	x	Window
orientation-event	interface	DeviceMotionEventAcceleration	0	attribute	y	Window
orientation-event	interface	DeviceMotionEventAcceleration	0	attribute	z	Window
orientation-event	interface	DeviceMotionEventRotationRate	0	attribute	alpha	Window
orientation-event	interface	DeviceMotionEventRotationRate	0	attribute	beta	Window
orientation-event	interface	DeviceMotionEventRotationRate	0	attribute	gamma	Window
orientation-event	interface	Window	1	attribute	ondevicemotion	
orientation-event	interface	DeviceMotionEvent	0	constructor	constructor	Window
orientation-event	interface	DeviceMotionEvent	0	attribute	acceleration	Window
orientation-event	interface	DeviceMotionEvent	0	attribute	accelerationIncludingGravity	Window
orientation-event	interface	DeviceMotionEvent	0	attribute	rotationRate	Window
orientation-event	interface	DeviceMotionEvent	0	attribute	interval	Window
orientation-event	interface	DeviceMotionEvent	0	operation	requestPermission	Window
orientation-event	dictionary	DeviceMotionEventAccelerationInit	0	field	x	
orientation-event	dictionary	DeviceMotionEventAccelerationInit	0	field	y	
orientation-event	dictionary	DeviceMotionEventAccelerationInit	0	field	z	
orientation-event	dictionary	DeviceMotionEventRotationRateInit	0	field	alpha	
orientation-event	dictionary	DeviceMotionEventRotationRateInit	0	field	beta	
orientation-event	dictionary	DeviceMotionEventRotationRateInit	0	field	gamma	
orientation-event	dictionary	DeviceMotionEventInit	0	field	acceleration	
orientation-event	dictionary	DeviceMotionEventInit	0	field	accelerationIncludingGravity	
orientation-event	dictionary	DeviceMotionEventInit	0	field	rotationRate	
orientation-event	dictionary	DeviceMotionEventInit	0	field	interval	
orientation-sensor	typedef	RotationMatrixType	0			
orientation-sensor	interface	OrientationSensor	0	attribute	quaternion	Window
orientation-sensor	interface	OrientationSensor	0	operation	populateMatrix	Window
orientation-sensor	enum	OrientationSensorLocalCoordinateSystem	0			
orientation-sensor	dictionary	OrientationSensorOptions	0	field	referenceFrame	
orientation-sensor	interface	AbsoluteOrientationSensor	0	constructor	constructor	Window
orientation-sensor	interface	RelativeOrientationSensor	0	constructor	constructor	Window
page-lifecycle	interface	Document	1	attribute	onfreeze	
page-lifecycle	interface	Document	1	attribute	onresume	
page-lifecycle	interface	Document	1	attribute	wasDiscarded	
page-lifecycle	interface	Client	1	attribute	lifecycleState	
page-lifecycle	enum	ClientLifecycleState	0			
paint-timing	interface mixin	PaintTimingMixin	0	attribute	paintTime	Window
paint-timing	interface mixin	PaintTimingMixin	0	attribute	presentationTime	Window
paint-timing	interface	PerformancePaintTiming	0	operation	toJSON	Window
paint-timing	includes	PerformancePaintTiming	0		PaintTimingMixin	
payment-request	interface	PaymentRequest	0	constructor	constructor	Window
payment-request	interface	PaymentRequest	0	operation	show	Window
payment-request	interface	PaymentRequest	0	operation	abort	Window
payment-request	interface	PaymentRequest	0	operation	canMakePayment	Window
payment-request	interface	PaymentRequest	0	attribute	id	Window
payment-request	interface	PaymentRequest	0	attribute	shippingAddress	Window
payment-request	interface	PaymentRequest	0	attribute	shippingOption	Window
payment-request	interface	PaymentRequest	0	attribute	shippingType	Window
payment-request	interface	PaymentRequest	0	attribute	onshippingaddresschange	Window
payment-request	interface	PaymentRequest	0	attribute	onshippingoptionchange	Window
payment-request	interface	PaymentRequest	0	attribute	onpaymentmethodchange	Window
payment-request	dictionary	PaymentMethodData	0	field	supportedMethods	
payment-request	dictionary	PaymentMethodData	0	field	data	
payment-request	dictionary	PaymentCurrencyAmount	0	field	currency	
payment-request	dictionary	PaymentCurrencyAmount	0	field	value	
payment-request	dictionary	PaymentDetailsBase	0	field	displayItems	
payment-request	dictionary	PaymentDetailsBase	0	field	shippingOptions	
payment-request	dictionary	PaymentDetailsBase	0	field	modifiers	
payment-request	dictionary	PaymentDetailsInit	0	field	id	
payment-request	dictionary	PaymentDetailsInit	0	field	total	
payment-request	dictionary	PaymentDetailsUpdate	0	field	error	
payment-request	dictionary	PaymentDetailsUpdate	0	field	total	
payment-request	dictionary	PaymentDetailsUpdate	0	field	shippingAddressErrors	
payment-request	dictionary	PaymentDetailsUpdate	0	field	payerErrors	
payment-request	dictionary	PaymentDetailsUpdate	0	field	paymentMethodErrors	
payment-request	dictionary	PaymentDetailsModifier	0	field	supportedMethods	
payment-request	dictionary	PaymentDetailsModifier	0	field	total	
payment-request	dictionary	PaymentDetailsModifier	0	field	additionalDisplayItems	
payment-request	dictionary	PaymentDetailsModifier	0	field	data	
payment-request	enum	PaymentShippingType	0			
payment-request	dictionary	PaymentOptions	0	field	requestPayerName	
payment-request	dictionary	PaymentOptions	0	field	requestBillingAddress	
payment-request	dictionary	PaymentOptions	0	field	requestPayerEmail	
payment-request	dictionary	PaymentOptions	0	field	requestPayerPhone	
payment-request	dictionary	PaymentOptions	0	field	requestShipping	
payment-request	dictionary	PaymentOptions	0	field	shippingType	
payment-request	dictionary	PaymentItem	0	field	label	
payment-request	dictionary	PaymentItem	0	field	amount	
payment-request	dictionary	PaymentItem	0	field	pending	
payment-request	dictionary	PaymentCompleteDetails	0	field	data	
payment-request	enum	PaymentComplete	0			
payment-request	dictionary	PaymentShippingOption	0	field	id	
payment-request	dictionary	PaymentShippingOption	0	field	label	
payment-request	dictionary	PaymentShippingOption	0	field	amount	
payment-request	dictionary	PaymentShippingOption	0	field	selected	
payment-request	interface	PaymentResponse	0	operation	toJSON	Window
payment-request	interface	PaymentResponse	0	attribute	requestId	Window
payment-request	interface	PaymentResponse	0	attribute	methodName	Window
payment-request	interface	PaymentResponse	0	attribute	details	Window
payment-request	interface	PaymentResponse	0	attribute	shippingAddress	Window
payment-request	interface	PaymentResponse	0	attribute	shippingOption	Window
payment-request	interface	PaymentResponse	0	attribute	payerName	Window
payment-request	interface	PaymentResponse	0	attribute	payerEmail	Window
payment-request	interface	PaymentResponse	0	attribute	payerPhone	Window
payment-request	interface	PaymentResponse	0	operation	complete	Window
payment-request	interface	PaymentResponse	0	operation	retry	Window
payment-request	interface	PaymentResponse	0	attribute	onpayerdetailchange	Window
payment-request	dictionary	PaymentValidationErrors	0	field	payer	
payment-request	dictionary	PaymentValidationErrors	0	field	shippingAddress	
payment-request	dictionary	PaymentValidationErrors	0	field	error	
payment-request	dictionary	PaymentValidationErrors	0	field	paymentMethod	
payment-request	dictionary	PayerErrors	0	field	email	
payment-request	dictionary	PayerErrors	0	field	name	
payment-request	dictionary	PayerErrors	0	field	phone	
payment-request	dictionary	AddressErrors	0	field	addressLine	
payment-request	dictionary	AddressErrors	0	field	city	
payment-request	dictionary	AddressErrors	0	field	country	
payment-request	dictionary	AddressErrors	0	field	dependentLocality	
payment-request	dictionary	AddressErrors	0	field	organization	
payment-request	dictionary	AddressErrors	0	field	phone	
payment-request	dictionary	AddressErrors	0	field	postalCode	
payment-request	dictionary	AddressErrors	0	field	recipient	
payment-request	dictionary	AddressErrors	0	field	region	
payment-request	dictionary	AddressErrors	0	field	sortingCode	
payment-request	interface	PaymentMethodChangeEvent	0	constructor	constructor	Window
payment-request	interface	PaymentMethodChangeEvent	0	attribute	methodName	Window
payment-request	interface	PaymentMethodChangeEvent	0	attribute	methodDetails	Window
payment-request	dictionary	PaymentMethodChangeEventInit	0	field	methodName	
payment-request	dictionary	PaymentMethodChangeEventInit	0	field	methodDetails	
payment-request	interface	PaymentRequestUpdateEvent	0	constructor	constructor	Window
payment-request	interface	PaymentRequestUpdateEvent	0	operation	updateWith	Window
payment-request	dictionary	PaymentRequestUpdateEventInit	0			
performance-measure-memory	dictionary	MemoryMeasurement	0	field	bytes	
performance-measure-memory	dictionary	MemoryMeasurement	0	field	breakdown	
performance-measure-memory	dictionary	MemoryBreakdownEntry	0	field	bytes	
performance-measure-memory	dictionary	MemoryBreakdownEntry	0	field	attribution	
performance-measure-memory	dictionary	MemoryBreakdownEntry	0	field	types	
performance-measure-memory	dictionary	MemoryAttribution	0	field	url	
performance-measure-memory	dictionary	MemoryAttribution	0	field	container	
performance-measure-memory	dictionary	MemoryAttribution	0	field	scope	
performance-measure-memory	dictionary	MemoryAttributionContainer	0	field	id	
performance-measure-memory	dictionary	MemoryAttributionContainer	0	field	src	
performance-measure-memory	interface	Performance	1	operation	measureUserAgentSpecificMemory	
performance-timeline	interface	Performance	1	operation	getEntries	
performance-timeline	interface	Performance	1	operation	getEntriesByType	
performance-timeline	interface	Performance	1	operation	getEntriesByName	
performance-timeline	typedef	PerformanceEntryList	0			
performance-timeline	interface	PerformanceEntry	0	attribute	id	Window,Worker
performance-timeline	interface	PerformanceEntry	0	attribute	name	Window,Worker
performance-timeline	interface	PerformanceEntry	0	attribute	entryType	Window,Worker
performance-timeline	interface	PerformanceEntry	0	attribute	startTime	Window,Worker
performance-timeline	interface	PerformanceEntry	0	attribute	duration	Window,Worker
performance-timeline	interface	PerformanceEntry	0	attribute	navigationId	Window,Worker
performance-timeline	interface	PerformanceEntry	0	operation	toJSON	Window,Worker
performance-timeline	callback	PerformanceObserverCallback	0			
performance-timeline	interface	PerformanceObserver	0	constructor	constructor	Window,Worker
performance-timeline	interface	PerformanceObserver	0	operation	observe	Window,Worker
performance-timeline	interface	PerformanceObserver	0	operation	disconnect	Window,Worker
performance-timeline	interface	PerformanceObserver	0	operation	takeRecords	Window,Worker
performance-timeline	interface	PerformanceObserver	0	attribute	supportedEntryTypes	Window,Worker
performance-timeline	dictionary	PerformanceObserverCallbackOptions	0	field	droppedEntriesCount	
performance-timeline	dictionary	PerformanceObserverInit	0	field	entryTypes	
performance-timeline	dictionary	PerformanceObserverInit	0	field	type	
performance-timeline	dictionary	PerformanceObserverInit	0	field	buffered	
performance-timeline	interface	PerformanceObserverEntryList	0	operation	getEntries	Window,Worker
performance-timeline	interface	PerformanceObserverEntryList	0	operation	getEntriesByType	Window,Worker
performance-timeline	interface	PerformanceObserverEntryList	0	operation	getEntriesByName	Window,Worker
periodic-background-sync	interface	ServiceWorkerGlobalScope	1	attribute	onperiodicsync	
periodic-background-sync	interface	ServiceWorkerRegistration	1	attribute	periodicSync	Window,Worker
periodic-background-sync	interface	PeriodicSyncManager	0	operation	register	Window,Worker
periodic-background-sync	interface	PeriodicSyncManager	0	operation	getTags	Window,Worker
periodic-background-sync	interface	PeriodicSyncManager	0	operation	unregister	Window,Worker
periodic-background-sync	dictionary	BackgroundSyncOptions	0	field	minInterval	
periodic-background-sync	dictionary	PeriodicSyncEventInit	0	field	tag	
periodic-background-sync	interface	PeriodicSyncEvent	0	constructor	constructor	ServiceWorker
periodic-background-sync	interface	PeriodicSyncEvent	0	attribute	tag	ServiceWorker
permissions-policy	interface	PermissionsPolicy	0	operation	allowsFeature	Window
permissions-policy	interface	PermissionsPolicy	0	operation	features	Window
permissions-policy	interface	PermissionsPolicy	0	operation	allowedFeatures	Window
permissions-policy	interface	PermissionsPolicy	0	operation	getAllowlistForFeature	Window
permissions-policy	interface	Document	1	attribute	permissionsPolicy	
permissions-policy	interface	HTMLIFrameElement	1	attribute	permissionsPolicy	
permissions-policy	dictionary	PermissionsPolicyViolationReportBody	0	field	featureId	
permissions-policy	dictionary	PermissionsPolicyViolationReportBody	0	field	sourceFile	
permissions-policy	dictionary	PermissionsPolicyViolationReportBody	0	field	lineNumber	
permissions-policy	dictionary	PermissionsPolicyViolationReportBody	0	field	columnNumber	
permissions-policy	dictionary	PermissionsPolicyViolationReportBody	0	field	disposition	
permissions-policy	dictionary	PermissionsPolicyViolationReportBody	0	field	allowAttribute	
permissions-policy	dictionary	PermissionsPolicyViolationReportBody	0	field	srcAttribute	
permissions-request	interface	Permissions	1	operation	request	
permissions-revoke	interface	Permissions	1	operation	revoke	
permissions	interface	Navigator	1	attribute	permissions	Window
permissions	interface	WorkerNavigator	1	attribute	permissions	Worker
permissions	interface	Permissions	0	operation	query	Window,Worker
permissions	dictionary	PermissionDescriptor	0	field	name	
permissions	interface	PermissionStatus	0	attribute	state	Window,Worker
permissions	interface	PermissionStatus	0	attribute	name	Window,Worker
permissions	interface	PermissionStatus	0	attribute	onchange	Window,Worker
permissions	enum	PermissionState	0			
permissions	dictionary	PermissionSetParameters	0	field	descriptor	
permissions	dictionary	PermissionSetParameters	0	field	state	
picture-in-picture	interface	HTMLVideoElement	1	operation	requestPictureInPicture	
picture-in-picture	interface	HTMLVideoElement	1	attribute	onenterpictureinpicture	
picture-in-picture	interface	HTMLVideoElement	1	attribute	onleavepictureinpicture	
picture-in-picture	interface	HTMLVideoElement	1	attribute	disablePictureInPicture	
picture-in-picture	interface	Document	1	attribute	pictureInPictureEnabled	
picture-in-picture	interface	Document	1	operation	exitPictureInPicture	
picture-in-picture	interface mixin	DocumentOrShadowRoot	1	attribute	pictureInPictureElement	
picture-in-picture	interface	PictureInPictureWindow	0	attribute	width	Window
picture-in-picture	interface	PictureInPictureWindow	0	attribute	height	Window
picture-in-picture	interface	PictureInPictureWindow	0	attribute	onresize	Window
picture-in-picture	interface	PictureInPictureEvent	0	constructor	constructor	Window
picture-in-picture	interface	PictureInPictureEvent	0	attribute	pictureInPictureWindow	Window
picture-in-picture	dictionary	PictureInPictureEventInit	0	field	pictureInPictureWindow	
pointer-animations	enum	PointerAxis	0			
pointer-animations	dictionary	PointerTimelineOptions	0	field	source	
pointer-animations	dictionary	PointerTimelineOptions	0	field	axis	
pointer-animations	interface	PointerTimeline	0	constructor	constructor	Window
pointer-animations	interface	PointerTimeline	0	attribute	source	Window
pointer-animations	interface	PointerTimeline	0	attribute	axis	Window
pointerevents	dictionary	PointerEventInit	0	field	pointerId	
pointerevents	dictionary	PointerEventInit	0	field	width	
pointerevents	dictionary	PointerEventInit	0	field	height	
pointerevents	dictionary	PointerEventInit	0	field	pressure	
pointerevents	dictionary	PointerEventInit	0	field	tangentialPressure	
pointerevents	dictionary	PointerEventInit	0	field	tiltX	
pointerevents	dictionary	PointerEventInit	0	field	tiltY	
pointerevents	dictionary	PointerEventInit	0	field	twist	
pointerevents	dictionary	PointerEventInit	0	field	altitudeAngle	
pointerevents	dictionary	PointerEventInit	0	field	azimuthAngle	
pointerevents	dictionary	PointerEventInit	0	field	pointerType	
pointerevents	dictionary	PointerEventInit	0	field	isPrimary	
pointerevents	dictionary	PointerEventInit	0	field	persistentDeviceId	
pointerevents	dictionary	PointerEventInit	0	field	coalescedEvents	
pointerevents	dictionary	PointerEventInit	0	field	predictedEvents	
pointerevents	interface	PointerEvent	0	constructor	constructor	Window
pointerevents	interface	PointerEvent	0	attribute	pointerId	Window
pointerevents	interface	PointerEvent	0	attribute	width	Window
pointerevents	interface	PointerEvent	0	attribute	height	Window
pointerevents	interface	PointerEvent	0	attribute	pressure	Window
pointerevents	interface	PointerEvent	0	attribute	tangentialPressure	Window
pointerevents	interface	PointerEvent	0	attribute	tiltX	Window
pointerevents	interface	PointerEvent	0	attribute	tiltY	Window
pointerevents	interface	PointerEvent	0	attribute	twist	Window
pointerevents	interface	PointerEvent	0	attribute	altitudeAngle	Window
pointerevents	interface	PointerEvent	0	attribute	azimuthAngle	Window
pointerevents	interface	PointerEvent	0	attribute	pointerType	Window
pointerevents	interface	PointerEvent	0	attribute	isPrimary	Window
pointerevents	interface	PointerEvent	0	attribute	persistentDeviceId	Window
pointerevents	interface	PointerEvent	0	operation	getCoalescedEvents	Window
pointerevents	interface	PointerEvent	0	operation	getPredictedEvents	Window
pointerevents	interface	Element	1	operation	setPointerCapture	
pointerevents	interface	Element	1	operation	releasePointerCapture	
pointerevents	interface	Element	1	operation	hasPointerCapture	
pointerevents	interface mixin	GlobalEventHandlers	1	attribute	onpointerover	
pointerevents	interface mixin	GlobalEventHandlers	1	attribute	onpointerenter	
pointerevents	interface mixin	GlobalEventHandlers	1	attribute	onpointerdown	
pointerevents	interface mixin	GlobalEventHandlers	1	attribute	onpointermove	
pointerevents	interface mixin	GlobalEventHandlers	1	attribute	onpointerrawupdate	
pointerevents	interface mixin	GlobalEventHandlers	1	attribute	onpointerup	
pointerevents	interface mixin	GlobalEventHandlers	1	attribute	onpointercancel	
pointerevents	interface mixin	GlobalEventHandlers	1	attribute	onpointerout	
pointerevents	interface mixin	GlobalEventHandlers	1	attribute	onpointerleave	
pointerevents	interface mixin	GlobalEventHandlers	1	attribute	ongotpointercapture	
pointerevents	interface mixin	GlobalEventHandlers	1	attribute	onlostpointercapture	
pointerevents	interface	Navigator	1	attribute	maxTouchPoints	
pointerevents	dictionary	MouseEventInit	0	field	screenX	
pointerevents	dictionary	MouseEventInit	0	field	screenY	
pointerevents	dictionary	MouseEventInit	0	field	clientX	
pointerevents	dictionary	MouseEventInit	0	field	clientY	
pointerevents	dictionary	MouseEventInit	0	field	button	
pointerevents	dictionary	MouseEventInit	0	field	buttons	
pointerevents	dictionary	MouseEventInit	0	field	relatedTarget	
pointerevents	interface	MouseEvent	0	constructor	constructor	Window
pointerevents	interface	MouseEvent	0	attribute	screenX	Window
pointerevents	interface	MouseEvent	0	attribute	screenY	Window
pointerevents	interface	MouseEvent	0	attribute	clientX	Window
pointerevents	interface	MouseEvent	0	attribute	clientY	Window
pointerevents	interface	MouseEvent	0	attribute	layerX	Window
pointerevents	interface	MouseEvent	0	attribute	layerY	Window
pointerevents	interface	MouseEvent	0	attribute	ctrlKey	Window
pointerevents	interface	MouseEvent	0	attribute	shiftKey	Window
pointerevents	interface	MouseEvent	0	attribute	altKey	Window
pointerevents	interface	MouseEvent	0	attribute	metaKey	Window
pointerevents	interface	MouseEvent	0	attribute	button	Window
pointerevents	interface	MouseEvent	0	attribute	buttons	Window
pointerevents	interface	MouseEvent	0	attribute	relatedTarget	Window
pointerevents	interface	MouseEvent	0	operation	getModifierState	Window
pointerevents	dictionary	WheelEventInit	0	field	deltaX	
pointerevents	dictionary	WheelEventInit	0	field	deltaY	
pointerevents	dictionary	WheelEventInit	0	field	deltaZ	
pointerevents	dictionary	WheelEventInit	0	field	deltaMode	
pointerevents	dictionary	WheelEventInit	0	field	momentum	
pointerevents	interface	WheelEvent	0	constructor	constructor	Window
pointerevents	interface	WheelEvent	0	const	DOM_DELTA_PIXEL	Window
pointerevents	interface	WheelEvent	0	const	DOM_DELTA_LINE	Window
pointerevents	interface	WheelEvent	0	const	DOM_DELTA_PAGE	Window
pointerevents	interface	WheelEvent	0	attribute	deltaX	Window
pointerevents	interface	WheelEvent	0	attribute	deltaY	Window
pointerevents	interface	WheelEvent	0	attribute	deltaZ	Window
pointerevents	interface	WheelEvent	0	attribute	deltaMode	Window
pointerevents	interface	WheelEvent	0	attribute	momentum	Window
pointerevents	interface	MouseEvent	1	operation	initMouseEvent	
pointerlock	dictionary	PointerLockOptions	0	field	unadjustedMovement	
pointerlock	interface	Element	1	operation	requestPointerLock	
pointerlock	interface	Document	1	attribute	onpointerlockchange	
pointerlock	interface	Document	1	attribute	onpointerlockerror	
pointerlock	interface	Document	1	operation	exitPointerLock	
pointerlock	interface mixin	DocumentOrShadowRoot	1	attribute	pointerLockElement	
pointerlock	interface	MouseEvent	1	attribute	movementX	
pointerlock	interface	MouseEvent	1	attribute	movementY	
pointerlock	dictionary	MouseEventInit	1	field	movementX	
pointerlock	dictionary	MouseEventInit	1	field	movementY	
portals	interface	HTMLPortalElement	0	constructor	constructor	Window
portals	interface	HTMLPortalElement	0	attribute	src	Window
portals	interface	HTMLPortalElement	0	attribute	referrerPolicy	Window
portals	interface	HTMLPortalElement	0	operation	activate	Window
portals	interface	HTMLPortalElement	0	operation	postMessage	Window
portals	interface	HTMLPortalElement	0	attribute	onmessage	Window
portals	interface	HTMLPortalElement	0	attribute	onmessageerror	Window
portals	dictionary	PortalActivateOptions	0	field	data	
portals	interface	Window	1	attribute	portalHost	
portals	interface	PortalHost	0	operation	postMessage	Window
portals	interface	PortalHost	0	attribute	onmessage	Window
portals	interface	PortalHost	0	attribute	onmessageerror	Window
portals	interface	PortalActivateEvent	0	constructor	constructor	Window
portals	interface	PortalActivateEvent	0	attribute	data	Window
portals	interface	PortalActivateEvent	0	operation	adoptPredecessor	Window
portals	dictionary	PortalActivateEventInit	0	field	data	
portals	interface mixin	WindowEventHandlers	1	attribute	onportalactivate	
prefer-current-tab	dictionary	MediaStreamConstraints	1	field	preferCurrentTab	
prerendering-revamped	interface	Document	1	attribute	prerendering	
prerendering-revamped	interface	Document	1	attribute	onprerenderingchange	
prerendering-revamped	interface	PerformanceNavigationTiming	1	attribute	activationStart	
presentation-api	interface	Navigator	1	attribute	presentation	
presentation-api	interface	Presentation	0			Window
presentation-api	interface	Presentation	1	attribute	defaultRequest	
presentation-api	interface	Presentation	1	attribute	receiver	
presentation-api	interface	PresentationRequest	0	constructor	constructor	Window
presentation-api	interface	PresentationRequest	0	constructor	constructor	Window
presentation-api	interface	PresentationRequest	0	operation	start	Window
presentation-api	interface	PresentationRequest	0	operation	reconnect	Window
presentation-api	interface	PresentationRequest	0	operation	getAvailability	Window
presentation-api	interface	PresentationRequest	0	attribute	onconnectionavailable	Window
presentation-api	interface	PresentationAvailability	0	attribute	value	Window
presentation-api	interface	PresentationAvailability	0	attribute	onchange	Window
presentation-api	interface	PresentationConnectionAvailableEvent	0	constructor	constructor	Window
presentation-api	interface	PresentationConnectionAvailableEvent	0	attribute	connection	Window
presentation-api	dictionary	PresentationConnectionAvailableEventInit	0	field	connection	
presentation-api	enum	PresentationConnectionState	0			
presentation-api	interface	PresentationConnection	0	attribute	id	Window
presentation-api	interface	PresentationConnection	0	attribute	url	Window
presentation-api	interface	PresentationConnection	0	attribute	state	Window
presentation-api	interface	PresentationConnection	0	operation	close	Window
presentation-api	interface	PresentationConnection	0	operation	terminate	Window
presentation-api	interface	PresentationConnection	0	attribute	onconnect	Window
presentation-api	interface	PresentationConnection	0	attribute	onclose	Window
presentation-api	interface	PresentationConnection	0	attribute	onterminate	Window
presentation-api	interface	PresentationConnection	0	attribute	binaryType	Window
presentation-api	interface	PresentationConnection	0	attribute	onmessage	Window
presentation-api	interface	PresentationConnection	0	operation	send	Window
presentation-api	interface	PresentationConnection	0	operation	send	Window
presentation-api	interface	PresentationConnection	0	operation	send	Window
presentation-api	interface	PresentationConnection	0	operation	send	Window
presentation-api	enum	PresentationConnectionCloseReason	0			
presentation-api	interface	PresentationConnectionCloseEvent	0	constructor	constructor	Window
presentation-api	interface	PresentationConnectionCloseEvent	0	attribute	reason	Window
presentation-api	interface	PresentationConnectionCloseEvent	0	attribute	message	Window
presentation-api	dictionary	PresentationConnectionCloseEventInit	0	field	reason	
presentation-api	dictionary	PresentationConnectionCloseEventInit	0	field	message	
presentation-api	interface	PresentationReceiver	0	attribute	connectionList	Window
presentation-api	interface	PresentationConnectionList	0	attribute	connections	Window
presentation-api	interface	PresentationConnectionList	0	attribute	onconnectionavailable	Window
private-click-measurement	interface	HTMLAnchorElement	1	attribute	attributionSourceId	
prompt-api	interface	LanguageModel	0	operation	create	Window
prompt-api	interface	LanguageModel	0	operation	availability	Window
prompt-api	interface	LanguageModel	0	operation	params	Window
prompt-api	interface	LanguageModel	0	operation	prompt	Window
prompt-api	interface	LanguageModel	0	operation	promptStreaming	Window
prompt-api	interface	LanguageModel	0	operation	append	Window
prompt-api	interface	LanguageModel	0	operation	measureContextUsage	Window
prompt-api	interface	LanguageModel	0	attribute	contextUsage	Window
prompt-api	interface	LanguageModel	0	attribute	contextWindow	Window
prompt-api	interface	LanguageModel	0	attribute	oncontextoverflow	Window
prompt-api	interface	LanguageModel	0	operation	measureInputUsage	Window
prompt-api	interface	LanguageModel	0	attribute	inputUsage	Window
prompt-api	interface	LanguageModel	0	attribute	inputQuota	Window
prompt-api	interface	LanguageModel	0	attribute	onquotaoverflow	Window
prompt-api	interface	LanguageModel	0	attribute	topK	Window
prompt-api	interface	LanguageModel	0	attribute	temperature	Window
prompt-api	interface	LanguageModel	0	attribute	samplingMode	Window
prompt-api	interface	LanguageModel	0	operation	clone	Window
prompt-api	includes	LanguageModel	0		DestroyableModel	
prompt-api	interface	LanguageModelParams	0	attribute	defaultTopK	Window
prompt-api	interface	LanguageModelParams	0	attribute	maxTopK	Window
prompt-api	interface	LanguageModelParams	0	attribute	defaultTemperature	Window
prompt-api	interface	LanguageModelParams	0	attribute	maxTemperature	Window
prompt-api	callback	LanguageModelToolFunction	0			
prompt-api	dictionary	LanguageModelTool	0	field	name	
prompt-api	dictionary	LanguageModelTool	0	field	description	
prompt-api	dictionary	LanguageModelTool	0	field	inputSchema	
prompt-api	dictionary	LanguageModelTool	0	field	execute	
prompt-api	dictionary	LanguageModelCreateCoreOptions	0	field	topK	
prompt-api	dictionary	LanguageModelCreateCoreOptions	0	field	temperature	
prompt-api	dictionary	LanguageModelCreateCoreOptions	0	field	samplingMode	
prompt-api	dictionary	LanguageModelCreateCoreOptions	0	field	expectedInputs	
prompt-api	dictionary	LanguageModelCreateCoreOptions	0	field	expectedOutputs	
prompt-api	dictionary	LanguageModelCreateCoreOptions	0	field	tools	
prompt-api	dictionary	LanguageModelCreateOptions	0	field	signal	
prompt-api	dictionary	LanguageModelCreateOptions	0	field	monitor	
prompt-api	dictionary	LanguageModelCreateOptions	0	field	initialPrompts	
prompt-api	dictionary	LanguageModelPromptOptions	0	field	responseConstraint	
prompt-api	dictionary	LanguageModelPromptOptions	0	field	omitResponseConstraintInput	
prompt-api	dictionary	LanguageModelPromptOptions	0	field	signal	
prompt-api	dictionary	LanguageModelAppendOptions	0	field	signal	
prompt-api	dictionary	LanguageModelCloneOptions	0	field	signal	
prompt-api	dictionary	LanguageModelExpected	0	field	type	
prompt-api	dictionary	LanguageModelExpected	0	field	languages	
prompt-api	typedef	LanguageModelPrompt	0			
prompt-api	dictionary	LanguageModelMessage	0	field	role	
prompt-api	dictionary	LanguageModelMessage	0	field	content	
prompt-api	dictionary	LanguageModelMessage	0	field	prefix	
prompt-api	dictionary	LanguageModelMessageContent	0	field	type	
prompt-api	dictionary	LanguageModelMessageContent	0	field	value	
prompt-api	enum	LanguageModelSamplingMode	0			
prompt-api	enum	LanguageModelMessageRole	0			
prompt-api	enum	LanguageModelMessageType	0			
prompt-api	typedef	LanguageModelMessageValue	0			
proofreader-api	interface	Proofreader	0	operation	create	Window
proofreader-api	interface	Proofreader	0	operation	availability	Window
proofreader-api	interface	Proofreader	0	operation	proofread	Window
proofreader-api	interface	Proofreader	0	attribute	includeCorrectionTypes	Window
proofreader-api	interface	Proofreader	0	attribute	includeCorrectionExplanations	Window
proofreader-api	interface	Proofreader	0	attribute	expectedInputLanguages	Window
proofreader-api	interface	Proofreader	0	attribute	correctionExplanationLanguage	Window
proofreader-api	dictionary	ProofreaderCreateCoreOptions	0	field	includeCorrectionTypes	
proofreader-api	dictionary	ProofreaderCreateCoreOptions	0	field	includeCorrectionExplanations	
proofreader-api	dictionary	ProofreaderCreateCoreOptions	0	field	expectedInputLanguages	
proofreader-api	dictionary	ProofreaderCreateCoreOptions	0	field	correctionExplanationLanguage	
proofreader-api	dictionary	ProofreaderCreateOptions	0	field	signal	
proofreader-api	dictionary	ProofreaderCreateOptions	0	field	monitor	
proofreader-api	dictionary	ProofreaderProofreadOptions	0	field	signal	
proofreader-api	dictionary	ProofreadResult	0	field	correctedInput	
proofreader-api	dictionary	ProofreadResult	0	field	corrections	
proofreader-api	dictionary	ProofreadCorrection	0	field	startIndex	
proofreader-api	dictionary	ProofreadCorrection	0	field	endIndex	
proofreader-api	dictionary	ProofreadCorrection	0	field	correction	
proofreader-api	dictionary	ProofreadCorrection	0	field	types	
proofreader-api	dictionary	ProofreadCorrection	0	field	explanation	
proofreader-api	enum	CorrectionType	0			
proximity	interface	ProximitySensor	0	constructor	constructor	Window
proximity	interface	ProximitySensor	0	attribute	distance	Window
proximity	interface	ProximitySensor	0	attribute	max	Window
proximity	interface	ProximitySensor	0	attribute	near	Window
push-api	dictionary	PushPermissionDescriptor	0	field	userVisibleOnly	
push-api	interface mixin	PushManagerAttribute	0	attribute	pushManager	
push-api	includes	Window	0		PushManagerAttribute	
push-api	includes	ServiceWorkerRegistration	0		PushManagerAttribute	
push-api	interface	PushManager	0	attribute	supportedContentEncodings	Window,Worker
push-api	interface	PushManager	0	operation	subscribe	Window,Worker
push-api	interface	PushManager	0	operation	getSubscription	Window,Worker
push-api	interface	PushManager	0	operation	permissionState	Window,Worker
push-api	interface	PushSubscriptionOptions	0	attribute	userVisibleOnly	Window,Worker
push-api	interface	PushSubscriptionOptions	0	attribute	applicationServerKey	Window,Worker
push-api	dictionary	PushSubscriptionOptionsInit	0	field	userVisibleOnly	
push-api	dictionary	PushSubscriptionOptionsInit	0	field	applicationServerKey	
push-api	interface	PushSubscription	0	attribute	endpoint	Window,Worker
push-api	interface	PushSubscription	0	attribute	expirationTime	Window,Worker
push-api	interface	PushSubscription	0	attribute	options	Window,Worker
push-api	interface	PushSubscription	0	operation	getKey	Window,Worker
push-api	interface	PushSubscription	0	operation	unsubscribe	Window,Worker
push-api	interface	PushSubscription	0	operation	toJSON	Window,Worker
push-api	dictionary	PushSubscriptionJSON	0	field	endpoint	
push-api	dictionary	PushSubscriptionJSON	0	field	expirationTime	
push-api	dictionary	PushSubscriptionJSON	0	field	keys	
push-api	enum	PushEncryptionKeyName	0			
push-api	interface	PushMessageData	0	operation	arrayBuffer	ServiceWorker
push-api	interface	PushMessageData	0	operation	blob	ServiceWorker
push-api	interface	PushMessageData	0	operation	bytes	ServiceWorker
push-api	interface	PushMessageData	0	operation	json	ServiceWorker
push-api	interface	PushMessageData	0	operation	text	ServiceWorker
push-api	interface	ServiceWorkerGlobalScope	1	attribute	onpush	ServiceWorker
push-api	interface	ServiceWorkerGlobalScope	1	attribute	onpushsubscriptionchange	ServiceWorker
push-api	interface	PushEvent	0	constructor	constructor	ServiceWorker
push-api	interface	PushEvent	0	attribute	data	ServiceWorker
push-api	interface	PushEvent	0	attribute	notification	ServiceWorker
push-api	dictionary	PushEventInit	0	field	data	
push-api	dictionary	PushEventInit	0	field	notification	
push-api	typedef	PushMessageDataInit	0			
push-api	interface	PushSubscriptionChangeEvent	0	constructor	constructor	ServiceWorker
push-api	interface	PushSubscriptionChangeEvent	0	attribute	newSubscription	ServiceWorker
push-api	interface	PushSubscriptionChangeEvent	0	attribute	oldSubscription	ServiceWorker
push-api	dictionary	PushSubscriptionChangeEventInit	0	field	newSubscription	
push-api	dictionary	PushSubscriptionChangeEventInit	0	field	oldSubscription	
raw-camera-access	interface	XRView	1	attribute	camera	
raw-camera-access	interface	XRCamera	0	attribute	width	Window
raw-camera-access	interface	XRCamera	0	attribute	height	Window
raw-camera-access	interface	XRWebGLBinding	1	operation	getCameraImage	
real-world-meshing	interface	XRMesh	0	attribute	meshSpace	Window
real-world-meshing	interface	XRMesh	0	attribute	vertices	Window
real-world-meshing	interface	XRMesh	0	attribute	indices	Window
real-world-meshing	interface	XRMesh	0	attribute	lastChangedTime	Window
real-world-meshing	interface	XRMesh	0	attribute	semanticLabel	Window
real-world-meshing	interface	XRMeshSet	0	setlike	@@setlike	Window
real-world-meshing	interface	XRFrame	1	attribute	detectedMeshes	
referrer-policy	enum	ReferrerPolicy	0			
remote-playback	interface	RemotePlayback	0	operation	watchAvailability	Window
remote-playback	interface	RemotePlayback	0	operation	cancelWatchAvailability	Window
remote-playback	interface	RemotePlayback	0	attribute	state	Window
remote-playback	interface	RemotePlayback	0	attribute	onconnecting	Window
remote-playback	interface	RemotePlayback	0	attribute	onconnect	Window
remote-playback	interface	RemotePlayback	0	attribute	ondisconnect	Window
remote-playback	interface	RemotePlayback	0	operation	prompt	Window
remote-playback	enum	RemotePlaybackState	0			
remote-playback	callback	RemotePlaybackAvailabilityCallback	0			
remote-playback	interface	HTMLMediaElement	1	attribute	remote	
remote-playback	interface	HTMLMediaElement	1	attribute	disableRemotePlayback	
reporting	dictionary	ReportBody	0			
reporting	dictionary	Report	0	field	type	
reporting	dictionary	Report	0	field	url	
reporting	dictionary	Report	0	field	body	
reporting	interface	ReportingObserver	0	constructor	constructor	Window,Worker
reporting	interface	ReportingObserver	0	operation	observe	Window,Worker
reporting	interface	ReportingObserver	0	operation	disconnect	Window,Worker
reporting	interface	ReportingObserver	0	operation	takeRecords	Window,Worker
reporting	callback	ReportingObserverCallback	0			
reporting	dictionary	ReportingObserverOptions	0	field	types	
reporting	dictionary	ReportingObserverOptions	0	field	buffered	
reporting	typedef	ReportList	0			
reporting	dictionary	GenerateTestReportParameters	0	field	message	
reporting	dictionary	GenerateTestReportParameters	0	field	group	
requestidlecallback	interface	Window	1	operation	requestIdleCallback	
requestidlecallback	interface	Window	1	operation	cancelIdleCallback	
requestidlecallback	dictionary	IdleRequestOptions	0	field	timeout	
requestidlecallback	interface	IdleDeadline	0	operation	timeRemaining	Window
requestidlecallback	interface	IdleDeadline	0	attribute	didTimeout	Window
requestidlecallback	callback	IdleRequestCallback	0			
resize-observer	enum	ResizeObserverBoxOptions	0			
resize-observer	dictionary	ResizeObserverOptions	0	field	box	
resize-observer	interface	ResizeObserver	0	constructor	constructor	Window
resize-observer	interface	ResizeObserver	0	operation	observe	Window
resize-observer	interface	ResizeObserver	0	operation	unobserve	Window
resize-observer	interface	ResizeObserver	0	operation	disconnect	Window
resize-observer	callback	ResizeObserverCallback	0			
resize-observer	interface	ResizeObserverEntry	0	attribute	target	Window
resize-observer	interface	ResizeObserverEntry	0	attribute	contentRect	Window
resize-observer	interface	ResizeObserverEntry	0	attribute	borderBoxSize	Window
resize-observer	interface	ResizeObserverEntry	0	attribute	contentBoxSize	Window
resize-observer	interface	ResizeObserverEntry	0	attribute	devicePixelContentBoxSize	Window
resize-observer	interface	ResizeObserverSize	0	attribute	inlineSize	Window
resize-observer	interface	ResizeObserverSize	0	attribute	blockSize	Window
resource-timing	interface	PerformanceResourceTiming	0	attribute	initiatorType	Window,Worker
resource-timing	interface	PerformanceResourceTiming	0	attribute	deliveryType	Window,Worker
resource-timing	interface	PerformanceResourceTiming	0	attribute	nextHopProtocol	Window,Worker
resource-timing	interface	PerformanceResourceTiming	0	attribute	workerStart	Window,Worker
resource-timing	interface	PerformanceResourceTiming	0	attribute	redirectStart	Window,Worker
resource-timing	interface	PerformanceResourceTiming	0	attribute	redirectEnd	Window,Worker
resource-timing	interface	PerformanceResourceTiming	0	attribute	fetchStart	Window,Worker
resource-timing	interface	PerformanceResourceTiming	0	attribute	domainLookupStart	Window,Worker
resource-timing	interface	PerformanceResourceTiming	0	attribute	domainLookupEnd	Window,Worker
resource-timing	interface	PerformanceResourceTiming	0	attribute	connectStart	Window,Worker
resource-timing	interface	PerformanceResourceTiming	0	attribute	connectEnd	Window,Worker
resource-timing	interface	PerformanceResourceTiming	0	attribute	secureConnectionStart	Window,Worker
resource-timing	interface	PerformanceResourceTiming	0	attribute	requestStart	Window,Worker
resource-timing	interface	PerformanceResourceTiming	0	attribute	finalResponseHeadersStart	Window,Worker
resource-timing	interface	PerformanceResourceTiming	0	attribute	firstInterimResponseStart	Window,Worker
resource-timing	interface	PerformanceResourceTiming	0	attribute	responseStart	Window,Worker
resource-timing	interface	PerformanceResourceTiming	0	attribute	responseEnd	Window,Worker
resource-timing	interface	PerformanceResourceTiming	0	attribute	workerRouterEvaluationStart	Window,Worker
resource-timing	interface	PerformanceResourceTiming	0	attribute	workerCacheLookupStart	Window,Worker
resource-timing	interface	PerformanceResourceTiming	0	attribute	workerMatchedRouterSource	Window,Worker
resource-timing	interface	PerformanceResourceTiming	0	attribute	workerFinalRouterSource	Window,Worker
resource-timing	interface	PerformanceResourceTiming	0	attribute	transferSize	Window,Worker
resource-timing	interface	PerformanceResourceTiming	0	attribute	encodedBodySize	Window,Worker
resource-timing	interface	PerformanceResourceTiming	0	attribute	decodedBodySize	Window,Worker
resource-timing	interface	PerformanceResourceTiming	0	attribute	responseStatus	Window,Worker
resource-timing	interface	PerformanceResourceTiming	0	attribute	renderBlockingStatus	Window,Worker
resource-timing	interface	PerformanceResourceTiming	0	attribute	contentType	Window,Worker
resource-timing	interface	PerformanceResourceTiming	0	attribute	contentEncoding	Window,Worker
resource-timing	interface	PerformanceResourceTiming	0	operation	toJSON	Window,Worker
resource-timing	enum	RenderBlockingStatusType	0			
resource-timing	interface	Performance	1	operation	clearResourceTimings	
resource-timing	interface	Performance	1	operation	setResourceTimingBufferSize	
resource-timing	interface	Performance	1	attribute	onresourcetimingbufferfull	
saa-non-cookie-storage	dictionary	StorageAccessTypes	0	field	all	
saa-non-cookie-storage	dictionary	StorageAccessTypes	0	field	cookies	
saa-non-cookie-storage	dictionary	StorageAccessTypes	0	field	sessionStorage	
saa-non-cookie-storage	dictionary	StorageAccessTypes	0	field	localStorage	
saa-non-cookie-storage	dictionary	StorageAccessTypes	0	field	indexedDB	
saa-non-cookie-storage	dictionary	StorageAccessTypes	0	field	locks	
saa-non-cookie-storage	dictionary	StorageAccessTypes	0	field	caches	
saa-non-cookie-storage	dictionary	StorageAccessTypes	0	field	getDirectory	
saa-non-cookie-storage	dictionary	StorageAccessTypes	0	field	estimate	
saa-non-cookie-storage	dictionary	StorageAccessTypes	0	field	createObjectURL	
saa-non-cookie-storage	dictionary	StorageAccessTypes	0	field	revokeObjectURL	
saa-non-cookie-storage	dictionary	StorageAccessTypes	0	field	BroadcastChannel	
saa-non-cookie-storage	dictionary	StorageAccessTypes	0	field	SharedWorker	
saa-non-cookie-storage	interface	StorageAccessHandle	0	attribute	sessionStorage	Window
saa-non-cookie-storage	interface	StorageAccessHandle	0	attribute	localStorage	Window
saa-non-cookie-storage	interface	StorageAccessHandle	0	attribute	indexedDB	Window
saa-non-cookie-storage	interface	StorageAccessHandle	0	attribute	locks	Window
saa-non-cookie-storage	interface	StorageAccessHandle	0	attribute	caches	Window
saa-non-cookie-storage	interface	StorageAccessHandle	0	operation	getDirectory	Window
saa-non-cookie-storage	interface	StorageAccessHandle	0	operation	estimate	Window
saa-non-cookie-storage	interface	StorageAccessHandle	0	operation	createObjectURL	Window
saa-non-cookie-storage	interface	StorageAccessHandle	0	operation	revokeObjectURL	Window
saa-non-cookie-storage	interface	StorageAccessHandle	0	operation	BroadcastChannel	Window
saa-non-cookie-storage	interface	StorageAccessHandle	0	operation	SharedWorker	Window
saa-non-cookie-storage	interface	Document	1	operation	hasUnpartitionedCookieAccess	
saa-non-cookie-storage	enum	SameSiteCookiesType	0			
saa-non-cookie-storage	dictionary	SharedWorkerOptions	1	field	sameSiteCookies	
savedata	interface mixin	NetworkInformationSaveData	0	attribute	saveData	
savedata	includes	NetworkInformation	0		NetworkInformationSaveData	
scheduling-apis	enum	TaskPriority	0			
scheduling-apis	dictionary	SchedulerPostTaskOptions	0	field	signal	
scheduling-apis	dictionary	SchedulerPostTaskOptions	0	field	priority	
scheduling-apis	dictionary	SchedulerPostTaskOptions	0	field	delay	
scheduling-apis	callback	SchedulerPostTaskCallback	0			
scheduling-apis	interface	Scheduler	0	operation	postTask	Window,Worker
scheduling-apis	interface	Scheduler	0	operation	yield	Window,Worker
scheduling-apis	interface	TaskPriorityChangeEvent	0	constructor	constructor	Window,Worker
scheduling-apis	interface	TaskPriorityChangeEvent	0	attribute	previousPriority	Window,Worker
scheduling-apis	dictionary	TaskPriorityChangeEventInit	0	field	previousPriority	
scheduling-apis	dictionary	TaskControllerInit	0	field	priority	
scheduling-apis	interface	TaskController	0	constructor	constructor	Window,Worker
scheduling-apis	interface	TaskController	0	operation	setPriority	Window,Worker
scheduling-apis	dictionary	TaskSignalAnyInit	0	field	priority	
scheduling-apis	interface	TaskSignal	0	operation	any	Window,Worker
scheduling-apis	interface	TaskSignal	0	attribute	priority	Window,Worker
scheduling-apis	interface	TaskSignal	0	attribute	onprioritychange	Window,Worker
scheduling-apis	interface mixin	WindowOrWorkerGlobalScope	1	attribute	scheduler	
screen-capture	interface	MediaDevices	1	operation	getDisplayMedia	
screen-capture	enum	CaptureStartFocusBehavior	0			
screen-capture	interface	CaptureController	0	constructor	constructor	Window
screen-capture	interface	CaptureController	0	operation	setFocusBehavior	Window
screen-capture	enum	SelfCapturePreferenceEnum	0			
screen-capture	enum	SystemAudioPreferenceEnum	0			
screen-capture	enum	WindowAudioPreferenceEnum	0			
screen-capture	enum	SurfaceSwitchingPreferenceEnum	0			
screen-capture	enum	MonitorTypeSurfacesEnum	0			
screen-capture	enum	AudioSelectionPreferenceEnum	0			
screen-capture	dictionary	DisplayMediaStreamOptions	0	field	video	
screen-capture	dictionary	DisplayMediaStreamOptions	0	field	audio	
screen-capture	dictionary	DisplayMediaStreamOptions	0	field	controller	
screen-capture	dictionary	DisplayMediaStreamOptions	0	field	selfBrowserSurface	
screen-capture	dictionary	DisplayMediaStreamOptions	0	field	systemAudio	
screen-capture	dictionary	DisplayMediaStreamOptions	0	field	windowAudio	
screen-capture	dictionary	DisplayMediaStreamOptions	0	field	surfaceSwitching	
screen-capture	dictionary	DisplayMediaStreamOptions	0	field	monitorTypeSurfaces	
screen-capture	dictionary	DisplayMediaStreamOptions	0	field	audioSelection	
screen-capture	dictionary	MediaTrackSupportedConstraints	1	field	displaySurface	
screen-capture	dictionary	MediaTrackSupportedConstraints	1	field	logicalSurface	
screen-capture	dictionary	MediaTrackSupportedConstraints	1	field	cursor	
screen-capture	dictionary	MediaTrackSupportedConstraints	1	field	restrictOwnAudio	
screen-capture	dictionary	MediaTrackSupportedConstraints	1	field	suppressLocalAudioPlayback	
screen-capture	dictionary	MediaTrackConstraintSet	1	field	displaySurface	
screen-capture	dictionary	MediaTrackConstraintSet	1	field	logicalSurface	
screen-capture	dictionary	MediaTrackConstraintSet	1	field	cursor	
screen-capture	dictionary	MediaTrackConstraintSet	1	field	restrictOwnAudio	
screen-capture	dictionary	MediaTrackConstraintSet	1	field	suppressLocalAudioPlayback	
screen-capture	dictionary	MediaTrackSettings	1	field	displaySurface	
screen-capture	dictionary	MediaTrackSettings	1	field	logicalSurface	
screen-capture	dictionary	MediaTrackSettings	1	field	cursor	
screen-capture	dictionary	MediaTrackSettings	1	field	restrictOwnAudio	
screen-capture	dictionary	MediaTrackSettings	1	field	suppressLocalAudioPlayback	
screen-capture	dictionary	MediaTrackSettings	1	field	screenPixelRatio	
screen-capture	dictionary	MediaTrackCapabilities	1	field	displaySurface	
screen-capture	dictionary	MediaTrackCapabilities	1	field	logicalSurface	
screen-capture	dictionary	MediaTrackCapabilities	1	field	cursor	
screen-capture	enum	DisplayCaptureSurfaceType	0			
screen-capture	enum	CursorCaptureConstraint	0			
screen-orientation	interface	Screen	1	attribute	orientation	
screen-orientation	interface	ScreenOrientation	0	operation	lock	Window
screen-orientation	interface	ScreenOrientation	0	operation	unlock	Window
screen-orientation	interface	ScreenOrientation	0	attribute	type	Window
screen-orientation	interface	ScreenOrientation	0	attribute	angle	Window
screen-orientation	interface	ScreenOrientation	0	attribute	onchange	Window
screen-orientation	enum	OrientationLockType	0			
screen-orientation	enum	OrientationType	0			
screen-wake-lock	interface	Navigator	1	attribute	wakeLock	
screen-wake-lock	interface	WakeLock	0	operation	request	Window
screen-wake-lock	interface	WakeLockSentinel	0	attribute	released	Window
screen-wake-lock	interface	WakeLockSentinel	0	attribute	type	Window
screen-wake-lock	interface	WakeLockSentinel	0	operation	release	Window
screen-wake-lock	interface	WakeLockSentinel	0	attribute	onrelease	Window
screen-wake-lock	enum	WakeLockType	0			
scroll-animations	enum	ScrollAxis	0			
scroll-animations	dictionary	ScrollTimelineOptions	0	field	source	
scroll-animations	dictionary	ScrollTimelineOptions	0	field	axis	
scroll-animations	interface	ScrollTimeline	0	constructor	constructor	Window
scroll-animations	interface	ScrollTimeline	0	attribute	source	Window
scroll-animations	interface	ScrollTimeline	0	attribute	axis	Window
scroll-animations	dictionary	ViewTimelineOptions	0	field	subject	
scroll-animations	dictionary	ViewTimelineOptions	0	field	axis	
scroll-animations	dictionary	ViewTimelineOptions	0	field	inset	
scroll-animations	interface	ViewTimeline	0	constructor	constructor	Window
scroll-animations	interface	ViewTimeline	0	attribute	subject	Window
scroll-animations	interface	ViewTimeline	0	attribute	startOffset	Window
scroll-animations	interface	ViewTimeline	0	attribute	endOffset	Window
scroll-to-text-fragment	interface	FragmentDirective	0			Window
scroll-to-text-fragment	interface	Document	1	attribute	fragmentDirective	
secure-payment-confirmation	dictionary	SecurePaymentConfirmationRequest	0	field	challenge	
secure-payment-confirmation	dictionary	SecurePaymentConfirmationRequest	0	field	rpId	
secure-payment-confirmation	dictionary	SecurePaymentConfirmationRequest	0	field	credentialIds	
secure-payment-confirmation	dictionary	SecurePaymentConfirmationRequest	0	field	instrument	
secure-payment-confirmation	dictionary	SecurePaymentConfirmationRequest	0	field	timeout	
secure-payment-confirmation	dictionary	SecurePaymentConfirmationRequest	0	field	payeeName	
secure-payment-confirmation	dictionary	SecurePaymentConfirmationRequest	0	field	payeeOrigin	
secure-payment-confirmation	dictionary	SecurePaymentConfirmationRequest	0	field	paymentEntitiesLogos	
secure-payment-confirmation	dictionary	SecurePaymentConfirmationRequest	0	field	extensions	
secure-payment-confirmation	dictionary	SecurePaymentConfirmationRequest	0	field	browserBoundPubKeyCredParams	
secure-payment-confirmation	dictionary	SecurePaymentConfirmationRequest	0	field	locale	
secure-payment-confirmation	dictionary	SecurePaymentConfirmationRequest	0	field	showOptOut	
secure-payment-confirmation	enum	SecurePaymentConfirmationAvailability	0			
secure-payment-confirmation	interface	PaymentRequest	1	operation	securePaymentConfirmationAvailability	
secure-payment-confirmation	interface	PaymentRequest	1	operation	getSecurePaymentConfirmationCapabilities	
secure-payment-confirmation	typedef	SecurePaymentConfirmationCapabilities	0			
secure-payment-confirmation	enum	SecurePaymentConfirmationCapability	0			
secure-payment-confirmation	dictionary	AuthenticationExtensionsClientInputs	1	field	payment	
secure-payment-confirmation	dictionary	AuthenticationExtensionsPaymentInputs	0	field	isPayment	
secure-payment-confirmation	dictionary	AuthenticationExtensionsPaymentInputs	0	field	browserBoundPubKeyCredParams	
secure-payment-confirmation	dictionary	AuthenticationExtensionsPaymentInputs	0	field	rpId	
secure-payment-confirmation	dictionary	AuthenticationExtensionsPaymentInputs	0	field	topOrigin	
secure-payment-confirmation	dictionary	AuthenticationExtensionsPaymentInputs	0	field	payeeName	
secure-payment-confirmation	dictionary	AuthenticationExtensionsPaymentInputs	0	field	payeeOrigin	
secure-payment-confirmation	dictionary	AuthenticationExtensionsPaymentInputs	0	field	paymentEntitiesLogos	
secure-payment-confirmation	dictionary	AuthenticationExtensionsPaymentInputs	0	field	total	
secure-payment-confirmation	dictionary	AuthenticationExtensionsPaymentInputs	0	field	instrument	
secure-payment-confirmation	dictionary	AuthenticationExtensionsClientOutputs	1	field	payment	
secure-payment-confirmation	dictionary	AuthenticationExtensionsPaymentOutputs	0	field	browserBoundSignature	
secure-payment-confirmation	dictionary	BrowserBoundSignature	0	field	signature	
secure-payment-confirmation	dictionary	CollectedClientPaymentData	0	field	payment	
secure-payment-confirmation	dictionary	CollectedClientAdditionalPaymentData	0	field	rpId	
secure-payment-confirmation	dictionary	CollectedClientAdditionalPaymentData	0	field	topOrigin	
secure-payment-confirmation	dictionary	CollectedClientAdditionalPaymentData	0	field	payeeName	
secure-payment-confirmation	dictionary	CollectedClientAdditionalPaymentData	0	field	payeeOrigin	
secure-payment-confirmation	dictionary	CollectedClientAdditionalPaymentData	0	field	paymentEntitiesLogos	
secure-payment-confirmation	dictionary	CollectedClientAdditionalPaymentData	0	field	total	
secure-payment-confirmation	dictionary	CollectedClientAdditionalPaymentData	0	field	instrument	
secure-payment-confirmation	dictionary	CollectedClientAdditionalPaymentData	0	field	browserBoundPublicKey	
secure-payment-confirmation	dictionary	CollectedClientAdditionalPaymentRegistrationData	0	field	browserBoundPublicKey	
secure-payment-confirmation	dictionary	PaymentCredentialInstrument	0	field	displayName	
secure-payment-confirmation	dictionary	PaymentCredentialInstrument	0	field	icon	
secure-payment-confirmation	dictionary	PaymentCredentialInstrument	0	field	iconMustBeShown	
secure-payment-confirmation	dictionary	PaymentCredentialInstrument	0	field	details	
secure-payment-confirmation	dictionary	PaymentEntityLogo	0	field	url	
secure-payment-confirmation	dictionary	PaymentEntityLogo	0	field	label	
selection-api	interface	Selection	0	attribute	anchorNode	Window
selection-api	interface	Selection	0	attribute	anchorOffset	Window
selection-api	interface	Selection	0	attribute	focusNode	Window
selection-api	interface	Selection	0	attribute	focusOffset	Window
selection-api	interface	Selection	0	attribute	isCollapsed	Window
selection-api	interface	Selection	0	attribute	rangeCount	Window
selection-api	interface	Selection	0	attribute	type	Window
selection-api	interface	Selection	0	attribute	direction	Window
selection-api	interface	Selection	0	operation	getRangeAt	Window
selection-api	interface	Selection	0	operation	addRange	Window
selection-api	interface	Selection	0	operation	removeRange	Window
selection-api	interface	Selection	0	operation	removeAllRanges	Window
selection-api	interface	Selection	0	operation	empty	Window
selection-api	interface	Selection	0	operation	getComposedRanges	Window
selection-api	interface	Selection	0	operation	collapse	Window
selection-api	interface	Selection	0	operation	setPosition	Window
selection-api	interface	Selection	0	operation	collapseToStart	Window
selection-api	interface	Selection	0	operation	collapseToEnd	Window
selection-api	interface	Selection	0	operation	extend	Window
selection-api	interface	Selection	0	operation	setBaseAndExtent	Window
selection-api	interface	Selection	0	operation	selectAllChildren	Window
selection-api	interface	Selection	0	operation	modify	Window
selection-api	interface	Selection	0	operation	deleteFromDocument	Window
selection-api	interface	Selection	0	operation	containsNode	Window
selection-api	interface	Selection	0	operation	@匿名	Window
selection-api	dictionary	GetComposedRangesOptions	0	field	shadowRoots	
selection-api	interface	Document	1	operation	getSelection	
selection-api	interface	Window	1	operation	getSelection	
selection-api	interface mixin	GlobalEventHandlers	1	attribute	onselectstart	
selection-api	interface mixin	GlobalEventHandlers	1	attribute	onselectionchange	
serial	interface	Navigator	1	attribute	serial	Window
serial	interface	WorkerNavigator	1	attribute	serial	DedicatedWorker
serial	interface	Serial	0	attribute	onconnect	DedicatedWorker,Window
serial	interface	Serial	0	attribute	ondisconnect	DedicatedWorker,Window
serial	interface	Serial	0	operation	getPorts	DedicatedWorker,Window
serial	interface	Serial	0	operation	requestPort	DedicatedWorker,Window
serial	dictionary	SerialPortRequestOptions	0	field	filters	
serial	dictionary	SerialPortRequestOptions	0	field	allowedBluetoothServiceClassIds	
serial	dictionary	SerialPortFilter	0	field	usbVendorId	
serial	dictionary	SerialPortFilter	0	field	usbProductId	
serial	dictionary	SerialPortFilter	0	field	bluetoothServiceClassId	
serial	interface	SerialPort	0	attribute	onconnect	DedicatedWorker,Window
serial	interface	SerialPort	0	attribute	ondisconnect	DedicatedWorker,Window
serial	interface	SerialPort	0	attribute	connected	DedicatedWorker,Window
serial	interface	SerialPort	0	attribute	readable	DedicatedWorker,Window
serial	interface	SerialPort	0	attribute	writable	DedicatedWorker,Window
serial	interface	SerialPort	0	operation	getInfo	DedicatedWorker,Window
serial	interface	SerialPort	0	operation	open	DedicatedWorker,Window
serial	interface	SerialPort	0	operation	setSignals	DedicatedWorker,Window
serial	interface	SerialPort	0	operation	getSignals	DedicatedWorker,Window
serial	interface	SerialPort	0	operation	close	DedicatedWorker,Window
serial	interface	SerialPort	0	operation	forget	DedicatedWorker,Window
serial	dictionary	SerialPortInfo	0	field	usbVendorId	
serial	dictionary	SerialPortInfo	0	field	usbProductId	
serial	dictionary	SerialPortInfo	0	field	bluetoothServiceClassId	
serial	dictionary	SerialOptions	0	field	baudRate	
serial	dictionary	SerialOptions	0	field	dataBits	
serial	dictionary	SerialOptions	0	field	stopBits	
serial	dictionary	SerialOptions	0	field	parity	
serial	dictionary	SerialOptions	0	field	bufferSize	
serial	dictionary	SerialOptions	0	field	flowControl	
serial	enum	ParityType	0			
serial	enum	FlowControlType	0			
serial	dictionary	SerialOutputSignals	0	field	dataTerminalReady	
serial	dictionary	SerialOutputSignals	0	field	requestToSend	
serial	dictionary	SerialOutputSignals	0	field	break	
serial	dictionary	SerialInputSignals	0	field	dataCarrierDetect	
serial	dictionary	SerialInputSignals	0	field	clearToSend	
serial	dictionary	SerialInputSignals	0	field	ringIndicator	
serial	dictionary	SerialInputSignals	0	field	dataSetReady	
server-timing	interface	PerformanceServerTiming	0	attribute	name	Window,Worker
server-timing	interface	PerformanceServerTiming	0	attribute	duration	Window,Worker
server-timing	interface	PerformanceServerTiming	0	attribute	description	Window,Worker
server-timing	interface	PerformanceServerTiming	0	operation	toJSON	Window,Worker
server-timing	interface	PerformanceResourceTiming	1	attribute	serverTiming	Window,Worker
service-workers	interface	ServiceWorker	0	attribute	scriptURL	Window,Worker
service-workers	interface	ServiceWorker	0	attribute	state	Window,Worker
service-workers	interface	ServiceWorker	0	operation	postMessage	Window,Worker
service-workers	interface	ServiceWorker	0	operation	postMessage	Window,Worker
service-workers	interface	ServiceWorker	0	attribute	onstatechange	Window,Worker
service-workers	includes	ServiceWorker	0		AbstractWorker	
service-workers	enum	ServiceWorkerState	0			
service-workers	interface	ServiceWorkerRegistration	0	attribute	installing	Window,Worker
service-workers	interface	ServiceWorkerRegistration	0	attribute	waiting	Window,Worker
service-workers	interface	ServiceWorkerRegistration	0	attribute	active	Window,Worker
service-workers	interface	ServiceWorkerRegistration	0	attribute	navigationPreload	Window,Worker
service-workers	interface	ServiceWorkerRegistration	0	attribute	scope	Window,Worker
service-workers	interface	ServiceWorkerRegistration	0	attribute	updateViaCache	Window,Worker
service-workers	interface	ServiceWorkerRegistration	0	operation	update	Window,Worker
service-workers	interface	ServiceWorkerRegistration	0	operation	unregister	Window,Worker
service-workers	interface	ServiceWorkerRegistration	0	attribute	onupdatefound	Window,Worker
service-workers	enum	ServiceWorkerUpdateViaCache	0			
service-workers	interface	Navigator	1	attribute	serviceWorker	
service-workers	interface	WorkerNavigator	1	attribute	serviceWorker	
service-workers	interface	ServiceWorkerContainer	0	attribute	controller	Window,Worker
service-workers	interface	ServiceWorkerContainer	0	attribute	ready	Window,Worker
service-workers	interface	ServiceWorkerContainer	0	operation	register	Window,Worker
service-workers	interface	ServiceWorkerContainer	0	operation	getRegistration	Window,Worker
service-workers	interface	ServiceWorkerContainer	0	operation	getRegistrations	Window,Worker
service-workers	interface	ServiceWorkerContainer	0	operation	startMessages	Window,Worker
service-workers	interface	ServiceWorkerContainer	0	attribute	oncontrollerchange	Window,Worker
service-workers	interface	ServiceWorkerContainer	0	attribute	onmessage	Window,Worker
service-workers	interface	ServiceWorkerContainer	0	attribute	onmessageerror	Window,Worker
service-workers	dictionary	RegistrationOptions	0	field	scope	
service-workers	dictionary	RegistrationOptions	0	field	type	
service-workers	dictionary	RegistrationOptions	0	field	updateViaCache	
service-workers	interface	NavigationPreloadManager	0	operation	enable	Window,Worker
service-workers	interface	NavigationPreloadManager	0	operation	disable	Window,Worker
service-workers	interface	NavigationPreloadManager	0	operation	setHeaderValue	Window,Worker
service-workers	interface	NavigationPreloadManager	0	operation	getState	Window,Worker
service-workers	dictionary	NavigationPreloadState	0	field	enabled	
service-workers	dictionary	NavigationPreloadState	0	field	headerValue	
service-workers	interface	ServiceWorkerGlobalScope	0	attribute	clients	ServiceWorker
service-workers	interface	ServiceWorkerGlobalScope	0	attribute	registration	ServiceWorker
service-workers	interface	ServiceWorkerGlobalScope	0	attribute	serviceWorker	ServiceWorker
service-workers	interface	ServiceWorkerGlobalScope	0	operation	skipWaiting	ServiceWorker
service-workers	interface	ServiceWorkerGlobalScope	0	attribute	oninstall	ServiceWorker
service-workers	interface	ServiceWorkerGlobalScope	0	attribute	onactivate	ServiceWorker
service-workers	interface	ServiceWorkerGlobalScope	0	attribute	onfetch	ServiceWorker
service-workers	interface	ServiceWorkerGlobalScope	0	attribute	onmessage	ServiceWorker
service-workers	interface	ServiceWorkerGlobalScope	0	attribute	onmessageerror	ServiceWorker
service-workers	interface	Client	0	attribute	url	ServiceWorker
service-workers	interface	Client	0	attribute	frameType	ServiceWorker
service-workers	interface	Client	0	attribute	id	ServiceWorker
service-workers	interface	Client	0	attribute	type	ServiceWorker
service-workers	interface	Client	0	operation	postMessage	ServiceWorker
service-workers	interface	Client	0	operation	postMessage	ServiceWorker
service-workers	interface	WindowClient	0	attribute	visibilityState	ServiceWorker
service-workers	interface	WindowClient	0	attribute	focused	ServiceWorker
service-workers	interface	WindowClient	0	attribute	ancestorOrigins	ServiceWorker
service-workers	interface	WindowClient	0	operation	focus	ServiceWorker
service-workers	interface	WindowClient	0	operation	navigate	ServiceWorker
service-workers	enum	FrameType	0			
service-workers	interface	Clients	0	operation	get	ServiceWorker
service-workers	interface	Clients	0	operation	matchAll	ServiceWorker
service-workers	interface	Clients	0	operation	openWindow	ServiceWorker
service-workers	interface	Clients	0	operation	claim	ServiceWorker
service-workers	dictionary	ClientQueryOptions	0	field	includeUncontrolled	
service-workers	dictionary	ClientQueryOptions	0	field	type	
service-workers	enum	ClientType	0			
service-workers	interface	ExtendableEvent	0	constructor	constructor	ServiceWorker
service-workers	interface	ExtendableEvent	0	operation	waitUntil	ServiceWorker
service-workers	dictionary	ExtendableEventInit	0			
service-workers	interface	InstallEvent	0	constructor	constructor	ServiceWorker
service-workers	interface	InstallEvent	0	operation	addRoutes	ServiceWorker
service-workers	dictionary	RouterRule	0	field	condition	
service-workers	dictionary	RouterRule	0	field	source	
service-workers	dictionary	RouterCondition	0	field	urlPattern	
service-workers	dictionary	RouterCondition	0	field	requestMethod	
service-workers	dictionary	RouterCondition	0	field	requestMode	
service-workers	dictionary	RouterCondition	0	field	requestDestination	
service-workers	dictionary	RouterCondition	0	field	runningStatus	
service-workers	dictionary	RouterCondition	0	field	or	
service-workers	dictionary	RouterCondition	0	field	not	
service-workers	typedef	RouterSource	0			
service-workers	dictionary	RouterSourceDict	0	field	cacheName	
service-workers	enum	RunningStatus	0			
service-workers	enum	RouterSourceEnum	0			
service-workers	interface	FetchEvent	0	constructor	constructor	ServiceWorker
service-workers	interface	FetchEvent	0	attribute	request	ServiceWorker
service-workers	interface	FetchEvent	0	attribute	preloadResponse	ServiceWorker
service-workers	interface	FetchEvent	0	attribute	clientId	ServiceWorker
service-workers	interface	FetchEvent	0	attribute	resultingClientId	ServiceWorker
service-workers	interface	FetchEvent	0	attribute	replacesClientId	ServiceWorker
service-workers	interface	FetchEvent	0	attribute	handled	ServiceWorker
service-workers	interface	FetchEvent	0	operation	respondWith	ServiceWorker
service-workers	dictionary	FetchEventInit	0	field	request	
service-workers	dictionary	FetchEventInit	0	field	preloadResponse	
service-workers	dictionary	FetchEventInit	0	field	clientId	
service-workers	dictionary	FetchEventInit	0	field	resultingClientId	
service-workers	dictionary	FetchEventInit	0	field	replacesClientId	
service-workers	dictionary	FetchEventInit	0	field	handled	
service-workers	interface	ExtendableMessageEvent	0	constructor	constructor	ServiceWorker
service-workers	interface	ExtendableMessageEvent	0	attribute	data	ServiceWorker
service-workers	interface	ExtendableMessageEvent	0	attribute	origin	ServiceWorker
service-workers	interface	ExtendableMessageEvent	0	attribute	lastEventId	ServiceWorker
service-workers	interface	ExtendableMessageEvent	0	attribute	source	ServiceWorker
service-workers	interface	ExtendableMessageEvent	0	attribute	ports	ServiceWorker
service-workers	dictionary	ExtendableMessageEventInit	0	field	data	
service-workers	dictionary	ExtendableMessageEventInit	0	field	origin	
service-workers	dictionary	ExtendableMessageEventInit	0	field	lastEventId	
service-workers	dictionary	ExtendableMessageEventInit	0	field	source	
service-workers	dictionary	ExtendableMessageEventInit	0	field	ports	
service-workers	interface mixin	WindowOrWorkerGlobalScope	1	attribute	caches	
service-workers	interface	Cache	0	operation	match	Window,Worker
service-workers	interface	Cache	0	operation	matchAll	Window,Worker
service-workers	interface	Cache	0	operation	add	Window,Worker
service-workers	interface	Cache	0	operation	addAll	Window,Worker
service-workers	interface	Cache	0	operation	put	Window,Worker
service-workers	interface	Cache	0	operation	delete	Window,Worker
service-workers	interface	Cache	0	operation	keys	Window,Worker
service-workers	dictionary	CacheQueryOptions	0	field	ignoreSearch	
service-workers	dictionary	CacheQueryOptions	0	field	ignoreMethod	
service-workers	dictionary	CacheQueryOptions	0	field	ignoreVary	
service-workers	interface	CacheStorage	0	operation	match	Window,Worker
service-workers	interface	CacheStorage	0	operation	has	Window,Worker
service-workers	interface	CacheStorage	0	operation	open	Window,Worker
service-workers	interface	CacheStorage	0	operation	delete	Window,Worker
service-workers	interface	CacheStorage	0	operation	keys	Window,Worker
service-workers	dictionary	MultiCacheQueryOptions	0	field	cacheName	
shape-detection-api	interface	FaceDetector	0	constructor	constructor	Window,Worker
shape-detection-api	interface	FaceDetector	0	operation	detect	Window,Worker
shape-detection-api	dictionary	FaceDetectorOptions	0	field	maxDetectedFaces	
shape-detection-api	dictionary	FaceDetectorOptions	0	field	fastMode	
shape-detection-api	dictionary	DetectedFace	0	field	boundingBox	
shape-detection-api	dictionary	DetectedFace	0	field	landmarks	
shape-detection-api	dictionary	Landmark	0	field	locations	
shape-detection-api	dictionary	Landmark	0	field	type	
shape-detection-api	enum	LandmarkType	0			
shape-detection-api	interface	BarcodeDetector	0	constructor	constructor	Window,Worker
shape-detection-api	interface	BarcodeDetector	0	operation	getSupportedFormats	Window,Worker
shape-detection-api	interface	BarcodeDetector	0	operation	detect	Window,Worker
shape-detection-api	dictionary	BarcodeDetectorOptions	0	field	formats	
shape-detection-api	dictionary	DetectedBarcode	0	field	boundingBox	
shape-detection-api	dictionary	DetectedBarcode	0	field	rawValue	
shape-detection-api	dictionary	DetectedBarcode	0	field	format	
shape-detection-api	dictionary	DetectedBarcode	0	field	cornerPoints	
shape-detection-api	enum	BarcodeFormat	0			
soft-navigations	interface	InteractionContentfulPaint	0	attribute	largestContentfulPaint	Window
soft-navigations	interface	InteractionContentfulPaint	0	attribute	interactionId	Window
soft-navigations	interface	InteractionContentfulPaint	0	operation	toJSON	Window
soft-navigations	includes	InteractionContentfulPaint	0		PaintTimingMixin	
soft-navigations	interface	PerformanceSoftNavigation	0	attribute	navigationType	Window
soft-navigations	interface	PerformanceSoftNavigation	0	attribute	interactionId	Window
soft-navigations	interface	PerformanceSoftNavigation	0	operation	getLargestInteractionContentfulPaint	Window
soft-navigations	interface	PerformanceSoftNavigation	0	operation	toJSON	Window
soft-navigations	includes	PerformanceSoftNavigation	0		PaintTimingMixin	
speech-api	interface	SpeechRecognition	0	constructor	constructor	Window
speech-api	interface	SpeechRecognition	0	attribute	grammars	Window
speech-api	interface	SpeechRecognition	0	attribute	lang	Window
speech-api	interface	SpeechRecognition	0	attribute	continuous	Window
speech-api	interface	SpeechRecognition	0	attribute	interimResults	Window
speech-api	interface	SpeechRecognition	0	attribute	unspokenPunctuation	Window
speech-api	interface	SpeechRecognition	0	attribute	maxAlternatives	Window
speech-api	interface	SpeechRecognition	0	attribute	processLocally	Window
speech-api	interface	SpeechRecognition	0	attribute	phrases	Window
speech-api	interface	SpeechRecognition	0	operation	start	Window
speech-api	interface	SpeechRecognition	0	operation	start	Window
speech-api	interface	SpeechRecognition	0	operation	stop	Window
speech-api	interface	SpeechRecognition	0	operation	abort	Window
speech-api	interface	SpeechRecognition	0	operation	available	Window
speech-api	interface	SpeechRecognition	0	operation	install	Window
speech-api	interface	SpeechRecognition	0	attribute	onaudiostart	Window
speech-api	interface	SpeechRecognition	0	attribute	onsoundstart	Window
speech-api	interface	SpeechRecognition	0	attribute	onspeechstart	Window
speech-api	interface	SpeechRecognition	0	attribute	onspeechend	Window
speech-api	interface	SpeechRecognition	0	attribute	onsoundend	Window
speech-api	interface	SpeechRecognition	0	attribute	onaudioend	Window
speech-api	interface	SpeechRecognition	0	attribute	onresult	Window
speech-api	interface	SpeechRecognition	0	attribute	onnomatch	Window
speech-api	interface	SpeechRecognition	0	attribute	onerror	Window
speech-api	interface	SpeechRecognition	0	attribute	onstart	Window
speech-api	interface	SpeechRecognition	0	attribute	onend	Window
speech-api	enum	SpeechRecognitionQuality	0			
speech-api	dictionary	SpeechRecognitionOptions	0	field	langs	
speech-api	dictionary	SpeechRecognitionOptions	0	field	processLocally	
speech-api	dictionary	SpeechRecognitionOptions	0	field	quality	
speech-api	enum	SpeechRecognitionErrorCode	0			
speech-api	enum	AvailabilityStatus	0			
speech-api	interface	SpeechRecognitionErrorEvent	0	constructor	constructor	Window
speech-api	interface	SpeechRecognitionErrorEvent	0	attribute	error	Window
speech-api	interface	SpeechRecognitionErrorEvent	0	attribute	message	Window
speech-api	dictionary	SpeechRecognitionErrorEventInit	0	field	error	
speech-api	dictionary	SpeechRecognitionErrorEventInit	0	field	message	
speech-api	interface	SpeechRecognitionAlternative	0	attribute	transcript	Window
speech-api	interface	SpeechRecognitionAlternative	0	attribute	confidence	Window
speech-api	interface	SpeechRecognitionResult	0	attribute	length	Window
speech-api	interface	SpeechRecognitionResult	0	operation	item	Window
speech-api	interface	SpeechRecognitionResult	0	attribute	isFinal	Window
speech-api	interface	SpeechRecognitionResultList	0	attribute	length	Window
speech-api	interface	SpeechRecognitionResultList	0	operation	item	Window
speech-api	interface	SpeechRecognitionEvent	0	constructor	constructor	Window
speech-api	interface	SpeechRecognitionEvent	0	attribute	resultIndex	Window
speech-api	interface	SpeechRecognitionEvent	0	attribute	results	Window
speech-api	dictionary	SpeechRecognitionEventInit	0	field	resultIndex	
speech-api	dictionary	SpeechRecognitionEventInit	0	field	results	
speech-api	interface	SpeechGrammar	0	attribute	src	Window
speech-api	interface	SpeechGrammar	0	attribute	weight	Window
speech-api	interface	SpeechGrammarList	0	constructor	constructor	Window
speech-api	interface	SpeechGrammarList	0	attribute	length	Window
speech-api	interface	SpeechGrammarList	0	operation	item	Window
speech-api	interface	SpeechGrammarList	0	operation	addFromURI	Window
speech-api	interface	SpeechGrammarList	0	operation	addFromString	Window
speech-api	interface	SpeechRecognitionPhrase	0	constructor	constructor	Window
speech-api	interface	SpeechRecognitionPhrase	0	attribute	phrase	Window
speech-api	interface	SpeechRecognitionPhrase	0	attribute	boost	Window
speech-api	interface	SpeechSynthesis	0	attribute	pending	Window
speech-api	interface	SpeechSynthesis	0	attribute	speaking	Window
speech-api	interface	SpeechSynthesis	0	attribute	paused	Window
speech-api	interface	SpeechSynthesis	0	attribute	onvoiceschanged	Window
speech-api	interface	SpeechSynthesis	0	operation	speak	Window
speech-api	interface	SpeechSynthesis	0	operation	cancel	Window
speech-api	interface	SpeechSynthesis	0	operation	pause	Window
speech-api	interface	SpeechSynthesis	0	operation	resume	Window
speech-api	interface	SpeechSynthesis	0	operation	getVoices	Window
speech-api	interface	Window	1	attribute	speechSynthesis	
speech-api	interface	SpeechSynthesisUtterance	0	constructor	constructor	Window
speech-api	interface	SpeechSynthesisUtterance	0	attribute	text	Window
speech-api	interface	SpeechSynthesisUtterance	0	attribute	lang	Window
speech-api	interface	SpeechSynthesisUtterance	0	attribute	voice	Window
speech-api	interface	SpeechSynthesisUtterance	0	attribute	volume	Window
speech-api	interface	SpeechSynthesisUtterance	0	attribute	rate	Window
speech-api	interface	SpeechSynthesisUtterance	0	attribute	pitch	Window
speech-api	interface	SpeechSynthesisUtterance	0	attribute	onstart	Window
speech-api	interface	SpeechSynthesisUtterance	0	attribute	onend	Window
speech-api	interface	SpeechSynthesisUtterance	0	attribute	onerror	Window
speech-api	interface	SpeechSynthesisUtterance	0	attribute	onpause	Window
speech-api	interface	SpeechSynthesisUtterance	0	attribute	onresume	Window
speech-api	interface	SpeechSynthesisUtterance	0	attribute	onmark	Window
speech-api	interface	SpeechSynthesisUtterance	0	attribute	onboundary	Window
speech-api	interface	SpeechSynthesisEvent	0	constructor	constructor	Window
speech-api	interface	SpeechSynthesisEvent	0	attribute	utterance	Window
speech-api	interface	SpeechSynthesisEvent	0	attribute	charIndex	Window
speech-api	interface	SpeechSynthesisEvent	0	attribute	charLength	Window
speech-api	interface	SpeechSynthesisEvent	0	attribute	elapsedTime	Window
speech-api	interface	SpeechSynthesisEvent	0	attribute	name	Window
speech-api	dictionary	SpeechSynthesisEventInit	0	field	utterance	
speech-api	dictionary	SpeechSynthesisEventInit	0	field	charIndex	
speech-api	dictionary	SpeechSynthesisEventInit	0	field	charLength	
speech-api	dictionary	SpeechSynthesisEventInit	0	field	elapsedTime	
speech-api	dictionary	SpeechSynthesisEventInit	0	field	name	
speech-api	enum	SpeechSynthesisErrorCode	0			
speech-api	interface	SpeechSynthesisErrorEvent	0	constructor	constructor	Window
speech-api	interface	SpeechSynthesisErrorEvent	0	attribute	error	Window
speech-api	dictionary	SpeechSynthesisErrorEventInit	0	field	error	
speech-api	interface	SpeechSynthesisVoice	0	attribute	voiceURI	Window
speech-api	interface	SpeechSynthesisVoice	0	attribute	name	Window
speech-api	interface	SpeechSynthesisVoice	0	attribute	lang	Window
speech-api	interface	SpeechSynthesisVoice	0	attribute	localService	Window
speech-api	interface	SpeechSynthesisVoice	0	attribute	default	Window
sri	dictionary	IntegrityViolationReportBody	0	field	documentURL	
sri	dictionary	IntegrityViolationReportBody	0	field	blockedURL	
sri	dictionary	IntegrityViolationReportBody	0	field	destination	
sri	dictionary	IntegrityViolationReportBody	0	field	reportOnly	
storage-access	interface	Document	1	operation	hasStorageAccess	
storage-access	interface	Document	1	operation	requestStorageAccess	
storage-buckets	interface mixin	NavigatorStorageBuckets	0	attribute	storageBuckets	
storage-buckets	includes	Navigator	0		NavigatorStorageBuckets	
storage-buckets	includes	WorkerNavigator	0		NavigatorStorageBuckets	
storage-buckets	interface	StorageBucketManager	0	operation	open	Window,Worker
storage-buckets	interface	StorageBucketManager	0	operation	keys	Window,Worker
storage-buckets	interface	StorageBucketManager	0	operation	delete	Window,Worker
storage-buckets	dictionary	StorageBucketOptions	0	field	persisted	
storage-buckets	dictionary	StorageBucketOptions	0	field	quota	
storage-buckets	dictionary	StorageBucketOptions	0	field	expires	
storage-buckets	interface	StorageBucket	0	attribute	name	Window,Worker
storage-buckets	interface	StorageBucket	0	operation	persist	Window,Worker
storage-buckets	interface	StorageBucket	0	operation	persisted	Window,Worker
storage-buckets	interface	StorageBucket	0	operation	estimate	Window,Worker
storage-buckets	interface	StorageBucket	0	operation	setExpires	Window,Worker
storage-buckets	interface	StorageBucket	0	operation	expires	Window,Worker
storage-buckets	interface	StorageBucket	0	attribute	indexedDB	Window,Worker
storage-buckets	interface	StorageBucket	0	attribute	caches	Window,Worker
storage-buckets	interface	StorageBucket	0	operation	getDirectory	Window,Worker
storage	interface mixin	NavigatorStorage	0	attribute	storage	
storage	includes	Navigator	0		NavigatorStorage	
storage	includes	WorkerNavigator	0		NavigatorStorage	
storage	interface	StorageManager	0	operation	persisted	Window,Worker
storage	interface	StorageManager	0	operation	persist	Window,Worker
storage	interface	StorageManager	0	operation	estimate	Window,Worker
storage	dictionary	StorageEstimate	0	field	usage	
storage	dictionary	StorageEstimate	0	field	quota	
streams	interface	ReadableStream	0	constructor	constructor	*
streams	interface	ReadableStream	0	operation	from	*
streams	interface	ReadableStream	0	attribute	locked	*
streams	interface	ReadableStream	0	operation	cancel	*
streams	interface	ReadableStream	0	operation	getReader	*
streams	interface	ReadableStream	0	operation	pipeThrough	*
streams	interface	ReadableStream	0	operation	pipeTo	*
streams	interface	ReadableStream	0	operation	tee	*
streams	interface	ReadableStream	0	async_iterable	@@asyncIterator	*
streams	typedef	ReadableStreamReader	0			
streams	enum	ReadableStreamReaderMode	0			
streams	dictionary	ReadableStreamGetReaderOptions	0	field	mode	
streams	dictionary	ReadableStreamIteratorOptions	0	field	preventCancel	
streams	dictionary	ReadableWritablePair	0	field	readable	
streams	dictionary	ReadableWritablePair	0	field	writable	
streams	dictionary	StreamPipeOptions	0	field	preventClose	
streams	dictionary	StreamPipeOptions	0	field	preventAbort	
streams	dictionary	StreamPipeOptions	0	field	preventCancel	
streams	dictionary	StreamPipeOptions	0	field	signal	
streams	dictionary	UnderlyingSource	0	field	start	
streams	dictionary	UnderlyingSource	0	field	pull	
streams	dictionary	UnderlyingSource	0	field	cancel	
streams	dictionary	UnderlyingSource	0	field	type	
streams	dictionary	UnderlyingSource	0	field	autoAllocateChunkSize	
streams	typedef	ReadableStreamController	0			
streams	callback	UnderlyingSourceStartCallback	0			
streams	callback	UnderlyingSourcePullCallback	0			
streams	callback	UnderlyingSourceCancelCallback	0			
streams	enum	ReadableStreamType	0			
streams	interface mixin	ReadableStreamGenericReader	0	attribute	closed	
streams	interface mixin	ReadableStreamGenericReader	0	operation	cancel	
streams	interface	ReadableStreamDefaultReader	0	constructor	constructor	*
streams	interface	ReadableStreamDefaultReader	0	operation	read	*
streams	interface	ReadableStreamDefaultReader	0	operation	releaseLock	*
streams	includes	ReadableStreamDefaultReader	0		ReadableStreamGenericReader	
streams	dictionary	ReadableStreamReadResult	0	field	value	
streams	dictionary	ReadableStreamReadResult	0	field	done	
streams	interface	ReadableStreamBYOBReader	0	constructor	constructor	*
streams	interface	ReadableStreamBYOBReader	0	operation	read	*
streams	interface	ReadableStreamBYOBReader	0	operation	releaseLock	*
streams	includes	ReadableStreamBYOBReader	0		ReadableStreamGenericReader	
streams	dictionary	ReadableStreamBYOBReaderReadOptions	0	field	min	
streams	interface	ReadableStreamDefaultController	0	attribute	desiredSize	*
streams	interface	ReadableStreamDefaultController	0	operation	close	*
streams	interface	ReadableStreamDefaultController	0	operation	enqueue	*
streams	interface	ReadableStreamDefaultController	0	operation	error	*
streams	interface	ReadableByteStreamController	0	attribute	byobRequest	*
streams	interface	ReadableByteStreamController	0	attribute	desiredSize	*
streams	interface	ReadableByteStreamController	0	operation	close	*
streams	interface	ReadableByteStreamController	0	operation	enqueue	*
streams	interface	ReadableByteStreamController	0	operation	error	*
streams	interface	ReadableStreamBYOBRequest	0	attribute	view	*
streams	interface	ReadableStreamBYOBRequest	0	operation	respond	*
streams	interface	ReadableStreamBYOBRequest	0	operation	respondWithNewView	*
streams	interface	WritableStream	0	constructor	constructor	*
streams	interface	WritableStream	0	attribute	locked	*
streams	interface	WritableStream	0	operation	abort	*
streams	interface	WritableStream	0	operation	close	*
streams	interface	WritableStream	0	operation	getWriter	*
streams	dictionary	UnderlyingSink	0	field	start	
streams	dictionary	UnderlyingSink	0	field	write	
streams	dictionary	UnderlyingSink	0	field	close	
streams	dictionary	UnderlyingSink	0	field	abort	
streams	dictionary	UnderlyingSink	0	field	type	
streams	callback	UnderlyingSinkStartCallback	0			
streams	callback	UnderlyingSinkWriteCallback	0			
streams	callback	UnderlyingSinkCloseCallback	0			
streams	callback	UnderlyingSinkAbortCallback	0			
streams	interface	WritableStreamDefaultWriter	0	constructor	constructor	*
streams	interface	WritableStreamDefaultWriter	0	attribute	closed	*
streams	interface	WritableStreamDefaultWriter	0	attribute	desiredSize	*
streams	interface	WritableStreamDefaultWriter	0	attribute	ready	*
streams	interface	WritableStreamDefaultWriter	0	operation	abort	*
streams	interface	WritableStreamDefaultWriter	0	operation	close	*
streams	interface	WritableStreamDefaultWriter	0	operation	releaseLock	*
streams	interface	WritableStreamDefaultWriter	0	operation	write	*
streams	interface	WritableStreamDefaultController	0	attribute	signal	*
streams	interface	WritableStreamDefaultController	0	operation	error	*
streams	interface	TransformStream	0	constructor	constructor	*
streams	interface	TransformStream	0	attribute	readable	*
streams	interface	TransformStream	0	attribute	writable	*
streams	dictionary	Transformer	0	field	start	
streams	dictionary	Transformer	0	field	transform	
streams	dictionary	Transformer	0	field	flush	
streams	dictionary	Transformer	0	field	cancel	
streams	dictionary	Transformer	0	field	readableType	
streams	dictionary	Transformer	0	field	writableType	
streams	callback	TransformerStartCallback	0			
streams	callback	TransformerFlushCallback	0			
streams	callback	TransformerTransformCallback	0			
streams	callback	TransformerCancelCallback	0			
streams	interface	TransformStreamDefaultController	0	attribute	desiredSize	*
streams	interface	TransformStreamDefaultController	0	operation	enqueue	*
streams	interface	TransformStreamDefaultController	0	operation	error	*
streams	interface	TransformStreamDefaultController	0	operation	terminate	*
streams	dictionary	QueuingStrategy	0	field	highWaterMark	
streams	dictionary	QueuingStrategy	0	field	size	
streams	callback	QueuingStrategySize	0			
streams	dictionary	QueuingStrategyInit	0	field	highWaterMark	
streams	interface	ByteLengthQueuingStrategy	0	constructor	constructor	*
streams	interface	ByteLengthQueuingStrategy	0	attribute	highWaterMark	*
streams	interface	ByteLengthQueuingStrategy	0	attribute	size	*
streams	interface	CountQueuingStrategy	0	constructor	constructor	*
streams	interface	CountQueuingStrategy	0	attribute	highWaterMark	*
streams	interface	CountQueuingStrategy	0	attribute	size	*
streams	interface mixin	GenericTransformStream	0	attribute	readable	
streams	interface mixin	GenericTransformStream	0	attribute	writable	
svg-animations	interface	TimeEvent	0	attribute	view	Window
svg-animations	interface	TimeEvent	0	attribute	detail	Window
svg-animations	interface	TimeEvent	0	operation	initTimeEvent	Window
svg-animations	interface	SVGAnimationElement	0	attribute	targetElement	Window
svg-animations	interface	SVGAnimationElement	0	attribute	onbegin	Window
svg-animations	interface	SVGAnimationElement	0	attribute	onend	Window
svg-animations	interface	SVGAnimationElement	0	attribute	onrepeat	Window
svg-animations	interface	SVGAnimationElement	0	operation	getStartTime	Window
svg-animations	interface	SVGAnimationElement	0	operation	getCurrentTime	Window
svg-animations	interface	SVGAnimationElement	0	operation	getSimpleDuration	Window
svg-animations	interface	SVGAnimationElement	0	operation	beginElement	Window
svg-animations	interface	SVGAnimationElement	0	operation	beginElementAt	Window
svg-animations	interface	SVGAnimationElement	0	operation	endElement	Window
svg-animations	interface	SVGAnimationElement	0	operation	endElementAt	Window
svg-animations	includes	SVGAnimationElement	0		SVGTests	
svg-animations	interface	SVGAnimateElement	0			Window
svg-animations	interface	SVGSetElement	0			Window
svg-animations	interface	SVGAnimateMotionElement	0			Window
svg-animations	interface	SVGMPathElement	0			Window
svg-animations	includes	SVGMPathElement	0		SVGURIReference	
svg-animations	interface	SVGAnimateTransformElement	0			Window
svg-animations	interface	SVGSVGElement	1	operation	pauseAnimations	
svg-animations	interface	SVGSVGElement	1	operation	unpauseAnimations	
svg-animations	interface	SVGSVGElement	1	operation	animationsPaused	
svg-animations	interface	SVGSVGElement	1	operation	getCurrentTime	
svg-animations	interface	SVGSVGElement	1	operation	setCurrentTime	
svg-paths	interface	SVGPathSegment	0	attribute	type	Window
svg-paths	interface	SVGPathSegment	0	attribute	values	Window
svg-paths	dictionary	SVGPathDataSettings	0	field	normalize	
svg-paths	interface mixin	SVGPathData	0	operation	getPathData	
svg-paths	interface mixin	SVGPathData	0	operation	setPathData	
svg-paths	interface	SVGPathElement	0	attribute	pathLength	Window
svg-paths	interface	SVGPathElement	0	operation	getTotalLength	Window
svg-paths	interface	SVGPathElement	0	operation	getPointAtLength	Window
svg-paths	interface	SVGPathElement	0	operation	getPathSegmentAtLength	Window
svg-paths	includes	SVGPathElement	0		SVGPathData	
testutils	namespace	TestUtils	0	operation	gc	Window,Worker
text-detection-api	dictionary	TextDetectorOptions	0	field	languages	
text-detection-api	dictionary	TextDetectorCreateOptions	0	field	signal	
text-detection-api	dictionary	TextDetectorCreateOptions	0	field	languages	
text-detection-api	interface	TextDetector	0	constructor	constructor	Window,Worker
text-detection-api	interface	TextDetector	0	operation	availability	Window,Worker
text-detection-api	interface	TextDetector	0	operation	create	Window,Worker
text-detection-api	interface	TextDetector	0	operation	detect	Window,Worker
text-detection-api	dictionary	DetectedText	0	field	boundingBox	
text-detection-api	dictionary	DetectedText	0	field	rawValue	
text-detection-api	dictionary	DetectedText	0	field	cornerPoints	
touch-events	enum	TouchType	0			
touch-events	dictionary	TouchInit	0	field	identifier	
touch-events	dictionary	TouchInit	0	field	target	
touch-events	dictionary	TouchInit	0	field	clientX	
touch-events	dictionary	TouchInit	0	field	clientY	
touch-events	dictionary	TouchInit	0	field	screenX	
touch-events	dictionary	TouchInit	0	field	screenY	
touch-events	dictionary	TouchInit	0	field	pageX	
touch-events	dictionary	TouchInit	0	field	pageY	
touch-events	dictionary	TouchInit	0	field	radiusX	
touch-events	dictionary	TouchInit	0	field	radiusY	
touch-events	dictionary	TouchInit	0	field	rotationAngle	
touch-events	dictionary	TouchInit	0	field	force	
touch-events	dictionary	TouchInit	0	field	altitudeAngle	
touch-events	dictionary	TouchInit	0	field	azimuthAngle	
touch-events	dictionary	TouchInit	0	field	touchType	
touch-events	interface	Touch	0	constructor	constructor	Window
touch-events	interface	Touch	0	attribute	identifier	Window
touch-events	interface	Touch	0	attribute	target	Window
touch-events	interface	Touch	0	attribute	screenX	Window
touch-events	interface	Touch	0	attribute	screenY	Window
touch-events	interface	Touch	0	attribute	clientX	Window
touch-events	interface	Touch	0	attribute	clientY	Window
touch-events	interface	Touch	0	attribute	pageX	Window
touch-events	interface	Touch	0	attribute	pageY	Window
touch-events	interface	Touch	0	attribute	radiusX	Window
touch-events	interface	Touch	0	attribute	radiusY	Window
touch-events	interface	Touch	0	attribute	rotationAngle	Window
touch-events	interface	Touch	0	attribute	force	Window
touch-events	interface	Touch	0	attribute	altitudeAngle	Window
touch-events	interface	Touch	0	attribute	azimuthAngle	Window
touch-events	interface	Touch	0	attribute	touchType	Window
touch-events	interface	TouchList	0	attribute	length	Window
touch-events	interface	TouchList	0	operation	item	Window
touch-events	dictionary	TouchEventInit	0	field	touches	
touch-events	dictionary	TouchEventInit	0	field	targetTouches	
touch-events	dictionary	TouchEventInit	0	field	changedTouches	
touch-events	interface	TouchEvent	0	constructor	constructor	Window
touch-events	interface	TouchEvent	0	attribute	touches	Window
touch-events	interface	TouchEvent	0	attribute	targetTouches	Window
touch-events	interface	TouchEvent	0	attribute	changedTouches	Window
touch-events	interface	TouchEvent	0	attribute	altKey	Window
touch-events	interface	TouchEvent	0	attribute	metaKey	Window
touch-events	interface	TouchEvent	0	attribute	ctrlKey	Window
touch-events	interface	TouchEvent	0	attribute	shiftKey	Window
touch-events	interface	TouchEvent	0	operation	getModifierState	Window
touch-events	interface mixin	GlobalEventHandlers	1	attribute	ontouchstart	
touch-events	interface mixin	GlobalEventHandlers	1	attribute	ontouchend	
touch-events	interface mixin	GlobalEventHandlers	1	attribute	ontouchmove	
touch-events	interface mixin	GlobalEventHandlers	1	attribute	ontouchcancel	
translation-api	interface	Translator	0	operation	create	Window
translation-api	interface	Translator	0	operation	availability	Window
translation-api	interface	Translator	0	operation	translate	Window
translation-api	interface	Translator	0	operation	translateStreaming	Window
translation-api	interface	Translator	0	attribute	sourceLanguage	Window
translation-api	interface	Translator	0	attribute	targetLanguage	Window
translation-api	interface	Translator	0	operation	measureInputUsage	Window
translation-api	interface	Translator	0	attribute	inputQuota	Window
translation-api	includes	Translator	0		DestroyableModel	
translation-api	dictionary	TranslatorCreateCoreOptions	0	field	sourceLanguage	
translation-api	dictionary	TranslatorCreateCoreOptions	0	field	targetLanguage	
translation-api	dictionary	TranslatorCreateOptions	0	field	signal	
translation-api	dictionary	TranslatorCreateOptions	0	field	monitor	
translation-api	dictionary	TranslatorTranslateOptions	0	field	signal	
translation-api	interface	LanguageDetector	0	operation	create	Window
translation-api	interface	LanguageDetector	0	operation	availability	Window
translation-api	interface	LanguageDetector	0	operation	detect	Window
translation-api	interface	LanguageDetector	0	attribute	expectedInputLanguages	Window
translation-api	interface	LanguageDetector	0	operation	measureInputUsage	Window
translation-api	interface	LanguageDetector	0	attribute	inputQuota	Window
translation-api	includes	LanguageDetector	0		DestroyableModel	
translation-api	dictionary	LanguageDetectorCreateCoreOptions	0	field	expectedInputLanguages	
translation-api	dictionary	LanguageDetectorCreateOptions	0	field	signal	
translation-api	dictionary	LanguageDetectorCreateOptions	0	field	monitor	
translation-api	dictionary	LanguageDetectorDetectOptions	0	field	signal	
translation-api	dictionary	LanguageDetectionResult	0	field	detectedLanguage	
translation-api	dictionary	LanguageDetectionResult	0	field	confidence	
trust-token-api	enum	RefreshPolicy	0			
trust-token-api	enum	TokenVersion	0			
trust-token-api	enum	OperationType	0			
trust-token-api	dictionary	PrivateToken	0	field	version	
trust-token-api	dictionary	PrivateToken	0	field	operation	
trust-token-api	dictionary	PrivateToken	0	field	refreshPolicy	
trust-token-api	dictionary	PrivateToken	0	field	issuers	
trust-token-api	dictionary	RequestInit	1	field	privateToken	
trust-token-api	interface	HTMLIFrameElement	1	attribute	privateToken	
trust-token-api	interface	XMLHttpRequest	1	operation	setPrivateToken	
trust-token-api	interface	Document	1	operation	hasPrivateToken	
trust-token-api	interface	Document	1	operation	hasRedemptionRecord	
trusted-types	interface	TrustedHTML	0	operation	@匿名	Window,Worker
trusted-types	interface	TrustedHTML	0	operation	toJSON	Window,Worker
trusted-types	interface	TrustedScript	0	operation	@匿名	Window,Worker
trusted-types	interface	TrustedScript	0	operation	toJSON	Window,Worker
trusted-types	interface	TrustedScriptURL	0	operation	@匿名	Window,Worker
trusted-types	interface	TrustedScriptURL	0	operation	toJSON	Window,Worker
trusted-types	interface	TrustedTypePolicyFactory	0	operation	createPolicy	Window,Worker
trusted-types	interface	TrustedTypePolicyFactory	0	operation	isHTML	Window,Worker
trusted-types	interface	TrustedTypePolicyFactory	0	operation	isScript	Window,Worker
trusted-types	interface	TrustedTypePolicyFactory	0	operation	isScriptURL	Window,Worker
trusted-types	interface	TrustedTypePolicyFactory	0	attribute	emptyHTML	Window,Worker
trusted-types	interface	TrustedTypePolicyFactory	0	attribute	emptyScript	Window,Worker
trusted-types	interface	TrustedTypePolicyFactory	0	operation	getAttributeType	Window,Worker
trusted-types	interface	TrustedTypePolicyFactory	0	operation	getPropertyType	Window,Worker
trusted-types	interface	TrustedTypePolicyFactory	0	attribute	defaultPolicy	Window,Worker
trusted-types	interface	TrustedTypePolicy	0	attribute	name	Window,Worker
trusted-types	interface	TrustedTypePolicy	0	operation	createHTML	Window,Worker
trusted-types	interface	TrustedTypePolicy	0	operation	createScript	Window,Worker
trusted-types	interface	TrustedTypePolicy	0	operation	createScriptURL	Window,Worker
trusted-types	dictionary	TrustedTypePolicyOptions	0	field	createHTML	
trusted-types	dictionary	TrustedTypePolicyOptions	0	field	createScript	
trusted-types	dictionary	TrustedTypePolicyOptions	0	field	createScriptURL	
trusted-types	callback	CreateHTMLCallback	0			
trusted-types	callback	CreateScriptCallback	0			
trusted-types	callback	CreateScriptURLCallback	0			
trusted-types	typedef	TrustedType	0			
trusted-types	interface mixin	WindowOrWorkerGlobalScope	1	attribute	trustedTypes	
ua-client-hints	dictionary	NavigatorUABrandVersion	0	field	brand	
ua-client-hints	dictionary	NavigatorUABrandVersion	0	field	version	
ua-client-hints	dictionary	UADataValues	0	field	architecture	
ua-client-hints	dictionary	UADataValues	0	field	bitness	
ua-client-hints	dictionary	UADataValues	0	field	brands	
ua-client-hints	dictionary	UADataValues	0	field	formFactors	
ua-client-hints	dictionary	UADataValues	0	field	fullVersionList	
ua-client-hints	dictionary	UADataValues	0	field	model	
ua-client-hints	dictionary	UADataValues	0	field	mobile	
ua-client-hints	dictionary	UADataValues	0	field	platform	
ua-client-hints	dictionary	UADataValues	0	field	platformVersion	
ua-client-hints	dictionary	UADataValues	0	field	uaFullVersion	
ua-client-hints	dictionary	UADataValues	0	field	wow64	
ua-client-hints	dictionary	UALowEntropyJSON	0	field	brands	
ua-client-hints	dictionary	UALowEntropyJSON	0	field	mobile	
ua-client-hints	dictionary	UALowEntropyJSON	0	field	platform	
ua-client-hints	interface	NavigatorUAData	0	attribute	brands	Window,Worker
ua-client-hints	interface	NavigatorUAData	0	attribute	mobile	Window,Worker
ua-client-hints	interface	NavigatorUAData	0	attribute	platform	Window,Worker
ua-client-hints	interface	NavigatorUAData	0	operation	getHighEntropyValues	Window,Worker
ua-client-hints	interface	NavigatorUAData	0	operation	toJSON	Window,Worker
ua-client-hints	interface mixin	NavigatorUA	0	attribute	userAgentData	
ua-client-hints	includes	Navigator	0		NavigatorUA	
ua-client-hints	includes	WorkerNavigator	0		NavigatorUA	
uievents	interface	UIEvent	0	constructor	constructor	Window
uievents	interface	UIEvent	0	attribute	view	Window
uievents	interface	UIEvent	0	attribute	detail	Window
uievents	dictionary	UIEventInit	0	field	view	
uievents	dictionary	UIEventInit	0	field	detail	
uievents	interface	FocusEvent	0	constructor	constructor	Window
uievents	interface	FocusEvent	0	attribute	relatedTarget	Window
uievents	dictionary	FocusEventInit	0	field	relatedTarget	
uievents	interface	InputEvent	0	constructor	constructor	Window
uievents	interface	InputEvent	0	attribute	data	Window
uievents	interface	InputEvent	0	attribute	isComposing	Window
uievents	interface	InputEvent	0	attribute	inputType	Window
uievents	dictionary	InputEventInit	0	field	data	
uievents	dictionary	InputEventInit	0	field	isComposing	
uievents	dictionary	InputEventInit	0	field	inputType	
uievents	interface	KeyboardEvent	0	constructor	constructor	Window
uievents	interface	KeyboardEvent	0	const	DOM_KEY_LOCATION_STANDARD	Window
uievents	interface	KeyboardEvent	0	const	DOM_KEY_LOCATION_LEFT	Window
uievents	interface	KeyboardEvent	0	const	DOM_KEY_LOCATION_RIGHT	Window
uievents	interface	KeyboardEvent	0	const	DOM_KEY_LOCATION_NUMPAD	Window
uievents	interface	KeyboardEvent	0	attribute	key	Window
uievents	interface	KeyboardEvent	0	attribute	code	Window
uievents	interface	KeyboardEvent	0	attribute	location	Window
uievents	interface	KeyboardEvent	0	attribute	ctrlKey	Window
uievents	interface	KeyboardEvent	0	attribute	shiftKey	Window
uievents	interface	KeyboardEvent	0	attribute	altKey	Window
uievents	interface	KeyboardEvent	0	attribute	metaKey	Window
uievents	interface	KeyboardEvent	0	attribute	repeat	Window
uievents	interface	KeyboardEvent	0	attribute	isComposing	Window
uievents	interface	KeyboardEvent	0	operation	getModifierState	Window
uievents	dictionary	KeyboardEventInit	0	field	key	
uievents	dictionary	KeyboardEventInit	0	field	code	
uievents	dictionary	KeyboardEventInit	0	field	location	
uievents	dictionary	KeyboardEventInit	0	field	repeat	
uievents	dictionary	KeyboardEventInit	0	field	isComposing	
uievents	dictionary	EventModifierInit	0	field	ctrlKey	
uievents	dictionary	EventModifierInit	0	field	shiftKey	
uievents	dictionary	EventModifierInit	0	field	altKey	
uievents	dictionary	EventModifierInit	0	field	metaKey	
uievents	dictionary	EventModifierInit	0	field	modifierAltGraph	
uievents	dictionary	EventModifierInit	0	field	modifierCapsLock	
uievents	dictionary	EventModifierInit	0	field	modifierFn	
uievents	dictionary	EventModifierInit	0	field	modifierFnLock	
uievents	dictionary	EventModifierInit	0	field	modifierHyper	
uievents	dictionary	EventModifierInit	0	field	modifierNumLock	
uievents	dictionary	EventModifierInit	0	field	modifierScrollLock	
uievents	dictionary	EventModifierInit	0	field	modifierSuper	
uievents	dictionary	EventModifierInit	0	field	modifierSymbol	
uievents	dictionary	EventModifierInit	0	field	modifierSymbolLock	
uievents	interface	CompositionEvent	0	constructor	constructor	Window
uievents	interface	CompositionEvent	0	attribute	data	Window
uievents	dictionary	CompositionEventInit	0	field	data	
uievents	interface	UIEvent	1	operation	initUIEvent	
uievents	interface	KeyboardEvent	1	operation	initKeyboardEvent	
uievents	interface	CompositionEvent	1	operation	initCompositionEvent	
uievents	interface	UIEvent	1	attribute	which	
uievents	dictionary	UIEventInit	1	field	which	
uievents	interface	KeyboardEvent	1	attribute	charCode	
uievents	interface	KeyboardEvent	1	attribute	keyCode	
uievents	dictionary	KeyboardEventInit	1	field	charCode	
uievents	dictionary	KeyboardEventInit	1	field	keyCode	
uievents	interface	TextEvent	0	attribute	data	Window
uievents	interface	TextEvent	0	operation	initTextEvent	Window
url	interface	URL	0	constructor	constructor	*
url	interface	URL	0	operation	parse	*
url	interface	URL	0	operation	canParse	*
url	interface	URL	0	attribute	href	*
url	interface	URL	0	attribute	origin	*
url	interface	URL	0	attribute	protocol	*
url	interface	URL	0	attribute	username	*
url	interface	URL	0	attribute	password	*
url	interface	URL	0	attribute	host	*
url	interface	URL	0	attribute	hostname	*
url	interface	URL	0	attribute	port	*
url	interface	URL	0	attribute	pathname	*
url	interface	URL	0	attribute	search	*
url	interface	URL	0	attribute	searchParams	*
url	interface	URL	0	attribute	hash	*
url	interface	URL	0	operation	toJSON	*
url	interface	URLSearchParams	0	constructor	constructor	*
url	interface	URLSearchParams	0	attribute	size	*
url	interface	URLSearchParams	0	operation	append	*
url	interface	URLSearchParams	0	operation	delete	*
url	interface	URLSearchParams	0	operation	get	*
url	interface	URLSearchParams	0	operation	getAll	*
url	interface	URLSearchParams	0	operation	has	*
url	interface	URLSearchParams	0	operation	set	*
url	interface	URLSearchParams	0	operation	sort	*
url	interface	URLSearchParams	0	iterable	@@iterator	*
url	interface	URLSearchParams	0	operation	@匿名	*
urlpattern	typedef	URLPatternInput	0			
urlpattern	interface	URLPattern	0	constructor	constructor	Window,Worker
urlpattern	interface	URLPattern	0	constructor	constructor	Window,Worker
urlpattern	interface	URLPattern	0	operation	test	Window,Worker
urlpattern	interface	URLPattern	0	operation	exec	Window,Worker
urlpattern	interface	URLPattern	0	attribute	protocol	Window,Worker
urlpattern	interface	URLPattern	0	attribute	username	Window,Worker
urlpattern	interface	URLPattern	0	attribute	password	Window,Worker
urlpattern	interface	URLPattern	0	attribute	hostname	Window,Worker
urlpattern	interface	URLPattern	0	attribute	port	Window,Worker
urlpattern	interface	URLPattern	0	attribute	pathname	Window,Worker
urlpattern	interface	URLPattern	0	attribute	search	Window,Worker
urlpattern	interface	URLPattern	0	attribute	hash	Window,Worker
urlpattern	interface	URLPattern	0	attribute	hasRegExpGroups	Window,Worker
urlpattern	dictionary	URLPatternInit	0	field	protocol	
urlpattern	dictionary	URLPatternInit	0	field	username	
urlpattern	dictionary	URLPatternInit	0	field	password	
urlpattern	dictionary	URLPatternInit	0	field	hostname	
urlpattern	dictionary	URLPatternInit	0	field	port	
urlpattern	dictionary	URLPatternInit	0	field	pathname	
urlpattern	dictionary	URLPatternInit	0	field	search	
urlpattern	dictionary	URLPatternInit	0	field	hash	
urlpattern	dictionary	URLPatternInit	0	field	baseURL	
urlpattern	dictionary	URLPatternOptions	0	field	ignoreCase	
urlpattern	dictionary	URLPatternResult	0	field	inputs	
urlpattern	dictionary	URLPatternResult	0	field	protocol	
urlpattern	dictionary	URLPatternResult	0	field	username	
urlpattern	dictionary	URLPatternResult	0	field	password	
urlpattern	dictionary	URLPatternResult	0	field	hostname	
urlpattern	dictionary	URLPatternResult	0	field	port	
urlpattern	dictionary	URLPatternResult	0	field	pathname	
urlpattern	dictionary	URLPatternResult	0	field	search	
urlpattern	dictionary	URLPatternResult	0	field	hash	
urlpattern	dictionary	URLPatternComponentResult	0	field	input	
urlpattern	dictionary	URLPatternComponentResult	0	field	groups	
urlpattern	typedef	URLPatternCompatible	0			
user-timing	dictionary	PerformanceMarkOptions	0	field	detail	
user-timing	dictionary	PerformanceMarkOptions	0	field	startTime	
user-timing	dictionary	PerformanceMeasureOptions	0	field	detail	
user-timing	dictionary	PerformanceMeasureOptions	0	field	start	
user-timing	dictionary	PerformanceMeasureOptions	0	field	duration	
user-timing	dictionary	PerformanceMeasureOptions	0	field	end	
user-timing	interface	Performance	1	operation	mark	
user-timing	interface	Performance	1	operation	clearMarks	
user-timing	interface	Performance	1	operation	measure	
user-timing	interface	Performance	1	operation	clearMeasures	
user-timing	interface	PerformanceMark	0	constructor	constructor	Window,Worker
user-timing	interface	PerformanceMark	0	attribute	detail	Window,Worker
user-timing	interface	PerformanceMeasure	0	attribute	detail	Window,Worker
vibration	typedef	VibratePattern	0			
vibration	interface	Navigator	1	operation	vibrate	
video-rvfc	dictionary	VideoFrameCallbackMetadata	0	field	presentationTime	
video-rvfc	dictionary	VideoFrameCallbackMetadata	0	field	expectedDisplayTime	
video-rvfc	dictionary	VideoFrameCallbackMetadata	0	field	width	
video-rvfc	dictionary	VideoFrameCallbackMetadata	0	field	height	
video-rvfc	dictionary	VideoFrameCallbackMetadata	0	field	mediaTime	
video-rvfc	dictionary	VideoFrameCallbackMetadata	0	field	presentedFrames	
video-rvfc	dictionary	VideoFrameCallbackMetadata	0	field	processingDuration	
video-rvfc	dictionary	VideoFrameCallbackMetadata	0	field	captureTime	
video-rvfc	dictionary	VideoFrameCallbackMetadata	0	field	receiveTime	
video-rvfc	dictionary	VideoFrameCallbackMetadata	0	field	rtpTimestamp	
video-rvfc	callback	VideoFrameRequestCallback	0			
video-rvfc	interface	HTMLVideoElement	1	operation	requestVideoFrameCallback	
video-rvfc	interface	HTMLVideoElement	1	operation	cancelVideoFrameCallback	
virtual-keyboard	interface	Navigator	1	attribute	virtualKeyboard	
virtual-keyboard	interface	VirtualKeyboard	0	operation	show	Window
virtual-keyboard	interface	VirtualKeyboard	0	operation	hide	Window
virtual-keyboard	interface	VirtualKeyboard	0	attribute	boundingRect	Window
virtual-keyboard	interface	VirtualKeyboard	0	attribute	overlaysContent	Window
virtual-keyboard	interface	VirtualKeyboard	0	attribute	ongeometrychange	Window
virtual-keyboard	interface mixin	ElementContentEditable	1	attribute	virtualKeyboardPolicy	
wai-aria	interface mixin	ARIAMixin	0	attribute	role	
wai-aria	interface mixin	ARIAMixin	0	attribute	ariaActiveDescendantElement	
wai-aria	interface mixin	ARIAMixin	0	attribute	ariaAtomic	
wai-aria	interface mixin	ARIAMixin	0	attribute	ariaAutoComplete	
wai-aria	interface mixin	ARIAMixin	0	attribute	ariaBrailleLabel	
wai-aria	interface mixin	ARIAMixin	0	attribute	ariaBrailleRoleDescription	
wai-aria	interface mixin	ARIAMixin	0	attribute	ariaBusy	
wai-aria	interface mixin	ARIAMixin	0	attribute	ariaChecked	
wai-aria	interface mixin	ARIAMixin	0	attribute	ariaColCount	
wai-aria	interface mixin	ARIAMixin	0	attribute	ariaColIndex	
wai-aria	interface mixin	ARIAMixin	0	attribute	ariaColIndexText	
wai-aria	interface mixin	ARIAMixin	0	attribute	ariaColSpan	
wai-aria	interface mixin	ARIAMixin	0	attribute	ariaControlsElements	
wai-aria	interface mixin	ARIAMixin	0	attribute	ariaCurrent	
wai-aria	interface mixin	ARIAMixin	0	attribute	ariaDescribedByElements	
wai-aria	interface mixin	ARIAMixin	0	attribute	ariaDescription	
wai-aria	interface mixin	ARIAMixin	0	attribute	ariaDetailsElements	
wai-aria	interface mixin	ARIAMixin	0	attribute	ariaDisabled	
wai-aria	interface mixin	ARIAMixin	0	attribute	ariaErrorMessageElements	
wai-aria	interface mixin	ARIAMixin	0	attribute	ariaExpanded	
wai-aria	interface mixin	ARIAMixin	0	attribute	ariaFlowToElements	
wai-aria	interface mixin	ARIAMixin	0	attribute	ariaHasPopup	
wai-aria	interface mixin	ARIAMixin	0	attribute	ariaHidden	
wai-aria	interface mixin	ARIAMixin	0	attribute	ariaInvalid	
wai-aria	interface mixin	ARIAMixin	0	attribute	ariaKeyShortcuts	
wai-aria	interface mixin	ARIAMixin	0	attribute	ariaLabel	
wai-aria	interface mixin	ARIAMixin	0	attribute	ariaLabelledByElements	
wai-aria	interface mixin	ARIAMixin	0	attribute	ariaLevel	
wai-aria	interface mixin	ARIAMixin	0	attribute	ariaLive	
wai-aria	interface mixin	ARIAMixin	0	attribute	ariaModal	
wai-aria	interface mixin	ARIAMixin	0	attribute	ariaMultiLine	
wai-aria	interface mixin	ARIAMixin	0	attribute	ariaMultiSelectable	
wai-aria	interface mixin	ARIAMixin	0	attribute	ariaOrientation	
wai-aria	interface mixin	ARIAMixin	0	attribute	ariaOwnsElements	
wai-aria	interface mixin	ARIAMixin	0	attribute	ariaPlaceholder	
wai-aria	interface mixin	ARIAMixin	0	attribute	ariaPosInSet	
wai-aria	interface mixin	ARIAMixin	0	attribute	ariaPressed	
wai-aria	interface mixin	ARIAMixin	0	attribute	ariaReadOnly	
wai-aria	interface mixin	ARIAMixin	0	attribute	ariaRelevant	
wai-aria	interface mixin	ARIAMixin	0	attribute	ariaRequired	
wai-aria	interface mixin	ARIAMixin	0	attribute	ariaRoleDescription	
wai-aria	interface mixin	ARIAMixin	0	attribute	ariaRowCount	
wai-aria	interface mixin	ARIAMixin	0	attribute	ariaRowIndex	
wai-aria	interface mixin	ARIAMixin	0	attribute	ariaRowIndexText	
wai-aria	interface mixin	ARIAMixin	0	attribute	ariaRowSpan	
wai-aria	interface mixin	ARIAMixin	0	attribute	ariaSelected	
wai-aria	interface mixin	ARIAMixin	0	attribute	ariaSetSize	
wai-aria	interface mixin	ARIAMixin	0	attribute	ariaSort	
wai-aria	interface mixin	ARIAMixin	0	attribute	ariaValueMax	
wai-aria	interface mixin	ARIAMixin	0	attribute	ariaValueMin	
wai-aria	interface mixin	ARIAMixin	0	attribute	ariaValueNow	
wai-aria	interface mixin	ARIAMixin	0	attribute	ariaValueText	
wai-aria	includes	Element	0		ARIAMixin	
wai-aria	enum	AriaNotifyPriority	0			
wai-aria	dictionary	AriaNotificationOptions	0	field	priority	
wai-aria	interface mixin	ARIANotifyMixin	0	operation	ariaNotify	
wai-aria	includes	Element	0		ARIANotifyMixin	
wai-aria	includes	Document	0		ARIANotifyMixin	
wasm-js-api	dictionary	WebAssemblyInstantiatedSource	0	field	module	
wasm-js-api	dictionary	WebAssemblyInstantiatedSource	0	field	instance	
wasm-js-api	dictionary	WebAssemblyCompileOptions	0	field	importedStringConstants	
wasm-js-api	dictionary	WebAssemblyCompileOptions	0	field	builtins	
wasm-js-api	namespace	WebAssembly	0	operation	validate	*
wasm-js-api	namespace	WebAssembly	0	operation	compile	*
wasm-js-api	namespace	WebAssembly	0	operation	instantiate	*
wasm-js-api	namespace	WebAssembly	0	operation	instantiate	*
wasm-js-api	namespace	WebAssembly	0	attribute	JSTag	*
wasm-js-api	enum	ImportExportKind	0			
wasm-js-api	enum	AddressType	0			
wasm-js-api	typedef	AddressValue	0			
wasm-js-api	dictionary	ModuleExportDescriptor	0	field	name	
wasm-js-api	dictionary	ModuleExportDescriptor	0	field	kind	
wasm-js-api	dictionary	ModuleImportDescriptor	0	field	module	
wasm-js-api	dictionary	ModuleImportDescriptor	0	field	name	
wasm-js-api	dictionary	ModuleImportDescriptor	0	field	kind	
wasm-js-api	interface	Module	0	constructor	constructor	*
wasm-js-api	interface	Module	0	operation	exports	*
wasm-js-api	interface	Module	0	operation	imports	*
wasm-js-api	interface	Module	0	operation	customSections	*
wasm-js-api	interface	Instance	0	constructor	constructor	*
wasm-js-api	interface	Instance	0	attribute	exports	*
wasm-js-api	dictionary	MemoryDescriptor	0	field	initial	
wasm-js-api	dictionary	MemoryDescriptor	0	field	maximum	
wasm-js-api	dictionary	MemoryDescriptor	0	field	address	
wasm-js-api	interface	Memory	0	constructor	constructor	*
wasm-js-api	interface	Memory	0	operation	grow	*
wasm-js-api	interface	Memory	0	operation	toFixedLengthBuffer	*
wasm-js-api	interface	Memory	0	operation	toResizableBuffer	*
wasm-js-api	interface	Memory	0	attribute	buffer	*
wasm-js-api	enum	TableKind	0			
wasm-js-api	dictionary	TableDescriptor	0	field	element	
wasm-js-api	dictionary	TableDescriptor	0	field	initial	
wasm-js-api	dictionary	TableDescriptor	0	field	maximum	
wasm-js-api	dictionary	TableDescriptor	0	field	address	
wasm-js-api	interface	Table	0	constructor	constructor	*
wasm-js-api	interface	Table	0	operation	grow	*
wasm-js-api	interface	Table	0	operation	get	*
wasm-js-api	interface	Table	0	operation	set	*
wasm-js-api	interface	Table	0	attribute	length	*
wasm-js-api	enum	ValueType	0			
wasm-js-api	dictionary	GlobalDescriptor	0	field	value	
wasm-js-api	dictionary	GlobalDescriptor	0	field	mutable	
wasm-js-api	interface	Global	0	constructor	constructor	*
wasm-js-api	interface	Global	0	operation	valueOf	*
wasm-js-api	interface	Global	0	attribute	value	*
wasm-js-api	dictionary	TagType	0	field	parameters	
wasm-js-api	interface	Tag	0	constructor	constructor	Window,Worker,Worklet
wasm-js-api	dictionary	ExceptionOptions	0	field	traceStack	
wasm-js-api	interface	Exception	0	constructor	constructor	Window,Worker,Worklet
wasm-js-api	interface	Exception	0	operation	getArg	Window,Worker,Worklet
wasm-js-api	interface	Exception	0	operation	is	Window,Worker,Worklet
wasm-js-api	interface	Exception	0	attribute	stack	Window,Worker,Worklet
wasm-web-api	namespace	WebAssembly	1	operation	compileStreaming	Window,Worker
wasm-web-api	namespace	WebAssembly	1	operation	instantiateStreaming	Window,Worker
web-animations-2	interface	AnimationTimeline	1	attribute	currentTime	Window
web-animations-2	interface	AnimationTimeline	1	attribute	duration	Window
web-animations-2	interface	AnimationTimeline	1	operation	play	Window
web-animations-2	interface	Animation	1	attribute	startTime	Window
web-animations-2	interface	Animation	1	attribute	currentTime	Window
web-animations-2	interface	Animation	1	attribute	trigger	Window
web-animations-2	interface	Animation	1	attribute	overallProgress	Window
web-animations-2	interface	AnimationEffect	1	attribute	parent	Window
web-animations-2	interface	AnimationEffect	1	attribute	previousSibling	Window
web-animations-2	interface	AnimationEffect	1	attribute	nextSibling	Window
web-animations-2	interface	AnimationEffect	1	operation	before	Window
web-animations-2	interface	AnimationEffect	1	operation	after	Window
web-animations-2	interface	AnimationEffect	1	operation	replace	Window
web-animations-2	interface	AnimationEffect	1	operation	remove	Window
web-animations-2	dictionary	EffectTiming	1	field	delay	
web-animations-2	dictionary	EffectTiming	1	field	endDelay	
web-animations-2	dictionary	EffectTiming	1	field	playbackRate	
web-animations-2	dictionary	EffectTiming	1	field	duration	
web-animations-2	dictionary	OptionalEffectTiming	1	field	playbackRate	
web-animations-2	dictionary	ComputedEffectTiming	1	field	startTime	
web-animations-2	dictionary	ComputedEffectTiming	1	field	endTime	
web-animations-2	dictionary	ComputedEffectTiming	1	field	activeDuration	
web-animations-2	dictionary	ComputedEffectTiming	1	field	localTime	
web-animations-2	interface	GroupEffect	0	constructor	constructor	Window
web-animations-2	interface	GroupEffect	0	attribute	children	Window
web-animations-2	interface	GroupEffect	0	attribute	firstChild	Window
web-animations-2	interface	GroupEffect	0	attribute	lastChild	Window
web-animations-2	interface	GroupEffect	0	operation	clone	Window
web-animations-2	interface	GroupEffect	0	operation	prepend	Window
web-animations-2	interface	GroupEffect	0	operation	append	Window
web-animations-2	interface	AnimationNodeList	0	attribute	length	Window
web-animations-2	interface	AnimationNodeList	0	operation	item	Window
web-animations-2	interface	SequenceEffect	0	constructor	constructor	Window
web-animations-2	interface	SequenceEffect	0	operation	clone	Window
web-animations-2	interface	KeyframeEffect	1	attribute	iterationComposite	
web-animations-2	dictionary	KeyframeEffectOptions	1	field	iterationComposite	
web-animations-2	enum	IterationCompositeOperation	0			
web-animations-2	callback	EffectCallback	0			
web-animations-2	dictionary	TimelineRangeOffset	0	field	rangeName	
web-animations-2	dictionary	TimelineRangeOffset	0	field	offset	
web-animations-2	dictionary	KeyframeAnimationOptions	1	field	rangeStart	
web-animations-2	dictionary	KeyframeAnimationOptions	1	field	rangeEnd	
web-animations-2	dictionary	KeyframeAnimationOptions	1	field	trigger	
web-animations-2	interface	AnimationPlaybackEvent	0	constructor	constructor	Window
web-animations-2	interface	AnimationPlaybackEvent	0	attribute	currentTime	Window
web-animations-2	interface	AnimationPlaybackEvent	0	attribute	timelineTime	Window
web-animations-2	dictionary	AnimationPlaybackEventInit	0	field	currentTime	
web-animations-2	dictionary	AnimationPlaybackEventInit	0	field	timelineTime	
web-animations	interface	AnimationTimeline	0			Window
web-animations	dictionary	DocumentTimelineOptions	0	field	originTime	
web-animations	interface	DocumentTimeline	0	constructor	constructor	Window
web-animations	interface	Animation	0	constructor	constructor	Window
web-animations	interface	Animation	0	attribute	id	Window
web-animations	interface	Animation	0	attribute	effect	Window
web-animations	interface	Animation	0	attribute	timeline	Window
web-animations	interface	Animation	0	attribute	playbackRate	Window
web-animations	interface	Animation	0	attribute	playState	Window
web-animations	interface	Animation	0	attribute	replaceState	Window
web-animations	interface	Animation	0	attribute	pending	Window
web-animations	interface	Animation	0	attribute	ready	Window
web-animations	interface	Animation	0	attribute	finished	Window
web-animations	interface	Animation	0	attribute	onfinish	Window
web-animations	interface	Animation	0	attribute	oncancel	Window
web-animations	interface	Animation	0	attribute	onremove	Window
web-animations	interface	Animation	0	operation	cancel	Window
web-animations	interface	Animation	0	operation	finish	Window
web-animations	interface	Animation	0	operation	play	Window
web-animations	interface	Animation	0	operation	pause	Window
web-animations	interface	Animation	0	operation	updatePlaybackRate	Window
web-animations	interface	Animation	0	operation	reverse	Window
web-animations	interface	Animation	0	operation	persist	Window
web-animations	interface	Animation	0	operation	commitStyles	Window
web-animations	enum	AnimationPlayState	0			
web-animations	enum	AnimationReplaceState	0			
web-animations	interface	AnimationEffect	0	operation	getTiming	Window
web-animations	interface	AnimationEffect	0	operation	getComputedTiming	Window
web-animations	interface	AnimationEffect	0	operation	updateTiming	Window
web-animations	dictionary	EffectTiming	0	field	fill	
web-animations	dictionary	EffectTiming	0	field	iterationStart	
web-animations	dictionary	EffectTiming	0	field	iterations	
web-animations	dictionary	EffectTiming	0	field	direction	
web-animations	dictionary	EffectTiming	0	field	easing	
web-animations	dictionary	OptionalEffectTiming	0	field	delay	
web-animations	dictionary	OptionalEffectTiming	0	field	endDelay	
web-animations	dictionary	OptionalEffectTiming	0	field	fill	
web-animations	dictionary	OptionalEffectTiming	0	field	iterationStart	
web-animations	dictionary	OptionalEffectTiming	0	field	iterations	
web-animations	dictionary	OptionalEffectTiming	0	field	duration	
web-animations	dictionary	OptionalEffectTiming	0	field	direction	
web-animations	dictionary	OptionalEffectTiming	0	field	easing	
web-animations	enum	FillMode	0			
web-animations	enum	PlaybackDirection	0			
web-animations	dictionary	ComputedEffectTiming	0	field	progress	
web-animations	dictionary	ComputedEffectTiming	0	field	currentIteration	
web-animations	interface	KeyframeEffect	0	constructor	constructor	Window
web-animations	interface	KeyframeEffect	0	constructor	constructor	Window
web-animations	interface	KeyframeEffect	0	attribute	target	Window
web-animations	interface	KeyframeEffect	0	attribute	pseudoElement	Window
web-animations	interface	KeyframeEffect	0	attribute	composite	Window
web-animations	interface	KeyframeEffect	0	operation	getKeyframes	Window
web-animations	interface	KeyframeEffect	0	operation	setKeyframes	Window
web-animations	dictionary	BaseComputedKeyframe	0	field	offset	
web-animations	dictionary	BaseComputedKeyframe	0	field	computedOffset	
web-animations	dictionary	BaseComputedKeyframe	0	field	easing	
web-animations	dictionary	BaseComputedKeyframe	0	field	composite	
web-animations	dictionary	BasePropertyIndexedKeyframe	0	field	offset	
web-animations	dictionary	BasePropertyIndexedKeyframe	0	field	easing	
web-animations	dictionary	BasePropertyIndexedKeyframe	0	field	composite	
web-animations	dictionary	BaseKeyframe	0	field	offset	
web-animations	dictionary	BaseKeyframe	0	field	easing	
web-animations	dictionary	BaseKeyframe	0	field	composite	
web-animations	dictionary	KeyframeEffectOptions	0	field	composite	
web-animations	dictionary	KeyframeEffectOptions	0	field	pseudoElement	
web-animations	enum	CompositeOperation	0			
web-animations	enum	CompositeOperationOrAuto	0			
web-animations	interface mixin	Animatable	0	operation	animate	
web-animations	interface mixin	Animatable	0	operation	getAnimations	
web-animations	dictionary	KeyframeAnimationOptions	0	field	id	
web-animations	dictionary	KeyframeAnimationOptions	0	field	timeline	
web-animations	dictionary	GetAnimationsOptions	0	field	subtree	
web-animations	dictionary	GetAnimationsOptions	0	field	pseudoElement	
web-animations	interface	Document	1	attribute	timeline	
web-animations	interface mixin	DocumentOrShadowRoot	1	operation	getAnimations	
web-animations	includes	Element	0		Animatable	
web-app-launch	interface	LaunchParams	0	attribute	targetURL	Window
web-app-launch	interface	LaunchParams	0	attribute	files	Window
web-app-launch	callback	LaunchConsumer	0			
web-app-launch	interface	Window	1	attribute	launchQueue	
web-app-launch	interface	LaunchQueue	0	operation	setConsumer	Window
web-based-payment-handler	interface	ServiceWorkerRegistration	1	attribute	paymentManager	
web-based-payment-handler	interface	PaymentManager	0	attribute	userHint	Window
web-based-payment-handler	interface	PaymentManager	0	operation	enableDelegations	Window
web-based-payment-handler	enum	PaymentDelegation	0			
web-based-payment-handler	interface	ServiceWorkerGlobalScope	1	attribute	oncanmakepayment	
web-based-payment-handler	interface	CanMakePaymentEvent	0	constructor	constructor	ServiceWorker
web-based-payment-handler	interface	CanMakePaymentEvent	0	operation	respondWith	ServiceWorker
web-based-payment-handler	interface	ServiceWorkerGlobalScope	1	attribute	onpaymentrequest	
web-based-payment-handler	dictionary	PaymentRequestDetailsUpdate	0	field	error	
web-based-payment-handler	dictionary	PaymentRequestDetailsUpdate	0	field	total	
web-based-payment-handler	dictionary	PaymentRequestDetailsUpdate	0	field	modifiers	
web-based-payment-handler	dictionary	PaymentRequestDetailsUpdate	0	field	shippingOptions	
web-based-payment-handler	dictionary	PaymentRequestDetailsUpdate	0	field	paymentMethodErrors	
web-based-payment-handler	dictionary	PaymentRequestDetailsUpdate	0	field	shippingAddressErrors	
web-based-payment-handler	interface	PaymentRequestEvent	0	constructor	constructor	ServiceWorker
web-based-payment-handler	interface	PaymentRequestEvent	0	attribute	topOrigin	ServiceWorker
web-based-payment-handler	interface	PaymentRequestEvent	0	attribute	paymentRequestOrigin	ServiceWorker
web-based-payment-handler	interface	PaymentRequestEvent	0	attribute	paymentRequestId	ServiceWorker
web-based-payment-handler	interface	PaymentRequestEvent	0	attribute	methodData	ServiceWorker
web-based-payment-handler	interface	PaymentRequestEvent	0	attribute	total	ServiceWorker
web-based-payment-handler	interface	PaymentRequestEvent	0	attribute	modifiers	ServiceWorker
web-based-payment-handler	interface	PaymentRequestEvent	0	attribute	paymentOptions	ServiceWorker
web-based-payment-handler	interface	PaymentRequestEvent	0	attribute	shippingOptions	ServiceWorker
web-based-payment-handler	interface	PaymentRequestEvent	0	operation	openWindow	ServiceWorker
web-based-payment-handler	interface	PaymentRequestEvent	0	operation	changePaymentMethod	ServiceWorker
web-based-payment-handler	interface	PaymentRequestEvent	0	operation	changeShippingAddress	ServiceWorker
web-based-payment-handler	interface	PaymentRequestEvent	0	operation	changeShippingOption	ServiceWorker
web-based-payment-handler	interface	PaymentRequestEvent	0	operation	respondWith	ServiceWorker
web-based-payment-handler	dictionary	PaymentRequestEventInit	0	field	topOrigin	
web-based-payment-handler	dictionary	PaymentRequestEventInit	0	field	paymentRequestOrigin	
web-based-payment-handler	dictionary	PaymentRequestEventInit	0	field	paymentRequestId	
web-based-payment-handler	dictionary	PaymentRequestEventInit	0	field	methodData	
web-based-payment-handler	dictionary	PaymentRequestEventInit	0	field	total	
web-based-payment-handler	dictionary	PaymentRequestEventInit	0	field	modifiers	
web-based-payment-handler	dictionary	PaymentRequestEventInit	0	field	paymentOptions	
web-based-payment-handler	dictionary	PaymentRequestEventInit	0	field	shippingOptions	
web-based-payment-handler	dictionary	PaymentHandlerResponse	0	field	methodName	
web-based-payment-handler	dictionary	PaymentHandlerResponse	0	field	details	
web-based-payment-handler	dictionary	PaymentHandlerResponse	0	field	payerName	
web-based-payment-handler	dictionary	PaymentHandlerResponse	0	field	payerEmail	
web-based-payment-handler	dictionary	PaymentHandlerResponse	0	field	payerPhone	
web-based-payment-handler	dictionary	PaymentHandlerResponse	0	field	shippingAddress	
web-based-payment-handler	dictionary	PaymentHandlerResponse	0	field	shippingOption	
web-based-payment-handler	dictionary	AddressInit	0	field	country	
web-based-payment-handler	dictionary	AddressInit	0	field	addressLine	
web-based-payment-handler	dictionary	AddressInit	0	field	region	
web-based-payment-handler	dictionary	AddressInit	0	field	city	
web-based-payment-handler	dictionary	AddressInit	0	field	dependentLocality	
web-based-payment-handler	dictionary	AddressInit	0	field	postalCode	
web-based-payment-handler	dictionary	AddressInit	0	field	sortingCode	
web-based-payment-handler	dictionary	AddressInit	0	field	organization	
web-based-payment-handler	dictionary	AddressInit	0	field	recipient	
web-based-payment-handler	dictionary	AddressInit	0	field	phone	
web-bluetooth-scanning	dictionary	BluetoothLEScanOptions	0	field	filters	
web-bluetooth-scanning	dictionary	BluetoothLEScanOptions	0	field	keepRepeatedDevices	
web-bluetooth-scanning	dictionary	BluetoothLEScanOptions	0	field	acceptAllAdvertisements	
web-bluetooth-scanning	interface	Bluetooth	1	operation	requestLEScan	
web-bluetooth-scanning	interface	BluetoothDataFilter	0	constructor	constructor	Window
web-bluetooth-scanning	interface	BluetoothDataFilter	0	attribute	dataPrefix	Window
web-bluetooth-scanning	interface	BluetoothDataFilter	0	attribute	mask	Window
web-bluetooth-scanning	interface	BluetoothManufacturerDataFilter	0	constructor	constructor	Window
web-bluetooth-scanning	interface	BluetoothManufacturerDataFilter	0	maplike	@@maplike	Window
web-bluetooth-scanning	interface	BluetoothServiceDataFilter	0	constructor	constructor	Window
web-bluetooth-scanning	interface	BluetoothServiceDataFilter	0	maplike	@@maplike	Window
web-bluetooth-scanning	interface	BluetoothLEScanFilter	0	constructor	constructor	Window
web-bluetooth-scanning	interface	BluetoothLEScanFilter	0	attribute	name	Window
web-bluetooth-scanning	interface	BluetoothLEScanFilter	0	attribute	namePrefix	Window
web-bluetooth-scanning	interface	BluetoothLEScanFilter	0	attribute	services	Window
web-bluetooth-scanning	interface	BluetoothLEScanFilter	0	attribute	manufacturerData	Window
web-bluetooth-scanning	interface	BluetoothLEScanFilter	0	attribute	serviceData	Window
web-bluetooth-scanning	interface	BluetoothLEScan	0	attribute	filters	Window
web-bluetooth-scanning	interface	BluetoothLEScan	0	attribute	keepRepeatedDevices	Window
web-bluetooth-scanning	interface	BluetoothLEScan	0	attribute	acceptAllAdvertisements	Window
web-bluetooth-scanning	interface	BluetoothLEScan	0	attribute	active	Window
web-bluetooth-scanning	interface	BluetoothLEScan	0	operation	stop	Window
web-bluetooth-scanning	dictionary	BluetoothLEScanPermissionDescriptor	0	field	filters	
web-bluetooth-scanning	dictionary	BluetoothLEScanPermissionDescriptor	0	field	keepRepeatedDevices	
web-bluetooth-scanning	dictionary	BluetoothLEScanPermissionDescriptor	0	field	acceptAllAdvertisements	
web-bluetooth-scanning	interface	BluetoothLEScanPermissionResult	0	attribute	scans	Window
web-bluetooth	dictionary	BluetoothDataFilterInit	0	field	dataPrefix	
web-bluetooth	dictionary	BluetoothDataFilterInit	0	field	mask	
web-bluetooth	dictionary	BluetoothManufacturerDataFilterInit	0	field	companyIdentifier	
web-bluetooth	dictionary	BluetoothServiceDataFilterInit	0	field	service	
web-bluetooth	dictionary	BluetoothLEScanFilterInit	0	field	services	
web-bluetooth	dictionary	BluetoothLEScanFilterInit	0	field	name	
web-bluetooth	dictionary	BluetoothLEScanFilterInit	0	field	namePrefix	
web-bluetooth	dictionary	BluetoothLEScanFilterInit	0	field	manufacturerData	
web-bluetooth	dictionary	BluetoothLEScanFilterInit	0	field	serviceData	
web-bluetooth	dictionary	RequestDeviceOptions	0	field	filters	
web-bluetooth	dictionary	RequestDeviceOptions	0	field	exclusionFilters	
web-bluetooth	dictionary	RequestDeviceOptions	0	field	optionalServices	
web-bluetooth	dictionary	RequestDeviceOptions	0	field	optionalManufacturerData	
web-bluetooth	dictionary	RequestDeviceOptions	0	field	acceptAllDevices	
web-bluetooth	interface	Bluetooth	0	operation	getAvailability	Window
web-bluetooth	interface	Bluetooth	0	attribute	onavailabilitychanged	Window
web-bluetooth	interface	Bluetooth	0	attribute	referringDevice	Window
web-bluetooth	interface	Bluetooth	0	operation	getDevices	Window
web-bluetooth	interface	Bluetooth	0	operation	requestDevice	Window
web-bluetooth	includes	Bluetooth	0		BluetoothDeviceEventHandlers	
web-bluetooth	includes	Bluetooth	0		CharacteristicEventHandlers	
web-bluetooth	includes	Bluetooth	0		ServiceEventHandlers	
web-bluetooth	dictionary	BluetoothPermissionDescriptor	0	field	deviceId	
web-bluetooth	dictionary	BluetoothPermissionDescriptor	0	field	filters	
web-bluetooth	dictionary	BluetoothPermissionDescriptor	0	field	optionalServices	
web-bluetooth	dictionary	BluetoothPermissionDescriptor	0	field	optionalManufacturerData	
web-bluetooth	dictionary	BluetoothPermissionDescriptor	0	field	acceptAllDevices	
web-bluetooth	dictionary	AllowedBluetoothDevice	0	field	deviceId	
web-bluetooth	dictionary	AllowedBluetoothDevice	0	field	mayUseGATT	
web-bluetooth	dictionary	AllowedBluetoothDevice	0	field	allowedServices	
web-bluetooth	dictionary	AllowedBluetoothDevice	0	field	allowedManufacturerData	
web-bluetooth	dictionary	BluetoothPermissionStorage	0	field	allowedDevices	
web-bluetooth	interface	BluetoothPermissionResult	0	attribute	devices	Window
web-bluetooth	interface	ValueEvent	0	constructor	constructor	Window
web-bluetooth	interface	ValueEvent	0	attribute	value	Window
web-bluetooth	dictionary	ValueEventInit	0	field	value	
web-bluetooth	interface	BluetoothDevice	0	attribute	id	Window
web-bluetooth	interface	BluetoothDevice	0	attribute	name	Window
web-bluetooth	interface	BluetoothDevice	0	attribute	gatt	Window
web-bluetooth	interface	BluetoothDevice	0	operation	forget	Window
web-bluetooth	interface	BluetoothDevice	0	operation	watchAdvertisements	Window
web-bluetooth	interface	BluetoothDevice	0	attribute	watchingAdvertisements	Window
web-bluetooth	includes	BluetoothDevice	0		BluetoothDeviceEventHandlers	
web-bluetooth	includes	BluetoothDevice	0		CharacteristicEventHandlers	
web-bluetooth	includes	BluetoothDevice	0		ServiceEventHandlers	
web-bluetooth	dictionary	WatchAdvertisementsOptions	0	field	signal	
web-bluetooth	interface	BluetoothManufacturerDataMap	0	maplike	@@maplike	Window
web-bluetooth	interface	BluetoothServiceDataMap	0	maplike	@@maplike	Window
web-bluetooth	interface	BluetoothAdvertisingEvent	0	constructor	constructor	Window
web-bluetooth	interface	BluetoothAdvertisingEvent	0	attribute	device	Window
web-bluetooth	interface	BluetoothAdvertisingEvent	0	attribute	uuids	Window
web-bluetooth	interface	BluetoothAdvertisingEvent	0	attribute	name	Window
web-bluetooth	interface	BluetoothAdvertisingEvent	0	attribute	appearance	Window
web-bluetooth	interface	BluetoothAdvertisingEvent	0	attribute	txPower	Window
web-bluetooth	interface	BluetoothAdvertisingEvent	0	attribute	rssi	Window
web-bluetooth	interface	BluetoothAdvertisingEvent	0	attribute	manufacturerData	Window
web-bluetooth	interface	BluetoothAdvertisingEvent	0	attribute	serviceData	Window
web-bluetooth	dictionary	BluetoothAdvertisingEventInit	0	field	device	
web-bluetooth	dictionary	BluetoothAdvertisingEventInit	0	field	uuids	
web-bluetooth	dictionary	BluetoothAdvertisingEventInit	0	field	name	
web-bluetooth	dictionary	BluetoothAdvertisingEventInit	0	field	appearance	
web-bluetooth	dictionary	BluetoothAdvertisingEventInit	0	field	txPower	
web-bluetooth	dictionary	BluetoothAdvertisingEventInit	0	field	rssi	
web-bluetooth	dictionary	BluetoothAdvertisingEventInit	0	field	manufacturerData	
web-bluetooth	dictionary	BluetoothAdvertisingEventInit	0	field	serviceData	
web-bluetooth	interface	BluetoothRemoteGATTServer	0	attribute	device	Window
web-bluetooth	interface	BluetoothRemoteGATTServer	0	attribute	connected	Window
web-bluetooth	interface	BluetoothRemoteGATTServer	0	operation	connect	Window
web-bluetooth	interface	BluetoothRemoteGATTServer	0	operation	disconnect	Window
web-bluetooth	interface	BluetoothRemoteGATTServer	0	operation	getPrimaryService	Window
web-bluetooth	interface	BluetoothRemoteGATTServer	0	operation	getPrimaryServices	Window
web-bluetooth	interface	BluetoothRemoteGATTService	0	attribute	device	Window
web-bluetooth	interface	BluetoothRemoteGATTService	0	attribute	uuid	Window
web-bluetooth	interface	BluetoothRemoteGATTService	0	attribute	isPrimary	Window
web-bluetooth	interface	BluetoothRemoteGATTService	0	operation	getCharacteristic	Window
web-bluetooth	interface	BluetoothRemoteGATTService	0	operation	getCharacteristics	Window
web-bluetooth	interface	BluetoothRemoteGATTService	0	operation	getIncludedService	Window
web-bluetooth	interface	BluetoothRemoteGATTService	0	operation	getIncludedServices	Window
web-bluetooth	includes	BluetoothRemoteGATTService	0		CharacteristicEventHandlers	
web-bluetooth	includes	BluetoothRemoteGATTService	0		ServiceEventHandlers	
web-bluetooth	interface	BluetoothRemoteGATTCharacteristic	0	attribute	service	Window
web-bluetooth	interface	BluetoothRemoteGATTCharacteristic	0	attribute	uuid	Window
web-bluetooth	interface	BluetoothRemoteGATTCharacteristic	0	attribute	properties	Window
web-bluetooth	interface	BluetoothRemoteGATTCharacteristic	0	attribute	value	Window
web-bluetooth	interface	BluetoothRemoteGATTCharacteristic	0	operation	getDescriptor	Window
web-bluetooth	interface	BluetoothRemoteGATTCharacteristic	0	operation	getDescriptors	Window
web-bluetooth	interface	BluetoothRemoteGATTCharacteristic	0	operation	readValue	Window
web-bluetooth	interface	BluetoothRemoteGATTCharacteristic	0	operation	writeValue	Window
web-bluetooth	interface	BluetoothRemoteGATTCharacteristic	0	operation	writeValueWithResponse	Window
web-bluetooth	interface	BluetoothRemoteGATTCharacteristic	0	operation	writeValueWithoutResponse	Window
web-bluetooth	interface	BluetoothRemoteGATTCharacteristic	0	operation	startNotifications	Window
web-bluetooth	interface	BluetoothRemoteGATTCharacteristic	0	operation	stopNotifications	Window
web-bluetooth	includes	BluetoothRemoteGATTCharacteristic	0		CharacteristicEventHandlers	
web-bluetooth	interface	BluetoothCharacteristicProperties	0	attribute	broadcast	Window
web-bluetooth	interface	BluetoothCharacteristicProperties	0	attribute	read	Window
web-bluetooth	interface	BluetoothCharacteristicProperties	0	attribute	writeWithoutResponse	Window
web-bluetooth	interface	BluetoothCharacteristicProperties	0	attribute	write	Window
web-bluetooth	interface	BluetoothCharacteristicProperties	0	attribute	notify	Window
web-bluetooth	interface	BluetoothCharacteristicProperties	0	attribute	indicate	Window
web-bluetooth	interface	BluetoothCharacteristicProperties	0	attribute	authenticatedSignedWrites	Window
web-bluetooth	interface	BluetoothCharacteristicProperties	0	attribute	reliableWrite	Window
web-bluetooth	interface	BluetoothCharacteristicProperties	0	attribute	writableAuxiliaries	Window
web-bluetooth	interface	BluetoothRemoteGATTDescriptor	0	attribute	characteristic	Window
web-bluetooth	interface	BluetoothRemoteGATTDescriptor	0	attribute	uuid	Window
web-bluetooth	interface	BluetoothRemoteGATTDescriptor	0	attribute	value	Window
web-bluetooth	interface	BluetoothRemoteGATTDescriptor	0	operation	readValue	Window
web-bluetooth	interface	BluetoothRemoteGATTDescriptor	0	operation	writeValue	Window
web-bluetooth	interface mixin	CharacteristicEventHandlers	0	attribute	oncharacteristicvaluechanged	
web-bluetooth	interface mixin	BluetoothDeviceEventHandlers	0	attribute	onadvertisementreceived	
web-bluetooth	interface mixin	BluetoothDeviceEventHandlers	0	attribute	ongattserverdisconnected	
web-bluetooth	interface mixin	ServiceEventHandlers	0	attribute	onserviceadded	
web-bluetooth	interface mixin	ServiceEventHandlers	0	attribute	onservicechanged	
web-bluetooth	interface mixin	ServiceEventHandlers	0	attribute	onserviceremoved	
web-bluetooth	typedef	UUID	0			
web-bluetooth	interface	BluetoothUUID	0	operation	getService	Window
web-bluetooth	interface	BluetoothUUID	0	operation	getCharacteristic	Window
web-bluetooth	interface	BluetoothUUID	0	operation	getDescriptor	Window
web-bluetooth	interface	BluetoothUUID	0	operation	canonicalUUID	Window
web-bluetooth	typedef	BluetoothServiceUUID	0			
web-bluetooth	typedef	BluetoothCharacteristicUUID	0			
web-bluetooth	typedef	BluetoothDescriptorUUID	0			
web-bluetooth	interface	Navigator	1	attribute	bluetooth	
web-locks	interface mixin	NavigatorLocks	0	attribute	locks	
web-locks	includes	Navigator	0		NavigatorLocks	
web-locks	includes	WorkerNavigator	0		NavigatorLocks	
web-locks	interface	LockManager	0	operation	request	Window,Worker
web-locks	interface	LockManager	0	operation	request	Window,Worker
web-locks	interface	LockManager	0	operation	query	Window,Worker
web-locks	callback	LockGrantedCallback	0			
web-locks	enum	LockMode	0			
web-locks	dictionary	LockOptions	0	field	mode	
web-locks	dictionary	LockOptions	0	field	ifAvailable	
web-locks	dictionary	LockOptions	0	field	steal	
web-locks	dictionary	LockOptions	0	field	signal	
web-locks	dictionary	LockManagerSnapshot	0	field	held	
web-locks	dictionary	LockManagerSnapshot	0	field	pending	
web-locks	dictionary	LockInfo	0	field	name	
web-locks	dictionary	LockInfo	0	field	mode	
web-locks	dictionary	LockInfo	0	field	clientId	
web-locks	interface	Lock	0	attribute	name	Window,Worker
web-locks	interface	Lock	0	attribute	mode	Window,Worker
web-nfc	interface	NDEFMessage	0	constructor	constructor	Window
web-nfc	interface	NDEFMessage	0	attribute	records	Window
web-nfc	dictionary	NDEFMessageInit	0	field	records	
web-nfc	interface	NDEFRecord	0	constructor	constructor	Window
web-nfc	interface	NDEFRecord	0	attribute	recordType	Window
web-nfc	interface	NDEFRecord	0	attribute	mediaType	Window
web-nfc	interface	NDEFRecord	0	attribute	id	Window
web-nfc	interface	NDEFRecord	0	attribute	data	Window
web-nfc	interface	NDEFRecord	0	attribute	encoding	Window
web-nfc	interface	NDEFRecord	0	attribute	lang	Window
web-nfc	interface	NDEFRecord	0	operation	toRecords	Window
web-nfc	dictionary	NDEFRecordInit	0	field	recordType	
web-nfc	dictionary	NDEFRecordInit	0	field	mediaType	
web-nfc	dictionary	NDEFRecordInit	0	field	id	
web-nfc	dictionary	NDEFRecordInit	0	field	encoding	
web-nfc	dictionary	NDEFRecordInit	0	field	lang	
web-nfc	dictionary	NDEFRecordInit	0	field	data	
web-nfc	typedef	NDEFMessageSource	0			
web-nfc	interface	NDEFReader	0	constructor	constructor	Window
web-nfc	interface	NDEFReader	0	attribute	onreading	Window
web-nfc	interface	NDEFReader	0	attribute	onreadingerror	Window
web-nfc	interface	NDEFReader	0	operation	scan	Window
web-nfc	interface	NDEFReader	0	operation	write	Window
web-nfc	interface	NDEFReader	0	operation	makeReadOnly	Window
web-nfc	interface	NDEFReadingEvent	0	constructor	constructor	Window
web-nfc	interface	NDEFReadingEvent	0	attribute	serialNumber	Window
web-nfc	interface	NDEFReadingEvent	0	attribute	message	Window
web-nfc	dictionary	NDEFReadingEventInit	0	field	serialNumber	
web-nfc	dictionary	NDEFReadingEventInit	0	field	message	
web-nfc	dictionary	NDEFWriteOptions	0	field	overwrite	
web-nfc	dictionary	NDEFWriteOptions	0	field	signal	
web-nfc	dictionary	NDEFMakeReadOnlyOptions	0	field	signal	
web-nfc	dictionary	NDEFScanOptions	0	field	signal	
web-otp	interface	OTPCredential	0	attribute	code	Window
web-otp	dictionary	CredentialRequestOptions	1	field	otp	
web-otp	dictionary	OTPCredentialRequestOptions	0	field	transport	
web-otp	enum	OTPCredentialTransportType	0			
web-share	interface	Navigator	1	operation	share	
web-share	interface	Navigator	1	operation	canShare	
web-share	dictionary	ShareData	0	field	files	
web-share	dictionary	ShareData	0	field	title	
web-share	dictionary	ShareData	0	field	text	
web-share	dictionary	ShareData	0	field	url	
webaudio	enum	AudioContextState	0			
webaudio	enum	AudioContextRenderSizeCategory	0			
webaudio	callback	DecodeErrorCallback	0			
webaudio	callback	DecodeSuccessCallback	0			
webaudio	interface	BaseAudioContext	0	attribute	destination	Window
webaudio	interface	BaseAudioContext	0	attribute	sampleRate	Window
webaudio	interface	BaseAudioContext	0	attribute	currentTime	Window
webaudio	interface	BaseAudioContext	0	attribute	listener	Window
webaudio	interface	BaseAudioContext	0	attribute	state	Window
webaudio	interface	BaseAudioContext	0	attribute	renderQuantumSize	Window
webaudio	interface	BaseAudioContext	0	attribute	audioWorklet	Window
webaudio	interface	BaseAudioContext	0	attribute	onstatechange	Window
webaudio	interface	BaseAudioContext	0	operation	createAnalyser	Window
webaudio	interface	BaseAudioContext	0	operation	createBiquadFilter	Window
webaudio	interface	BaseAudioContext	0	operation	createBuffer	Window
webaudio	interface	BaseAudioContext	0	operation	createBufferSource	Window
webaudio	interface	BaseAudioContext	0	operation	createChannelMerger	Window
webaudio	interface	BaseAudioContext	0	operation	createChannelSplitter	Window
webaudio	interface	BaseAudioContext	0	operation	createConstantSource	Window
webaudio	interface	BaseAudioContext	0	operation	createConvolver	Window
webaudio	interface	BaseAudioContext	0	operation	createDelay	Window
webaudio	interface	BaseAudioContext	0	operation	createDynamicsCompressor	Window
webaudio	interface	BaseAudioContext	0	operation	createGain	Window
webaudio	interface	BaseAudioContext	0	operation	createIIRFilter	Window
webaudio	interface	BaseAudioContext	0	operation	createOscillator	Window
webaudio	interface	BaseAudioContext	0	operation	createPanner	Window
webaudio	interface	BaseAudioContext	0	operation	createPeriodicWave	Window
webaudio	interface	BaseAudioContext	0	operation	createScriptProcessor	Window
webaudio	interface	BaseAudioContext	0	operation	createStereoPanner	Window
webaudio	interface	BaseAudioContext	0	operation	createWaveShaper	Window
webaudio	interface	BaseAudioContext	0	operation	decodeAudioData	Window
webaudio	enum	AudioContextLatencyCategory	0			
webaudio	enum	AudioSinkType	0			
webaudio	interface	AudioContext	0	constructor	constructor	Window
webaudio	interface	AudioContext	0	attribute	baseLatency	Window
webaudio	interface	AudioContext	0	attribute	outputLatency	Window
webaudio	interface	AudioContext	0	attribute	sinkId	Window
webaudio	interface	AudioContext	0	attribute	onsinkchange	Window
webaudio	interface	AudioContext	0	attribute	onerror	Window
webaudio	interface	AudioContext	0	attribute	playbackStats	Window
webaudio	interface	AudioContext	0	operation	getOutputTimestamp	Window
webaudio	interface	AudioContext	0	operation	resume	Window
webaudio	interface	AudioContext	0	operation	suspend	Window
webaudio	interface	AudioContext	0	operation	close	Window
webaudio	interface	AudioContext	0	operation	setSinkId	Window
webaudio	interface	AudioContext	0	operation	createMediaElementSource	Window
webaudio	interface	AudioContext	0	operation	createMediaStreamSource	Window
webaudio	interface	AudioContext	0	operation	createMediaStreamTrackSource	Window
webaudio	interface	AudioContext	0	operation	createMediaStreamDestination	Window
webaudio	dictionary	AudioContextOptions	0	field	latencyHint	
webaudio	dictionary	AudioContextOptions	0	field	sampleRate	
webaudio	dictionary	AudioContextOptions	0	field	sinkId	
webaudio	dictionary	AudioContextOptions	0	field	renderSizeHint	
webaudio	dictionary	AudioSinkOptions	0	field	type	
webaudio	interface	AudioSinkInfo	0	attribute	type	Window
webaudio	dictionary	AudioTimestamp	0	field	contextTime	
webaudio	dictionary	AudioTimestamp	0	field	performanceTime	
webaudio	interface	OfflineAudioContext	0	constructor	constructor	Window
webaudio	interface	OfflineAudioContext	0	constructor	constructor	Window
webaudio	interface	OfflineAudioContext	0	operation	startRendering	Window
webaudio	interface	OfflineAudioContext	0	operation	resume	Window
webaudio	interface	OfflineAudioContext	0	operation	suspend	Window
webaudio	interface	OfflineAudioContext	0	operation	close	Window
webaudio	interface	OfflineAudioContext	0	attribute	length	Window
webaudio	interface	OfflineAudioContext	0	attribute	oncomplete	Window
webaudio	dictionary	OfflineAudioContextOptions	0	field	numberOfChannels	
webaudio	dictionary	OfflineAudioContextOptions	0	field	length	
webaudio	dictionary	OfflineAudioContextOptions	0	field	sampleRate	
webaudio	dictionary	OfflineAudioContextOptions	0	field	renderSizeHint	
webaudio	interface	OfflineAudioCompletionEvent	0	constructor	constructor	Window
webaudio	interface	OfflineAudioCompletionEvent	0	attribute	renderedBuffer	Window
webaudio	dictionary	OfflineAudioCompletionEventInit	0	field	renderedBuffer	
webaudio	interface	AudioBuffer	0	constructor	constructor	Window
webaudio	interface	AudioBuffer	0	attribute	sampleRate	Window
webaudio	interface	AudioBuffer	0	attribute	length	Window
webaudio	interface	AudioBuffer	0	attribute	duration	Window
webaudio	interface	AudioBuffer	0	attribute	numberOfChannels	Window
webaudio	interface	AudioBuffer	0	operation	getChannelData	Window
webaudio	interface	AudioBuffer	0	operation	copyFromChannel	Window
webaudio	interface	AudioBuffer	0	operation	copyToChannel	Window
webaudio	dictionary	AudioBufferOptions	0	field	numberOfChannels	
webaudio	dictionary	AudioBufferOptions	0	field	length	
webaudio	dictionary	AudioBufferOptions	0	field	sampleRate	
webaudio	interface	AudioNode	0	operation	connect	Window
webaudio	interface	AudioNode	0	operation	connect	Window
webaudio	interface	AudioNode	0	operation	disconnect	Window
webaudio	interface	AudioNode	0	operation	disconnect	Window
webaudio	interface	AudioNode	0	operation	disconnect	Window
webaudio	interface	AudioNode	0	operation	disconnect	Window
webaudio	interface	AudioNode	0	operation	disconnect	Window
webaudio	interface	AudioNode	0	operation	disconnect	Window
webaudio	interface	AudioNode	0	operation	disconnect	Window
webaudio	interface	AudioNode	0	attribute	context	Window
webaudio	interface	AudioNode	0	attribute	numberOfInputs	Window
webaudio	interface	AudioNode	0	attribute	numberOfOutputs	Window
webaudio	interface	AudioNode	0	attribute	channelCount	Window
webaudio	interface	AudioNode	0	attribute	channelCountMode	Window
webaudio	interface	AudioNode	0	attribute	channelInterpretation	Window
webaudio	enum	ChannelCountMode	0			
webaudio	enum	ChannelInterpretation	0			
webaudio	dictionary	AudioNodeOptions	0	field	channelCount	
webaudio	dictionary	AudioNodeOptions	0	field	channelCountMode	
webaudio	dictionary	AudioNodeOptions	0	field	channelInterpretation	
webaudio	enum	AutomationRate	0			
webaudio	interface	AudioParam	0	attribute	value	Window
webaudio	interface	AudioParam	0	attribute	automationRate	Window
webaudio	interface	AudioParam	0	attribute	defaultValue	Window
webaudio	interface	AudioParam	0	attribute	minValue	Window
webaudio	interface	AudioParam	0	attribute	maxValue	Window
webaudio	interface	AudioParam	0	operation	setValueAtTime	Window
webaudio	interface	AudioParam	0	operation	linearRampToValueAtTime	Window
webaudio	interface	AudioParam	0	operation	exponentialRampToValueAtTime	Window
webaudio	interface	AudioParam	0	operation	setTargetAtTime	Window
webaudio	interface	AudioParam	0	operation	setValueCurveAtTime	Window
webaudio	interface	AudioParam	0	operation	cancelScheduledValues	Window
webaudio	interface	AudioParam	0	operation	cancelAndHoldAtTime	Window
webaudio	interface	AudioScheduledSourceNode	0	attribute	onended	Window
webaudio	interface	AudioScheduledSourceNode	0	operation	start	Window
webaudio	interface	AudioScheduledSourceNode	0	operation	stop	Window
webaudio	interface	AnalyserNode	0	constructor	constructor	Window
webaudio	interface	AnalyserNode	0	operation	getFloatFrequencyData	Window
webaudio	interface	AnalyserNode	0	operation	getByteFrequencyData	Window
webaudio	interface	AnalyserNode	0	operation	getFloatTimeDomainData	Window
webaudio	interface	AnalyserNode	0	operation	getByteTimeDomainData	Window
webaudio	interface	AnalyserNode	0	attribute	fftSize	Window
webaudio	interface	AnalyserNode	0	attribute	frequencyBinCount	Window
webaudio	interface	AnalyserNode	0	attribute	minDecibels	Window
webaudio	interface	AnalyserNode	0	attribute	maxDecibels	Window
webaudio	interface	AnalyserNode	0	attribute	smoothingTimeConstant	Window
webaudio	dictionary	AnalyserOptions	0	field	fftSize	
webaudio	dictionary	AnalyserOptions	0	field	maxDecibels	
webaudio	dictionary	AnalyserOptions	0	field	minDecibels	
webaudio	dictionary	AnalyserOptions	0	field	smoothingTimeConstant	
webaudio	interface	AudioBufferSourceNode	0	constructor	constructor	Window
webaudio	interface	AudioBufferSourceNode	0	attribute	buffer	Window
webaudio	interface	AudioBufferSourceNode	0	attribute	playbackRate	Window
webaudio	interface	AudioBufferSourceNode	0	attribute	detune	Window
webaudio	interface	AudioBufferSourceNode	0	attribute	loop	Window
webaudio	interface	AudioBufferSourceNode	0	attribute	loopStart	Window
webaudio	interface	AudioBufferSourceNode	0	attribute	loopEnd	Window
webaudio	interface	AudioBufferSourceNode	0	operation	start	Window
webaudio	dictionary	AudioBufferSourceOptions	0	field	buffer	
webaudio	dictionary	AudioBufferSourceOptions	0	field	detune	
webaudio	dictionary	AudioBufferSourceOptions	0	field	loop	
webaudio	dictionary	AudioBufferSourceOptions	0	field	loopEnd	
webaudio	dictionary	AudioBufferSourceOptions	0	field	loopStart	
webaudio	dictionary	AudioBufferSourceOptions	0	field	playbackRate	
webaudio	interface	AudioDestinationNode	0	attribute	maxChannelCount	Window
webaudio	interface	AudioListener	0	attribute	positionX	Window
webaudio	interface	AudioListener	0	attribute	positionY	Window
webaudio	interface	AudioListener	0	attribute	positionZ	Window
webaudio	interface	AudioListener	0	attribute	forwardX	Window
webaudio	interface	AudioListener	0	attribute	forwardY	Window
webaudio	interface	AudioListener	0	attribute	forwardZ	Window
webaudio	interface	AudioListener	0	attribute	upX	Window
webaudio	interface	AudioListener	0	attribute	upY	Window
webaudio	interface	AudioListener	0	attribute	upZ	Window
webaudio	interface	AudioListener	0	operation	setPosition	Window
webaudio	interface	AudioListener	0	operation	setOrientation	Window
webaudio	interface	AudioProcessingEvent	0	constructor	constructor	Window
webaudio	interface	AudioProcessingEvent	0	attribute	playbackTime	Window
webaudio	interface	AudioProcessingEvent	0	attribute	inputBuffer	Window
webaudio	interface	AudioProcessingEvent	0	attribute	outputBuffer	Window
webaudio	dictionary	AudioProcessingEventInit	0	field	playbackTime	
webaudio	dictionary	AudioProcessingEventInit	0	field	inputBuffer	
webaudio	dictionary	AudioProcessingEventInit	0	field	outputBuffer	
webaudio	enum	BiquadFilterType	0			
webaudio	interface	BiquadFilterNode	0	constructor	constructor	Window
webaudio	interface	BiquadFilterNode	0	attribute	type	Window
webaudio	interface	BiquadFilterNode	0	attribute	frequency	Window
webaudio	interface	BiquadFilterNode	0	attribute	detune	Window
webaudio	interface	BiquadFilterNode	0	attribute	Q	Window
webaudio	interface	BiquadFilterNode	0	attribute	gain	Window
webaudio	interface	BiquadFilterNode	0	operation	getFrequencyResponse	Window
webaudio	dictionary	BiquadFilterOptions	0	field	type	
webaudio	dictionary	BiquadFilterOptions	0	field	Q	
webaudio	dictionary	BiquadFilterOptions	0	field	detune	
webaudio	dictionary	BiquadFilterOptions	0	field	frequency	
webaudio	dictionary	BiquadFilterOptions	0	field	gain	
webaudio	interface	ChannelMergerNode	0	constructor	constructor	Window
webaudio	dictionary	ChannelMergerOptions	0	field	numberOfInputs	
webaudio	interface	ChannelSplitterNode	0	constructor	constructor	Window
webaudio	dictionary	ChannelSplitterOptions	0	field	numberOfOutputs	
webaudio	interface	ConstantSourceNode	0	constructor	constructor	Window
webaudio	interface	ConstantSourceNode	0	attribute	offset	Window
webaudio	dictionary	ConstantSourceOptions	0	field	offset	
webaudio	interface	ConvolverNode	0	constructor	constructor	Window
webaudio	interface	ConvolverNode	0	attribute	buffer	Window
webaudio	interface	ConvolverNode	0	attribute	normalize	Window
webaudio	dictionary	ConvolverOptions	0	field	buffer	
webaudio	dictionary	ConvolverOptions	0	field	disableNormalization	
webaudio	interface	DelayNode	0	constructor	constructor	Window
webaudio	interface	DelayNode	0	attribute	delayTime	Window
webaudio	dictionary	DelayOptions	0	field	maxDelayTime	
webaudio	dictionary	DelayOptions	0	field	delayTime	
webaudio	interface	DynamicsCompressorNode	0	constructor	constructor	Window
webaudio	interface	DynamicsCompressorNode	0	attribute	threshold	Window
webaudio	interface	DynamicsCompressorNode	0	attribute	knee	Window
webaudio	interface	DynamicsCompressorNode	0	attribute	ratio	Window
webaudio	interface	DynamicsCompressorNode	0	attribute	reduction	Window
webaudio	interface	DynamicsCompressorNode	0	attribute	attack	Window
webaudio	interface	DynamicsCompressorNode	0	attribute	release	Window
webaudio	dictionary	DynamicsCompressorOptions	0	field	attack	
webaudio	dictionary	DynamicsCompressorOptions	0	field	knee	
webaudio	dictionary	DynamicsCompressorOptions	0	field	ratio	
webaudio	dictionary	DynamicsCompressorOptions	0	field	release	
webaudio	dictionary	DynamicsCompressorOptions	0	field	threshold	
webaudio	interface	GainNode	0	constructor	constructor	Window
webaudio	interface	GainNode	0	attribute	gain	Window
webaudio	dictionary	GainOptions	0	field	gain	
webaudio	interface	IIRFilterNode	0	constructor	constructor	Window
webaudio	interface	IIRFilterNode	0	operation	getFrequencyResponse	Window
webaudio	dictionary	IIRFilterOptions	0	field	feedforward	
webaudio	dictionary	IIRFilterOptions	0	field	feedback	
webaudio	interface	MediaElementAudioSourceNode	0	constructor	constructor	Window
webaudio	interface	MediaElementAudioSourceNode	0	attribute	mediaElement	Window
webaudio	dictionary	MediaElementAudioSourceOptions	0	field	mediaElement	
webaudio	interface	MediaStreamAudioDestinationNode	0	constructor	constructor	Window
webaudio	interface	MediaStreamAudioDestinationNode	0	attribute	stream	Window
webaudio	interface	MediaStreamAudioSourceNode	0	constructor	constructor	Window
webaudio	interface	MediaStreamAudioSourceNode	0	attribute	mediaStream	Window
webaudio	dictionary	MediaStreamAudioSourceOptions	0	field	mediaStream	
webaudio	interface	MediaStreamTrackAudioSourceNode	0	constructor	constructor	Window
webaudio	dictionary	MediaStreamTrackAudioSourceOptions	0	field	mediaStreamTrack	
webaudio	enum	OscillatorType	0			
webaudio	interface	OscillatorNode	0	constructor	constructor	Window
webaudio	interface	OscillatorNode	0	attribute	type	Window
webaudio	interface	OscillatorNode	0	attribute	frequency	Window
webaudio	interface	OscillatorNode	0	attribute	detune	Window
webaudio	interface	OscillatorNode	0	operation	setPeriodicWave	Window
webaudio	dictionary	OscillatorOptions	0	field	type	
webaudio	dictionary	OscillatorOptions	0	field	frequency	
webaudio	dictionary	OscillatorOptions	0	field	detune	
webaudio	dictionary	OscillatorOptions	0	field	periodicWave	
webaudio	enum	PanningModelType	0			
webaudio	enum	DistanceModelType	0			
webaudio	interface	PannerNode	0	constructor	constructor	Window
webaudio	interface	PannerNode	0	attribute	panningModel	Window
webaudio	interface	PannerNode	0	attribute	positionX	Window
webaudio	interface	PannerNode	0	attribute	positionY	Window
webaudio	interface	PannerNode	0	attribute	positionZ	Window
webaudio	interface	PannerNode	0	attribute	orientationX	Window
webaudio	interface	PannerNode	0	attribute	orientationY	Window
webaudio	interface	PannerNode	0	attribute	orientationZ	Window
webaudio	interface	PannerNode	0	attribute	distanceModel	Window
webaudio	interface	PannerNode	0	attribute	refDistance	Window
webaudio	interface	PannerNode	0	attribute	maxDistance	Window
webaudio	interface	PannerNode	0	attribute	rolloffFactor	Window
webaudio	interface	PannerNode	0	attribute	coneInnerAngle	Window
webaudio	interface	PannerNode	0	attribute	coneOuterAngle	Window
webaudio	interface	PannerNode	0	attribute	coneOuterGain	Window
webaudio	interface	PannerNode	0	operation	setPosition	Window
webaudio	interface	PannerNode	0	operation	setOrientation	Window
webaudio	dictionary	PannerOptions	0	field	panningModel	
webaudio	dictionary	PannerOptions	0	field	distanceModel	
webaudio	dictionary	PannerOptions	0	field	positionX	
webaudio	dictionary	PannerOptions	0	field	positionY	
webaudio	dictionary	PannerOptions	0	field	positionZ	
webaudio	dictionary	PannerOptions	0	field	orientationX	
webaudio	dictionary	PannerOptions	0	field	orientationY	
webaudio	dictionary	PannerOptions	0	field	orientationZ	
webaudio	dictionary	PannerOptions	0	field	refDistance	
webaudio	dictionary	PannerOptions	0	field	maxDistance	
webaudio	dictionary	PannerOptions	0	field	rolloffFactor	
webaudio	dictionary	PannerOptions	0	field	coneInnerAngle	
webaudio	dictionary	PannerOptions	0	field	coneOuterAngle	
webaudio	dictionary	PannerOptions	0	field	coneOuterGain	
webaudio	interface	PeriodicWave	0	constructor	constructor	Window
webaudio	dictionary	PeriodicWaveConstraints	0	field	disableNormalization	
webaudio	dictionary	PeriodicWaveOptions	0	field	real	
webaudio	dictionary	PeriodicWaveOptions	0	field	imag	
webaudio	interface	ScriptProcessorNode	0	attribute	onaudioprocess	Window
webaudio	interface	ScriptProcessorNode	0	attribute	bufferSize	Window
webaudio	interface	StereoPannerNode	0	constructor	constructor	Window
webaudio	interface	StereoPannerNode	0	attribute	pan	Window
webaudio	dictionary	StereoPannerOptions	0	field	pan	
webaudio	enum	OverSampleType	0			
webaudio	interface	WaveShaperNode	0	constructor	constructor	Window
webaudio	interface	WaveShaperNode	0	attribute	curve	Window
webaudio	interface	WaveShaperNode	0	attribute	oversample	Window
webaudio	dictionary	WaveShaperOptions	0	field	curve	
webaudio	dictionary	WaveShaperOptions	0	field	oversample	
webaudio	interface	AudioWorklet	0	attribute	port	Window
webaudio	callback	AudioWorkletProcessorConstructor	0			
webaudio	interface	AudioWorkletGlobalScope	0	operation	registerProcessor	AudioWorklet
webaudio	interface	AudioWorkletGlobalScope	0	attribute	currentFrame	AudioWorklet
webaudio	interface	AudioWorkletGlobalScope	0	attribute	currentTime	AudioWorklet
webaudio	interface	AudioWorkletGlobalScope	0	attribute	sampleRate	AudioWorklet
webaudio	interface	AudioWorkletGlobalScope	0	attribute	renderQuantumSize	AudioWorklet
webaudio	interface	AudioWorkletGlobalScope	0	attribute	port	AudioWorklet
webaudio	interface	AudioParamMap	0	maplike	@@maplike	Window
webaudio	interface	AudioWorkletNode	0	constructor	constructor	Window
webaudio	interface	AudioWorkletNode	0	attribute	parameters	Window
webaudio	interface	AudioWorkletNode	0	attribute	port	Window
webaudio	interface	AudioWorkletNode	0	attribute	onprocessorerror	Window
webaudio	dictionary	AudioWorkletNodeOptions	0	field	numberOfInputs	
webaudio	dictionary	AudioWorkletNodeOptions	0	field	numberOfOutputs	
webaudio	dictionary	AudioWorkletNodeOptions	0	field	outputChannelCount	
webaudio	dictionary	AudioWorkletNodeOptions	0	field	parameterData	
webaudio	dictionary	AudioWorkletNodeOptions	0	field	processorOptions	
webaudio	interface	AudioWorkletProcessor	0	constructor	constructor	AudioWorklet
webaudio	interface	AudioWorkletProcessor	0	attribute	port	AudioWorklet
webaudio	callback	AudioWorkletProcessCallback	0			
webaudio	dictionary	AudioParamDescriptor	0	field	name	
webaudio	dictionary	AudioParamDescriptor	0	field	defaultValue	
webaudio	dictionary	AudioParamDescriptor	0	field	minValue	
webaudio	dictionary	AudioParamDescriptor	0	field	maxValue	
webaudio	dictionary	AudioParamDescriptor	0	field	automationRate	
webaudio	interface	AudioPlaybackStats	0	attribute	underrunDuration	Window
webaudio	interface	AudioPlaybackStats	0	attribute	underrunEvents	Window
webaudio	interface	AudioPlaybackStats	0	attribute	totalDuration	Window
webaudio	interface	AudioPlaybackStats	0	attribute	averageLatency	Window
webaudio	interface	AudioPlaybackStats	0	attribute	minimumLatency	Window
webaudio	interface	AudioPlaybackStats	0	attribute	maximumLatency	Window
webaudio	interface	AudioPlaybackStats	0	operation	resetLatency	Window
webaudio	interface	AudioPlaybackStats	0	operation	toJSON	Window
webauthn	interface	PublicKeyCredential	0	attribute	rawId	Window
webauthn	interface	PublicKeyCredential	0	attribute	response	Window
webauthn	interface	PublicKeyCredential	0	attribute	authenticatorAttachment	Window
webauthn	interface	PublicKeyCredential	0	operation	getClientExtensionResults	Window
webauthn	interface	PublicKeyCredential	0	operation	isConditionalMediationAvailable	Window
webauthn	interface	PublicKeyCredential	0	operation	toJSON	Window
webauthn	typedef	Base64URLString	0			
webauthn	typedef	PublicKeyCredentialJSON	0			
webauthn	dictionary	RegistrationResponseJSON	0	field	id	
webauthn	dictionary	RegistrationResponseJSON	0	field	rawId	
webauthn	dictionary	RegistrationResponseJSON	0	field	response	
webauthn	dictionary	RegistrationResponseJSON	0	field	authenticatorAttachment	
webauthn	dictionary	RegistrationResponseJSON	0	field	clientExtensionResults	
webauthn	dictionary	RegistrationResponseJSON	0	field	type	
webauthn	dictionary	AuthenticatorAttestationResponseJSON	0	field	clientDataJSON	
webauthn	dictionary	AuthenticatorAttestationResponseJSON	0	field	authenticatorData	
webauthn	dictionary	AuthenticatorAttestationResponseJSON	0	field	transports	
webauthn	dictionary	AuthenticatorAttestationResponseJSON	0	field	publicKey	
webauthn	dictionary	AuthenticatorAttestationResponseJSON	0	field	publicKeyAlgorithm	
webauthn	dictionary	AuthenticatorAttestationResponseJSON	0	field	attestationObject	
webauthn	dictionary	AuthenticationResponseJSON	0	field	id	
webauthn	dictionary	AuthenticationResponseJSON	0	field	rawId	
webauthn	dictionary	AuthenticationResponseJSON	0	field	response	
webauthn	dictionary	AuthenticationResponseJSON	0	field	authenticatorAttachment	
webauthn	dictionary	AuthenticationResponseJSON	0	field	clientExtensionResults	
webauthn	dictionary	AuthenticationResponseJSON	0	field	type	
webauthn	dictionary	AuthenticatorAssertionResponseJSON	0	field	clientDataJSON	
webauthn	dictionary	AuthenticatorAssertionResponseJSON	0	field	authenticatorData	
webauthn	dictionary	AuthenticatorAssertionResponseJSON	0	field	signature	
webauthn	dictionary	AuthenticatorAssertionResponseJSON	0	field	userHandle	
webauthn	dictionary	AuthenticationExtensionsClientOutputsJSON	0			
webauthn	dictionary	CredentialCreationOptions	1	field	publicKey	
webauthn	dictionary	CredentialRequestOptions	1	field	publicKey	
webauthn	interface	PublicKeyCredential	1	operation	isUserVerifyingPlatformAuthenticatorAvailable	
webauthn	interface	PublicKeyCredential	1	operation	getClientCapabilities	
webauthn	typedef	PublicKeyCredentialClientCapabilities	0			
webauthn	interface	PublicKeyCredential	1	operation	parseCreationOptionsFromJSON	
webauthn	dictionary	PublicKeyCredentialCreationOptionsJSON	0	field	rp	
webauthn	dictionary	PublicKeyCredentialCreationOptionsJSON	0	field	user	
webauthn	dictionary	PublicKeyCredentialCreationOptionsJSON	0	field	challenge	
webauthn	dictionary	PublicKeyCredentialCreationOptionsJSON	0	field	pubKeyCredParams	
webauthn	dictionary	PublicKeyCredentialCreationOptionsJSON	0	field	timeout	
webauthn	dictionary	PublicKeyCredentialCreationOptionsJSON	0	field	excludeCredentials	
webauthn	dictionary	PublicKeyCredentialCreationOptionsJSON	0	field	authenticatorSelection	
webauthn	dictionary	PublicKeyCredentialCreationOptionsJSON	0	field	hints	
webauthn	dictionary	PublicKeyCredentialCreationOptionsJSON	0	field	attestation	
webauthn	dictionary	PublicKeyCredentialCreationOptionsJSON	0	field	attestationFormats	
webauthn	dictionary	PublicKeyCredentialCreationOptionsJSON	0	field	extensions	
webauthn	dictionary	PublicKeyCredentialUserEntityJSON	0	field	id	
webauthn	dictionary	PublicKeyCredentialUserEntityJSON	0	field	name	
webauthn	dictionary	PublicKeyCredentialUserEntityJSON	0	field	displayName	
webauthn	dictionary	PublicKeyCredentialDescriptorJSON	0	field	type	
webauthn	dictionary	PublicKeyCredentialDescriptorJSON	0	field	id	
webauthn	dictionary	PublicKeyCredentialDescriptorJSON	0	field	transports	
webauthn	dictionary	AuthenticationExtensionsClientInputsJSON	0			
webauthn	interface	PublicKeyCredential	1	operation	parseRequestOptionsFromJSON	
webauthn	dictionary	PublicKeyCredentialRequestOptionsJSON	0	field	challenge	
webauthn	dictionary	PublicKeyCredentialRequestOptionsJSON	0	field	timeout	
webauthn	dictionary	PublicKeyCredentialRequestOptionsJSON	0	field	rpId	
webauthn	dictionary	PublicKeyCredentialRequestOptionsJSON	0	field	allowCredentials	
webauthn	dictionary	PublicKeyCredentialRequestOptionsJSON	0	field	userVerification	
webauthn	dictionary	PublicKeyCredentialRequestOptionsJSON	0	field	hints	
webauthn	dictionary	PublicKeyCredentialRequestOptionsJSON	0	field	extensions	
webauthn	interface	PublicKeyCredential	1	operation	signalUnknownCredential	
webauthn	interface	PublicKeyCredential	1	operation	signalAllAcceptedCredentials	
webauthn	interface	PublicKeyCredential	1	operation	signalCurrentUserDetails	
webauthn	dictionary	UnknownCredentialOptions	0	field	rpId	
webauthn	dictionary	UnknownCredentialOptions	0	field	credentialId	
webauthn	dictionary	AllAcceptedCredentialsOptions	0	field	rpId	
webauthn	dictionary	AllAcceptedCredentialsOptions	0	field	userId	
webauthn	dictionary	AllAcceptedCredentialsOptions	0	field	allAcceptedCredentialIds	
webauthn	dictionary	CurrentUserDetailsOptions	0	field	rpId	
webauthn	dictionary	CurrentUserDetailsOptions	0	field	userId	
webauthn	dictionary	CurrentUserDetailsOptions	0	field	name	
webauthn	dictionary	CurrentUserDetailsOptions	0	field	displayName	
webauthn	interface	AuthenticatorResponse	0	attribute	clientDataJSON	Window
webauthn	interface	AuthenticatorAttestationResponse	0	attribute	attestationObject	Window
webauthn	interface	AuthenticatorAttestationResponse	0	operation	getTransports	Window
webauthn	interface	AuthenticatorAttestationResponse	0	operation	getAuthenticatorData	Window
webauthn	interface	AuthenticatorAttestationResponse	0	operation	getPublicKey	Window
webauthn	interface	AuthenticatorAttestationResponse	0	operation	getPublicKeyAlgorithm	Window
webauthn	interface	AuthenticatorAssertionResponse	0	attribute	authenticatorData	Window
webauthn	interface	AuthenticatorAssertionResponse	0	attribute	signature	Window
webauthn	interface	AuthenticatorAssertionResponse	0	attribute	userHandle	Window
webauthn	dictionary	PublicKeyCredentialParameters	0	field	type	
webauthn	dictionary	PublicKeyCredentialParameters	0	field	alg	
webauthn	dictionary	PublicKeyCredentialCreationOptions	0	field	rp	
webauthn	dictionary	PublicKeyCredentialCreationOptions	0	field	user	
webauthn	dictionary	PublicKeyCredentialCreationOptions	0	field	challenge	
webauthn	dictionary	PublicKeyCredentialCreationOptions	0	field	pubKeyCredParams	
webauthn	dictionary	PublicKeyCredentialCreationOptions	0	field	timeout	
webauthn	dictionary	PublicKeyCredentialCreationOptions	0	field	excludeCredentials	
webauthn	dictionary	PublicKeyCredentialCreationOptions	0	field	authenticatorSelection	
webauthn	dictionary	PublicKeyCredentialCreationOptions	0	field	hints	
webauthn	dictionary	PublicKeyCredentialCreationOptions	0	field	attestation	
webauthn	dictionary	PublicKeyCredentialCreationOptions	0	field	attestationFormats	
webauthn	dictionary	PublicKeyCredentialCreationOptions	0	field	extensions	
webauthn	dictionary	PublicKeyCredentialEntity	0	field	name	
webauthn	dictionary	PublicKeyCredentialRpEntity	0	field	id	
webauthn	dictionary	PublicKeyCredentialUserEntity	0	field	id	
webauthn	dictionary	PublicKeyCredentialUserEntity	0	field	displayName	
webauthn	dictionary	AuthenticatorSelectionCriteria	0	field	authenticatorAttachment	
webauthn	dictionary	AuthenticatorSelectionCriteria	0	field	residentKey	
webauthn	dictionary	AuthenticatorSelectionCriteria	0	field	requireResidentKey	
webauthn	dictionary	AuthenticatorSelectionCriteria	0	field	userVerification	
webauthn	enum	AuthenticatorAttachment	0			
webauthn	enum	ResidentKeyRequirement	0			
webauthn	enum	AttestationConveyancePreference	0			
webauthn	dictionary	PublicKeyCredentialRequestOptions	0	field	challenge	
webauthn	dictionary	PublicKeyCredentialRequestOptions	0	field	timeout	
webauthn	dictionary	PublicKeyCredentialRequestOptions	0	field	rpId	
webauthn	dictionary	PublicKeyCredentialRequestOptions	0	field	allowCredentials	
webauthn	dictionary	PublicKeyCredentialRequestOptions	0	field	userVerification	
webauthn	dictionary	PublicKeyCredentialRequestOptions	0	field	hints	
webauthn	dictionary	PublicKeyCredentialRequestOptions	0	field	extensions	
webauthn	dictionary	AuthenticationExtensionsClientInputs	0			
webauthn	dictionary	AuthenticationExtensionsClientOutputs	0			
webauthn	dictionary	CollectedClientData	0	field	type	
webauthn	dictionary	CollectedClientData	0	field	challenge	
webauthn	dictionary	CollectedClientData	0	field	origin	
webauthn	dictionary	CollectedClientData	0	field	crossOrigin	
webauthn	dictionary	CollectedClientData	0	field	topOrigin	
webauthn	dictionary	TokenBinding	0	field	status	
webauthn	dictionary	TokenBinding	0	field	id	
webauthn	enum	TokenBindingStatus	0			
webauthn	enum	PublicKeyCredentialType	0			
webauthn	dictionary	PublicKeyCredentialDescriptor	0	field	type	
webauthn	dictionary	PublicKeyCredentialDescriptor	0	field	id	
webauthn	dictionary	PublicKeyCredentialDescriptor	0	field	transports	
webauthn	enum	AuthenticatorTransport	0			
webauthn	typedef	COSEAlgorithmIdentifier	0			
webauthn	enum	UserVerificationRequirement	0			
webauthn	enum	ClientCapability	0			
webauthn	enum	PublicKeyCredentialHint	0			
webauthn	dictionary	AuthenticationExtensionsClientInputs	1	field	appid	
webauthn	dictionary	AuthenticationExtensionsClientInputsJSON	1	field	appid	
webauthn	dictionary	AuthenticationExtensionsClientOutputs	1	field	appid	
webauthn	dictionary	AuthenticationExtensionsClientOutputsJSON	1	field	appid	
webauthn	dictionary	AuthenticationExtensionsClientInputs	1	field	appidExclude	
webauthn	dictionary	AuthenticationExtensionsClientInputsJSON	1	field	appidExclude	
webauthn	dictionary	AuthenticationExtensionsClientOutputs	1	field	appidExclude	
webauthn	dictionary	AuthenticationExtensionsClientOutputsJSON	1	field	appidExclude	
webauthn	dictionary	AuthenticationExtensionsClientInputs	1	field	credProps	
webauthn	dictionary	AuthenticationExtensionsClientInputsJSON	1	field	credProps	
webauthn	dictionary	CredentialPropertiesOutput	0	field	rk	
webauthn	dictionary	AuthenticationExtensionsClientOutputs	1	field	credProps	
webauthn	dictionary	AuthenticationExtensionsClientOutputsJSON	1	field	credProps	
webauthn	dictionary	AuthenticationExtensionsPRFValues	0	field	first	
webauthn	dictionary	AuthenticationExtensionsPRFValues	0	field	second	
webauthn	dictionary	AuthenticationExtensionsPRFValuesJSON	0	field	first	
webauthn	dictionary	AuthenticationExtensionsPRFValuesJSON	0	field	second	
webauthn	dictionary	AuthenticationExtensionsPRFInputs	0	field	eval	
webauthn	dictionary	AuthenticationExtensionsPRFInputs	0	field	evalByCredential	
webauthn	dictionary	AuthenticationExtensionsPRFInputsJSON	0	field	eval	
webauthn	dictionary	AuthenticationExtensionsPRFInputsJSON	0	field	evalByCredential	
webauthn	dictionary	AuthenticationExtensionsClientInputs	1	field	prf	
webauthn	dictionary	AuthenticationExtensionsClientInputsJSON	1	field	prf	
webauthn	dictionary	AuthenticationExtensionsPRFOutputs	0	field	enabled	
webauthn	dictionary	AuthenticationExtensionsPRFOutputs	0	field	results	
webauthn	dictionary	AuthenticationExtensionsPRFOutputsJSON	0	field	enabled	
webauthn	dictionary	AuthenticationExtensionsPRFOutputsJSON	0	field	results	
webauthn	dictionary	AuthenticationExtensionsClientOutputs	1	field	prf	
webauthn	dictionary	AuthenticationExtensionsClientOutputsJSON	1	field	prf	
webauthn	dictionary	AuthenticationExtensionsClientInputs	1	field	largeBlob	
webauthn	dictionary	AuthenticationExtensionsClientInputsJSON	1	field	largeBlob	
webauthn	enum	LargeBlobSupport	0			
webauthn	dictionary	AuthenticationExtensionsLargeBlobInputs	0	field	support	
webauthn	dictionary	AuthenticationExtensionsLargeBlobInputs	0	field	read	
webauthn	dictionary	AuthenticationExtensionsLargeBlobInputs	0	field	write	
webauthn	dictionary	AuthenticationExtensionsLargeBlobInputsJSON	0	field	support	
webauthn	dictionary	AuthenticationExtensionsLargeBlobInputsJSON	0	field	read	
webauthn	dictionary	AuthenticationExtensionsLargeBlobInputsJSON	0	field	write	
webauthn	dictionary	AuthenticationExtensionsClientOutputs	1	field	largeBlob	
webauthn	dictionary	AuthenticationExtensionsClientOutputsJSON	1	field	largeBlob	
webauthn	dictionary	AuthenticationExtensionsLargeBlobOutputs	0	field	supported	
webauthn	dictionary	AuthenticationExtensionsLargeBlobOutputs	0	field	blob	
webauthn	dictionary	AuthenticationExtensionsLargeBlobOutputs	0	field	written	
webauthn	dictionary	AuthenticationExtensionsLargeBlobOutputsJSON	0	field	supported	
webauthn	dictionary	AuthenticationExtensionsLargeBlobOutputsJSON	0	field	blob	
webauthn	dictionary	AuthenticationExtensionsLargeBlobOutputsJSON	0	field	written	
webauthn	dictionary	AuthenticationExtensionsClientInputs	1	field	remoteClientDataJSON	
webauthn	dictionary	AuthenticationExtensionsClientInputsJSON	1	field	remoteClientDataJSON	
webauthn	dictionary	AuthenticationExtensionsClientOutputs	1	field	remoteClientDataJSON	
webauthn	dictionary	AuthenticationExtensionsClientOutputsJSON	1	field	remoteClientDataJSON	
webcodecs-aac-codec-registration	dictionary	AudioEncoderConfig	1	field	aac	
webcodecs-aac-codec-registration	dictionary	AacEncoderConfig	0	field	format	
webcodecs-aac-codec-registration	enum	AacBitstreamFormat	0			
webcodecs-av1-codec-registration	dictionary	VideoEncoderEncodeOptions	1	field	av1	
webcodecs-av1-codec-registration	dictionary	VideoEncoderEncodeOptionsForAv1	0	field	quantizer	
webcodecs-avc-codec-registration	dictionary	VideoEncoderConfig	1	field	avc	
webcodecs-avc-codec-registration	dictionary	AvcEncoderConfig	0	field	format	
webcodecs-avc-codec-registration	enum	AvcBitstreamFormat	0			
webcodecs-avc-codec-registration	dictionary	VideoEncoderEncodeOptions	1	field	avc	
webcodecs-avc-codec-registration	dictionary	VideoEncoderEncodeOptionsForAvc	0	field	quantizer	
webcodecs-flac-codec-registration	dictionary	AudioEncoderConfig	1	field	flac	
webcodecs-flac-codec-registration	dictionary	FlacEncoderConfig	0	field	blockSize	
webcodecs-flac-codec-registration	dictionary	FlacEncoderConfig	0	field	compressLevel	
webcodecs-hevc-codec-registration	dictionary	VideoEncoderConfig	1	field	hevc	
webcodecs-hevc-codec-registration	dictionary	HevcEncoderConfig	0	field	format	
webcodecs-hevc-codec-registration	enum	HevcBitstreamFormat	0			
webcodecs-hevc-codec-registration	dictionary	VideoEncoderEncodeOptions	1	field	hevc	
webcodecs-hevc-codec-registration	dictionary	VideoEncoderEncodeOptionsForHevc	0	field	quantizer	
webcodecs-opus-codec-registration	dictionary	AudioEncoderConfig	1	field	opus	
webcodecs-opus-codec-registration	dictionary	OpusEncoderConfig	0	field	format	
webcodecs-opus-codec-registration	dictionary	OpusEncoderConfig	0	field	signal	
webcodecs-opus-codec-registration	dictionary	OpusEncoderConfig	0	field	application	
webcodecs-opus-codec-registration	dictionary	OpusEncoderConfig	0	field	frameDuration	
webcodecs-opus-codec-registration	dictionary	OpusEncoderConfig	0	field	complexity	
webcodecs-opus-codec-registration	dictionary	OpusEncoderConfig	0	field	packetlossperc	
webcodecs-opus-codec-registration	dictionary	OpusEncoderConfig	0	field	useinbandfec	
webcodecs-opus-codec-registration	dictionary	OpusEncoderConfig	0	field	usedtx	
webcodecs-opus-codec-registration	enum	OpusBitstreamFormat	0			
webcodecs-opus-codec-registration	enum	OpusSignal	0			
webcodecs-opus-codec-registration	enum	OpusApplication	0			
webcodecs-vp9-codec-registration	dictionary	VideoEncoderEncodeOptions	1	field	vp9	
webcodecs-vp9-codec-registration	dictionary	VideoEncoderEncodeOptionsForVp9	0	field	quantizer	
webcodecs	interface	AudioDecoder	0	constructor	constructor	Window,DedicatedWorker
webcodecs	interface	AudioDecoder	0	attribute	state	Window,DedicatedWorker
webcodecs	interface	AudioDecoder	0	attribute	decodeQueueSize	Window,DedicatedWorker
webcodecs	interface	AudioDecoder	0	attribute	ondequeue	Window,DedicatedWorker
webcodecs	interface	AudioDecoder	0	operation	configure	Window,DedicatedWorker
webcodecs	interface	AudioDecoder	0	operation	decode	Window,DedicatedWorker
webcodecs	interface	AudioDecoder	0	operation	flush	Window,DedicatedWorker
webcodecs	interface	AudioDecoder	0	operation	reset	Window,DedicatedWorker
webcodecs	interface	AudioDecoder	0	operation	close	Window,DedicatedWorker
webcodecs	interface	AudioDecoder	0	operation	isConfigSupported	Window,DedicatedWorker
webcodecs	dictionary	AudioDecoderInit	0	field	output	
webcodecs	dictionary	AudioDecoderInit	0	field	error	
webcodecs	callback	AudioDataOutputCallback	0			
webcodecs	interface	VideoDecoder	0	constructor	constructor	Window,DedicatedWorker
webcodecs	interface	VideoDecoder	0	attribute	state	Window,DedicatedWorker
webcodecs	interface	VideoDecoder	0	attribute	decodeQueueSize	Window,DedicatedWorker
webcodecs	interface	VideoDecoder	0	attribute	ondequeue	Window,DedicatedWorker
webcodecs	interface	VideoDecoder	0	operation	configure	Window,DedicatedWorker
webcodecs	interface	VideoDecoder	0	operation	decode	Window,DedicatedWorker
webcodecs	interface	VideoDecoder	0	operation	flush	Window,DedicatedWorker
webcodecs	interface	VideoDecoder	0	operation	reset	Window,DedicatedWorker
webcodecs	interface	VideoDecoder	0	operation	close	Window,DedicatedWorker
webcodecs	interface	VideoDecoder	0	operation	isConfigSupported	Window,DedicatedWorker
webcodecs	dictionary	VideoDecoderInit	0	field	output	
webcodecs	dictionary	VideoDecoderInit	0	field	error	
webcodecs	callback	VideoFrameOutputCallback	0			
webcodecs	interface	AudioEncoder	0	constructor	constructor	Window,DedicatedWorker
webcodecs	interface	AudioEncoder	0	attribute	state	Window,DedicatedWorker
webcodecs	interface	AudioEncoder	0	attribute	encodeQueueSize	Window,DedicatedWorker
webcodecs	interface	AudioEncoder	0	attribute	ondequeue	Window,DedicatedWorker
webcodecs	interface	AudioEncoder	0	operation	configure	Window,DedicatedWorker
webcodecs	interface	AudioEncoder	0	operation	encode	Window,DedicatedWorker
webcodecs	interface	AudioEncoder	0	operation	flush	Window,DedicatedWorker
webcodecs	interface	AudioEncoder	0	operation	reset	Window,DedicatedWorker
webcodecs	interface	AudioEncoder	0	operation	close	Window,DedicatedWorker
webcodecs	interface	AudioEncoder	0	operation	isConfigSupported	Window,DedicatedWorker
webcodecs	dictionary	AudioEncoderInit	0	field	output	
webcodecs	dictionary	AudioEncoderInit	0	field	error	
webcodecs	callback	EncodedAudioChunkOutputCallback	0			
webcodecs	dictionary	EncodedAudioChunkMetadata	0	field	decoderConfig	
webcodecs	interface	VideoEncoder	0	constructor	constructor	Window,DedicatedWorker
webcodecs	interface	VideoEncoder	0	attribute	state	Window,DedicatedWorker
webcodecs	interface	VideoEncoder	0	attribute	encodeQueueSize	Window,DedicatedWorker
webcodecs	interface	VideoEncoder	0	attribute	ondequeue	Window,DedicatedWorker
webcodecs	interface	VideoEncoder	0	operation	configure	Window,DedicatedWorker
webcodecs	interface	VideoEncoder	0	operation	encode	Window,DedicatedWorker
webcodecs	interface	VideoEncoder	0	operation	flush	Window,DedicatedWorker
webcodecs	interface	VideoEncoder	0	operation	reset	Window,DedicatedWorker
webcodecs	interface	VideoEncoder	0	operation	close	Window,DedicatedWorker
webcodecs	interface	VideoEncoder	0	operation	isConfigSupported	Window,DedicatedWorker
webcodecs	dictionary	VideoEncoderInit	0	field	output	
webcodecs	dictionary	VideoEncoderInit	0	field	error	
webcodecs	callback	EncodedVideoChunkOutputCallback	0			
webcodecs	dictionary	EncodedVideoChunkMetadata	0	field	decoderConfig	
webcodecs	dictionary	EncodedVideoChunkMetadata	0	field	svc	
webcodecs	dictionary	EncodedVideoChunkMetadata	0	field	alphaSideData	
webcodecs	dictionary	SvcOutputMetadata	0	field	temporalLayerId	
webcodecs	dictionary	AudioDecoderSupport	0	field	supported	
webcodecs	dictionary	AudioDecoderSupport	0	field	config	
webcodecs	dictionary	VideoDecoderSupport	0	field	supported	
webcodecs	dictionary	VideoDecoderSupport	0	field	config	
webcodecs	dictionary	AudioEncoderSupport	0	field	supported	
webcodecs	dictionary	AudioEncoderSupport	0	field	config	
webcodecs	dictionary	VideoEncoderSupport	0	field	supported	
webcodecs	dictionary	VideoEncoderSupport	0	field	config	
webcodecs	dictionary	AudioDecoderConfig	0	field	codec	
webcodecs	dictionary	AudioDecoderConfig	0	field	sampleRate	
webcodecs	dictionary	AudioDecoderConfig	0	field	numberOfChannels	
webcodecs	dictionary	AudioDecoderConfig	0	field	description	
webcodecs	dictionary	VideoDecoderConfig	0	field	codec	
webcodecs	dictionary	VideoDecoderConfig	0	field	description	
webcodecs	dictionary	VideoDecoderConfig	0	field	codedWidth	
webcodecs	dictionary	VideoDecoderConfig	0	field	codedHeight	
webcodecs	dictionary	VideoDecoderConfig	0	field	displayAspectWidth	
webcodecs	dictionary	VideoDecoderConfig	0	field	displayAspectHeight	
webcodecs	dictionary	VideoDecoderConfig	0	field	colorSpace	
webcodecs	dictionary	VideoDecoderConfig	0	field	hardwareAcceleration	
webcodecs	dictionary	VideoDecoderConfig	0	field	optimizeForLatency	
webcodecs	dictionary	VideoDecoderConfig	0	field	rotation	
webcodecs	dictionary	VideoDecoderConfig	0	field	flip	
webcodecs	dictionary	AudioEncoderConfig	0	field	codec	
webcodecs	dictionary	AudioEncoderConfig	0	field	sampleRate	
webcodecs	dictionary	AudioEncoderConfig	0	field	numberOfChannels	
webcodecs	dictionary	AudioEncoderConfig	0	field	bitrate	
webcodecs	dictionary	AudioEncoderConfig	0	field	bitrateMode	
webcodecs	dictionary	VideoEncoderConfig	0	field	codec	
webcodecs	dictionary	VideoEncoderConfig	0	field	width	
webcodecs	dictionary	VideoEncoderConfig	0	field	height	
webcodecs	dictionary	VideoEncoderConfig	0	field	displayWidth	
webcodecs	dictionary	VideoEncoderConfig	0	field	displayHeight	
webcodecs	dictionary	VideoEncoderConfig	0	field	bitrate	
webcodecs	dictionary	VideoEncoderConfig	0	field	framerate	
webcodecs	dictionary	VideoEncoderConfig	0	field	hardwareAcceleration	
webcodecs	dictionary	VideoEncoderConfig	0	field	alpha	
webcodecs	dictionary	VideoEncoderConfig	0	field	scalabilityMode	
webcodecs	dictionary	VideoEncoderConfig	0	field	bitrateMode	
webcodecs	dictionary	VideoEncoderConfig	0	field	latencyMode	
webcodecs	dictionary	VideoEncoderConfig	0	field	contentHint	
webcodecs	enum	HardwareAcceleration	0			
webcodecs	enum	AlphaOption	0			
webcodecs	enum	LatencyMode	0			
webcodecs	dictionary	VideoEncoderEncodeOptions	0	field	keyFrame	
webcodecs	enum	VideoEncoderBitrateMode	0			
webcodecs	enum	CodecState	0			
webcodecs	callback	WebCodecsErrorCallback	0			
webcodecs	interface	EncodedAudioChunk	0	constructor	constructor	Window,DedicatedWorker
webcodecs	interface	EncodedAudioChunk	0	attribute	type	Window,DedicatedWorker
webcodecs	interface	EncodedAudioChunk	0	attribute	timestamp	Window,DedicatedWorker
webcodecs	interface	EncodedAudioChunk	0	attribute	duration	Window,DedicatedWorker
webcodecs	interface	EncodedAudioChunk	0	attribute	byteLength	Window,DedicatedWorker
webcodecs	interface	EncodedAudioChunk	0	operation	copyTo	Window,DedicatedWorker
webcodecs	dictionary	EncodedAudioChunkInit	0	field	type	
webcodecs	dictionary	EncodedAudioChunkInit	0	field	timestamp	
webcodecs	dictionary	EncodedAudioChunkInit	0	field	duration	
webcodecs	dictionary	EncodedAudioChunkInit	0	field	data	
webcodecs	dictionary	EncodedAudioChunkInit	0	field	transfer	
webcodecs	enum	EncodedAudioChunkType	0			
webcodecs	interface	EncodedVideoChunk	0	constructor	constructor	Window,DedicatedWorker
webcodecs	interface	EncodedVideoChunk	0	attribute	type	Window,DedicatedWorker
webcodecs	interface	EncodedVideoChunk	0	attribute	timestamp	Window,DedicatedWorker
webcodecs	interface	EncodedVideoChunk	0	attribute	duration	Window,DedicatedWorker
webcodecs	interface	EncodedVideoChunk	0	attribute	byteLength	Window,DedicatedWorker
webcodecs	interface	EncodedVideoChunk	0	operation	copyTo	Window,DedicatedWorker
webcodecs	dictionary	EncodedVideoChunkInit	0	field	type	
webcodecs	dictionary	EncodedVideoChunkInit	0	field	timestamp	
webcodecs	dictionary	EncodedVideoChunkInit	0	field	duration	
webcodecs	dictionary	EncodedVideoChunkInit	0	field	data	
webcodecs	dictionary	EncodedVideoChunkInit	0	field	transfer	
webcodecs	enum	EncodedVideoChunkType	0			
webcodecs	interface	AudioData	0	constructor	constructor	Window,DedicatedWorker
webcodecs	interface	AudioData	0	attribute	format	Window,DedicatedWorker
webcodecs	interface	AudioData	0	attribute	sampleRate	Window,DedicatedWorker
webcodecs	interface	AudioData	0	attribute	numberOfFrames	Window,DedicatedWorker
webcodecs	interface	AudioData	0	attribute	numberOfChannels	Window,DedicatedWorker
webcodecs	interface	AudioData	0	attribute	duration	Window,DedicatedWorker
webcodecs	interface	AudioData	0	attribute	timestamp	Window,DedicatedWorker
webcodecs	interface	AudioData	0	operation	allocationSize	Window,DedicatedWorker
webcodecs	interface	AudioData	0	operation	copyTo	Window,DedicatedWorker
webcodecs	interface	AudioData	0	operation	clone	Window,DedicatedWorker
webcodecs	interface	AudioData	0	operation	close	Window,DedicatedWorker
webcodecs	dictionary	AudioDataInit	0	field	format	
webcodecs	dictionary	AudioDataInit	0	field	sampleRate	
webcodecs	dictionary	AudioDataInit	0	field	numberOfFrames	
webcodecs	dictionary	AudioDataInit	0	field	numberOfChannels	
webcodecs	dictionary	AudioDataInit	0	field	timestamp	
webcodecs	dictionary	AudioDataInit	0	field	data	
webcodecs	dictionary	AudioDataInit	0	field	transfer	
webcodecs	dictionary	AudioDataCopyToOptions	0	field	planeIndex	
webcodecs	dictionary	AudioDataCopyToOptions	0	field	frameOffset	
webcodecs	dictionary	AudioDataCopyToOptions	0	field	frameCount	
webcodecs	dictionary	AudioDataCopyToOptions	0	field	format	
webcodecs	enum	AudioSampleFormat	0			
webcodecs	interface	VideoFrame	0	constructor	constructor	Window,DedicatedWorker
webcodecs	interface	VideoFrame	0	constructor	constructor	Window,DedicatedWorker
webcodecs	interface	VideoFrame	0	attribute	format	Window,DedicatedWorker
webcodecs	interface	VideoFrame	0	attribute	codedWidth	Window,DedicatedWorker
webcodecs	interface	VideoFrame	0	attribute	codedHeight	Window,DedicatedWorker
webcodecs	interface	VideoFrame	0	attribute	codedRect	Window,DedicatedWorker
webcodecs	interface	VideoFrame	0	attribute	visibleRect	Window,DedicatedWorker
webcodecs	interface	VideoFrame	0	attribute	rotation	Window,DedicatedWorker
webcodecs	interface	VideoFrame	0	attribute	flip	Window,DedicatedWorker
webcodecs	interface	VideoFrame	0	attribute	displayWidth	Window,DedicatedWorker
webcodecs	interface	VideoFrame	0	attribute	displayHeight	Window,DedicatedWorker
webcodecs	interface	VideoFrame	0	attribute	duration	Window,DedicatedWorker
webcodecs	interface	VideoFrame	0	attribute	timestamp	Window,DedicatedWorker
webcodecs	interface	VideoFrame	0	attribute	colorSpace	Window,DedicatedWorker
webcodecs	interface	VideoFrame	0	operation	metadata	Window,DedicatedWorker
webcodecs	interface	VideoFrame	0	operation	allocationSize	Window,DedicatedWorker
webcodecs	interface	VideoFrame	0	operation	copyTo	Window,DedicatedWorker
webcodecs	interface	VideoFrame	0	operation	clone	Window,DedicatedWorker
webcodecs	interface	VideoFrame	0	operation	close	Window,DedicatedWorker
webcodecs	dictionary	VideoFrameInit	0	field	duration	
webcodecs	dictionary	VideoFrameInit	0	field	timestamp	
webcodecs	dictionary	VideoFrameInit	0	field	alpha	
webcodecs	dictionary	VideoFrameInit	0	field	visibleRect	
webcodecs	dictionary	VideoFrameInit	0	field	rotation	
webcodecs	dictionary	VideoFrameInit	0	field	flip	
webcodecs	dictionary	VideoFrameInit	0	field	displayWidth	
webcodecs	dictionary	VideoFrameInit	0	field	displayHeight	
webcodecs	dictionary	VideoFrameInit	0	field	metadata	
webcodecs	dictionary	VideoFrameBufferInit	0	field	format	
webcodecs	dictionary	VideoFrameBufferInit	0	field	codedWidth	
webcodecs	dictionary	VideoFrameBufferInit	0	field	codedHeight	
webcodecs	dictionary	VideoFrameBufferInit	0	field	timestamp	
webcodecs	dictionary	VideoFrameBufferInit	0	field	duration	
webcodecs	dictionary	VideoFrameBufferInit	0	field	layout	
webcodecs	dictionary	VideoFrameBufferInit	0	field	visibleRect	
webcodecs	dictionary	VideoFrameBufferInit	0	field	rotation	
webcodecs	dictionary	VideoFrameBufferInit	0	field	flip	
webcodecs	dictionary	VideoFrameBufferInit	0	field	displayWidth	
webcodecs	dictionary	VideoFrameBufferInit	0	field	displayHeight	
webcodecs	dictionary	VideoFrameBufferInit	0	field	colorSpace	
webcodecs	dictionary	VideoFrameBufferInit	0	field	transfer	
webcodecs	dictionary	VideoFrameBufferInit	0	field	metadata	
webcodecs	dictionary	VideoFrameMetadata	0			
webcodecs	dictionary	VideoFrameCopyToOptions	0	field	rect	
webcodecs	dictionary	VideoFrameCopyToOptions	0	field	layout	
webcodecs	dictionary	VideoFrameCopyToOptions	0	field	format	
webcodecs	dictionary	VideoFrameCopyToOptions	0	field	colorSpace	
webcodecs	dictionary	PlaneLayout	0	field	offset	
webcodecs	dictionary	PlaneLayout	0	field	stride	
webcodecs	enum	VideoPixelFormat	0			
webcodecs	interface	VideoColorSpace	0	constructor	constructor	Window,DedicatedWorker
webcodecs	interface	VideoColorSpace	0	attribute	primaries	Window,DedicatedWorker
webcodecs	interface	VideoColorSpace	0	attribute	transfer	Window,DedicatedWorker
webcodecs	interface	VideoColorSpace	0	attribute	matrix	Window,DedicatedWorker
webcodecs	interface	VideoColorSpace	0	attribute	fullRange	Window,DedicatedWorker
webcodecs	interface	VideoColorSpace	0	operation	toJSON	Window,DedicatedWorker
webcodecs	dictionary	VideoColorSpaceInit	0	field	primaries	
webcodecs	dictionary	VideoColorSpaceInit	0	field	transfer	
webcodecs	dictionary	VideoColorSpaceInit	0	field	matrix	
webcodecs	dictionary	VideoColorSpaceInit	0	field	fullRange	
webcodecs	enum	VideoColorPrimaries	0			
webcodecs	enum	VideoTransferCharacteristics	0			
webcodecs	enum	VideoMatrixCoefficients	0			
webcodecs	interface	ImageDecoder	0	constructor	constructor	Window,DedicatedWorker
webcodecs	interface	ImageDecoder	0	attribute	type	Window,DedicatedWorker
webcodecs	interface	ImageDecoder	0	attribute	complete	Window,DedicatedWorker
webcodecs	interface	ImageDecoder	0	attribute	completed	Window,DedicatedWorker
webcodecs	interface	ImageDecoder	0	attribute	tracks	Window,DedicatedWorker
webcodecs	interface	ImageDecoder	0	operation	decode	Window,DedicatedWorker
webcodecs	interface	ImageDecoder	0	operation	reset	Window,DedicatedWorker
webcodecs	interface	ImageDecoder	0	operation	close	Window,DedicatedWorker
webcodecs	interface	ImageDecoder	0	operation	isTypeSupported	Window,DedicatedWorker
webcodecs	typedef	ImageBufferSource	0			
webcodecs	dictionary	ImageDecoderInit	0	field	type	
webcodecs	dictionary	ImageDecoderInit	0	field	data	
webcodecs	dictionary	ImageDecoderInit	0	field	colorSpaceConversion	
webcodecs	dictionary	ImageDecoderInit	0	field	desiredWidth	
webcodecs	dictionary	ImageDecoderInit	0	field	desiredHeight	
webcodecs	dictionary	ImageDecoderInit	0	field	preferAnimation	
webcodecs	dictionary	ImageDecoderInit	0	field	transfer	
webcodecs	dictionary	ImageDecodeOptions	0	field	frameIndex	
webcodecs	dictionary	ImageDecodeOptions	0	field	completeFramesOnly	
webcodecs	dictionary	ImageDecodeResult	0	field	image	
webcodecs	dictionary	ImageDecodeResult	0	field	complete	
webcodecs	interface	ImageTrackList	0	operation	@匿名	Window,DedicatedWorker
webcodecs	interface	ImageTrackList	0	attribute	ready	Window,DedicatedWorker
webcodecs	interface	ImageTrackList	0	attribute	length	Window,DedicatedWorker
webcodecs	interface	ImageTrackList	0	attribute	selectedIndex	Window,DedicatedWorker
webcodecs	interface	ImageTrackList	0	attribute	selectedTrack	Window,DedicatedWorker
webcodecs	interface	ImageTrack	0	attribute	animated	Window,DedicatedWorker
webcodecs	interface	ImageTrack	0	attribute	frameCount	Window,DedicatedWorker
webcodecs	interface	ImageTrack	0	attribute	repetitionCount	Window,DedicatedWorker
webcodecs	interface	ImageTrack	0	attribute	selected	Window,DedicatedWorker
webcrypto-modern-algos	interface	SubtleCrypto	1	operation	encapsulateKey	Window,Worker
webcrypto-modern-algos	interface	SubtleCrypto	1	operation	encapsulateBits	Window,Worker
webcrypto-modern-algos	interface	SubtleCrypto	1	operation	decapsulateKey	Window,Worker
webcrypto-modern-algos	interface	SubtleCrypto	1	operation	decapsulateBits	Window,Worker
webcrypto-modern-algos	interface	SubtleCrypto	1	operation	getPublicKey	Window,Worker
webcrypto-modern-algos	interface	SubtleCrypto	1	operation	supports	Window,Worker
webcrypto-modern-algos	interface	SubtleCrypto	1	operation	supports	Window,Worker
webcrypto-modern-algos	enum	KeyFormat	0			
webcrypto-modern-algos	enum	KeyUsage	0			
webcrypto-modern-algos	dictionary	EncapsulatedKey	0	field	sharedKey	
webcrypto-modern-algos	dictionary	EncapsulatedKey	0	field	ciphertext	
webcrypto-modern-algos	dictionary	EncapsulatedBits	0	field	sharedKey	
webcrypto-modern-algos	dictionary	EncapsulatedBits	0	field	ciphertext	
webcrypto-modern-algos	dictionary	JsonWebKey	1	field	pub	
webcrypto-modern-algos	dictionary	JsonWebKey	1	field	priv	
webcrypto-modern-algos	dictionary	ContextParams	0	field	context	
webcrypto-modern-algos	dictionary	AeadParams	0	field	iv	
webcrypto-modern-algos	dictionary	AeadParams	0	field	additionalData	
webcrypto-modern-algos	dictionary	AeadParams	0	field	tagLength	
webcrypto-modern-algos	dictionary	CShakeParams	0	field	outputLength	
webcrypto-modern-algos	dictionary	CShakeParams	0	field	functionName	
webcrypto-modern-algos	dictionary	CShakeParams	0	field	customization	
webcrypto-modern-algos	dictionary	TurboShakeParams	0	field	outputLength	
webcrypto-modern-algos	dictionary	TurboShakeParams	0	field	domainSeparation	
webcrypto-modern-algos	dictionary	KangarooTwelveParams	0	field	outputLength	
webcrypto-modern-algos	dictionary	KangarooTwelveParams	0	field	customization	
webcrypto-modern-algos	dictionary	KmacKeyGenParams	0	field	length	
webcrypto-modern-algos	dictionary	KmacImportParams	0	field	length	
webcrypto-modern-algos	dictionary	KmacKeyAlgorithm	0	field	length	
webcrypto-modern-algos	dictionary	KmacParams	0	field	outputLength	
webcrypto-modern-algos	dictionary	KmacParams	0	field	customization	
webcrypto-modern-algos	dictionary	Argon2Params	0	field	nonce	
webcrypto-modern-algos	dictionary	Argon2Params	0	field	parallelism	
webcrypto-modern-algos	dictionary	Argon2Params	0	field	memory	
webcrypto-modern-algos	dictionary	Argon2Params	0	field	passes	
webcrypto-modern-algos	dictionary	Argon2Params	0	field	version	
webcrypto-modern-algos	dictionary	Argon2Params	0	field	secretValue	
webcrypto-modern-algos	dictionary	Argon2Params	0	field	associatedData	
webcrypto-secure-curves	dictionary	Ed448Params	0	field	context	
webcrypto	interface mixin	WindowOrWorkerGlobalScope	1	attribute	crypto	
webcrypto	interface	Crypto	0	attribute	subtle	Window,Worker
webcrypto	interface	Crypto	0	operation	getRandomValues	Window,Worker
webcrypto	interface	Crypto	0	operation	randomUUID	Window,Worker
webcrypto	typedef	AlgorithmIdentifier	0			
webcrypto	typedef	HashAlgorithmIdentifier	0			
webcrypto	dictionary	Algorithm	0	field	name	
webcrypto	dictionary	KeyAlgorithm	0	field	name	
webcrypto	enum	KeyType	0			
webcrypto	interface	CryptoKey	0	attribute	type	Window,Worker
webcrypto	interface	CryptoKey	0	attribute	extractable	Window,Worker
webcrypto	interface	CryptoKey	0	attribute	algorithm	Window,Worker
webcrypto	interface	CryptoKey	0	attribute	usages	Window,Worker
webcrypto	interface	SubtleCrypto	0	operation	encrypt	Window,Worker
webcrypto	interface	SubtleCrypto	0	operation	decrypt	Window,Worker
webcrypto	interface	SubtleCrypto	0	operation	sign	Window,Worker
webcrypto	interface	SubtleCrypto	0	operation	verify	Window,Worker
webcrypto	interface	SubtleCrypto	0	operation	digest	Window,Worker
webcrypto	interface	SubtleCrypto	0	operation	generateKey	Window,Worker
webcrypto	interface	SubtleCrypto	0	operation	deriveKey	Window,Worker
webcrypto	interface	SubtleCrypto	0	operation	deriveBits	Window,Worker
webcrypto	interface	SubtleCrypto	0	operation	importKey	Window,Worker
webcrypto	interface	SubtleCrypto	0	operation	exportKey	Window,Worker
webcrypto	interface	SubtleCrypto	0	operation	wrapKey	Window,Worker
webcrypto	interface	SubtleCrypto	0	operation	unwrapKey	Window,Worker
webcrypto	dictionary	RsaOtherPrimesInfo	0	field	r	
webcrypto	dictionary	RsaOtherPrimesInfo	0	field	d	
webcrypto	dictionary	RsaOtherPrimesInfo	0	field	t	
webcrypto	dictionary	JsonWebKey	0	field	kty	
webcrypto	dictionary	JsonWebKey	0	field	use	
webcrypto	dictionary	JsonWebKey	0	field	key_ops	
webcrypto	dictionary	JsonWebKey	0	field	alg	
webcrypto	dictionary	JsonWebKey	0	field	ext	
webcrypto	dictionary	JsonWebKey	0	field	crv	
webcrypto	dictionary	JsonWebKey	0	field	x	
webcrypto	dictionary	JsonWebKey	0	field	y	
webcrypto	dictionary	JsonWebKey	0	field	d	
webcrypto	dictionary	JsonWebKey	0	field	n	
webcrypto	dictionary	JsonWebKey	0	field	e	
webcrypto	dictionary	JsonWebKey	0	field	p	
webcrypto	dictionary	JsonWebKey	0	field	q	
webcrypto	dictionary	JsonWebKey	0	field	dp	
webcrypto	dictionary	JsonWebKey	0	field	dq	
webcrypto	dictionary	JsonWebKey	0	field	qi	
webcrypto	dictionary	JsonWebKey	0	field	oth	
webcrypto	dictionary	JsonWebKey	0	field	k	
webcrypto	typedef	BigInteger	0			
webcrypto	dictionary	CryptoKeyPair	0	field	publicKey	
webcrypto	dictionary	CryptoKeyPair	0	field	privateKey	
webcrypto	dictionary	RsaKeyGenParams	0	field	modulusLength	
webcrypto	dictionary	RsaKeyGenParams	0	field	publicExponent	
webcrypto	dictionary	RsaHashedKeyGenParams	0	field	hash	
webcrypto	dictionary	RsaKeyAlgorithm	0	field	modulusLength	
webcrypto	dictionary	RsaKeyAlgorithm	0	field	publicExponent	
webcrypto	dictionary	RsaHashedKeyAlgorithm	0	field	hash	
webcrypto	dictionary	RsaHashedImportParams	0	field	hash	
webcrypto	dictionary	RsaPssParams	0	field	saltLength	
webcrypto	dictionary	RsaOaepParams	0	field	label	
webcrypto	dictionary	EcdsaParams	0	field	hash	
webcrypto	typedef	NamedCurve	0			
webcrypto	dictionary	EcKeyGenParams	0	field	namedCurve	
webcrypto	dictionary	EcKeyAlgorithm	0	field	namedCurve	
webcrypto	dictionary	EcKeyImportParams	0	field	namedCurve	
webcrypto	dictionary	EcdhKeyDeriveParams	0	field	public	
webcrypto	dictionary	AesCtrParams	0	field	counter	
webcrypto	dictionary	AesCtrParams	0	field	length	
webcrypto	dictionary	AesKeyAlgorithm	0	field	length	
webcrypto	dictionary	AesKeyGenParams	0	field	length	
webcrypto	dictionary	AesDerivedKeyParams	0	field	length	
webcrypto	dictionary	AesCbcParams	0	field	iv	
webcrypto	dictionary	AesGcmParams	0	field	iv	
webcrypto	dictionary	AesGcmParams	0	field	additionalData	
webcrypto	dictionary	AesGcmParams	0	field	tagLength	
webcrypto	dictionary	HmacImportParams	0	field	hash	
webcrypto	dictionary	HmacImportParams	0	field	length	
webcrypto	dictionary	HmacKeyAlgorithm	0	field	hash	
webcrypto	dictionary	HmacKeyAlgorithm	0	field	length	
webcrypto	dictionary	HmacKeyGenParams	0	field	hash	
webcrypto	dictionary	HmacKeyGenParams	0	field	length	
webcrypto	dictionary	HkdfParams	0	field	hash	
webcrypto	dictionary	HkdfParams	0	field	salt	
webcrypto	dictionary	HkdfParams	0	field	info	
webcrypto	dictionary	Pbkdf2Params	0	field	salt	
webcrypto	dictionary	Pbkdf2Params	0	field	iterations	
webcrypto	dictionary	Pbkdf2Params	0	field	hash	
webdriver	interface mixin	NavigatorAutomationInformation	0	attribute	webdriver	
webdriver	includes	Navigator	0		NavigatorAutomationInformation	
webextensions	enum	RunAt	0			
webextensions	enum	ExecutionWorld	0			
webgl1	typedef	GLenum	0			
webgl1	typedef	GLboolean	0			
webgl1	typedef	GLbitfield	0			
webgl1	typedef	GLbyte	0			
webgl1	typedef	GLshort	0			
webgl1	typedef	GLint	0			
webgl1	typedef	GLsizei	0			
webgl1	typedef	GLintptr	0			
webgl1	typedef	GLsizeiptr	0			
webgl1	typedef	GLubyte	0			
webgl1	typedef	GLushort	0			
webgl1	typedef	GLuint	0			
webgl1	typedef	GLfloat	0			
webgl1	typedef	GLclampf	0			
webgl1	enum	WebGLPowerPreference	0			
webgl1	dictionary	WebGLContextAttributes	0	field	alpha	
webgl1	dictionary	WebGLContextAttributes	0	field	depth	
webgl1	dictionary	WebGLContextAttributes	0	field	stencil	
webgl1	dictionary	WebGLContextAttributes	0	field	antialias	
webgl1	dictionary	WebGLContextAttributes	0	field	premultipliedAlpha	
webgl1	dictionary	WebGLContextAttributes	0	field	preserveDrawingBuffer	
webgl1	dictionary	WebGLContextAttributes	0	field	powerPreference	
webgl1	dictionary	WebGLContextAttributes	0	field	failIfMajorPerformanceCaveat	
webgl1	dictionary	WebGLContextAttributes	0	field	desynchronized	
webgl1	interface	WebGLObject	0	attribute	label	Window,Worker
webgl1	interface	WebGLBuffer	0			Window,Worker
webgl1	interface	WebGLFramebuffer	0			Window,Worker
webgl1	interface	WebGLProgram	0			Window,Worker
webgl1	interface	WebGLRenderbuffer	0			Window,Worker
webgl1	interface	WebGLShader	0			Window,Worker
webgl1	interface	WebGLTexture	0			Window,Worker
webgl1	interface	WebGLUniformLocation	0			Window,Worker
webgl1	interface	WebGLActiveInfo	0	attribute	size	Window,Worker
webgl1	interface	WebGLActiveInfo	0	attribute	type	Window,Worker
webgl1	interface	WebGLActiveInfo	0	attribute	name	Window,Worker
webgl1	interface	WebGLShaderPrecisionFormat	0	attribute	rangeMin	Window,Worker
webgl1	interface	WebGLShaderPrecisionFormat	0	attribute	rangeMax	Window,Worker
webgl1	interface	WebGLShaderPrecisionFormat	0	attribute	precision	Window,Worker
webgl1	typedef	TexImageSource	0			
webgl1	typedef	Float32List	0			
webgl1	typedef	Int32List	0			
webgl1	interface mixin	WebGLRenderingContextBase	0	const	DEPTH_BUFFER_BIT	
webgl1	interface mixin	WebGLRenderingContextBase	0	const	STENCIL_BUFFER_BIT	
webgl1	interface mixin	WebGLRenderingContextBase	0	const	COLOR_BUFFER_BIT	
webgl1	interface mixin	WebGLRenderingContextBase	0	const	POINTS	
webgl1	interface mixin	WebGLRenderingContextBase	0	const	LINES	
webgl1	interface mixin	WebGLRenderingContextBase	0	const	LINE_LOOP	
webgl1	interface mixin	WebGLRenderingContextBase	0	const	LINE_STRIP	
webgl1	interface mixin	WebGLRenderingContextBase	0	const	TRIANGLES	
webgl1	interface mixin	WebGLRenderingContextBase	0	const	TRIANGLE_STRIP	
webgl1	interface mixin	WebGLRenderingContextBase	0	const	TRIANGLE_FAN	
webgl1	interface mixin	WebGLRenderingContextBase	0	const	ZERO	
webgl1	interface mixin	WebGLRenderingContextBase	0	const	ONE	
webgl1	interface mixin	WebGLRenderingContextBase	0	const	SRC_COLOR	
webgl1	interface mixin	WebGLRenderingContextBase	0	const	ONE_MINUS_SRC_COLOR	
webgl1	interface mixin	WebGLRenderingContextBase	0	const	SRC_ALPHA	
webgl1	interface mixin	WebGLRenderingContextBase	0	const	ONE_MINUS_SRC_ALPHA	
webgl1	interface mixin	WebGLRenderingContextBase	0	const	DST_ALPHA	
webgl1	interface mixin	WebGLRenderingContextBase	0	const	ONE_MINUS_DST_ALPHA	
webgl1	interface mixin	WebGLRenderingContextBase	0	const	DST_COLOR	
webgl1	interface mixin	WebGLRenderingContextBase	0	const	ONE_MINUS_DST_COLOR	
webgl1	interface mixin	WebGLRenderingContextBase	0	const	SRC_ALPHA_SATURATE	
webgl1	interface mixin	WebGLRenderingContextBase	0	const	FUNC_ADD	
webgl1	interface mixin	WebGLRenderingContextBase	0	const	BLEND_EQUATION	
webgl1	interface mixin	WebGLRenderingContextBase	0	const	BLEND_EQUATION_RGB	
webgl1	interface mixin	WebGLRenderingContextBase	0	const	BLEND_EQUATION_ALPHA	
webgl1	interface mixin	WebGLRenderingContextBase	0	const	FUNC_SUBTRACT	
webgl1	interface mixin	WebGLRenderingContextBase	0	const	FUNC_REVERSE_SUBTRACT	
webgl1	interface mixin	WebGLRenderingContextBase	0	const	BLEND_DST_RGB	
webgl1	interface mixin	WebGLRenderingContextBase	0	const	BLEND_SRC_RGB	
webgl1	interface mixin	WebGLRenderingContextBase	0	const	BLEND_DST_ALPHA	
webgl1	interface mixin	WebGLRenderingContextBase	0	const	BLEND_SRC_ALPHA	
webgl1	interface mixin	WebGLRenderingContextBase	0	const	CONSTANT_COLOR	
webgl1	interface mixin	WebGLRenderingContextBase	0	const	ONE_MINUS_CONSTANT_COLOR	
webgl1	interface mixin	WebGLRenderingContextBase	0	const	CONSTANT_ALPHA	
webgl1	interface mixin	WebGLRenderingContextBase	0	const	ONE_MINUS_CONSTANT_ALPHA	
webgl1	interface mixin	WebGLRenderingContextBase	0	const	BLEND_COLOR	
webgl1	interface mixin	WebGLRenderingContextBase	0	const	ARRAY_BUFFER	
webgl1	interface mixin	WebGLRenderingContextBase	0	const	ELEMENT_ARRAY_BUFFER	
webgl1	interface mixin	WebGLRenderingContextBase	0	const	ARRAY_BUFFER_BINDING	
webgl1	interface mixin	WebGLRenderingContextBase	0	const	ELEMENT_ARRAY_BUFFER_BINDING	
webgl1	interface mixin	WebGLRenderingContextBase	0	const	STREAM_DRAW	
webgl1	interface mixin	WebGLRenderingContextBase	0	const	STATIC_DRAW	
webgl1	interface mixin	WebGLRenderingContextBase	0	const	DYNAMIC_DRAW	
webgl1	interface mixin	WebGLRenderingContextBase	0	const	BUFFER_SIZE	
webgl1	interface mixin	WebGLRenderingContextBase	0	const	BUFFER_USAGE	
webgl1	interface mixin	WebGLRenderingContextBase	0	const	CURRENT_VERTEX_ATTRIB	
webgl1	interface mixin	WebGLRenderingContextBase	0	const	FRONT	
webgl1	interface mixin	WebGLRenderingContextBase	0	const	BACK	
webgl1	interface mixin	WebGLRenderingContextBase	0	const	FRONT_AND_BACK	
webgl1	interface mixin	WebGLRenderingContextBase	0	const	CULL_FACE	
webgl1	interface mixin	WebGLRenderingContextBase	0	const	BLEND	
webgl1	interface mixin	WebGLRenderingContextBase	0	const	DITHER	
webgl1	interface mixin	WebGLRenderingContextBase	0	const	STENCIL_TEST	
webgl1	interface mixin	WebGLRenderingContextBase	0	const	DEPTH_TEST	
webgl1	interface mixin	WebGLRenderingContextBase	0	const	SCISSOR_TEST	
webgl1	interface mixin	WebGLRenderingContextBase	0	const	POLYGON_OFFSET_FILL	
webgl1	interface mixin	WebGLRenderingContextBase	0	const	SAMPLE_ALPHA_TO_COVERAGE	
webgl1	interface mixin	WebGLRenderingContextBase	0	const	SAMPLE_COVERAGE	
webgl1	interface mixin	WebGLRenderingContextBase	0	const	NO_ERROR	
webgl1	interface mixin	WebGLRenderingContextBase	0	const	INVALID_ENUM	
webgl1	interface mixin	WebGLRenderingContextBase	0	const	INVALID_VALUE	
webgl1	interface mixin	WebGLRenderingContextBase	0	const	INVALID_OPERATION	
webgl1	interface mixin	WebGLRenderingContextBase	0	const	OUT_OF_MEMORY	
webgl1	interface mixin	WebGLRenderingContextBase	0	const	CW	
webgl1	interface mixin	WebGLRenderingContextBase	0	const	CCW	
webgl1	interface mixin	WebGLRenderingContextBase	0	const	LINE_WIDTH	
webgl1	interface mixin	WebGLRenderingContextBase	0	const	ALIASED_POINT_SIZE_RANGE	
webgl1	interface mixin	WebGLRenderingContextBase	0	const	ALIASED_LINE_WIDTH_RANGE	
webgl1	interface mixin	WebGLRenderingContextBase	0	const	CULL_FACE_MODE	
webgl1	interface mixin	WebGLRenderingContextBase	0	const	FRONT_FACE	
webgl1	interface mixin	WebGLRenderingContextBase	0	const	DEPTH_RANGE	
webgl1	interface mixin	WebGLRenderingContextBase	0	const	DEPTH_WRITEMASK	
webgl1	interface mixin	WebGLRenderingContextBase	0	const	DEPTH_CLEAR_VALUE	
webgl1	interface mixin	WebGLRenderingContextBase	0	const	DEPTH_FUNC	
webgl1	interface mixin	WebGLRenderingContextBase	0	const	STENCIL_CLEAR_VALUE	
webgl1	interface mixin	WebGLRenderingContextBase	0	const	STENCIL_FUNC	
webgl1	interface mixin	WebGLRenderingContextBase	0	const	STENCIL_FAIL	
webgl1	interface mixin	WebGLRenderingContextBase	0	const	STENCIL_PASS_DEPTH_FAIL	
webgl1	interface mixin	WebGLRenderingContextBase	0	const	STENCIL_PASS_DEPTH_PASS	
webgl1	interface mixin	WebGLRenderingContextBase	0	const	STENCIL_REF	
webgl1	interface mixin	WebGLRenderingContextBase	0	const	STENCIL_VALUE_MASK	
webgl1	interface mixin	WebGLRenderingContextBase	0	const	STENCIL_WRITEMASK	
webgl1	interface mixin	WebGLRenderingContextBase	0	const	STENCIL_BACK_FUNC	
webgl1	interface mixin	WebGLRenderingContextBase	0	const	STENCIL_BACK_FAIL	
webgl1	interface mixin	WebGLRenderingContextBase	0	const	STENCIL_BACK_PASS_DEPTH_FAIL	
webgl1	interface mixin	WebGLRenderingContextBase	0	const	STENCIL_BACK_PASS_DEPTH_PASS	
webgl1	interface mixin	WebGLRenderingContextBase	0	const	STENCIL_BACK_REF	
webgl1	interface mixin	WebGLRenderingContextBase	0	const	STENCIL_BACK_VALUE_MASK	
webgl1	interface mixin	WebGLRenderingContextBase	0	const	STENCIL_BACK_WRITEMASK	
webgl1	interface mixin	WebGLRenderingContextBase	0	const	VIEWPORT	
webgl1	interface mixin	WebGLRenderingContextBase	0	const	SCISSOR_BOX	
webgl1	interface mixin	WebGLRenderingContextBase	0	const	COLOR_CLEAR_VALUE	
webgl1	interface mixin	WebGLRenderingContextBase	0	const	COLOR_WRITEMASK	
webgl1	interface mixin	WebGLRenderingContextBase	0	const	UNPACK_ALIGNMENT	
webgl1	interface mixin	WebGLRenderingContextBase	0	const	PACK_ALIGNMENT	
webgl1	interface mixin	WebGLRenderingContextBase	0	const	MAX_TEXTURE_SIZE	
webgl1	interface mixin	WebGLRenderingContextBase	0	const	MAX_VIEWPORT_DIMS	
webgl1	interface mixin	WebGLRenderingContextBase	0	const	SUBPIXEL_BITS	
webgl1	interface mixin	WebGLRenderingContextBase	0	const	RED_BITS	
webgl1	interface mixin	WebGLRenderingContextBase	0	const	GREEN_BITS	
webgl1	interface mixin	WebGLRenderingContextBase	0	const	BLUE_BITS	
webgl1	interface mixin	WebGLRenderingContextBase	0	const	ALPHA_BITS	
webgl1	interface mixin	WebGLRenderingContextBase	0	const	DEPTH_BITS	
webgl1	interface mixin	WebGLRenderingContextBase	0	const	STENCIL_BITS	
webgl1	interface mixin	WebGLRenderingContextBase	0	const	POLYGON_OFFSET_UNITS	
webgl1	interface mixin	WebGLRenderingContextBase	0	const	POLYGON_OFFSET_FACTOR	
webgl1	interface mixin	WebGLRenderingContextBase	0	const	TEXTURE_BINDING_2D	
webgl1	interface mixin	WebGLRenderingContextBase	0	const	SAMPLE_BUFFERS	
webgl1	interface mixin	WebGLRenderingContextBase	0	const	SAMPLES	
webgl1	interface mixin	WebGLRenderingContextBase	0	const	SAMPLE_COVERAGE_VALUE	
webgl1	interface mixin	WebGLRenderingContextBase	0	const	SAMPLE_COVERAGE_INVERT	
webgl1	interface mixin	WebGLRenderingContextBase	0	const	COMPRESSED_TEXTURE_FORMATS	
webgl1	interface mixin	WebGLRenderingContextBase	0	const	DONT_CARE	
webgl1	interface mixin	WebGLRenderingContextBase	0	const	FASTEST	
webgl1	interface mixin	WebGLRenderingContextBase	0	const	NICEST	
webgl1	interface mixin	WebGLRenderingContextBase	0	const	GENERATE_MIPMAP_HINT	
webgl1	interface mixin	WebGLRenderingContextBase	0	const	BYTE	
webgl1	interface mixin	WebGLRenderingContextBase	0	const	UNSIGNED_BYTE	
webgl1	interface mixin	WebGLRenderingContextBase	0	const	SHORT	
webgl1	interface mixin	WebGLRenderingContextBase	0	const	UNSIGNED_SHORT	
webgl1	interface mixin	WebGLRenderingContextBase	0	const	INT	
webgl1	interface mixin	WebGLRenderingContextBase	0	const	UNSIGNED_INT	
webgl1	interface mixin	WebGLRenderingContextBase	0	const	FLOAT	
webgl1	interface mixin	WebGLRenderingContextBase	0	const	DEPTH_COMPONENT	
webgl1	interface mixin	WebGLRenderingContextBase	0	const	ALPHA	
webgl1	interface mixin	WebGLRenderingContextBase	0	const	RGB	
webgl1	interface mixin	WebGLRenderingContextBase	0	const	RGBA	
webgl1	interface mixin	WebGLRenderingContextBase	0	const	LUMINANCE	
webgl1	interface mixin	WebGLRenderingContextBase	0	const	LUMINANCE_ALPHA	
webgl1	interface mixin	WebGLRenderingContextBase	0	const	UNSIGNED_SHORT_4_4_4_4	
webgl1	interface mixin	WebGLRenderingContextBase	0	const	UNSIGNED_SHORT_5_5_5_1	
webgl1	interface mixin	WebGLRenderingContextBase	0	const	UNSIGNED_SHORT_5_6_5	
webgl1	interface mixin	WebGLRenderingContextBase	0	const	FRAGMENT_SHADER	
webgl1	interface mixin	WebGLRenderingContextBase	0	const	VERTEX_SHADER	
webgl1	interface mixin	WebGLRenderingContextBase	0	const	MAX_VERTEX_ATTRIBS	
webgl1	interface mixin	WebGLRenderingContextBase	0	const	MAX_VERTEX_UNIFORM_VECTORS	
webgl1	interface mixin	WebGLRenderingContextBase	0	const	MAX_VARYING_VECTORS	
webgl1	interface mixin	WebGLRenderingContextBase	0	const	MAX_COMBINED_TEXTURE_IMAGE_UNITS	
webgl1	interface mixin	WebGLRenderingContextBase	0	const	MAX_VERTEX_TEXTURE_IMAGE_UNITS	
webgl1	interface mixin	WebGLRenderingContextBase	0	const	MAX_TEXTURE_IMAGE_UNITS	
webgl1	interface mixin	WebGLRenderingContextBase	0	const	MAX_FRAGMENT_UNIFORM_VECTORS	
webgl1	interface mixin	WebGLRenderingContextBase	0	const	SHADER_TYPE	
webgl1	interface mixin	WebGLRenderingContextBase	0	const	DELETE_STATUS	
webgl1	interface mixin	WebGLRenderingContextBase	0	const	LINK_STATUS	
webgl1	interface mixin	WebGLRenderingContextBase	0	const	VALIDATE_STATUS	
webgl1	interface mixin	WebGLRenderingContextBase	0	const	ATTACHED_SHADERS	
webgl1	interface mixin	WebGLRenderingContextBase	0	const	ACTIVE_UNIFORMS	
webgl1	interface mixin	WebGLRenderingContextBase	0	const	ACTIVE_ATTRIBUTES	
webgl1	interface mixin	WebGLRenderingContextBase	0	const	SHADING_LANGUAGE_VERSION	
webgl1	interface mixin	WebGLRenderingContextBase	0	const	CURRENT_PROGRAM	
webgl1	interface mixin	WebGLRenderingContextBase	0	const	NEVER	
webgl1	interface mixin	WebGLRenderingContextBase	0	const	LESS	
webgl1	interface mixin	WebGLRenderingContextBase	0	const	EQUAL	
webgl1	interface mixin	WebGLRenderingContextBase	0	const	LEQUAL	
webgl1	interface mixin	WebGLRenderingContextBase	0	const	GREATER	
webgl1	interface mixin	WebGLRenderingContextBase	0	const	NOTEQUAL	
webgl1	interface mixin	WebGLRenderingContextBase	0	const	GEQUAL	
webgl1	interface mixin	WebGLRenderingContextBase	0	const	ALWAYS	
webgl1	interface mixin	WebGLRenderingContextBase	0	const	KEEP	
webgl1	interface mixin	WebGLRenderingContextBase	0	const	REPLACE	
webgl1	interface mixin	WebGLRenderingContextBase	0	const	INCR	
webgl1	interface mixin	WebGLRenderingContextBase	0	const	DECR	
webgl1	interface mixin	WebGLRenderingContextBase	0	const	INVERT	
webgl1	interface mixin	WebGLRenderingContextBase	0	const	INCR_WRAP	
webgl1	interface mixin	WebGLRenderingContextBase	0	const	DECR_WRAP	
webgl1	interface mixin	WebGLRenderingContextBase	0	const	VENDOR	
webgl1	interface mixin	WebGLRenderingContextBase	0	const	RENDERER	
webgl1	interface mixin	WebGLRenderingContextBase	0	const	VERSION	
webgl1	interface mixin	WebGLRenderingContextBase	0	const	NEAREST	
webgl1	interface mixin	WebGLRenderingContextBase	0	const	LINEAR	
webgl1	interface mixin	WebGLRenderingContextBase	0	const	NEAREST_MIPMAP_NEAREST	
webgl1	interface mixin	WebGLRenderingContextBase	0	const	LINEAR_MIPMAP_NEAREST	
webgl1	interface mixin	WebGLRenderingContextBase	0	const	NEAREST_MIPMAP_LINEAR	
webgl1	interface mixin	WebGLRenderingContextBase	0	const	LINEAR_MIPMAP_LINEAR	
webgl1	interface mixin	WebGLRenderingContextBase	0	const	TEXTURE_MAG_FILTER	
webgl1	interface mixin	WebGLRenderingContextBase	0	const	TEXTURE_MIN_FILTER	
webgl1	interface mixin	WebGLRenderingContextBase	0	const	TEXTURE_WRAP_S	
webgl1	interface mixin	WebGLRenderingContextBase	0	const	TEXTURE_WRAP_T	
webgl1	interface mixin	WebGLRenderingContextBase	0	const	TEXTURE_2D	
webgl1	interface mixin	WebGLRenderingContextBase	0	const	TEXTURE	
webgl1	interface mixin	WebGLRenderingContextBase	0	const	TEXTURE_CUBE_MAP	
webgl1	interface mixin	WebGLRenderingContextBase	0	const	TEXTURE_BINDING_CUBE_MAP	
webgl1	interface mixin	WebGLRenderingContextBase	0	const	TEXTURE_CUBE_MAP_POSITIVE_X	
webgl1	interface mixin	WebGLRenderingContextBase	0	const	TEXTURE_CUBE_MAP_NEGATIVE_X	
webgl1	interface mixin	WebGLRenderingContextBase	0	const	TEXTURE_CUBE_MAP_POSITIVE_Y	
webgl1	interface mixin	WebGLRenderingContextBase	0	const	TEXTURE_CUBE_MAP_NEGATIVE_Y	
webgl1	interface mixin	WebGLRenderingContextBase	0	const	TEXTURE_CUBE_MAP_POSITIVE_Z	
webgl1	interface mixin	WebGLRenderingContextBase	0	const	TEXTURE_CUBE_MAP_NEGATIVE_Z	
webgl1	interface mixin	WebGLRenderingContextBase	0	const	MAX_CUBE_MAP_TEXTURE_SIZE	
webgl1	interface mixin	WebGLRenderingContextBase	0	const	TEXTURE0	
webgl1	interface mixin	WebGLRenderingContextBase	0	const	TEXTURE1	
webgl1	interface mixin	WebGLRenderingContextBase	0	const	TEXTURE2	
webgl1	interface mixin	WebGLRenderingContextBase	0	const	TEXTURE3	
webgl1	interface mixin	WebGLRenderingContextBase	0	const	TEXTURE4	
webgl1	interface mixin	WebGLRenderingContextBase	0	const	TEXTURE5	
webgl1	interface mixin	WebGLRenderingContextBase	0	const	TEXTURE6	
webgl1	interface mixin	WebGLRenderingContextBase	0	const	TEXTURE7	
webgl1	interface mixin	WebGLRenderingContextBase	0	const	TEXTURE8	
webgl1	interface mixin	WebGLRenderingContextBase	0	const	TEXTURE9	
webgl1	interface mixin	WebGLRenderingContextBase	0	const	TEXTURE10	
webgl1	interface mixin	WebGLRenderingContextBase	0	const	TEXTURE11	
webgl1	interface mixin	WebGLRenderingContextBase	0	const	TEXTURE12	
webgl1	interface mixin	WebGLRenderingContextBase	0	const	TEXTURE13	
webgl1	interface mixin	WebGLRenderingContextBase	0	const	TEXTURE14	
webgl1	interface mixin	WebGLRenderingContextBase	0	const	TEXTURE15	
webgl1	interface mixin	WebGLRenderingContextBase	0	const	TEXTURE16	
webgl1	interface mixin	WebGLRenderingContextBase	0	const	TEXTURE17	
webgl1	interface mixin	WebGLRenderingContextBase	0	const	TEXTURE18	
webgl1	interface mixin	WebGLRenderingContextBase	0	const	TEXTURE19	
webgl1	interface mixin	WebGLRenderingContextBase	0	const	TEXTURE20	
webgl1	interface mixin	WebGLRenderingContextBase	0	const	TEXTURE21	
webgl1	interface mixin	WebGLRenderingContextBase	0	const	TEXTURE22	
webgl1	interface mixin	WebGLRenderingContextBase	0	const	TEXTURE23	
webgl1	interface mixin	WebGLRenderingContextBase	0	const	TEXTURE24	
webgl1	interface mixin	WebGLRenderingContextBase	0	const	TEXTURE25	
webgl1	interface mixin	WebGLRenderingContextBase	0	const	TEXTURE26	
webgl1	interface mixin	WebGLRenderingContextBase	0	const	TEXTURE27	
webgl1	interface mixin	WebGLRenderingContextBase	0	const	TEXTURE28	
webgl1	interface mixin	WebGLRenderingContextBase	0	const	TEXTURE29	
webgl1	interface mixin	WebGLRenderingContextBase	0	const	TEXTURE30	
webgl1	interface mixin	WebGLRenderingContextBase	0	const	TEXTURE31	
webgl1	interface mixin	WebGLRenderingContextBase	0	const	ACTIVE_TEXTURE	
webgl1	interface mixin	WebGLRenderingContextBase	0	const	REPEAT	
webgl1	interface mixin	WebGLRenderingContextBase	0	const	CLAMP_TO_EDGE	
webgl1	interface mixin	WebGLRenderingContextBase	0	const	MIRRORED_REPEAT	
webgl1	interface mixin	WebGLRenderingContextBase	0	const	FLOAT_VEC2	
webgl1	interface mixin	WebGLRenderingContextBase	0	const	FLOAT_VEC3	
webgl1	interface mixin	WebGLRenderingContextBase	0	const	FLOAT_VEC4	
webgl1	interface mixin	WebGLRenderingContextBase	0	const	INT_VEC2	
webgl1	interface mixin	WebGLRenderingContextBase	0	const	INT_VEC3	
webgl1	interface mixin	WebGLRenderingContextBase	0	const	INT_VEC4	
webgl1	interface mixin	WebGLRenderingContextBase	0	const	BOOL	
webgl1	interface mixin	WebGLRenderingContextBase	0	const	BOOL_VEC2	
webgl1	interface mixin	WebGLRenderingContextBase	0	const	BOOL_VEC3	
webgl1	interface mixin	WebGLRenderingContextBase	0	const	BOOL_VEC4	
webgl1	interface mixin	WebGLRenderingContextBase	0	const	FLOAT_MAT2	
webgl1	interface mixin	WebGLRenderingContextBase	0	const	FLOAT_MAT3	
webgl1	interface mixin	WebGLRenderingContextBase	0	const	FLOAT_MAT4	
webgl1	interface mixin	WebGLRenderingContextBase	0	const	SAMPLER_2D	
webgl1	interface mixin	WebGLRenderingContextBase	0	const	SAMPLER_CUBE	
webgl1	interface mixin	WebGLRenderingContextBase	0	const	VERTEX_ATTRIB_ARRAY_ENABLED	
webgl1	interface mixin	WebGLRenderingContextBase	0	const	VERTEX_ATTRIB_ARRAY_SIZE	
webgl1	interface mixin	WebGLRenderingContextBase	0	const	VERTEX_ATTRIB_ARRAY_STRIDE	
webgl1	interface mixin	WebGLRenderingContextBase	0	const	VERTEX_ATTRIB_ARRAY_TYPE	
webgl1	interface mixin	WebGLRenderingContextBase	0	const	VERTEX_ATTRIB_ARRAY_NORMALIZED	
webgl1	interface mixin	WebGLRenderingContextBase	0	const	VERTEX_ATTRIB_ARRAY_POINTER	
webgl1	interface mixin	WebGLRenderingContextBase	0	const	VERTEX_ATTRIB_ARRAY_BUFFER_BINDING	
webgl1	interface mixin	WebGLRenderingContextBase	0	const	IMPLEMENTATION_COLOR_READ_TYPE	
webgl1	interface mixin	WebGLRenderingContextBase	0	const	IMPLEMENTATION_COLOR_READ_FORMAT	
webgl1	interface mixin	WebGLRenderingContextBase	0	const	COMPILE_STATUS	
webgl1	interface mixin	WebGLRenderingContextBase	0	const	LOW_FLOAT	
webgl1	interface mixin	WebGLRenderingContextBase	0	const	MEDIUM_FLOAT	
webgl1	interface mixin	WebGLRenderingContextBase	0	const	HIGH_FLOAT	
webgl1	interface mixin	WebGLRenderingContextBase	0	const	LOW_INT	
webgl1	interface mixin	WebGLRenderingContextBase	0	const	MEDIUM_INT	
webgl1	interface mixin	WebGLRenderingContextBase	0	const	HIGH_INT	
webgl1	interface mixin	WebGLRenderingContextBase	0	const	FRAMEBUFFER	
webgl1	interface mixin	WebGLRenderingContextBase	0	const	RENDERBUFFER	
webgl1	interface mixin	WebGLRenderingContextBase	0	const	RGBA4	
webgl1	interface mixin	WebGLRenderingContextBase	0	const	RGB5_A1	
webgl1	interface mixin	WebGLRenderingContextBase	0	const	RGBA8	
webgl1	interface mixin	WebGLRenderingContextBase	0	const	RGB565	
webgl1	interface mixin	WebGLRenderingContextBase	0	const	DEPTH_COMPONENT16	
webgl1	interface mixin	WebGLRenderingContextBase	0	const	STENCIL_INDEX8	
webgl1	interface mixin	WebGLRenderingContextBase	0	const	DEPTH_STENCIL	
webgl1	interface mixin	WebGLRenderingContextBase	0	const	RENDERBUFFER_WIDTH	
webgl1	interface mixin	WebGLRenderingContextBase	0	const	RENDERBUFFER_HEIGHT	
webgl1	interface mixin	WebGLRenderingContextBase	0	const	RENDERBUFFER_INTERNAL_FORMAT	
webgl1	interface mixin	WebGLRenderingContextBase	0	const	RENDERBUFFER_RED_SIZE	
webgl1	interface mixin	WebGLRenderingContextBase	0	const	RENDERBUFFER_GREEN_SIZE	
webgl1	interface mixin	WebGLRenderingContextBase	0	const	RENDERBUFFER_BLUE_SIZE	
webgl1	interface mixin	WebGLRenderingContextBase	0	const	RENDERBUFFER_ALPHA_SIZE	
webgl1	interface mixin	WebGLRenderingContextBase	0	const	RENDERBUFFER_DEPTH_SIZE	
webgl1	interface mixin	WebGLRenderingContextBase	0	const	RENDERBUFFER_STENCIL_SIZE	
webgl1	interface mixin	WebGLRenderingContextBase	0	const	FRAMEBUFFER_ATTACHMENT_OBJECT_TYPE	
webgl1	interface mixin	WebGLRenderingContextBase	0	const	FRAMEBUFFER_ATTACHMENT_OBJECT_NAME	
webgl1	interface mixin	WebGLRenderingContextBase	0	const	FRAMEBUFFER_ATTACHMENT_TEXTURE_LEVEL	
webgl1	interface mixin	WebGLRenderingContextBase	0	const	FRAMEBUFFER_ATTACHMENT_TEXTURE_CUBE_MAP_FACE	
webgl1	interface mixin	WebGLRenderingContextBase	0	const	COLOR_ATTACHMENT0	
webgl1	interface mixin	WebGLRenderingContextBase	0	const	DEPTH_ATTACHMENT	
webgl1	interface mixin	WebGLRenderingContextBase	0	const	STENCIL_ATTACHMENT	
webgl1	interface mixin	WebGLRenderingContextBase	0	const	DEPTH_STENCIL_ATTACHMENT	
webgl1	interface mixin	WebGLRenderingContextBase	0	const	NONE	
webgl1	interface mixin	WebGLRenderingContextBase	0	const	FRAMEBUFFER_COMPLETE	
webgl1	interface mixin	WebGLRenderingContextBase	0	const	FRAMEBUFFER_INCOMPLETE_ATTACHMENT	
webgl1	interface mixin	WebGLRenderingContextBase	0	const	FRAMEBUFFER_INCOMPLETE_MISSING_ATTACHMENT	
webgl1	interface mixin	WebGLRenderingContextBase	0	const	FRAMEBUFFER_INCOMPLETE_DIMENSIONS	
webgl1	interface mixin	WebGLRenderingContextBase	0	const	FRAMEBUFFER_UNSUPPORTED	
webgl1	interface mixin	WebGLRenderingContextBase	0	const	FRAMEBUFFER_BINDING	
webgl1	interface mixin	WebGLRenderingContextBase	0	const	RENDERBUFFER_BINDING	
webgl1	interface mixin	WebGLRenderingContextBase	0	const	MAX_RENDERBUFFER_SIZE	
webgl1	interface mixin	WebGLRenderingContextBase	0	const	INVALID_FRAMEBUFFER_OPERATION	
webgl1	interface mixin	WebGLRenderingContextBase	0	const	UNPACK_FLIP_Y_WEBGL	
webgl1	interface mixin	WebGLRenderingContextBase	0	const	UNPACK_PREMULTIPLY_ALPHA_WEBGL	
webgl1	interface mixin	WebGLRenderingContextBase	0	const	CONTEXT_LOST_WEBGL	
webgl1	interface mixin	WebGLRenderingContextBase	0	const	UNPACK_COLORSPACE_CONVERSION_WEBGL	
webgl1	interface mixin	WebGLRenderingContextBase	0	const	BROWSER_DEFAULT_WEBGL	
webgl1	interface mixin	WebGLRenderingContextBase	0	attribute	canvas	
webgl1	interface mixin	WebGLRenderingContextBase	0	attribute	drawingBufferWidth	
webgl1	interface mixin	WebGLRenderingContextBase	0	attribute	drawingBufferHeight	
webgl1	interface mixin	WebGLRenderingContextBase	0	attribute	drawingBufferFormat	
webgl1	interface mixin	WebGLRenderingContextBase	0	attribute	drawingBufferColorSpace	
webgl1	interface mixin	WebGLRenderingContextBase	0	attribute	unpackColorSpace	
webgl1	interface mixin	WebGLRenderingContextBase	0	operation	getContextAttributes	
webgl1	interface mixin	WebGLRenderingContextBase	0	operation	isContextLost	
webgl1	interface mixin	WebGLRenderingContextBase	0	operation	getSupportedExtensions	
webgl1	interface mixin	WebGLRenderingContextBase	0	operation	getExtension	
webgl1	interface mixin	WebGLRenderingContextBase	0	operation	drawingBufferStorage	
webgl1	interface mixin	WebGLRenderingContextBase	0	operation	activeTexture	
webgl1	interface mixin	WebGLRenderingContextBase	0	operation	attachShader	
webgl1	interface mixin	WebGLRenderingContextBase	0	operation	bindAttribLocation	
webgl1	interface mixin	WebGLRenderingContextBase	0	operation	bindBuffer	
webgl1	interface mixin	WebGLRenderingContextBase	0	operation	bindFramebuffer	
webgl1	interface mixin	WebGLRenderingContextBase	0	operation	bindRenderbuffer	
webgl1	interface mixin	WebGLRenderingContextBase	0	operation	bindTexture	
webgl1	interface mixin	WebGLRenderingContextBase	0	operation	blendColor	
webgl1	interface mixin	WebGLRenderingContextBase	0	operation	blendEquation	
webgl1	interface mixin	WebGLRenderingContextBase	0	operation	blendEquationSeparate	
webgl1	interface mixin	WebGLRenderingContextBase	0	operation	blendFunc	
webgl1	interface mixin	WebGLRenderingContextBase	0	operation	blendFuncSeparate	
webgl1	interface mixin	WebGLRenderingContextBase	0	operation	checkFramebufferStatus	
webgl1	interface mixin	WebGLRenderingContextBase	0	operation	clear	
webgl1	interface mixin	WebGLRenderingContextBase	0	operation	clearColor	
webgl1	interface mixin	WebGLRenderingContextBase	0	operation	clearDepth	
webgl1	interface mixin	WebGLRenderingContextBase	0	operation	clearStencil	
webgl1	interface mixin	WebGLRenderingContextBase	0	operation	colorMask	
webgl1	interface mixin	WebGLRenderingContextBase	0	operation	compileShader	
webgl1	interface mixin	WebGLRenderingContextBase	0	operation	copyTexImage2D	
webgl1	interface mixin	WebGLRenderingContextBase	0	operation	copyTexSubImage2D	
webgl1	interface mixin	WebGLRenderingContextBase	0	operation	createBuffer	
webgl1	interface mixin	WebGLRenderingContextBase	0	operation	createFramebuffer	
webgl1	interface mixin	WebGLRenderingContextBase	0	operation	createProgram	
webgl1	interface mixin	WebGLRenderingContextBase	0	operation	createRenderbuffer	
webgl1	interface mixin	WebGLRenderingContextBase	0	operation	createShader	
webgl1	interface mixin	WebGLRenderingContextBase	0	operation	createTexture	
webgl1	interface mixin	WebGLRenderingContextBase	0	operation	cullFace	
webgl1	interface mixin	WebGLRenderingContextBase	0	operation	deleteBuffer	
webgl1	interface mixin	WebGLRenderingContextBase	0	operation	deleteFramebuffer	
webgl1	interface mixin	WebGLRenderingContextBase	0	operation	deleteProgram	
webgl1	interface mixin	WebGLRenderingContextBase	0	operation	deleteRenderbuffer	
webgl1	interface mixin	WebGLRenderingContextBase	0	operation	deleteShader	
webgl1	interface mixin	WebGLRenderingContextBase	0	operation	deleteTexture	
webgl1	interface mixin	WebGLRenderingContextBase	0	operation	depthFunc	
webgl1	interface mixin	WebGLRenderingContextBase	0	operation	depthMask	
webgl1	interface mixin	WebGLRenderingContextBase	0	operation	depthRange	
webgl1	interface mixin	WebGLRenderingContextBase	0	operation	detachShader	
webgl1	interface mixin	WebGLRenderingContextBase	0	operation	disable	
webgl1	interface mixin	WebGLRenderingContextBase	0	operation	disableVertexAttribArray	
webgl1	interface mixin	WebGLRenderingContextBase	0	operation	drawArrays	
webgl1	interface mixin	WebGLRenderingContextBase	0	operation	drawElements	
webgl1	interface mixin	WebGLRenderingContextBase	0	operation	enable	
webgl1	interface mixin	WebGLRenderingContextBase	0	operation	enableVertexAttribArray	
webgl1	interface mixin	WebGLRenderingContextBase	0	operation	finish	
webgl1	interface mixin	WebGLRenderingContextBase	0	operation	flush	
webgl1	interface mixin	WebGLRenderingContextBase	0	operation	framebufferRenderbuffer	
webgl1	interface mixin	WebGLRenderingContextBase	0	operation	framebufferTexture2D	
webgl1	interface mixin	WebGLRenderingContextBase	0	operation	frontFace	
webgl1	interface mixin	WebGLRenderingContextBase	0	operation	generateMipmap	
webgl1	interface mixin	WebGLRenderingContextBase	0	operation	getActiveAttrib	
webgl1	interface mixin	WebGLRenderingContextBase	0	operation	getActiveUniform	
webgl1	interface mixin	WebGLRenderingContextBase	0	operation	getAttachedShaders	
webgl1	interface mixin	WebGLRenderingContextBase	0	operation	getAttribLocation	
webgl1	interface mixin	WebGLRenderingContextBase	0	operation	getBufferParameter	
webgl1	interface mixin	WebGLRenderingContextBase	0	operation	getParameter	
webgl1	interface mixin	WebGLRenderingContextBase	0	operation	getError	
webgl1	interface mixin	WebGLRenderingContextBase	0	operation	getFramebufferAttachmentParameter	
webgl1	interface mixin	WebGLRenderingContextBase	0	operation	getProgramParameter	
webgl1	interface mixin	WebGLRenderingContextBase	0	operation	getProgramInfoLog	
webgl1	interface mixin	WebGLRenderingContextBase	0	operation	getRenderbufferParameter	
webgl1	interface mixin	WebGLRenderingContextBase	0	operation	getShaderParameter	
webgl1	interface mixin	WebGLRenderingContextBase	0	operation	getShaderPrecisionFormat	
webgl1	interface mixin	WebGLRenderingContextBase	0	operation	getShaderInfoLog	
webgl1	interface mixin	WebGLRenderingContextBase	0	operation	getShaderSource	
webgl1	interface mixin	WebGLRenderingContextBase	0	operation	getTexParameter	
webgl1	interface mixin	WebGLRenderingContextBase	0	operation	getUniform	
webgl1	interface mixin	WebGLRenderingContextBase	0	operation	getUniformLocation	
webgl1	interface mixin	WebGLRenderingContextBase	0	operation	getVertexAttrib	
webgl1	interface mixin	WebGLRenderingContextBase	0	operation	getVertexAttribOffset	
webgl1	interface mixin	WebGLRenderingContextBase	0	operation	hint	
webgl1	interface mixin	WebGLRenderingContextBase	0	operation	isBuffer	
webgl1	interface mixin	WebGLRenderingContextBase	0	operation	isEnabled	
webgl1	interface mixin	WebGLRenderingContextBase	0	operation	isFramebuffer	
webgl1	interface mixin	WebGLRenderingContextBase	0	operation	isProgram	
webgl1	interface mixin	WebGLRenderingContextBase	0	operation	isRenderbuffer	
webgl1	interface mixin	WebGLRenderingContextBase	0	operation	isShader	
webgl1	interface mixin	WebGLRenderingContextBase	0	operation	isTexture	
webgl1	interface mixin	WebGLRenderingContextBase	0	operation	lineWidth	
webgl1	interface mixin	WebGLRenderingContextBase	0	operation	linkProgram	
webgl1	interface mixin	WebGLRenderingContextBase	0	operation	pixelStorei	
webgl1	interface mixin	WebGLRenderingContextBase	0	operation	polygonOffset	
webgl1	interface mixin	WebGLRenderingContextBase	0	operation	renderbufferStorage	
webgl1	interface mixin	WebGLRenderingContextBase	0	operation	sampleCoverage	
webgl1	interface mixin	WebGLRenderingContextBase	0	operation	scissor	
webgl1	interface mixin	WebGLRenderingContextBase	0	operation	shaderSource	
webgl1	interface mixin	WebGLRenderingContextBase	0	operation	stencilFunc	
webgl1	interface mixin	WebGLRenderingContextBase	0	operation	stencilFuncSeparate	
webgl1	interface mixin	WebGLRenderingContextBase	0	operation	stencilMask	
webgl1	interface mixin	WebGLRenderingContextBase	0	operation	stencilMaskSeparate	
webgl1	interface mixin	WebGLRenderingContextBase	0	operation	stencilOp	
webgl1	interface mixin	WebGLRenderingContextBase	0	operation	stencilOpSeparate	
webgl1	interface mixin	WebGLRenderingContextBase	0	operation	texParameterf	
webgl1	interface mixin	WebGLRenderingContextBase	0	operation	texParameteri	
webgl1	interface mixin	WebGLRenderingContextBase	0	operation	uniform1f	
webgl1	interface mixin	WebGLRenderingContextBase	0	operation	uniform2f	
webgl1	interface mixin	WebGLRenderingContextBase	0	operation	uniform3f	
webgl1	interface mixin	WebGLRenderingContextBase	0	operation	uniform4f	
webgl1	interface mixin	WebGLRenderingContextBase	0	operation	uniform1i	
webgl1	interface mixin	WebGLRenderingContextBase	0	operation	uniform2i	
webgl1	interface mixin	WebGLRenderingContextBase	0	operation	uniform3i	
webgl1	interface mixin	WebGLRenderingContextBase	0	operation	uniform4i	
webgl1	interface mixin	WebGLRenderingContextBase	0	operation	useProgram	
webgl1	interface mixin	WebGLRenderingContextBase	0	operation	validateProgram	
webgl1	interface mixin	WebGLRenderingContextBase	0	operation	vertexAttrib1f	
webgl1	interface mixin	WebGLRenderingContextBase	0	operation	vertexAttrib2f	
webgl1	interface mixin	WebGLRenderingContextBase	0	operation	vertexAttrib3f	
webgl1	interface mixin	WebGLRenderingContextBase	0	operation	vertexAttrib4f	
webgl1	interface mixin	WebGLRenderingContextBase	0	operation	vertexAttrib1fv	
webgl1	interface mixin	WebGLRenderingContextBase	0	operation	vertexAttrib2fv	
webgl1	interface mixin	WebGLRenderingContextBase	0	operation	vertexAttrib3fv	
webgl1	interface mixin	WebGLRenderingContextBase	0	operation	vertexAttrib4fv	
webgl1	interface mixin	WebGLRenderingContextBase	0	operation	vertexAttribPointer	
webgl1	interface mixin	WebGLRenderingContextBase	0	operation	viewport	
webgl1	interface mixin	WebGLRenderingContextOverloads	0	operation	bufferData	
webgl1	interface mixin	WebGLRenderingContextOverloads	0	operation	bufferData	
webgl1	interface mixin	WebGLRenderingContextOverloads	0	operation	bufferSubData	
webgl1	interface mixin	WebGLRenderingContextOverloads	0	operation	compressedTexImage2D	
webgl1	interface mixin	WebGLRenderingContextOverloads	0	operation	compressedTexSubImage2D	
webgl1	interface mixin	WebGLRenderingContextOverloads	0	operation	readPixels	
webgl1	interface mixin	WebGLRenderingContextOverloads	0	operation	texImage2D	
webgl1	interface mixin	WebGLRenderingContextOverloads	0	operation	texImage2D	
webgl1	interface mixin	WebGLRenderingContextOverloads	0	operation	texSubImage2D	
webgl1	interface mixin	WebGLRenderingContextOverloads	0	operation	texSubImage2D	
webgl1	interface mixin	WebGLRenderingContextOverloads	0	operation	uniform1fv	
webgl1	interface mixin	WebGLRenderingContextOverloads	0	operation	uniform2fv	
webgl1	interface mixin	WebGLRenderingContextOverloads	0	operation	uniform3fv	
webgl1	interface mixin	WebGLRenderingContextOverloads	0	operation	uniform4fv	
webgl1	interface mixin	WebGLRenderingContextOverloads	0	operation	uniform1iv	
webgl1	interface mixin	WebGLRenderingContextOverloads	0	operation	uniform2iv	
webgl1	interface mixin	WebGLRenderingContextOverloads	0	operation	uniform3iv	
webgl1	interface mixin	WebGLRenderingContextOverloads	0	operation	uniform4iv	
webgl1	interface mixin	WebGLRenderingContextOverloads	0	operation	uniformMatrix2fv	
webgl1	interface mixin	WebGLRenderingContextOverloads	0	operation	uniformMatrix3fv	
webgl1	interface mixin	WebGLRenderingContextOverloads	0	operation	uniformMatrix4fv	
webgl1	interface	WebGLRenderingContext	0			Window,Worker
webgl1	includes	WebGLRenderingContext	0		WebGLRenderingContextBase	
webgl1	includes	WebGLRenderingContext	0		WebGLRenderingContextOverloads	
webgl1	interface	WebGLContextEvent	0	constructor	constructor	Window,Worker
webgl1	interface	WebGLContextEvent	0	attribute	statusMessage	Window,Worker
webgl1	dictionary	WebGLContextEventInit	0	field	statusMessage	
webgl2	typedef	GLint64	0			
webgl2	typedef	GLuint64	0			
webgl2	interface	WebGLQuery	0			Window,Worker
webgl2	interface	WebGLSampler	0			Window,Worker
webgl2	interface	WebGLSync	0			Window,Worker
webgl2	interface	WebGLTransformFeedback	0			Window,Worker
webgl2	interface	WebGLVertexArrayObject	0			Window,Worker
webgl2	typedef	Uint32List	0			
webgl2	interface mixin	WebGL2RenderingContextBase	0	const	READ_BUFFER	
webgl2	interface mixin	WebGL2RenderingContextBase	0	const	UNPACK_ROW_LENGTH	
webgl2	interface mixin	WebGL2RenderingContextBase	0	const	UNPACK_SKIP_ROWS	
webgl2	interface mixin	WebGL2RenderingContextBase	0	const	UNPACK_SKIP_PIXELS	
webgl2	interface mixin	WebGL2RenderingContextBase	0	const	PACK_ROW_LENGTH	
webgl2	interface mixin	WebGL2RenderingContextBase	0	const	PACK_SKIP_ROWS	
webgl2	interface mixin	WebGL2RenderingContextBase	0	const	PACK_SKIP_PIXELS	
webgl2	interface mixin	WebGL2RenderingContextBase	0	const	COLOR	
webgl2	interface mixin	WebGL2RenderingContextBase	0	const	DEPTH	
webgl2	interface mixin	WebGL2RenderingContextBase	0	const	STENCIL	
webgl2	interface mixin	WebGL2RenderingContextBase	0	const	RED	
webgl2	interface mixin	WebGL2RenderingContextBase	0	const	RGB8	
webgl2	interface mixin	WebGL2RenderingContextBase	0	const	RGB10_A2	
webgl2	interface mixin	WebGL2RenderingContextBase	0	const	TEXTURE_BINDING_3D	
webgl2	interface mixin	WebGL2RenderingContextBase	0	const	UNPACK_SKIP_IMAGES	
webgl2	interface mixin	WebGL2RenderingContextBase	0	const	UNPACK_IMAGE_HEIGHT	
webgl2	interface mixin	WebGL2RenderingContextBase	0	const	TEXTURE_3D	
webgl2	interface mixin	WebGL2RenderingContextBase	0	const	TEXTURE_WRAP_R	
webgl2	interface mixin	WebGL2RenderingContextBase	0	const	MAX_3D_TEXTURE_SIZE	
webgl2	interface mixin	WebGL2RenderingContextBase	0	const	UNSIGNED_INT_2_10_10_10_REV	
webgl2	interface mixin	WebGL2RenderingContextBase	0	const	MAX_ELEMENTS_VERTICES	
webgl2	interface mixin	WebGL2RenderingContextBase	0	const	MAX_ELEMENTS_INDICES	
webgl2	interface mixin	WebGL2RenderingContextBase	0	const	TEXTURE_MIN_LOD	
webgl2	interface mixin	WebGL2RenderingContextBase	0	const	TEXTURE_MAX_LOD	
webgl2	interface mixin	WebGL2RenderingContextBase	0	const	TEXTURE_BASE_LEVEL	
webgl2	interface mixin	WebGL2RenderingContextBase	0	const	TEXTURE_MAX_LEVEL	
webgl2	interface mixin	WebGL2RenderingContextBase	0	const	MIN	
webgl2	interface mixin	WebGL2RenderingContextBase	0	const	MAX	
webgl2	interface mixin	WebGL2RenderingContextBase	0	const	DEPTH_COMPONENT24	
webgl2	interface mixin	WebGL2RenderingContextBase	0	const	MAX_TEXTURE_LOD_BIAS	
webgl2	interface mixin	WebGL2RenderingContextBase	0	const	TEXTURE_COMPARE_MODE	
webgl2	interface mixin	WebGL2RenderingContextBase	0	const	TEXTURE_COMPARE_FUNC	
webgl2	interface mixin	WebGL2RenderingContextBase	0	const	CURRENT_QUERY	
webgl2	interface mixin	WebGL2RenderingContextBase	0	const	QUERY_RESULT	
webgl2	interface mixin	WebGL2RenderingContextBase	0	const	QUERY_RESULT_AVAILABLE	
webgl2	interface mixin	WebGL2RenderingContextBase	0	const	STREAM_READ	
webgl2	interface mixin	WebGL2RenderingContextBase	0	const	STREAM_COPY	
webgl2	interface mixin	WebGL2RenderingContextBase	0	const	STATIC_READ	
webgl2	interface mixin	WebGL2RenderingContextBase	0	const	STATIC_COPY	
webgl2	interface mixin	WebGL2RenderingContextBase	0	const	DYNAMIC_READ	
webgl2	interface mixin	WebGL2RenderingContextBase	0	const	DYNAMIC_COPY	
webgl2	interface mixin	WebGL2RenderingContextBase	0	const	MAX_DRAW_BUFFERS	
webgl2	interface mixin	WebGL2RenderingContextBase	0	const	DRAW_BUFFER0	
webgl2	interface mixin	WebGL2RenderingContextBase	0	const	DRAW_BUFFER1	
webgl2	interface mixin	WebGL2RenderingContextBase	0	const	DRAW_BUFFER2	
webgl2	interface mixin	WebGL2RenderingContextBase	0	const	DRAW_BUFFER3	
webgl2	interface mixin	WebGL2RenderingContextBase	0	const	DRAW_BUFFER4	
webgl2	interface mixin	WebGL2RenderingContextBase	0	const	DRAW_BUFFER5	
webgl2	interface mixin	WebGL2RenderingContextBase	0	const	DRAW_BUFFER6	
webgl2	interface mixin	WebGL2RenderingContextBase	0	const	DRAW_BUFFER7	
webgl2	interface mixin	WebGL2RenderingContextBase	0	const	DRAW_BUFFER8	
webgl2	interface mixin	WebGL2RenderingContextBase	0	const	DRAW_BUFFER9	
webgl2	interface mixin	WebGL2RenderingContextBase	0	const	DRAW_BUFFER10	
webgl2	interface mixin	WebGL2RenderingContextBase	0	const	DRAW_BUFFER11	
webgl2	interface mixin	WebGL2RenderingContextBase	0	const	DRAW_BUFFER12	
webgl2	interface mixin	WebGL2RenderingContextBase	0	const	DRAW_BUFFER13	
webgl2	interface mixin	WebGL2RenderingContextBase	0	const	DRAW_BUFFER14	
webgl2	interface mixin	WebGL2RenderingContextBase	0	const	DRAW_BUFFER15	
webgl2	interface mixin	WebGL2RenderingContextBase	0	const	MAX_FRAGMENT_UNIFORM_COMPONENTS	
webgl2	interface mixin	WebGL2RenderingContextBase	0	const	MAX_VERTEX_UNIFORM_COMPONENTS	
webgl2	interface mixin	WebGL2RenderingContextBase	0	const	SAMPLER_3D	
webgl2	interface mixin	WebGL2RenderingContextBase	0	const	SAMPLER_2D_SHADOW	
webgl2	interface mixin	WebGL2RenderingContextBase	0	const	FRAGMENT_SHADER_DERIVATIVE_HINT	
webgl2	interface mixin	WebGL2RenderingContextBase	0	const	PIXEL_PACK_BUFFER	
webgl2	interface mixin	WebGL2RenderingContextBase	0	const	PIXEL_UNPACK_BUFFER	
webgl2	interface mixin	WebGL2RenderingContextBase	0	const	PIXEL_PACK_BUFFER_BINDING	
webgl2	interface mixin	WebGL2RenderingContextBase	0	const	PIXEL_UNPACK_BUFFER_BINDING	
webgl2	interface mixin	WebGL2RenderingContextBase	0	const	FLOAT_MAT2x3	
webgl2	interface mixin	WebGL2RenderingContextBase	0	const	FLOAT_MAT2x4	
webgl2	interface mixin	WebGL2RenderingContextBase	0	const	FLOAT_MAT3x2	
webgl2	interface mixin	WebGL2RenderingContextBase	0	const	FLOAT_MAT3x4	
webgl2	interface mixin	WebGL2RenderingContextBase	0	const	FLOAT_MAT4x2	
webgl2	interface mixin	WebGL2RenderingContextBase	0	const	FLOAT_MAT4x3	
webgl2	interface mixin	WebGL2RenderingContextBase	0	const	SRGB	
webgl2	interface mixin	WebGL2RenderingContextBase	0	const	SRGB8	
webgl2	interface mixin	WebGL2RenderingContextBase	0	const	SRGB8_ALPHA8	
webgl2	interface mixin	WebGL2RenderingContextBase	0	const	COMPARE_REF_TO_TEXTURE	
webgl2	interface mixin	WebGL2RenderingContextBase	0	const	RGBA32F	
webgl2	interface mixin	WebGL2RenderingContextBase	0	const	RGB32F	
webgl2	interface mixin	WebGL2RenderingContextBase	0	const	RGBA16F	
webgl2	interface mixin	WebGL2RenderingContextBase	0	const	RGB16F	
webgl2	interface mixin	WebGL2RenderingContextBase	0	const	VERTEX_ATTRIB_ARRAY_INTEGER	
webgl2	interface mixin	WebGL2RenderingContextBase	0	const	MAX_ARRAY_TEXTURE_LAYERS	
webgl2	interface mixin	WebGL2RenderingContextBase	0	const	MIN_PROGRAM_TEXEL_OFFSET	
webgl2	interface mixin	WebGL2RenderingContextBase	0	const	MAX_PROGRAM_TEXEL_OFFSET	
webgl2	interface mixin	WebGL2RenderingContextBase	0	const	MAX_VARYING_COMPONENTS	
webgl2	interface mixin	WebGL2RenderingContextBase	0	const	TEXTURE_2D_ARRAY	
webgl2	interface mixin	WebGL2RenderingContextBase	0	const	TEXTURE_BINDING_2D_ARRAY	
webgl2	interface mixin	WebGL2RenderingContextBase	0	const	R11F_G11F_B10F	
webgl2	interface mixin	WebGL2RenderingContextBase	0	const	UNSIGNED_INT_10F_11F_11F_REV	
webgl2	interface mixin	WebGL2RenderingContextBase	0	const	RGB9_E5	
webgl2	interface mixin	WebGL2RenderingContextBase	0	const	UNSIGNED_INT_5_9_9_9_REV	
webgl2	interface mixin	WebGL2RenderingContextBase	0	const	TRANSFORM_FEEDBACK_BUFFER_MODE	
webgl2	interface mixin	WebGL2RenderingContextBase	0	const	MAX_TRANSFORM_FEEDBACK_SEPARATE_COMPONENTS	
webgl2	interface mixin	WebGL2RenderingContextBase	0	const	TRANSFORM_FEEDBACK_VARYINGS	
webgl2	interface mixin	WebGL2RenderingContextBase	0	const	TRANSFORM_FEEDBACK_BUFFER_START	
webgl2	interface mixin	WebGL2RenderingContextBase	0	const	TRANSFORM_FEEDBACK_BUFFER_SIZE	
webgl2	interface mixin	WebGL2RenderingContextBase	0	const	TRANSFORM_FEEDBACK_PRIMITIVES_WRITTEN	
webgl2	interface mixin	WebGL2RenderingContextBase	0	const	RASTERIZER_DISCARD	
webgl2	interface mixin	WebGL2RenderingContextBase	0	const	MAX_TRANSFORM_FEEDBACK_INTERLEAVED_COMPONENTS	
webgl2	interface mixin	WebGL2RenderingContextBase	0	const	MAX_TRANSFORM_FEEDBACK_SEPARATE_ATTRIBS	
webgl2	interface mixin	WebGL2RenderingContextBase	0	const	INTERLEAVED_ATTRIBS	
webgl2	interface mixin	WebGL2RenderingContextBase	0	const	SEPARATE_ATTRIBS	
webgl2	interface mixin	WebGL2RenderingContextBase	0	const	TRANSFORM_FEEDBACK_BUFFER	
webgl2	interface mixin	WebGL2RenderingContextBase	0	const	TRANSFORM_FEEDBACK_BUFFER_BINDING	
webgl2	interface mixin	WebGL2RenderingContextBase	0	const	RGBA32UI	
webgl2	interface mixin	WebGL2RenderingContextBase	0	const	RGB32UI	
webgl2	interface mixin	WebGL2RenderingContextBase	0	const	RGBA16UI	
webgl2	interface mixin	WebGL2RenderingContextBase	0	const	RGB16UI	
webgl2	interface mixin	WebGL2RenderingContextBase	0	const	RGBA8UI	
webgl2	interface mixin	WebGL2RenderingContextBase	0	const	RGB8UI	
webgl2	interface mixin	WebGL2RenderingContextBase	0	const	RGBA32I	
webgl2	interface mixin	WebGL2RenderingContextBase	0	const	RGB32I	
webgl2	interface mixin	WebGL2RenderingContextBase	0	const	RGBA16I	
webgl2	interface mixin	WebGL2RenderingContextBase	0	const	RGB16I	
webgl2	interface mixin	WebGL2RenderingContextBase	0	const	RGBA8I	
webgl2	interface mixin	WebGL2RenderingContextBase	0	const	RGB8I	
webgl2	interface mixin	WebGL2RenderingContextBase	0	const	RED_INTEGER	
webgl2	interface mixin	WebGL2RenderingContextBase	0	const	RGB_INTEGER	
webgl2	interface mixin	WebGL2RenderingContextBase	0	const	RGBA_INTEGER	
webgl2	interface mixin	WebGL2RenderingContextBase	0	const	SAMPLER_2D_ARRAY	
webgl2	interface mixin	WebGL2RenderingContextBase	0	const	SAMPLER_2D_ARRAY_SHADOW	
webgl2	interface mixin	WebGL2RenderingContextBase	0	const	SAMPLER_CUBE_SHADOW	
webgl2	interface mixin	WebGL2RenderingContextBase	0	const	UNSIGNED_INT_VEC2	
webgl2	interface mixin	WebGL2RenderingContextBase	0	const	UNSIGNED_INT_VEC3	
webgl2	interface mixin	WebGL2RenderingContextBase	0	const	UNSIGNED_INT_VEC4	
webgl2	interface mixin	WebGL2RenderingContextBase	0	const	INT_SAMPLER_2D	
webgl2	interface mixin	WebGL2RenderingContextBase	0	const	INT_SAMPLER_3D	
webgl2	interface mixin	WebGL2RenderingContextBase	0	const	INT_SAMPLER_CUBE	
webgl2	interface mixin	WebGL2RenderingContextBase	0	const	INT_SAMPLER_2D_ARRAY	
webgl2	interface mixin	WebGL2RenderingContextBase	0	const	UNSIGNED_INT_SAMPLER_2D	
webgl2	interface mixin	WebGL2RenderingContextBase	0	const	UNSIGNED_INT_SAMPLER_3D	
webgl2	interface mixin	WebGL2RenderingContextBase	0	const	UNSIGNED_INT_SAMPLER_CUBE	
webgl2	interface mixin	WebGL2RenderingContextBase	0	const	UNSIGNED_INT_SAMPLER_2D_ARRAY	
webgl2	interface mixin	WebGL2RenderingContextBase	0	const	DEPTH_COMPONENT32F	
webgl2	interface mixin	WebGL2RenderingContextBase	0	const	DEPTH32F_STENCIL8	
webgl2	interface mixin	WebGL2RenderingContextBase	0	const	FLOAT_32_UNSIGNED_INT_24_8_REV	
webgl2	interface mixin	WebGL2RenderingContextBase	0	const	FRAMEBUFFER_ATTACHMENT_COLOR_ENCODING	
webgl2	interface mixin	WebGL2RenderingContextBase	0	const	FRAMEBUFFER_ATTACHMENT_COMPONENT_TYPE	
webgl2	interface mixin	WebGL2RenderingContextBase	0	const	FRAMEBUFFER_ATTACHMENT_RED_SIZE	
webgl2	interface mixin	WebGL2RenderingContextBase	0	const	FRAMEBUFFER_ATTACHMENT_GREEN_SIZE	
webgl2	interface mixin	WebGL2RenderingContextBase	0	const	FRAMEBUFFER_ATTACHMENT_BLUE_SIZE	
webgl2	interface mixin	WebGL2RenderingContextBase	0	const	FRAMEBUFFER_ATTACHMENT_ALPHA_SIZE	
webgl2	interface mixin	WebGL2RenderingContextBase	0	const	FRAMEBUFFER_ATTACHMENT_DEPTH_SIZE	
webgl2	interface mixin	WebGL2RenderingContextBase	0	const	FRAMEBUFFER_ATTACHMENT_STENCIL_SIZE	
webgl2	interface mixin	WebGL2RenderingContextBase	0	const	FRAMEBUFFER_DEFAULT	
webgl2	interface mixin	WebGL2RenderingContextBase	0	const	UNSIGNED_INT_24_8	
webgl2	interface mixin	WebGL2RenderingContextBase	0	const	DEPTH24_STENCIL8	
webgl2	interface mixin	WebGL2RenderingContextBase	0	const	UNSIGNED_NORMALIZED	
webgl2	interface mixin	WebGL2RenderingContextBase	0	const	DRAW_FRAMEBUFFER_BINDING	
webgl2	interface mixin	WebGL2RenderingContextBase	0	const	READ_FRAMEBUFFER	
webgl2	interface mixin	WebGL2RenderingContextBase	0	const	DRAW_FRAMEBUFFER	
webgl2	interface mixin	WebGL2RenderingContextBase	0	const	READ_FRAMEBUFFER_BINDING	
webgl2	interface mixin	WebGL2RenderingContextBase	0	const	RENDERBUFFER_SAMPLES	
webgl2	interface mixin	WebGL2RenderingContextBase	0	const	FRAMEBUFFER_ATTACHMENT_TEXTURE_LAYER	
webgl2	interface mixin	WebGL2RenderingContextBase	0	const	MAX_COLOR_ATTACHMENTS	
webgl2	interface mixin	WebGL2RenderingContextBase	0	const	COLOR_ATTACHMENT1	
webgl2	interface mixin	WebGL2RenderingContextBase	0	const	COLOR_ATTACHMENT2	
webgl2	interface mixin	WebGL2RenderingContextBase	0	const	COLOR_ATTACHMENT3	
webgl2	interface mixin	WebGL2RenderingContextBase	0	const	COLOR_ATTACHMENT4	
webgl2	interface mixin	WebGL2RenderingContextBase	0	const	COLOR_ATTACHMENT5	
webgl2	interface mixin	WebGL2RenderingContextBase	0	const	COLOR_ATTACHMENT6	
webgl2	interface mixin	WebGL2RenderingContextBase	0	const	COLOR_ATTACHMENT7	
webgl2	interface mixin	WebGL2RenderingContextBase	0	const	COLOR_ATTACHMENT8	
webgl2	interface mixin	WebGL2RenderingContextBase	0	const	COLOR_ATTACHMENT9	
webgl2	interface mixin	WebGL2RenderingContextBase	0	const	COLOR_ATTACHMENT10	
webgl2	interface mixin	WebGL2RenderingContextBase	0	const	COLOR_ATTACHMENT11	
webgl2	interface mixin	WebGL2RenderingContextBase	0	const	COLOR_ATTACHMENT12	
webgl2	interface mixin	WebGL2RenderingContextBase	0	const	COLOR_ATTACHMENT13	
webgl2	interface mixin	WebGL2RenderingContextBase	0	const	COLOR_ATTACHMENT14	
webgl2	interface mixin	WebGL2RenderingContextBase	0	const	COLOR_ATTACHMENT15	
webgl2	interface mixin	WebGL2RenderingContextBase	0	const	FRAMEBUFFER_INCOMPLETE_MULTISAMPLE	
webgl2	interface mixin	WebGL2RenderingContextBase	0	const	MAX_SAMPLES	
webgl2	interface mixin	WebGL2RenderingContextBase	0	const	HALF_FLOAT	
webgl2	interface mixin	WebGL2RenderingContextBase	0	const	RG	
webgl2	interface mixin	WebGL2RenderingContextBase	0	const	RG_INTEGER	
webgl2	interface mixin	WebGL2RenderingContextBase	0	const	R8	
webgl2	interface mixin	WebGL2RenderingContextBase	0	const	RG8	
webgl2	interface mixin	WebGL2RenderingContextBase	0	const	R16F	
webgl2	interface mixin	WebGL2RenderingContextBase	0	const	R32F	
webgl2	interface mixin	WebGL2RenderingContextBase	0	const	RG16F	
webgl2	interface mixin	WebGL2RenderingContextBase	0	const	RG32F	
webgl2	interface mixin	WebGL2RenderingContextBase	0	const	R8I	
webgl2	interface mixin	WebGL2RenderingContextBase	0	const	R8UI	
webgl2	interface mixin	WebGL2RenderingContextBase	0	const	R16I	
webgl2	interface mixin	WebGL2RenderingContextBase	0	const	R16UI	
webgl2	interface mixin	WebGL2RenderingContextBase	0	const	R32I	
webgl2	interface mixin	WebGL2RenderingContextBase	0	const	R32UI	
webgl2	interface mixin	WebGL2RenderingContextBase	0	const	RG8I	
webgl2	interface mixin	WebGL2RenderingContextBase	0	const	RG8UI	
webgl2	interface mixin	WebGL2RenderingContextBase	0	const	RG16I	
webgl2	interface mixin	WebGL2RenderingContextBase	0	const	RG16UI	
webgl2	interface mixin	WebGL2RenderingContextBase	0	const	RG32I	
webgl2	interface mixin	WebGL2RenderingContextBase	0	const	RG32UI	
webgl2	interface mixin	WebGL2RenderingContextBase	0	const	VERTEX_ARRAY_BINDING	
webgl2	interface mixin	WebGL2RenderingContextBase	0	const	R8_SNORM	
webgl2	interface mixin	WebGL2RenderingContextBase	0	const	RG8_SNORM	
webgl2	interface mixin	WebGL2RenderingContextBase	0	const	RGB8_SNORM	
webgl2	interface mixin	WebGL2RenderingContextBase	0	const	RGBA8_SNORM	
webgl2	interface mixin	WebGL2RenderingContextBase	0	const	SIGNED_NORMALIZED	
webgl2	interface mixin	WebGL2RenderingContextBase	0	const	COPY_READ_BUFFER	
webgl2	interface mixin	WebGL2RenderingContextBase	0	const	COPY_WRITE_BUFFER	
webgl2	interface mixin	WebGL2RenderingContextBase	0	const	COPY_READ_BUFFER_BINDING	
webgl2	interface mixin	WebGL2RenderingContextBase	0	const	COPY_WRITE_BUFFER_BINDING	
webgl2	interface mixin	WebGL2RenderingContextBase	0	const	UNIFORM_BUFFER	
webgl2	interface mixin	WebGL2RenderingContextBase	0	const	UNIFORM_BUFFER_BINDING	
webgl2	interface mixin	WebGL2RenderingContextBase	0	const	UNIFORM_BUFFER_START	
webgl2	interface mixin	WebGL2RenderingContextBase	0	const	UNIFORM_BUFFER_SIZE	
webgl2	interface mixin	WebGL2RenderingContextBase	0	const	MAX_VERTEX_UNIFORM_BLOCKS	
webgl2	interface mixin	WebGL2RenderingContextBase	0	const	MAX_FRAGMENT_UNIFORM_BLOCKS	
webgl2	interface mixin	WebGL2RenderingContextBase	0	const	MAX_COMBINED_UNIFORM_BLOCKS	
webgl2	interface mixin	WebGL2RenderingContextBase	0	const	MAX_UNIFORM_BUFFER_BINDINGS	
webgl2	interface mixin	WebGL2RenderingContextBase	0	const	MAX_UNIFORM_BLOCK_SIZE	
webgl2	interface mixin	WebGL2RenderingContextBase	0	const	MAX_COMBINED_VERTEX_UNIFORM_COMPONENTS	
webgl2	interface mixin	WebGL2RenderingContextBase	0	const	MAX_COMBINED_FRAGMENT_UNIFORM_COMPONENTS	
webgl2	interface mixin	WebGL2RenderingContextBase	0	const	UNIFORM_BUFFER_OFFSET_ALIGNMENT	
webgl2	interface mixin	WebGL2RenderingContextBase	0	const	ACTIVE_UNIFORM_BLOCKS	
webgl2	interface mixin	WebGL2RenderingContextBase	0	const	UNIFORM_TYPE	
webgl2	interface mixin	WebGL2RenderingContextBase	0	const	UNIFORM_SIZE	
webgl2	interface mixin	WebGL2RenderingContextBase	0	const	UNIFORM_BLOCK_INDEX	
webgl2	interface mixin	WebGL2RenderingContextBase	0	const	UNIFORM_OFFSET	
webgl2	interface mixin	WebGL2RenderingContextBase	0	const	UNIFORM_ARRAY_STRIDE	
webgl2	interface mixin	WebGL2RenderingContextBase	0	const	UNIFORM_MATRIX_STRIDE	
webgl2	interface mixin	WebGL2RenderingContextBase	0	const	UNIFORM_IS_ROW_MAJOR	
webgl2	interface mixin	WebGL2RenderingContextBase	0	const	UNIFORM_BLOCK_BINDING	
webgl2	interface mixin	WebGL2RenderingContextBase	0	const	UNIFORM_BLOCK_DATA_SIZE	
webgl2	interface mixin	WebGL2RenderingContextBase	0	const	UNIFORM_BLOCK_ACTIVE_UNIFORMS	
webgl2	interface mixin	WebGL2RenderingContextBase	0	const	UNIFORM_BLOCK_ACTIVE_UNIFORM_INDICES	
webgl2	interface mixin	WebGL2RenderingContextBase	0	const	UNIFORM_BLOCK_REFERENCED_BY_VERTEX_SHADER	
webgl2	interface mixin	WebGL2RenderingContextBase	0	const	UNIFORM_BLOCK_REFERENCED_BY_FRAGMENT_SHADER	
webgl2	interface mixin	WebGL2RenderingContextBase	0	const	INVALID_INDEX	
webgl2	interface mixin	WebGL2RenderingContextBase	0	const	MAX_VERTEX_OUTPUT_COMPONENTS	
webgl2	interface mixin	WebGL2RenderingContextBase	0	const	MAX_FRAGMENT_INPUT_COMPONENTS	
webgl2	interface mixin	WebGL2RenderingContextBase	0	const	MAX_SERVER_WAIT_TIMEOUT	
webgl2	interface mixin	WebGL2RenderingContextBase	0	const	OBJECT_TYPE	
webgl2	interface mixin	WebGL2RenderingContextBase	0	const	SYNC_CONDITION	
webgl2	interface mixin	WebGL2RenderingContextBase	0	const	SYNC_STATUS	
webgl2	interface mixin	WebGL2RenderingContextBase	0	const	SYNC_FLAGS	
webgl2	interface mixin	WebGL2RenderingContextBase	0	const	SYNC_FENCE	
webgl2	interface mixin	WebGL2RenderingContextBase	0	const	SYNC_GPU_COMMANDS_COMPLETE	
webgl2	interface mixin	WebGL2RenderingContextBase	0	const	UNSIGNALED	
webgl2	interface mixin	WebGL2RenderingContextBase	0	const	SIGNALED	
webgl2	interface mixin	WebGL2RenderingContextBase	0	const	ALREADY_SIGNALED	
webgl2	interface mixin	WebGL2RenderingContextBase	0	const	TIMEOUT_EXPIRED	
webgl2	interface mixin	WebGL2RenderingContextBase	0	const	CONDITION_SATISFIED	
webgl2	interface mixin	WebGL2RenderingContextBase	0	const	WAIT_FAILED	
webgl2	interface mixin	WebGL2RenderingContextBase	0	const	SYNC_FLUSH_COMMANDS_BIT	
webgl2	interface mixin	WebGL2RenderingContextBase	0	const	VERTEX_ATTRIB_ARRAY_DIVISOR	
webgl2	interface mixin	WebGL2RenderingContextBase	0	const	ANY_SAMPLES_PASSED	
webgl2	interface mixin	WebGL2RenderingContextBase	0	const	ANY_SAMPLES_PASSED_CONSERVATIVE	
webgl2	interface mixin	WebGL2RenderingContextBase	0	const	SAMPLER_BINDING	
webgl2	interface mixin	WebGL2RenderingContextBase	0	const	RGB10_A2UI	
webgl2	interface mixin	WebGL2RenderingContextBase	0	const	INT_2_10_10_10_REV	
webgl2	interface mixin	WebGL2RenderingContextBase	0	const	TRANSFORM_FEEDBACK	
webgl2	interface mixin	WebGL2RenderingContextBase	0	const	TRANSFORM_FEEDBACK_PAUSED	
webgl2	interface mixin	WebGL2RenderingContextBase	0	const	TRANSFORM_FEEDBACK_ACTIVE	
webgl2	interface mixin	WebGL2RenderingContextBase	0	const	TRANSFORM_FEEDBACK_BINDING	
webgl2	interface mixin	WebGL2RenderingContextBase	0	const	TEXTURE_IMMUTABLE_FORMAT	
webgl2	interface mixin	WebGL2RenderingContextBase	0	const	MAX_ELEMENT_INDEX	
webgl2	interface mixin	WebGL2RenderingContextBase	0	const	TEXTURE_IMMUTABLE_LEVELS	
webgl2	interface mixin	WebGL2RenderingContextBase	0	const	TIMEOUT_IGNORED	
webgl2	interface mixin	WebGL2RenderingContextBase	0	const	MAX_CLIENT_WAIT_TIMEOUT_WEBGL	
webgl2	interface mixin	WebGL2RenderingContextBase	0	operation	copyBufferSubData	
webgl2	interface mixin	WebGL2RenderingContextBase	0	operation	getBufferSubData	
webgl2	interface mixin	WebGL2RenderingContextBase	0	operation	blitFramebuffer	
webgl2	interface mixin	WebGL2RenderingContextBase	0	operation	framebufferTextureLayer	
webgl2	interface mixin	WebGL2RenderingContextBase	0	operation	invalidateFramebuffer	
webgl2	interface mixin	WebGL2RenderingContextBase	0	operation	invalidateSubFramebuffer	
webgl2	interface mixin	WebGL2RenderingContextBase	0	operation	readBuffer	
webgl2	interface mixin	WebGL2RenderingContextBase	0	operation	getInternalformatParameter	
webgl2	interface mixin	WebGL2RenderingContextBase	0	operation	renderbufferStorageMultisample	
webgl2	interface mixin	WebGL2RenderingContextBase	0	operation	texStorage2D	
webgl2	interface mixin	WebGL2RenderingContextBase	0	operation	texStorage3D	
webgl2	interface mixin	WebGL2RenderingContextBase	0	operation	texImage3D	
webgl2	interface mixin	WebGL2RenderingContextBase	0	operation	texImage3D	
webgl2	interface mixin	WebGL2RenderingContextBase	0	operation	texImage3D	
webgl2	interface mixin	WebGL2RenderingContextBase	0	operation	texImage3D	
webgl2	interface mixin	WebGL2RenderingContextBase	0	operation	texSubImage3D	
webgl2	interface mixin	WebGL2RenderingContextBase	0	operation	texSubImage3D	
webgl2	interface mixin	WebGL2RenderingContextBase	0	operation	texSubImage3D	
webgl2	interface mixin	WebGL2RenderingContextBase	0	operation	copyTexSubImage3D	
webgl2	interface mixin	WebGL2RenderingContextBase	0	operation	compressedTexImage3D	
webgl2	interface mixin	WebGL2RenderingContextBase	0	operation	compressedTexImage3D	
webgl2	interface mixin	WebGL2RenderingContextBase	0	operation	compressedTexSubImage3D	
webgl2	interface mixin	WebGL2RenderingContextBase	0	operation	compressedTexSubImage3D	
webgl2	interface mixin	WebGL2RenderingContextBase	0	operation	getFragDataLocation	
webgl2	interface mixin	WebGL2RenderingContextBase	0	operation	uniform1ui	
webgl2	interface mixin	WebGL2RenderingContextBase	0	operation	uniform2ui	
webgl2	interface mixin	WebGL2RenderingContextBase	0	operation	uniform3ui	
webgl2	interface mixin	WebGL2RenderingContextBase	0	operation	uniform4ui	
webgl2	interface mixin	WebGL2RenderingContextBase	0	operation	uniform1uiv	
webgl2	interface mixin	WebGL2RenderingContextBase	0	operation	uniform2uiv	
webgl2	interface mixin	WebGL2RenderingContextBase	0	operation	uniform3uiv	
webgl2	interface mixin	WebGL2RenderingContextBase	0	operation	uniform4uiv	
webgl2	interface mixin	WebGL2RenderingContextBase	0	operation	uniformMatrix3x2fv	
webgl2	interface mixin	WebGL2RenderingContextBase	0	operation	uniformMatrix4x2fv	
webgl2	interface mixin	WebGL2RenderingContextBase	0	operation	uniformMatrix2x3fv	
webgl2	interface mixin	WebGL2RenderingContextBase	0	operation	uniformMatrix4x3fv	
webgl2	interface mixin	WebGL2RenderingContextBase	0	operation	uniformMatrix2x4fv	
webgl2	interface mixin	WebGL2RenderingContextBase	0	operation	uniformMatrix3x4fv	
webgl2	interface mixin	WebGL2RenderingContextBase	0	operation	vertexAttribI4i	
webgl2	interface mixin	WebGL2RenderingContextBase	0	operation	vertexAttribI4iv	
webgl2	interface mixin	WebGL2RenderingContextBase	0	operation	vertexAttribI4ui	
webgl2	interface mixin	WebGL2RenderingContextBase	0	operation	vertexAttribI4uiv	
webgl2	interface mixin	WebGL2RenderingContextBase	0	operation	vertexAttribIPointer	
webgl2	interface mixin	WebGL2RenderingContextBase	0	operation	vertexAttribDivisor	
webgl2	interface mixin	WebGL2RenderingContextBase	0	operation	drawArraysInstanced	
webgl2	interface mixin	WebGL2RenderingContextBase	0	operation	drawElementsInstanced	
webgl2	interface mixin	WebGL2RenderingContextBase	0	operation	drawRangeElements	
webgl2	interface mixin	WebGL2RenderingContextBase	0	operation	drawBuffers	
webgl2	interface mixin	WebGL2RenderingContextBase	0	operation	clearBufferfv	
webgl2	interface mixin	WebGL2RenderingContextBase	0	operation	clearBufferiv	
webgl2	interface mixin	WebGL2RenderingContextBase	0	operation	clearBufferuiv	
webgl2	interface mixin	WebGL2RenderingContextBase	0	operation	clearBufferfi	
webgl2	interface mixin	WebGL2RenderingContextBase	0	operation	createQuery	
webgl2	interface mixin	WebGL2RenderingContextBase	0	operation	deleteQuery	
webgl2	interface mixin	WebGL2RenderingContextBase	0	operation	isQuery	
webgl2	interface mixin	WebGL2RenderingContextBase	0	operation	beginQuery	
webgl2	interface mixin	WebGL2RenderingContextBase	0	operation	endQuery	
webgl2	interface mixin	WebGL2RenderingContextBase	0	operation	getQuery	
webgl2	interface mixin	WebGL2RenderingContextBase	0	operation	getQueryParameter	
webgl2	interface mixin	WebGL2RenderingContextBase	0	operation	createSampler	
webgl2	interface mixin	WebGL2RenderingContextBase	0	operation	deleteSampler	
webgl2	interface mixin	WebGL2RenderingContextBase	0	operation	isSampler	
webgl2	interface mixin	WebGL2RenderingContextBase	0	operation	bindSampler	
webgl2	interface mixin	WebGL2RenderingContextBase	0	operation	samplerParameteri	
webgl2	interface mixin	WebGL2RenderingContextBase	0	operation	samplerParameterf	
webgl2	interface mixin	WebGL2RenderingContextBase	0	operation	getSamplerParameter	
webgl2	interface mixin	WebGL2RenderingContextBase	0	operation	fenceSync	
webgl2	interface mixin	WebGL2RenderingContextBase	0	operation	isSync	
webgl2	interface mixin	WebGL2RenderingContextBase	0	operation	deleteSync	
webgl2	interface mixin	WebGL2RenderingContextBase	0	operation	clientWaitSync	
webgl2	interface mixin	WebGL2RenderingContextBase	0	operation	waitSync	
webgl2	interface mixin	WebGL2RenderingContextBase	0	operation	getSyncParameter	
webgl2	interface mixin	WebGL2RenderingContextBase	0	operation	createTransformFeedback	
webgl2	interface mixin	WebGL2RenderingContextBase	0	operation	deleteTransformFeedback	
webgl2	interface mixin	WebGL2RenderingContextBase	0	operation	isTransformFeedback	
webgl2	interface mixin	WebGL2RenderingContextBase	0	operation	bindTransformFeedback	
webgl2	interface mixin	WebGL2RenderingContextBase	0	operation	beginTransformFeedback	
webgl2	interface mixin	WebGL2RenderingContextBase	0	operation	endTransformFeedback	
webgl2	interface mixin	WebGL2RenderingContextBase	0	operation	transformFeedbackVaryings	
webgl2	interface mixin	WebGL2RenderingContextBase	0	operation	getTransformFeedbackVarying	
webgl2	interface mixin	WebGL2RenderingContextBase	0	operation	pauseTransformFeedback	
webgl2	interface mixin	WebGL2RenderingContextBase	0	operation	resumeTransformFeedback	
webgl2	interface mixin	WebGL2RenderingContextBase	0	operation	bindBufferBase	
webgl2	interface mixin	WebGL2RenderingContextBase	0	operation	bindBufferRange	
webgl2	interface mixin	WebGL2RenderingContextBase	0	operation	getIndexedParameter	
webgl2	interface mixin	WebGL2RenderingContextBase	0	operation	getUniformIndices	
webgl2	interface mixin	WebGL2RenderingContextBase	0	operation	getActiveUniforms	
webgl2	interface mixin	WebGL2RenderingContextBase	0	operation	getUniformBlockIndex	
webgl2	interface mixin	WebGL2RenderingContextBase	0	operation	getActiveUniformBlockParameter	
webgl2	interface mixin	WebGL2RenderingContextBase	0	operation	getActiveUniformBlockName	
webgl2	interface mixin	WebGL2RenderingContextBase	0	operation	uniformBlockBinding	
webgl2	interface mixin	WebGL2RenderingContextBase	0	operation	createVertexArray	
webgl2	interface mixin	WebGL2RenderingContextBase	0	operation	deleteVertexArray	
webgl2	interface mixin	WebGL2RenderingContextBase	0	operation	isVertexArray	
webgl2	interface mixin	WebGL2RenderingContextBase	0	operation	bindVertexArray	
webgl2	interface mixin	WebGL2RenderingContextOverloads	0	operation	bufferData	
webgl2	interface mixin	WebGL2RenderingContextOverloads	0	operation	bufferData	
webgl2	interface mixin	WebGL2RenderingContextOverloads	0	operation	bufferSubData	
webgl2	interface mixin	WebGL2RenderingContextOverloads	0	operation	bufferData	
webgl2	interface mixin	WebGL2RenderingContextOverloads	0	operation	bufferSubData	
webgl2	interface mixin	WebGL2RenderingContextOverloads	0	operation	texImage2D	
webgl2	interface mixin	WebGL2RenderingContextOverloads	0	operation	texImage2D	
webgl2	interface mixin	WebGL2RenderingContextOverloads	0	operation	texSubImage2D	
webgl2	interface mixin	WebGL2RenderingContextOverloads	0	operation	texSubImage2D	
webgl2	interface mixin	WebGL2RenderingContextOverloads	0	operation	texImage2D	
webgl2	interface mixin	WebGL2RenderingContextOverloads	0	operation	texImage2D	
webgl2	interface mixin	WebGL2RenderingContextOverloads	0	operation	texImage2D	
webgl2	interface mixin	WebGL2RenderingContextOverloads	0	operation	texSubImage2D	
webgl2	interface mixin	WebGL2RenderingContextOverloads	0	operation	texSubImage2D	
webgl2	interface mixin	WebGL2RenderingContextOverloads	0	operation	texSubImage2D	
webgl2	interface mixin	WebGL2RenderingContextOverloads	0	operation	compressedTexImage2D	
webgl2	interface mixin	WebGL2RenderingContextOverloads	0	operation	compressedTexImage2D	
webgl2	interface mixin	WebGL2RenderingContextOverloads	0	operation	compressedTexSubImage2D	
webgl2	interface mixin	WebGL2RenderingContextOverloads	0	operation	compressedTexSubImage2D	
webgl2	interface mixin	WebGL2RenderingContextOverloads	0	operation	uniform1fv	
webgl2	interface mixin	WebGL2RenderingContextOverloads	0	operation	uniform2fv	
webgl2	interface mixin	WebGL2RenderingContextOverloads	0	operation	uniform3fv	
webgl2	interface mixin	WebGL2RenderingContextOverloads	0	operation	uniform4fv	
webgl2	interface mixin	WebGL2RenderingContextOverloads	0	operation	uniform1iv	
webgl2	interface mixin	WebGL2RenderingContextOverloads	0	operation	uniform2iv	
webgl2	interface mixin	WebGL2RenderingContextOverloads	0	operation	uniform3iv	
webgl2	interface mixin	WebGL2RenderingContextOverloads	0	operation	uniform4iv	
webgl2	interface mixin	WebGL2RenderingContextOverloads	0	operation	uniformMatrix2fv	
webgl2	interface mixin	WebGL2RenderingContextOverloads	0	operation	uniformMatrix3fv	
webgl2	interface mixin	WebGL2RenderingContextOverloads	0	operation	uniformMatrix4fv	
webgl2	interface mixin	WebGL2RenderingContextOverloads	0	operation	readPixels	
webgl2	interface mixin	WebGL2RenderingContextOverloads	0	operation	readPixels	
webgl2	interface mixin	WebGL2RenderingContextOverloads	0	operation	readPixels	
webgl2	interface	WebGL2RenderingContext	0			Window,Worker
webgl2	includes	WebGL2RenderingContext	0		WebGLRenderingContextBase	
webgl2	includes	WebGL2RenderingContext	0		WebGL2RenderingContextBase	
webgl2	includes	WebGL2RenderingContext	0		WebGL2RenderingContextOverloads	
webgpu	interface mixin	GPUObjectBase	0	attribute	label	
webgpu	dictionary	GPUObjectDescriptorBase	0	field	label	
webgpu	enum	GPUFeatureName	0			
webgpu	interface	GPUSupportedLimits	0	attribute	maxTextureDimension1D	Window,Worker
webgpu	interface	GPUSupportedLimits	0	attribute	maxTextureDimension2D	Window,Worker
webgpu	interface	GPUSupportedLimits	0	attribute	maxTextureDimension3D	Window,Worker
webgpu	interface	GPUSupportedLimits	0	attribute	maxTextureArrayLayers	Window,Worker
webgpu	interface	GPUSupportedLimits	0	attribute	maxBindGroups	Window,Worker
webgpu	interface	GPUSupportedLimits	0	attribute	maxBindGroupsPlusVertexBuffers	Window,Worker
webgpu	interface	GPUSupportedLimits	0	attribute	maxImmediateSize	Window,Worker
webgpu	interface	GPUSupportedLimits	0	attribute	maxBindingsPerBindGroup	Window,Worker
webgpu	interface	GPUSupportedLimits	0	attribute	maxDynamicUniformBuffersPerPipelineLayout	Window,Worker
webgpu	interface	GPUSupportedLimits	0	attribute	maxDynamicStorageBuffersPerPipelineLayout	Window,Worker
webgpu	interface	GPUSupportedLimits	0	attribute	maxSampledTexturesPerShaderStage	Window,Worker
webgpu	interface	GPUSupportedLimits	0	attribute	maxSamplersPerShaderStage	Window,Worker
webgpu	interface	GPUSupportedLimits	0	attribute	maxStorageBuffersPerShaderStage	Window,Worker
webgpu	interface	GPUSupportedLimits	0	attribute	maxStorageBuffersInVertexStage	Window,Worker
webgpu	interface	GPUSupportedLimits	0	attribute	maxStorageBuffersInFragmentStage	Window,Worker
webgpu	interface	GPUSupportedLimits	0	attribute	maxStorageTexturesPerShaderStage	Window,Worker
webgpu	interface	GPUSupportedLimits	0	attribute	maxStorageTexturesInVertexStage	Window,Worker
webgpu	interface	GPUSupportedLimits	0	attribute	maxStorageTexturesInFragmentStage	Window,Worker
webgpu	interface	GPUSupportedLimits	0	attribute	maxUniformBuffersPerShaderStage	Window,Worker
webgpu	interface	GPUSupportedLimits	0	attribute	maxUniformBufferBindingSize	Window,Worker
webgpu	interface	GPUSupportedLimits	0	attribute	maxStorageBufferBindingSize	Window,Worker
webgpu	interface	GPUSupportedLimits	0	attribute	minUniformBufferOffsetAlignment	Window,Worker
webgpu	interface	GPUSupportedLimits	0	attribute	minStorageBufferOffsetAlignment	Window,Worker
webgpu	interface	GPUSupportedLimits	0	attribute	maxVertexBuffers	Window,Worker
webgpu	interface	GPUSupportedLimits	0	attribute	maxBufferSize	Window,Worker
webgpu	interface	GPUSupportedLimits	0	attribute	maxVertexAttributes	Window,Worker
webgpu	interface	GPUSupportedLimits	0	attribute	maxVertexBufferArrayStride	Window,Worker
webgpu	interface	GPUSupportedLimits	0	attribute	maxInterStageShaderVariables	Window,Worker
webgpu	interface	GPUSupportedLimits	0	attribute	maxColorAttachments	Window,Worker
webgpu	interface	GPUSupportedLimits	0	attribute	maxColorAttachmentBytesPerSample	Window,Worker
webgpu	interface	GPUSupportedLimits	0	attribute	maxComputeWorkgroupStorageSize	Window,Worker
webgpu	interface	GPUSupportedLimits	0	attribute	maxComputeInvocationsPerWorkgroup	Window,Worker
webgpu	interface	GPUSupportedLimits	0	attribute	maxComputeWorkgroupSizeX	Window,Worker
webgpu	interface	GPUSupportedLimits	0	attribute	maxComputeWorkgroupSizeY	Window,Worker
webgpu	interface	GPUSupportedLimits	0	attribute	maxComputeWorkgroupSizeZ	Window,Worker
webgpu	interface	GPUSupportedLimits	0	attribute	maxComputeWorkgroupsPerDimension	Window,Worker
webgpu	interface	GPUSupportedFeatures	0	setlike	@@setlike	Window,Worker
webgpu	interface	WGSLLanguageFeatures	0	setlike	@@setlike	Window,Worker
webgpu	interface	GPUAdapterInfo	0	attribute	vendor	Window,Worker
webgpu	interface	GPUAdapterInfo	0	attribute	architecture	Window,Worker
webgpu	interface	GPUAdapterInfo	0	attribute	device	Window,Worker
webgpu	interface	GPUAdapterInfo	0	attribute	description	Window,Worker
webgpu	interface	GPUAdapterInfo	0	attribute	subgroupMinSize	Window,Worker
webgpu	interface	GPUAdapterInfo	0	attribute	subgroupMaxSize	Window,Worker
webgpu	interface	GPUAdapterInfo	0	attribute	isFallbackAdapter	Window,Worker
webgpu	interface mixin	NavigatorGPU	0	attribute	gpu	
webgpu	includes	Navigator	0		NavigatorGPU	
webgpu	includes	WorkerNavigator	0		NavigatorGPU	
webgpu	interface	GPU	0	operation	requestAdapter	Window,Worker
webgpu	interface	GPU	0	operation	getPreferredCanvasFormat	Window,Worker
webgpu	interface	GPU	0	attribute	wgslLanguageFeatures	Window,Worker
webgpu	dictionary	GPURequestAdapterOptions	0	field	featureLevel	
webgpu	dictionary	GPURequestAdapterOptions	0	field	powerPreference	
webgpu	dictionary	GPURequestAdapterOptions	0	field	forceFallbackAdapter	
webgpu	dictionary	GPURequestAdapterOptions	0	field	xrCompatible	
webgpu	enum	GPUPowerPreference	0			
webgpu	interface	GPUAdapter	0	attribute	features	Window,Worker
webgpu	interface	GPUAdapter	0	attribute	limits	Window,Worker
webgpu	interface	GPUAdapter	0	attribute	info	Window,Worker
webgpu	interface	GPUAdapter	0	operation	requestDevice	Window,Worker
webgpu	dictionary	GPUDeviceDescriptor	0	field	requiredFeatures	
webgpu	dictionary	GPUDeviceDescriptor	0	field	requiredLimits	
webgpu	dictionary	GPUDeviceDescriptor	0	field	defaultQueue	
webgpu	interface	GPUDevice	0	attribute	features	Window,Worker
webgpu	interface	GPUDevice	0	attribute	limits	Window,Worker
webgpu	interface	GPUDevice	0	attribute	adapterInfo	Window,Worker
webgpu	interface	GPUDevice	0	attribute	queue	Window,Worker
webgpu	interface	GPUDevice	0	operation	destroy	Window,Worker
webgpu	interface	GPUDevice	0	operation	createBuffer	Window,Worker
webgpu	interface	GPUDevice	0	operation	createTexture	Window,Worker
webgpu	interface	GPUDevice	0	operation	createSampler	Window,Worker
webgpu	interface	GPUDevice	0	operation	importExternalTexture	Window,Worker
webgpu	interface	GPUDevice	0	operation	createBindGroupLayout	Window,Worker
webgpu	interface	GPUDevice	0	operation	createPipelineLayout	Window,Worker
webgpu	interface	GPUDevice	0	operation	createBindGroup	Window,Worker
webgpu	interface	GPUDevice	0	operation	createShaderModule	Window,Worker
webgpu	interface	GPUDevice	0	operation	createComputePipeline	Window,Worker
webgpu	interface	GPUDevice	0	operation	createRenderPipeline	Window,Worker
webgpu	interface	GPUDevice	0	operation	createComputePipelineAsync	Window,Worker
webgpu	interface	GPUDevice	0	operation	createRenderPipelineAsync	Window,Worker
webgpu	interface	GPUDevice	0	operation	createCommandEncoder	Window,Worker
webgpu	interface	GPUDevice	0	operation	createRenderBundleEncoder	Window,Worker
webgpu	interface	GPUDevice	0	operation	createQuerySet	Window,Worker
webgpu	includes	GPUDevice	0		GPUObjectBase	
webgpu	interface	GPUBuffer	0	attribute	size	Window,Worker
webgpu	interface	GPUBuffer	0	attribute	usage	Window,Worker
webgpu	interface	GPUBuffer	0	attribute	mapState	Window,Worker
webgpu	interface	GPUBuffer	0	operation	mapAsync	Window,Worker
webgpu	interface	GPUBuffer	0	operation	getMappedRange	Window,Worker
webgpu	interface	GPUBuffer	0	operation	unmap	Window,Worker
webgpu	interface	GPUBuffer	0	operation	destroy	Window,Worker
webgpu	includes	GPUBuffer	0		GPUObjectBase	
webgpu	enum	GPUBufferMapState	0			
webgpu	dictionary	GPUBufferDescriptor	0	field	size	
webgpu	dictionary	GPUBufferDescriptor	0	field	usage	
webgpu	dictionary	GPUBufferDescriptor	0	field	mappedAtCreation	
webgpu	typedef	GPUBufferUsageFlags	0			
webgpu	namespace	GPUBufferUsage	0	const	MAP_READ	Window,Worker
webgpu	namespace	GPUBufferUsage	0	const	MAP_WRITE	Window,Worker
webgpu	namespace	GPUBufferUsage	0	const	COPY_SRC	Window,Worker
webgpu	namespace	GPUBufferUsage	0	const	COPY_DST	Window,Worker
webgpu	namespace	GPUBufferUsage	0	const	INDEX	Window,Worker
webgpu	namespace	GPUBufferUsage	0	const	VERTEX	Window,Worker
webgpu	namespace	GPUBufferUsage	0	const	UNIFORM	Window,Worker
webgpu	namespace	GPUBufferUsage	0	const	STORAGE	Window,Worker
webgpu	namespace	GPUBufferUsage	0	const	INDIRECT	Window,Worker
webgpu	namespace	GPUBufferUsage	0	const	QUERY_RESOLVE	Window,Worker
webgpu	typedef	GPUMapModeFlags	0			
webgpu	namespace	GPUMapMode	0	const	READ	Window,Worker
webgpu	namespace	GPUMapMode	0	const	WRITE	Window,Worker
webgpu	interface	GPUTexture	0	operation	createView	Window,Worker
webgpu	interface	GPUTexture	0	operation	destroy	Window,Worker
webgpu	interface	GPUTexture	0	attribute	width	Window,Worker
webgpu	interface	GPUTexture	0	attribute	height	Window,Worker
webgpu	interface	GPUTexture	0	attribute	depthOrArrayLayers	Window,Worker
webgpu	interface	GPUTexture	0	attribute	mipLevelCount	Window,Worker
webgpu	interface	GPUTexture	0	attribute	sampleCount	Window,Worker
webgpu	interface	GPUTexture	0	attribute	dimension	Window,Worker
webgpu	interface	GPUTexture	0	attribute	format	Window,Worker
webgpu	interface	GPUTexture	0	attribute	usage	Window,Worker
webgpu	interface	GPUTexture	0	attribute	textureBindingViewDimension	Window,Worker
webgpu	includes	GPUTexture	0		GPUObjectBase	
webgpu	dictionary	GPUTextureDescriptor	0	field	size	
webgpu	dictionary	GPUTextureDescriptor	0	field	mipLevelCount	
webgpu	dictionary	GPUTextureDescriptor	0	field	sampleCount	
webgpu	dictionary	GPUTextureDescriptor	0	field	dimension	
webgpu	dictionary	GPUTextureDescriptor	0	field	format	
webgpu	dictionary	GPUTextureDescriptor	0	field	usage	
webgpu	dictionary	GPUTextureDescriptor	0	field	viewFormats	
webgpu	dictionary	GPUTextureDescriptor	0	field	textureBindingViewDimension	
webgpu	enum	GPUTextureDimension	0			
webgpu	typedef	GPUTextureUsageFlags	0			
webgpu	namespace	GPUTextureUsage	0	const	COPY_SRC	Window,Worker
webgpu	namespace	GPUTextureUsage	0	const	COPY_DST	Window,Worker
webgpu	namespace	GPUTextureUsage	0	const	TEXTURE_BINDING	Window,Worker
webgpu	namespace	GPUTextureUsage	0	const	STORAGE_BINDING	Window,Worker
webgpu	namespace	GPUTextureUsage	0	const	RENDER_ATTACHMENT	Window,Worker
webgpu	namespace	GPUTextureUsage	0	const	TRANSIENT_ATTACHMENT	Window,Worker
webgpu	interface	GPUTextureView	0			Window,Worker
webgpu	includes	GPUTextureView	0		GPUObjectBase	
webgpu	dictionary	GPUTextureViewDescriptor	0	field	format	
webgpu	dictionary	GPUTextureViewDescriptor	0	field	dimension	
webgpu	dictionary	GPUTextureViewDescriptor	0	field	usage	
webgpu	dictionary	GPUTextureViewDescriptor	0	field	aspect	
webgpu	dictionary	GPUTextureViewDescriptor	0	field	baseMipLevel	
webgpu	dictionary	GPUTextureViewDescriptor	0	field	mipLevelCount	
webgpu	dictionary	GPUTextureViewDescriptor	0	field	baseArrayLayer	
webgpu	dictionary	GPUTextureViewDescriptor	0	field	arrayLayerCount	
webgpu	dictionary	GPUTextureViewDescriptor	0	field	swizzle	
webgpu	enum	GPUTextureViewDimension	0			
webgpu	enum	GPUTextureAspect	0			
webgpu	enum	GPUTextureFormat	0			
webgpu	interface	GPUExternalTexture	0			Window,Worker
webgpu	includes	GPUExternalTexture	0		GPUObjectBase	
webgpu	dictionary	GPUExternalTextureDescriptor	0	field	source	
webgpu	dictionary	GPUExternalTextureDescriptor	0	field	colorSpace	
webgpu	interface	GPUSampler	0			Window,Worker
webgpu	includes	GPUSampler	0		GPUObjectBase	
webgpu	dictionary	GPUSamplerDescriptor	0	field	addressModeU	
webgpu	dictionary	GPUSamplerDescriptor	0	field	addressModeV	
webgpu	dictionary	GPUSamplerDescriptor	0	field	addressModeW	
webgpu	dictionary	GPUSamplerDescriptor	0	field	magFilter	
webgpu	dictionary	GPUSamplerDescriptor	0	field	minFilter	
webgpu	dictionary	GPUSamplerDescriptor	0	field	mipmapFilter	
webgpu	dictionary	GPUSamplerDescriptor	0	field	lodMinClamp	
webgpu	dictionary	GPUSamplerDescriptor	0	field	lodMaxClamp	
webgpu	dictionary	GPUSamplerDescriptor	0	field	compare	
webgpu	dictionary	GPUSamplerDescriptor	0	field	maxAnisotropy	
webgpu	enum	GPUAddressMode	0			
webgpu	enum	GPUFilterMode	0			
webgpu	enum	GPUMipmapFilterMode	0			
webgpu	enum	GPUCompareFunction	0			
webgpu	interface	GPUBindGroupLayout	0			Window,Worker
webgpu	includes	GPUBindGroupLayout	0		GPUObjectBase	
webgpu	dictionary	GPUBindGroupLayoutDescriptor	0	field	entries	
webgpu	dictionary	GPUBindGroupLayoutEntry	0	field	binding	
webgpu	dictionary	GPUBindGroupLayoutEntry	0	field	visibility	
webgpu	dictionary	GPUBindGroupLayoutEntry	0	field	buffer	
webgpu	dictionary	GPUBindGroupLayoutEntry	0	field	sampler	
webgpu	dictionary	GPUBindGroupLayoutEntry	0	field	texture	
webgpu	dictionary	GPUBindGroupLayoutEntry	0	field	storageTexture	
webgpu	dictionary	GPUBindGroupLayoutEntry	0	field	externalTexture	
webgpu	typedef	GPUShaderStageFlags	0			
webgpu	namespace	GPUShaderStage	0	const	VERTEX	Window,Worker
webgpu	namespace	GPUShaderStage	0	const	FRAGMENT	Window,Worker
webgpu	namespace	GPUShaderStage	0	const	COMPUTE	Window,Worker
webgpu	enum	GPUBufferBindingType	0			
webgpu	dictionary	GPUBufferBindingLayout	0	field	type	
webgpu	dictionary	GPUBufferBindingLayout	0	field	hasDynamicOffset	
webgpu	dictionary	GPUBufferBindingLayout	0	field	minBindingSize	
webgpu	enum	GPUSamplerBindingType	0			
webgpu	dictionary	GPUSamplerBindingLayout	0	field	type	
webgpu	enum	GPUTextureSampleType	0			
webgpu	dictionary	GPUTextureBindingLayout	0	field	sampleType	
webgpu	dictionary	GPUTextureBindingLayout	0	field	viewDimension	
webgpu	dictionary	GPUTextureBindingLayout	0	field	multisampled	
webgpu	enum	GPUStorageTextureAccess	0			
webgpu	dictionary	GPUStorageTextureBindingLayout	0	field	access	
webgpu	dictionary	GPUStorageTextureBindingLayout	0	field	format	
webgpu	dictionary	GPUStorageTextureBindingLayout	0	field	viewDimension	
webgpu	dictionary	GPUExternalTextureBindingLayout	0			
webgpu	interface	GPUBindGroup	0			Window,Worker
webgpu	includes	GPUBindGroup	0		GPUObjectBase	
webgpu	dictionary	GPUBindGroupDescriptor	0	field	layout	
webgpu	dictionary	GPUBindGroupDescriptor	0	field	entries	
webgpu	typedef	GPUBindingResource	0			
webgpu	dictionary	GPUBindGroupEntry	0	field	binding	
webgpu	dictionary	GPUBindGroupEntry	0	field	resource	
webgpu	dictionary	GPUBufferBinding	0	field	buffer	
webgpu	dictionary	GPUBufferBinding	0	field	offset	
webgpu	dictionary	GPUBufferBinding	0	field	size	
webgpu	interface	GPUPipelineLayout	0			Window,Worker
webgpu	includes	GPUPipelineLayout	0		GPUObjectBase	
webgpu	dictionary	GPUPipelineLayoutDescriptor	0	field	bindGroupLayouts	
webgpu	dictionary	GPUPipelineLayoutDescriptor	0	field	immediateSize	
webgpu	interface	GPUShaderModule	0	operation	getCompilationInfo	Window,Worker
webgpu	includes	GPUShaderModule	0		GPUObjectBase	
webgpu	dictionary	GPUShaderModuleDescriptor	0	field	code	
webgpu	dictionary	GPUShaderModuleDescriptor	0	field	compilationHints	
webgpu	dictionary	GPUShaderModuleCompilationHint	0	field	entryPoint	
webgpu	dictionary	GPUShaderModuleCompilationHint	0	field	layout	
webgpu	enum	GPUCompilationMessageType	0			
webgpu	interface	GPUCompilationMessage	0	attribute	message	Window,Worker
webgpu	interface	GPUCompilationMessage	0	attribute	type	Window,Worker
webgpu	interface	GPUCompilationMessage	0	attribute	lineNum	Window,Worker
webgpu	interface	GPUCompilationMessage	0	attribute	linePos	Window,Worker
webgpu	interface	GPUCompilationMessage	0	attribute	offset	Window,Worker
webgpu	interface	GPUCompilationMessage	0	attribute	length	Window,Worker
webgpu	interface	GPUCompilationInfo	0	attribute	messages	Window,Worker
webgpu	interface	GPUPipelineError	0	constructor	constructor	Window,Worker
webgpu	interface	GPUPipelineError	0	attribute	reason	Window,Worker
webgpu	dictionary	GPUPipelineErrorInit	0	field	reason	
webgpu	enum	GPUPipelineErrorReason	0			
webgpu	enum	GPUAutoLayoutMode	0			
webgpu	dictionary	GPUPipelineDescriptorBase	0	field	layout	
webgpu	interface mixin	GPUPipelineBase	0	operation	getBindGroupLayout	
webgpu	dictionary	GPUProgrammableStage	0	field	module	
webgpu	dictionary	GPUProgrammableStage	0	field	entryPoint	
webgpu	dictionary	GPUProgrammableStage	0	field	constants	
webgpu	typedef	GPUPipelineConstantValue	0			
webgpu	interface	GPUComputePipeline	0			Window,Worker
webgpu	includes	GPUComputePipeline	0		GPUObjectBase	
webgpu	includes	GPUComputePipeline	0		GPUPipelineBase	
webgpu	dictionary	GPUComputePipelineDescriptor	0	field	compute	
webgpu	interface	GPURenderPipeline	0			Window,Worker
webgpu	includes	GPURenderPipeline	0		GPUObjectBase	
webgpu	includes	GPURenderPipeline	0		GPUPipelineBase	
webgpu	dictionary	GPURenderPipelineDescriptor	0	field	vertex	
webgpu	dictionary	GPURenderPipelineDescriptor	0	field	primitive	
webgpu	dictionary	GPURenderPipelineDescriptor	0	field	depthStencil	
webgpu	dictionary	GPURenderPipelineDescriptor	0	field	multisample	
webgpu	dictionary	GPURenderPipelineDescriptor	0	field	fragment	
webgpu	dictionary	GPUPrimitiveState	0	field	topology	
webgpu	dictionary	GPUPrimitiveState	0	field	stripIndexFormat	
webgpu	dictionary	GPUPrimitiveState	0	field	frontFace	
webgpu	dictionary	GPUPrimitiveState	0	field	cullMode	
webgpu	dictionary	GPUPrimitiveState	0	field	unclippedDepth	
webgpu	enum	GPUPrimitiveTopology	0			
webgpu	enum	GPUFrontFace	0			
webgpu	enum	GPUCullMode	0			
webgpu	dictionary	GPUMultisampleState	0	field	count	
webgpu	dictionary	GPUMultisampleState	0	field	mask	
webgpu	dictionary	GPUMultisampleState	0	field	alphaToCoverageEnabled	
webgpu	dictionary	GPUFragmentState	0	field	targets	
webgpu	dictionary	GPUColorTargetState	0	field	format	
webgpu	dictionary	GPUColorTargetState	0	field	blend	
webgpu	dictionary	GPUColorTargetState	0	field	writeMask	
webgpu	dictionary	GPUBlendState	0	field	color	
webgpu	dictionary	GPUBlendState	0	field	alpha	
webgpu	typedef	GPUColorWriteFlags	0			
webgpu	namespace	GPUColorWrite	0	const	RED	Window,Worker
webgpu	namespace	GPUColorWrite	0	const	GREEN	Window,Worker
webgpu	namespace	GPUColorWrite	0	const	BLUE	Window,Worker
webgpu	namespace	GPUColorWrite	0	const	ALPHA	Window,Worker
webgpu	namespace	GPUColorWrite	0	const	ALL	Window,Worker
webgpu	dictionary	GPUBlendComponent	0	field	operation	
webgpu	dictionary	GPUBlendComponent	0	field	srcFactor	
webgpu	dictionary	GPUBlendComponent	0	field	dstFactor	
webgpu	enum	GPUBlendFactor	0			
webgpu	enum	GPUBlendOperation	0			
webgpu	dictionary	GPUDepthStencilState	0	field	format	
webgpu	dictionary	GPUDepthStencilState	0	field	depthWriteEnabled	
webgpu	dictionary	GPUDepthStencilState	0	field	depthCompare	
webgpu	dictionary	GPUDepthStencilState	0	field	stencilFront	
webgpu	dictionary	GPUDepthStencilState	0	field	stencilBack	
webgpu	dictionary	GPUDepthStencilState	0	field	stencilReadMask	
webgpu	dictionary	GPUDepthStencilState	0	field	stencilWriteMask	
webgpu	dictionary	GPUDepthStencilState	0	field	depthBias	
webgpu	dictionary	GPUDepthStencilState	0	field	depthBiasSlopeScale	
webgpu	dictionary	GPUDepthStencilState	0	field	depthBiasClamp	
webgpu	dictionary	GPUStencilFaceState	0	field	compare	
webgpu	dictionary	GPUStencilFaceState	0	field	failOp	
webgpu	dictionary	GPUStencilFaceState	0	field	depthFailOp	
webgpu	dictionary	GPUStencilFaceState	0	field	passOp	
webgpu	enum	GPUStencilOperation	0			
webgpu	enum	GPUIndexFormat	0			
webgpu	enum	GPUVertexFormat	0			
webgpu	enum	GPUVertexStepMode	0			
webgpu	dictionary	GPUVertexState	0	field	buffers	
webgpu	dictionary	GPUVertexBufferLayout	0	field	arrayStride	
webgpu	dictionary	GPUVertexBufferLayout	0	field	stepMode	
webgpu	dictionary	GPUVertexBufferLayout	0	field	attributes	
webgpu	dictionary	GPUVertexAttribute	0	field	format	
webgpu	dictionary	GPUVertexAttribute	0	field	offset	
webgpu	dictionary	GPUVertexAttribute	0	field	shaderLocation	
webgpu	dictionary	GPUTexelCopyBufferLayout	0	field	offset	
webgpu	dictionary	GPUTexelCopyBufferLayout	0	field	bytesPerRow	
webgpu	dictionary	GPUTexelCopyBufferLayout	0	field	rowsPerImage	
webgpu	dictionary	GPUTexelCopyBufferInfo	0	field	buffer	
webgpu	dictionary	GPUTexelCopyTextureInfo	0	field	texture	
webgpu	dictionary	GPUTexelCopyTextureInfo	0	field	mipLevel	
webgpu	dictionary	GPUTexelCopyTextureInfo	0	field	origin	
webgpu	dictionary	GPUTexelCopyTextureInfo	0	field	aspect	
webgpu	dictionary	GPUCopyExternalImageDestInfo	0	field	colorSpace	
webgpu	dictionary	GPUCopyExternalImageDestInfo	0	field	premultipliedAlpha	
webgpu	typedef	GPUCopyExternalImageSource	0			
webgpu	dictionary	GPUCopyExternalImageSourceInfo	0	field	source	
webgpu	dictionary	GPUCopyExternalImageSourceInfo	0	field	origin	
webgpu	dictionary	GPUCopyExternalImageSourceInfo	0	field	flipY	
webgpu	interface	GPUCommandBuffer	0			Window,Worker
webgpu	includes	GPUCommandBuffer	0		GPUObjectBase	
webgpu	dictionary	GPUCommandBufferDescriptor	0			
webgpu	interface mixin	GPUCommandsMixin	0			
webgpu	interface	GPUCommandEncoder	0	operation	beginRenderPass	Window,Worker
webgpu	interface	GPUCommandEncoder	0	operation	beginComputePass	Window,Worker
webgpu	interface	GPUCommandEncoder	0	operation	copyBufferToBuffer	Window,Worker
webgpu	interface	GPUCommandEncoder	0	operation	copyBufferToBuffer	Window,Worker
webgpu	interface	GPUCommandEncoder	0	operation	copyBufferToTexture	Window,Worker
webgpu	interface	GPUCommandEncoder	0	operation	copyTextureToBuffer	Window,Worker
webgpu	interface	GPUCommandEncoder	0	operation	copyTextureToTexture	Window,Worker
webgpu	interface	GPUCommandEncoder	0	operation	clearBuffer	Window,Worker
webgpu	interface	GPUCommandEncoder	0	operation	resolveQuerySet	Window,Worker
webgpu	interface	GPUCommandEncoder	0	operation	finish	Window,Worker
webgpu	includes	GPUCommandEncoder	0		GPUObjectBase	
webgpu	includes	GPUCommandEncoder	0		GPUCommandsMixin	
webgpu	includes	GPUCommandEncoder	0		GPUDebugCommandsMixin	
webgpu	dictionary	GPUCommandEncoderDescriptor	0			
webgpu	interface mixin	GPUBindingCommandsMixin	0	operation	setBindGroup	
webgpu	interface mixin	GPUBindingCommandsMixin	0	operation	setBindGroup	
webgpu	interface mixin	GPUBindingCommandsMixin	0	operation	setImmediates	
webgpu	interface mixin	GPUDebugCommandsMixin	0	operation	pushDebugGroup	
webgpu	interface mixin	GPUDebugCommandsMixin	0	operation	popDebugGroup	
webgpu	interface mixin	GPUDebugCommandsMixin	0	operation	insertDebugMarker	
webgpu	interface	GPUComputePassEncoder	0	operation	setPipeline	Window,Worker
webgpu	interface	GPUComputePassEncoder	0	operation	dispatchWorkgroups	Window,Worker
webgpu	interface	GPUComputePassEncoder	0	operation	dispatchWorkgroupsIndirect	Window,Worker
webgpu	interface	GPUComputePassEncoder	0	operation	end	Window,Worker
webgpu	includes	GPUComputePassEncoder	0		GPUObjectBase	
webgpu	includes	GPUComputePassEncoder	0		GPUCommandsMixin	
webgpu	includes	GPUComputePassEncoder	0		GPUDebugCommandsMixin	
webgpu	includes	GPUComputePassEncoder	0		GPUBindingCommandsMixin	
webgpu	dictionary	GPUComputePassTimestampWrites	0	field	querySet	
webgpu	dictionary	GPUComputePassTimestampWrites	0	field	beginningOfPassWriteIndex	
webgpu	dictionary	GPUComputePassTimestampWrites	0	field	endOfPassWriteIndex	
webgpu	dictionary	GPUComputePassDescriptor	0	field	timestampWrites	
webgpu	interface	GPURenderPassEncoder	0	operation	setViewport	Window,Worker
webgpu	interface	GPURenderPassEncoder	0	operation	setScissorRect	Window,Worker
webgpu	interface	GPURenderPassEncoder	0	operation	setBlendConstant	Window,Worker
webgpu	interface	GPURenderPassEncoder	0	operation	setStencilReference	Window,Worker
webgpu	interface	GPURenderPassEncoder	0	operation	beginOcclusionQuery	Window,Worker
webgpu	interface	GPURenderPassEncoder	0	operation	endOcclusionQuery	Window,Worker
webgpu	interface	GPURenderPassEncoder	0	operation	executeBundles	Window,Worker
webgpu	interface	GPURenderPassEncoder	0	operation	end	Window,Worker
webgpu	includes	GPURenderPassEncoder	0		GPUObjectBase	
webgpu	includes	GPURenderPassEncoder	0		GPUCommandsMixin	
webgpu	includes	GPURenderPassEncoder	0		GPUDebugCommandsMixin	
webgpu	includes	GPURenderPassEncoder	0		GPUBindingCommandsMixin	
webgpu	includes	GPURenderPassEncoder	0		GPURenderCommandsMixin	
webgpu	dictionary	GPURenderPassTimestampWrites	0	field	querySet	
webgpu	dictionary	GPURenderPassTimestampWrites	0	field	beginningOfPassWriteIndex	
webgpu	dictionary	GPURenderPassTimestampWrites	0	field	endOfPassWriteIndex	
webgpu	dictionary	GPURenderPassDescriptor	0	field	colorAttachments	
webgpu	dictionary	GPURenderPassDescriptor	0	field	depthStencilAttachment	
webgpu	dictionary	GPURenderPassDescriptor	0	field	occlusionQuerySet	
webgpu	dictionary	GPURenderPassDescriptor	0	field	timestampWrites	
webgpu	dictionary	GPURenderPassDescriptor	0	field	maxDrawCount	
webgpu	dictionary	GPURenderPassColorAttachment	0	field	view	
webgpu	dictionary	GPURenderPassColorAttachment	0	field	depthSlice	
webgpu	dictionary	GPURenderPassColorAttachment	0	field	resolveTarget	
webgpu	dictionary	GPURenderPassColorAttachment	0	field	clearValue	
webgpu	dictionary	GPURenderPassColorAttachment	0	field	loadOp	
webgpu	dictionary	GPURenderPassColorAttachment	0	field	storeOp	
webgpu	dictionary	GPURenderPassDepthStencilAttachment	0	field	view	
webgpu	dictionary	GPURenderPassDepthStencilAttachment	0	field	depthClearValue	
webgpu	dictionary	GPURenderPassDepthStencilAttachment	0	field	depthLoadOp	
webgpu	dictionary	GPURenderPassDepthStencilAttachment	0	field	depthStoreOp	
webgpu	dictionary	GPURenderPassDepthStencilAttachment	0	field	depthReadOnly	
webgpu	dictionary	GPURenderPassDepthStencilAttachment	0	field	stencilClearValue	
webgpu	dictionary	GPURenderPassDepthStencilAttachment	0	field	stencilLoadOp	
webgpu	dictionary	GPURenderPassDepthStencilAttachment	0	field	stencilStoreOp	
webgpu	dictionary	GPURenderPassDepthStencilAttachment	0	field	stencilReadOnly	
webgpu	enum	GPULoadOp	0			
webgpu	enum	GPUStoreOp	0			
webgpu	dictionary	GPURenderPassLayout	0	field	colorFormats	
webgpu	dictionary	GPURenderPassLayout	0	field	depthStencilFormat	
webgpu	dictionary	GPURenderPassLayout	0	field	sampleCount	
webgpu	interface mixin	GPURenderCommandsMixin	0	operation	setPipeline	
webgpu	interface mixin	GPURenderCommandsMixin	0	operation	setIndexBuffer	
webgpu	interface mixin	GPURenderCommandsMixin	0	operation	setVertexBuffer	
webgpu	interface mixin	GPURenderCommandsMixin	0	operation	draw	
webgpu	interface mixin	GPURenderCommandsMixin	0	operation	drawIndexed	
webgpu	interface mixin	GPURenderCommandsMixin	0	operation	drawIndirect	
webgpu	interface mixin	GPURenderCommandsMixin	0	operation	drawIndexedIndirect	
webgpu	interface	GPURenderBundle	0			Window,Worker
webgpu	includes	GPURenderBundle	0		GPUObjectBase	
webgpu	dictionary	GPURenderBundleDescriptor	0			
webgpu	interface	GPURenderBundleEncoder	0	operation	finish	Window,Worker
webgpu	includes	GPURenderBundleEncoder	0		GPUObjectBase	
webgpu	includes	GPURenderBundleEncoder	0		GPUCommandsMixin	
webgpu	includes	GPURenderBundleEncoder	0		GPUDebugCommandsMixin	
webgpu	includes	GPURenderBundleEncoder	0		GPUBindingCommandsMixin	
webgpu	includes	GPURenderBundleEncoder	0		GPURenderCommandsMixin	
webgpu	dictionary	GPURenderBundleEncoderDescriptor	0	field	depthReadOnly	
webgpu	dictionary	GPURenderBundleEncoderDescriptor	0	field	stencilReadOnly	
webgpu	dictionary	GPUQueueDescriptor	0			
webgpu	interface	GPUQueue	0	operation	submit	Window,Worker
webgpu	interface	GPUQueue	0	operation	onSubmittedWorkDone	Window,Worker
webgpu	interface	GPUQueue	0	operation	writeBuffer	Window,Worker
webgpu	interface	GPUQueue	0	operation	writeTexture	Window,Worker
webgpu	interface	GPUQueue	0	operation	copyExternalImageToTexture	Window,Worker
webgpu	includes	GPUQueue	0		GPUObjectBase	
webgpu	interface	GPUQuerySet	0	operation	destroy	Window,Worker
webgpu	interface	GPUQuerySet	0	attribute	type	Window,Worker
webgpu	interface	GPUQuerySet	0	attribute	count	Window,Worker
webgpu	includes	GPUQuerySet	0		GPUObjectBase	
webgpu	dictionary	GPUQuerySetDescriptor	0	field	type	
webgpu	dictionary	GPUQuerySetDescriptor	0	field	count	
webgpu	enum	GPUQueryType	0			
webgpu	interface	GPUCanvasContext	0	attribute	canvas	Window,Worker
webgpu	interface	GPUCanvasContext	0	operation	configure	Window,Worker
webgpu	interface	GPUCanvasContext	0	operation	unconfigure	Window,Worker
webgpu	interface	GPUCanvasContext	0	operation	getConfiguration	Window,Worker
webgpu	interface	GPUCanvasContext	0	operation	getCurrentTexture	Window,Worker
webgpu	enum	GPUCanvasAlphaMode	0			
webgpu	enum	GPUCanvasToneMappingMode	0			
webgpu	dictionary	GPUCanvasToneMapping	0	field	mode	
webgpu	dictionary	GPUCanvasConfiguration	0	field	device	
webgpu	dictionary	GPUCanvasConfiguration	0	field	format	
webgpu	dictionary	GPUCanvasConfiguration	0	field	usage	
webgpu	dictionary	GPUCanvasConfiguration	0	field	viewFormats	
webgpu	dictionary	GPUCanvasConfiguration	0	field	colorSpace	
webgpu	dictionary	GPUCanvasConfiguration	0	field	toneMapping	
webgpu	dictionary	GPUCanvasConfiguration	0	field	alphaMode	
webgpu	enum	GPUDeviceLostReason	0			
webgpu	interface	GPUDeviceLostInfo	0	attribute	reason	Window,Worker
webgpu	interface	GPUDeviceLostInfo	0	attribute	message	Window,Worker
webgpu	interface	GPUDevice	1	attribute	lost	
webgpu	interface	GPUError	0	attribute	message	Window,Worker
webgpu	interface	GPUValidationError	0	constructor	constructor	Window,Worker
webgpu	interface	GPUOutOfMemoryError	0	constructor	constructor	Window,Worker
webgpu	interface	GPUInternalError	0	constructor	constructor	Window,Worker
webgpu	enum	GPUErrorFilter	0			
webgpu	interface	GPUDevice	1	operation	pushErrorScope	
webgpu	interface	GPUDevice	1	operation	popErrorScope	
webgpu	interface	GPUUncapturedErrorEvent	0	constructor	constructor	Window,Worker
webgpu	interface	GPUUncapturedErrorEvent	0	attribute	error	Window,Worker
webgpu	dictionary	GPUUncapturedErrorEventInit	0	field	error	
webgpu	interface	GPUDevice	1	attribute	onuncapturederror	
webgpu	typedef	GPUBufferDynamicOffset	0			
webgpu	typedef	GPUStencilValue	0			
webgpu	typedef	GPUSampleMask	0			
webgpu	typedef	GPUDepthBias	0			
webgpu	typedef	GPUSize64	0			
webgpu	typedef	GPUIntegerCoordinate	0			
webgpu	typedef	GPUIndex32	0			
webgpu	typedef	GPUSize32	0			
webgpu	typedef	GPUSignedOffset32	0			
webgpu	typedef	GPUSize64Out	0			
webgpu	typedef	GPUIntegerCoordinateOut	0			
webgpu	typedef	GPUSize32Out	0			
webgpu	typedef	GPUFlagsConstant	0			
webgpu	dictionary	GPUColorDict	0	field	r	
webgpu	dictionary	GPUColorDict	0	field	g	
webgpu	dictionary	GPUColorDict	0	field	b	
webgpu	dictionary	GPUColorDict	0	field	a	
webgpu	typedef	GPUColor	0			
webgpu	dictionary	GPUOrigin2DDict	0	field	x	
webgpu	dictionary	GPUOrigin2DDict	0	field	y	
webgpu	typedef	GPUOrigin2D	0			
webgpu	dictionary	GPUOrigin3DDict	0	field	x	
webgpu	dictionary	GPUOrigin3DDict	0	field	y	
webgpu	dictionary	GPUOrigin3DDict	0	field	z	
webgpu	typedef	GPUOrigin3D	0			
webgpu	dictionary	GPUExtent3DDict	0	field	width	
webgpu	dictionary	GPUExtent3DDict	0	field	height	
webgpu	dictionary	GPUExtent3DDict	0	field	depthOrArrayLayers	
webgpu	typedef	GPUExtent3D	0			
webhid	interface	Navigator	1	attribute	hid	
webhid	interface	WorkerNavigator	1	attribute	hid	DedicatedWorker,ServiceWorker
webhid	interface	HID	0	attribute	onconnect	DedicatedWorker,ServiceWorker,Window
webhid	interface	HID	0	attribute	ondisconnect	DedicatedWorker,ServiceWorker,Window
webhid	interface	HID	0	operation	getDevices	DedicatedWorker,ServiceWorker,Window
webhid	interface	HID	0	operation	requestDevice	DedicatedWorker,ServiceWorker,Window
webhid	dictionary	HIDDeviceRequestOptions	0	field	filters	
webhid	dictionary	HIDDeviceRequestOptions	0	field	exclusionFilters	
webhid	dictionary	HIDDeviceFilter	0	field	vendorId	
webhid	dictionary	HIDDeviceFilter	0	field	productId	
webhid	dictionary	HIDDeviceFilter	0	field	usagePage	
webhid	dictionary	HIDDeviceFilter	0	field	usage	
webhid	interface	HIDDevice	0	attribute	oninputreport	DedicatedWorker,ServiceWorker,Window
webhid	interface	HIDDevice	0	attribute	opened	DedicatedWorker,ServiceWorker,Window
webhid	interface	HIDDevice	0	attribute	vendorId	DedicatedWorker,ServiceWorker,Window
webhid	interface	HIDDevice	0	attribute	productId	DedicatedWorker,ServiceWorker,Window
webhid	interface	HIDDevice	0	attribute	productName	DedicatedWorker,ServiceWorker,Window
webhid	interface	HIDDevice	0	attribute	collections	DedicatedWorker,ServiceWorker,Window
webhid	interface	HIDDevice	0	operation	open	DedicatedWorker,ServiceWorker,Window
webhid	interface	HIDDevice	0	operation	close	DedicatedWorker,ServiceWorker,Window
webhid	interface	HIDDevice	0	operation	forget	DedicatedWorker,ServiceWorker,Window
webhid	interface	HIDDevice	0	operation	sendReport	DedicatedWorker,ServiceWorker,Window
webhid	interface	HIDDevice	0	operation	sendFeatureReport	DedicatedWorker,ServiceWorker,Window
webhid	interface	HIDDevice	0	operation	receiveFeatureReport	DedicatedWorker,ServiceWorker,Window
webhid	interface	HIDConnectionEvent	0	constructor	constructor	DedicatedWorker,ServiceWorker,Window
webhid	interface	HIDConnectionEvent	0	attribute	device	DedicatedWorker,ServiceWorker,Window
webhid	dictionary	HIDConnectionEventInit	0	field	device	
webhid	interface	HIDInputReportEvent	0	constructor	constructor	DedicatedWorker,ServiceWorker,Window
webhid	interface	HIDInputReportEvent	0	attribute	device	DedicatedWorker,ServiceWorker,Window
webhid	interface	HIDInputReportEvent	0	attribute	reportId	DedicatedWorker,ServiceWorker,Window
webhid	interface	HIDInputReportEvent	0	attribute	data	DedicatedWorker,ServiceWorker,Window
webhid	dictionary	HIDInputReportEventInit	0	field	device	
webhid	dictionary	HIDInputReportEventInit	0	field	reportId	
webhid	dictionary	HIDInputReportEventInit	0	field	data	
webhid	dictionary	HIDCollectionInfo	0	field	usagePage	
webhid	dictionary	HIDCollectionInfo	0	field	usage	
webhid	dictionary	HIDCollectionInfo	0	field	type	
webhid	dictionary	HIDCollectionInfo	0	field	children	
webhid	dictionary	HIDCollectionInfo	0	field	inputReports	
webhid	dictionary	HIDCollectionInfo	0	field	outputReports	
webhid	dictionary	HIDCollectionInfo	0	field	featureReports	
webhid	dictionary	HIDReportInfo	0	field	reportId	
webhid	dictionary	HIDReportInfo	0	field	items	
webhid	dictionary	HIDReportItem	0	field	isAbsolute	
webhid	dictionary	HIDReportItem	0	field	isArray	
webhid	dictionary	HIDReportItem	0	field	isBufferedBytes	
webhid	dictionary	HIDReportItem	0	field	isConstant	
webhid	dictionary	HIDReportItem	0	field	isLinear	
webhid	dictionary	HIDReportItem	0	field	isRange	
webhid	dictionary	HIDReportItem	0	field	isVolatile	
webhid	dictionary	HIDReportItem	0	field	hasNull	
webhid	dictionary	HIDReportItem	0	field	hasPreferredState	
webhid	dictionary	HIDReportItem	0	field	wrap	
webhid	dictionary	HIDReportItem	0	field	usages	
webhid	dictionary	HIDReportItem	0	field	usageMinimum	
webhid	dictionary	HIDReportItem	0	field	usageMaximum	
webhid	dictionary	HIDReportItem	0	field	reportSize	
webhid	dictionary	HIDReportItem	0	field	reportCount	
webhid	dictionary	HIDReportItem	0	field	unitExponent	
webhid	dictionary	HIDReportItem	0	field	unitSystem	
webhid	dictionary	HIDReportItem	0	field	unitFactorLengthExponent	
webhid	dictionary	HIDReportItem	0	field	unitFactorMassExponent	
webhid	dictionary	HIDReportItem	0	field	unitFactorTimeExponent	
webhid	dictionary	HIDReportItem	0	field	unitFactorTemperatureExponent	
webhid	dictionary	HIDReportItem	0	field	unitFactorCurrentExponent	
webhid	dictionary	HIDReportItem	0	field	unitFactorLuminousIntensityExponent	
webhid	dictionary	HIDReportItem	0	field	logicalMinimum	
webhid	dictionary	HIDReportItem	0	field	logicalMaximum	
webhid	dictionary	HIDReportItem	0	field	physicalMinimum	
webhid	dictionary	HIDReportItem	0	field	physicalMaximum	
webhid	dictionary	HIDReportItem	0	field	strings	
webhid	enum	HIDUnitSystem	0			
webidl	interface	QuotaExceededError	0	constructor	constructor	*
webidl	interface	QuotaExceededError	0	attribute	quota	*
webidl	interface	QuotaExceededError	0	attribute	requested	*
webidl	dictionary	QuotaExceededErrorOptions	0	field	quota	
webidl	dictionary	QuotaExceededErrorOptions	0	field	requested	
webidl	typedef	ArrayBufferView	0			
webidl	typedef	BufferSource	0			
webidl	typedef	AllowSharedBufferSource	0			
webidl	interface	DOMException	0	constructor	constructor	*
webidl	interface	DOMException	0	attribute	name	*
webidl	interface	DOMException	0	attribute	message	*
webidl	interface	DOMException	0	attribute	code	*
webidl	interface	DOMException	0	const	INDEX_SIZE_ERR	*
webidl	interface	DOMException	0	const	DOMSTRING_SIZE_ERR	*
webidl	interface	DOMException	0	const	HIERARCHY_REQUEST_ERR	*
webidl	interface	DOMException	0	const	WRONG_DOCUMENT_ERR	*
webidl	interface	DOMException	0	const	INVALID_CHARACTER_ERR	*
webidl	interface	DOMException	0	const	NO_DATA_ALLOWED_ERR	*
webidl	interface	DOMException	0	const	NO_MODIFICATION_ALLOWED_ERR	*
webidl	interface	DOMException	0	const	NOT_FOUND_ERR	*
webidl	interface	DOMException	0	const	NOT_SUPPORTED_ERR	*
webidl	interface	DOMException	0	const	INUSE_ATTRIBUTE_ERR	*
webidl	interface	DOMException	0	const	INVALID_STATE_ERR	*
webidl	interface	DOMException	0	const	SYNTAX_ERR	*
webidl	interface	DOMException	0	const	INVALID_MODIFICATION_ERR	*
webidl	interface	DOMException	0	const	NAMESPACE_ERR	*
webidl	interface	DOMException	0	const	INVALID_ACCESS_ERR	*
webidl	interface	DOMException	0	const	VALIDATION_ERR	*
webidl	interface	DOMException	0	const	TYPE_MISMATCH_ERR	*
webidl	interface	DOMException	0	const	SECURITY_ERR	*
webidl	interface	DOMException	0	const	NETWORK_ERR	*
webidl	interface	DOMException	0	const	ABORT_ERR	*
webidl	interface	DOMException	0	const	URL_MISMATCH_ERR	*
webidl	interface	DOMException	0	const	QUOTA_EXCEEDED_ERR	*
webidl	interface	DOMException	0	const	TIMEOUT_ERR	*
webidl	interface	DOMException	0	const	INVALID_NODE_TYPE_ERR	*
webidl	interface	DOMException	0	const	DATA_CLONE_ERR	*
webidl	callback	Function	0			
webidl	callback	VoidFunction	0			
webmcp	interface	Document	1	attribute	modelContext	
webmcp	interface	ModelContext	0	operation	registerTool	Window
webmcp	interface	ModelContext	0	operation	getTools	Window
webmcp	interface	ModelContext	0	operation	executeTool	Window
webmcp	interface	ModelContext	0	attribute	ontoolchange	Window
webmcp	dictionary	ModelContextTool	0	field	name	
webmcp	dictionary	ModelContextTool	0	field	title	
webmcp	dictionary	ModelContextTool	0	field	description	
webmcp	dictionary	ModelContextTool	0	field	inputSchema	
webmcp	dictionary	ModelContextTool	0	field	execute	
webmcp	dictionary	ModelContextTool	0	field	annotations	
webmcp	dictionary	ToolAnnotations	0	field	readOnlyHint	
webmcp	dictionary	ToolAnnotations	0	field	untrustedContentHint	
webmcp	dictionary	ToolAnnotations	0	field	consequentialHint	
webmcp	dictionary	ToolExecuteCallbackOptions	0	field	signal	
webmcp	callback	ToolExecuteCallback	0			
webmcp	dictionary	ModelContextRegisterToolOptions	0	field	exposedTo	
webmcp	dictionary	ModelContextRegisterToolOptions	0	field	signal	
webmcp	dictionary	ModelContextGetToolOptions	0	field	fromOrigins	
webmcp	dictionary	ModelContextExecuteToolOptions	0	field	signal	
webmcp	dictionary	RegisteredTool	0	field	name	
webmcp	dictionary	RegisteredTool	0	field	title	
webmcp	dictionary	RegisteredTool	0	field	description	
webmcp	dictionary	RegisteredTool	0	field	inputSchema	
webmcp	dictionary	RegisteredTool	0	field	window	
webmcp	dictionary	RegisteredTool	0	field	origin	
webmcp	dictionary	RegisteredTool	0	field	annotations	
webmidi	dictionary	MidiPermissionDescriptor	0	field	sysex	
webmidi	interface	Navigator	1	operation	requestMIDIAccess	
webmidi	dictionary	MIDIOptions	0	field	sysex	
webmidi	dictionary	MIDIOptions	0	field	software	
webmidi	interface	MIDIInputMap	0	maplike	@@maplike	Window,Worker
webmidi	interface	MIDIOutputMap	0	maplike	@@maplike	Window,Worker
webmidi	interface	MIDIAccess	0	attribute	inputs	Window,Worker
webmidi	interface	MIDIAccess	0	attribute	outputs	Window,Worker
webmidi	interface	MIDIAccess	0	attribute	onstatechange	Window,Worker
webmidi	interface	MIDIAccess	0	attribute	sysexEnabled	Window,Worker
webmidi	interface	MIDIPort	0	attribute	id	Window,Worker
webmidi	interface	MIDIPort	0	attribute	manufacturer	Window,Worker
webmidi	interface	MIDIPort	0	attribute	name	Window,Worker
webmidi	interface	MIDIPort	0	attribute	type	Window,Worker
webmidi	interface	MIDIPort	0	attribute	version	Window,Worker
webmidi	interface	MIDIPort	0	attribute	state	Window,Worker
webmidi	interface	MIDIPort	0	attribute	connection	Window,Worker
webmidi	interface	MIDIPort	0	attribute	onstatechange	Window,Worker
webmidi	interface	MIDIPort	0	operation	open	Window,Worker
webmidi	interface	MIDIPort	0	operation	close	Window,Worker
webmidi	interface	MIDIInput	0	attribute	onmidimessage	Window,Worker
webmidi	interface	MIDIOutput	0	operation	send	Window,Worker
webmidi	interface	MIDIOutput	0	operation	clear	Window,Worker
webmidi	enum	MIDIPortType	0			
webmidi	enum	MIDIPortDeviceState	0			
webmidi	enum	MIDIPortConnectionState	0			
webmidi	interface	MIDIMessageEvent	0	constructor	constructor	Window,Worker
webmidi	interface	MIDIMessageEvent	0	attribute	data	Window,Worker
webmidi	dictionary	MIDIMessageEventInit	0	field	data	
webmidi	interface	MIDIConnectionEvent	0	constructor	constructor	Window,Worker
webmidi	interface	MIDIConnectionEvent	0	attribute	port	Window,Worker
webmidi	dictionary	MIDIConnectionEventInit	0	field	port	
webnn	interface mixin	NavigatorML	0	attribute	ml	
webnn	includes	Navigator	0		NavigatorML	
webnn	includes	WorkerNavigator	0		NavigatorML	
webnn	enum	MLPowerPreference	0			
webnn	dictionary	MLContextOptions	0	field	powerPreference	
webnn	dictionary	MLContextOptions	0	field	accelerated	
webnn	interface	ML	0	operation	createContext	Window,Worker
webnn	interface	ML	0	operation	createContext	Window,Worker
webnn	typedef	MLNamedTensors	0			
webnn	dictionary	MLContextLostInfo	0	field	message	
webnn	interface	MLContext	0	operation	dispatch	Window,Worker
webnn	interface	MLContext	0	operation	createTensor	Window,Worker
webnn	interface	MLContext	0	operation	createExportableTensor	Window,Worker
webnn	interface	MLContext	0	operation	createConstantTensor	Window,Worker
webnn	interface	MLContext	0	operation	readTensor	Window,Worker
webnn	interface	MLContext	0	operation	readTensor	Window,Worker
webnn	interface	MLContext	0	operation	writeTensor	Window,Worker
webnn	interface	MLContext	0	operation	exportToGPU	Window,Worker
webnn	interface	MLContext	0	operation	opSupportLimits	Window,Worker
webnn	interface	MLContext	0	operation	destroy	Window,Worker
webnn	interface	MLContext	0	attribute	accelerated	Window,Worker
webnn	interface	MLContext	0	attribute	lost	Window,Worker
webnn	dictionary	MLOpSupportLimits	0	field	preferredInputLayout	
webnn	dictionary	MLOpSupportLimits	0	field	maxTensorByteLength	
webnn	dictionary	MLOpSupportLimits	0	field	input	
webnn	dictionary	MLOpSupportLimits	0	field	constant	
webnn	dictionary	MLOpSupportLimits	0	field	output	
webnn	dictionary	MLRankRange	0	field	min	
webnn	dictionary	MLRankRange	0	field	max	
webnn	typedef	MLDataTypeList	0			
webnn	dictionary	MLTensorLimits	0	field	dataTypes	
webnn	dictionary	MLTensorLimits	0	field	rankRange	
webnn	dictionary	MLBinarySupportLimits	0	field	a	
webnn	dictionary	MLBinarySupportLimits	0	field	b	
webnn	dictionary	MLBinarySupportLimits	0	field	output	
webnn	dictionary	MLSingleInputSupportLimits	0	field	input	
webnn	dictionary	MLSingleInputSupportLimits	0	field	output	
webnn	interface	MLGraph	0	operation	destroy	Window,Worker
webnn	enum	MLInputOperandLayout	0			
webnn	enum	MLOperandDataType	0			
webnn	dictionary	MLOperandDescriptor	0	field	dataType	
webnn	dictionary	MLOperandDescriptor	0	field	shape	
webnn	interface	MLOperand	0	attribute	dataType	Window,Worker
webnn	interface	MLOperand	0	attribute	shape	Window,Worker
webnn	dictionary	MLOperatorOptions	0	field	label	
webnn	typedef	MLNumber	0			
webnn	dictionary	MLTensorDescriptor	0	field	readable	
webnn	dictionary	MLTensorDescriptor	0	field	writable	
webnn	interface	MLTensor	0	attribute	dataType	Window,Worker
webnn	interface	MLTensor	0	attribute	shape	Window,Worker
webnn	interface	MLTensor	0	attribute	readable	Window,Worker
webnn	interface	MLTensor	0	attribute	writable	Window,Worker
webnn	interface	MLTensor	0	attribute	constant	Window,Worker
webnn	interface	MLTensor	0	operation	destroy	Window,Worker
webnn	typedef	MLNamedOperands	0			
webnn	interface	MLGraphBuilder	0	constructor	constructor	Window,Worker
webnn	interface	MLGraphBuilder	0	operation	input	Window,Worker
webnn	interface	MLGraphBuilder	0	operation	constant	Window,Worker
webnn	interface	MLGraphBuilder	0	operation	constant	Window,Worker
webnn	interface	MLGraphBuilder	0	operation	constant	Window,Worker
webnn	interface	MLGraphBuilder	0	operation	build	Window,Worker
webnn	dictionary	MLArgMinMaxOptions	0	field	keepDimensions	
webnn	dictionary	MLArgMinMaxOptions	0	field	outputDataType	
webnn	interface	MLGraphBuilder	1	operation	argMin	
webnn	interface	MLGraphBuilder	1	operation	argMax	
webnn	dictionary	MLOpSupportLimits	1	field	argMin	
webnn	dictionary	MLOpSupportLimits	1	field	argMax	
webnn	dictionary	MLBatchNormalizationOptions	0	field	scale	
webnn	dictionary	MLBatchNormalizationOptions	0	field	bias	
webnn	dictionary	MLBatchNormalizationOptions	0	field	axis	
webnn	dictionary	MLBatchNormalizationOptions	0	field	epsilon	
webnn	interface	MLGraphBuilder	1	operation	batchNormalization	
webnn	dictionary	MLBatchNormalizationSupportLimits	0	field	input	
webnn	dictionary	MLBatchNormalizationSupportLimits	0	field	mean	
webnn	dictionary	MLBatchNormalizationSupportLimits	0	field	variance	
webnn	dictionary	MLBatchNormalizationSupportLimits	0	field	scale	
webnn	dictionary	MLBatchNormalizationSupportLimits	0	field	bias	
webnn	dictionary	MLBatchNormalizationSupportLimits	0	field	output	
webnn	dictionary	MLOpSupportLimits	1	field	batchNormalization	
webnn	interface	MLGraphBuilder	1	operation	cast	
webnn	dictionary	MLOpSupportLimits	1	field	cast	
webnn	dictionary	MLClampOptions	0	field	minValue	
webnn	dictionary	MLClampOptions	0	field	maxValue	
webnn	interface	MLGraphBuilder	1	operation	clamp	
webnn	dictionary	MLOpSupportLimits	1	field	clamp	
webnn	interface	MLGraphBuilder	1	operation	concat	
webnn	dictionary	MLConcatSupportLimits	0	field	inputs	
webnn	dictionary	MLConcatSupportLimits	0	field	output	
webnn	dictionary	MLOpSupportLimits	1	field	concat	
webnn	enum	MLConv2dFilterOperandLayout	0			
webnn	dictionary	MLConv2dOptions	0	field	padding	
webnn	dictionary	MLConv2dOptions	0	field	strides	
webnn	dictionary	MLConv2dOptions	0	field	dilations	
webnn	dictionary	MLConv2dOptions	0	field	groups	
webnn	dictionary	MLConv2dOptions	0	field	inputLayout	
webnn	dictionary	MLConv2dOptions	0	field	filterLayout	
webnn	dictionary	MLConv2dOptions	0	field	bias	
webnn	interface	MLGraphBuilder	1	operation	conv2d	
webnn	dictionary	MLConv2dSupportLimits	0	field	input	
webnn	dictionary	MLConv2dSupportLimits	0	field	filter	
webnn	dictionary	MLConv2dSupportLimits	0	field	bias	
webnn	dictionary	MLConv2dSupportLimits	0	field	output	
webnn	dictionary	MLOpSupportLimits	1	field	conv2d	
webnn	enum	MLConvTranspose2dFilterOperandLayout	0			
webnn	dictionary	MLConvTranspose2dOptions	0	field	padding	
webnn	dictionary	MLConvTranspose2dOptions	0	field	strides	
webnn	dictionary	MLConvTranspose2dOptions	0	field	dilations	
webnn	dictionary	MLConvTranspose2dOptions	0	field	outputPadding	
webnn	dictionary	MLConvTranspose2dOptions	0	field	outputSizes	
webnn	dictionary	MLConvTranspose2dOptions	0	field	groups	
webnn	dictionary	MLConvTranspose2dOptions	0	field	inputLayout	
webnn	dictionary	MLConvTranspose2dOptions	0	field	filterLayout	
webnn	dictionary	MLConvTranspose2dOptions	0	field	bias	
webnn	interface	MLGraphBuilder	1	operation	convTranspose2d	
webnn	dictionary	MLOpSupportLimits	1	field	convTranspose2d	
webnn	dictionary	MLCumulativeSumOptions	0	field	exclusive	
webnn	dictionary	MLCumulativeSumOptions	0	field	reversed	
webnn	interface	MLGraphBuilder	1	operation	cumulativeSum	
webnn	dictionary	MLOpSupportLimits	1	field	cumulativeSum	
webnn	interface	MLGraphBuilder	1	operation	add	
webnn	interface	MLGraphBuilder	1	operation	sub	
webnn	interface	MLGraphBuilder	1	operation	mul	
webnn	interface	MLGraphBuilder	1	operation	div	
webnn	interface	MLGraphBuilder	1	operation	max	
webnn	interface	MLGraphBuilder	1	operation	min	
webnn	interface	MLGraphBuilder	1	operation	pow	
webnn	dictionary	MLOpSupportLimits	1	field	add	
webnn	dictionary	MLOpSupportLimits	1	field	sub	
webnn	dictionary	MLOpSupportLimits	1	field	mul	
webnn	dictionary	MLOpSupportLimits	1	field	div	
webnn	dictionary	MLOpSupportLimits	1	field	max	
webnn	dictionary	MLOpSupportLimits	1	field	min	
webnn	dictionary	MLOpSupportLimits	1	field	pow	
webnn	interface	MLGraphBuilder	1	operation	equal	
webnn	interface	MLGraphBuilder	1	operation	notEqual	
webnn	interface	MLGraphBuilder	1	operation	greater	
webnn	interface	MLGraphBuilder	1	operation	greaterOrEqual	
webnn	interface	MLGraphBuilder	1	operation	lesser	
webnn	interface	MLGraphBuilder	1	operation	lesserOrEqual	
webnn	interface	MLGraphBuilder	1	operation	logicalNot	
webnn	interface	MLGraphBuilder	1	operation	logicalAnd	
webnn	interface	MLGraphBuilder	1	operation	logicalOr	
webnn	interface	MLGraphBuilder	1	operation	logicalXor	
webnn	interface	MLGraphBuilder	1	operation	isNaN	
webnn	interface	MLGraphBuilder	1	operation	isInfinite	
webnn	dictionary	MLLogicalNotSupportLimits	0	field	a	
webnn	dictionary	MLLogicalNotSupportLimits	0	field	output	
webnn	dictionary	MLOpSupportLimits	1	field	equal	
webnn	dictionary	MLOpSupportLimits	1	field	notEqual	
webnn	dictionary	MLOpSupportLimits	1	field	greater	
webnn	dictionary	MLOpSupportLimits	1	field	greaterOrEqual	
webnn	dictionary	MLOpSupportLimits	1	field	lesser	
webnn	dictionary	MLOpSupportLimits	1	field	lesserOrEqual	
webnn	dictionary	MLOpSupportLimits	1	field	logicalNot	
webnn	dictionary	MLOpSupportLimits	1	field	logicalAnd	
webnn	dictionary	MLOpSupportLimits	1	field	logicalOr	
webnn	dictionary	MLOpSupportLimits	1	field	logicalXor	
webnn	dictionary	MLOpSupportLimits	1	field	isNaN	
webnn	dictionary	MLOpSupportLimits	1	field	isInfinite	
webnn	interface	MLGraphBuilder	1	operation	abs	
webnn	interface	MLGraphBuilder	1	operation	ceil	
webnn	interface	MLGraphBuilder	1	operation	cos	
webnn	interface	MLGraphBuilder	1	operation	erf	
webnn	interface	MLGraphBuilder	1	operation	exp	
webnn	interface	MLGraphBuilder	1	operation	floor	
webnn	interface	MLGraphBuilder	1	operation	identity	
webnn	interface	MLGraphBuilder	1	operation	log	
webnn	interface	MLGraphBuilder	1	operation	neg	
webnn	interface	MLGraphBuilder	1	operation	reciprocal	
webnn	interface	MLGraphBuilder	1	operation	roundEven	
webnn	interface	MLGraphBuilder	1	operation	sin	
webnn	interface	MLGraphBuilder	1	operation	sign	
webnn	interface	MLGraphBuilder	1	operation	sqrt	
webnn	interface	MLGraphBuilder	1	operation	tan	
webnn	dictionary	MLOpSupportLimits	1	field	abs	
webnn	dictionary	MLOpSupportLimits	1	field	ceil	
webnn	dictionary	MLOpSupportLimits	1	field	cos	
webnn	dictionary	MLOpSupportLimits	1	field	erf	
webnn	dictionary	MLOpSupportLimits	1	field	exp	
webnn	dictionary	MLOpSupportLimits	1	field	floor	
webnn	dictionary	MLOpSupportLimits	1	field	identity	
webnn	dictionary	MLOpSupportLimits	1	field	log	
webnn	dictionary	MLOpSupportLimits	1	field	neg	
webnn	dictionary	MLOpSupportLimits	1	field	reciprocal	
webnn	dictionary	MLOpSupportLimits	1	field	roundEven	
webnn	dictionary	MLOpSupportLimits	1	field	sin	
webnn	dictionary	MLOpSupportLimits	1	field	sign	
webnn	dictionary	MLOpSupportLimits	1	field	sqrt	
webnn	dictionary	MLOpSupportLimits	1	field	tan	
webnn	interface	MLGraphBuilder	1	operation	dequantizeLinear	
webnn	dictionary	MLQuantizeDequantizeLinearSupportLimits	0	field	input	
webnn	dictionary	MLQuantizeDequantizeLinearSupportLimits	0	field	scale	
webnn	dictionary	MLQuantizeDequantizeLinearSupportLimits	0	field	zeroPoint	
webnn	dictionary	MLQuantizeDequantizeLinearSupportLimits	0	field	output	
webnn	dictionary	MLOpSupportLimits	1	field	dequantizeLinear	
webnn	interface	MLGraphBuilder	1	operation	quantizeLinear	
webnn	dictionary	MLOpSupportLimits	1	field	quantizeLinear	
webnn	dictionary	MLEluOptions	0	field	alpha	
webnn	interface	MLGraphBuilder	1	operation	elu	
webnn	dictionary	MLOpSupportLimits	1	field	elu	
webnn	interface	MLGraphBuilder	1	operation	expand	
webnn	dictionary	MLOpSupportLimits	1	field	expand	
webnn	dictionary	MLGatherOptions	0	field	axis	
webnn	interface	MLGraphBuilder	1	operation	gather	
webnn	dictionary	MLGatherSupportLimits	0	field	input	
webnn	dictionary	MLGatherSupportLimits	0	field	indices	
webnn	dictionary	MLGatherSupportLimits	0	field	output	
webnn	dictionary	MLOpSupportLimits	1	field	gather	
webnn	interface	MLGraphBuilder	1	operation	gatherElements	
webnn	dictionary	MLOpSupportLimits	1	field	gatherElements	
webnn	interface	MLGraphBuilder	1	operation	gatherND	
webnn	dictionary	MLOpSupportLimits	1	field	gatherND	
webnn	interface	MLGraphBuilder	1	operation	gelu	
webnn	dictionary	MLOpSupportLimits	1	field	gelu	
webnn	dictionary	MLGemmOptions	0	field	c	
webnn	dictionary	MLGemmOptions	0	field	alpha	
webnn	dictionary	MLGemmOptions	0	field	beta	
webnn	dictionary	MLGemmOptions	0	field	aTranspose	
webnn	dictionary	MLGemmOptions	0	field	bTranspose	
webnn	interface	MLGraphBuilder	1	operation	gemm	
webnn	dictionary	MLGemmSupportLimits	0	field	a	
webnn	dictionary	MLGemmSupportLimits	0	field	b	
webnn	dictionary	MLGemmSupportLimits	0	field	c	
webnn	dictionary	MLGemmSupportLimits	0	field	output	
webnn	dictionary	MLOpSupportLimits	1	field	gemm	
webnn	enum	MLGruWeightLayout	0			
webnn	enum	MLRecurrentNetworkActivation	0			
webnn	enum	MLRecurrentNetworkDirection	0			
webnn	dictionary	MLGruOptions	0	field	bias	
webnn	dictionary	MLGruOptions	0	field	recurrentBias	
webnn	dictionary	MLGruOptions	0	field	initialHiddenState	
webnn	dictionary	MLGruOptions	0	field	resetAfter	
webnn	dictionary	MLGruOptions	0	field	returnSequence	
webnn	dictionary	MLGruOptions	0	field	direction	
webnn	dictionary	MLGruOptions	0	field	layout	
webnn	dictionary	MLGruOptions	0	field	activations	
webnn	interface	MLGraphBuilder	1	operation	gru	
webnn	dictionary	MLGruSupportLimits	0	field	input	
webnn	dictionary	MLGruSupportLimits	0	field	weight	
webnn	dictionary	MLGruSupportLimits	0	field	recurrentWeight	
webnn	dictionary	MLGruSupportLimits	0	field	bias	
webnn	dictionary	MLGruSupportLimits	0	field	recurrentBias	
webnn	dictionary	MLGruSupportLimits	0	field	initialHiddenState	
webnn	dictionary	MLGruSupportLimits	0	field	output0	
webnn	dictionary	MLGruSupportLimits	0	field	output1	
webnn	dictionary	MLOpSupportLimits	1	field	gru	
webnn	dictionary	MLGruCellOptions	0	field	bias	
webnn	dictionary	MLGruCellOptions	0	field	recurrentBias	
webnn	dictionary	MLGruCellOptions	0	field	resetAfter	
webnn	dictionary	MLGruCellOptions	0	field	layout	
webnn	dictionary	MLGruCellOptions	0	field	activations	
webnn	interface	MLGraphBuilder	1	operation	gruCell	
webnn	dictionary	MLGruCellSupportLimits	0	field	input	
webnn	dictionary	MLGruCellSupportLimits	0	field	weight	
webnn	dictionary	MLGruCellSupportLimits	0	field	recurrentWeight	
webnn	dictionary	MLGruCellSupportLimits	0	field	hiddenState	
webnn	dictionary	MLGruCellSupportLimits	0	field	bias	
webnn	dictionary	MLGruCellSupportLimits	0	field	recurrentBias	
webnn	dictionary	MLGruCellSupportLimits	0	field	output	
webnn	dictionary	MLOpSupportLimits	1	field	gruCell	
webnn	dictionary	MLHardSigmoidOptions	0	field	alpha	
webnn	dictionary	MLHardSigmoidOptions	0	field	beta	
webnn	interface	MLGraphBuilder	1	operation	hardSigmoid	
webnn	dictionary	MLOpSupportLimits	1	field	hardSigmoid	
webnn	interface	MLGraphBuilder	1	operation	hardSwish	
webnn	dictionary	MLOpSupportLimits	1	field	hardSwish	
webnn	dictionary	MLInstanceNormalizationOptions	0	field	scale	
webnn	dictionary	MLInstanceNormalizationOptions	0	field	bias	
webnn	dictionary	MLInstanceNormalizationOptions	0	field	epsilon	
webnn	dictionary	MLInstanceNormalizationOptions	0	field	layout	
webnn	interface	MLGraphBuilder	1	operation	instanceNormalization	
webnn	dictionary	MLNormalizationSupportLimits	0	field	input	
webnn	dictionary	MLNormalizationSupportLimits	0	field	scale	
webnn	dictionary	MLNormalizationSupportLimits	0	field	bias	
webnn	dictionary	MLNormalizationSupportLimits	0	field	output	
webnn	dictionary	MLOpSupportLimits	1	field	instanceNormalization	
webnn	dictionary	MLLayerNormalizationOptions	0	field	scale	
webnn	dictionary	MLLayerNormalizationOptions	0	field	bias	
webnn	dictionary	MLLayerNormalizationOptions	0	field	axes	
webnn	dictionary	MLLayerNormalizationOptions	0	field	epsilon	
webnn	interface	MLGraphBuilder	1	operation	layerNormalization	
webnn	dictionary	MLOpSupportLimits	1	field	layerNormalization	
webnn	dictionary	MLLeakyReluOptions	0	field	alpha	
webnn	interface	MLGraphBuilder	1	operation	leakyRelu	
webnn	dictionary	MLOpSupportLimits	1	field	leakyRelu	
webnn	dictionary	MLLinearOptions	0	field	alpha	
webnn	dictionary	MLLinearOptions	0	field	beta	
webnn	interface	MLGraphBuilder	1	operation	linear	
webnn	dictionary	MLOpSupportLimits	1	field	linear	
webnn	enum	MLLstmWeightLayout	0			
webnn	dictionary	MLLstmOptions	0	field	bias	
webnn	dictionary	MLLstmOptions	0	field	recurrentBias	
webnn	dictionary	MLLstmOptions	0	field	peepholeWeight	
webnn	dictionary	MLLstmOptions	0	field	initialHiddenState	
webnn	dictionary	MLLstmOptions	0	field	initialCellState	
webnn	dictionary	MLLstmOptions	0	field	returnSequence	
webnn	dictionary	MLLstmOptions	0	field	direction	
webnn	dictionary	MLLstmOptions	0	field	layout	
webnn	dictionary	MLLstmOptions	0	field	activations	
webnn	interface	MLGraphBuilder	1	operation	lstm	
webnn	dictionary	MLLstmSupportLimits	0	field	input	
webnn	dictionary	MLLstmSupportLimits	0	field	weight	
webnn	dictionary	MLLstmSupportLimits	0	field	recurrentWeight	
webnn	dictionary	MLLstmSupportLimits	0	field	bias	
webnn	dictionary	MLLstmSupportLimits	0	field	recurrentBias	
webnn	dictionary	MLLstmSupportLimits	0	field	peepholeWeight	
webnn	dictionary	MLLstmSupportLimits	0	field	initialHiddenState	
webnn	dictionary	MLLstmSupportLimits	0	field	initialCellState	
webnn	dictionary	MLLstmSupportLimits	0	field	output0	
webnn	dictionary	MLLstmSupportLimits	0	field	output1	
webnn	dictionary	MLLstmSupportLimits	0	field	output2	
webnn	dictionary	MLOpSupportLimits	1	field	lstm	
webnn	dictionary	MLLstmCellOptions	0	field	bias	
webnn	dictionary	MLLstmCellOptions	0	field	recurrentBias	
webnn	dictionary	MLLstmCellOptions	0	field	peepholeWeight	
webnn	dictionary	MLLstmCellOptions	0	field	layout	
webnn	dictionary	MLLstmCellOptions	0	field	activations	
webnn	interface	MLGraphBuilder	1	operation	lstmCell	
webnn	dictionary	MLLstmCellSupportLimits	0	field	input	
webnn	dictionary	MLLstmCellSupportLimits	0	field	weight	
webnn	dictionary	MLLstmCellSupportLimits	0	field	recurrentWeight	
webnn	dictionary	MLLstmCellSupportLimits	0	field	hiddenState	
webnn	dictionary	MLLstmCellSupportLimits	0	field	cellState	
webnn	dictionary	MLLstmCellSupportLimits	0	field	bias	
webnn	dictionary	MLLstmCellSupportLimits	0	field	recurrentBias	
webnn	dictionary	MLLstmCellSupportLimits	0	field	peepholeWeight	
webnn	dictionary	MLLstmCellSupportLimits	0	field	output0	
webnn	dictionary	MLLstmCellSupportLimits	0	field	output1	
webnn	dictionary	MLOpSupportLimits	1	field	lstmCell	
webnn	interface	MLGraphBuilder	1	operation	matmul	
webnn	dictionary	MLOpSupportLimits	1	field	matmul	
webnn	enum	MLPaddingMode	0			
webnn	dictionary	MLPadOptions	0	field	mode	
webnn	dictionary	MLPadOptions	0	field	value	
webnn	interface	MLGraphBuilder	1	operation	pad	
webnn	dictionary	MLOpSupportLimits	1	field	pad	
webnn	enum	MLRoundingType	0			
webnn	dictionary	MLPool2dOptions	0	field	windowDimensions	
webnn	dictionary	MLPool2dOptions	0	field	padding	
webnn	dictionary	MLPool2dOptions	0	field	strides	
webnn	dictionary	MLPool2dOptions	0	field	dilations	
webnn	dictionary	MLPool2dOptions	0	field	layout	
webnn	dictionary	MLPool2dOptions	0	field	outputShapeRounding	
webnn	dictionary	MLPool2dOptions	0	field	outputSizes	
webnn	interface	MLGraphBuilder	1	operation	averagePool2d	
webnn	interface	MLGraphBuilder	1	operation	l2Pool2d	
webnn	interface	MLGraphBuilder	1	operation	maxPool2d	
webnn	dictionary	MLOpSupportLimits	1	field	averagePool2d	
webnn	dictionary	MLOpSupportLimits	1	field	l2Pool2d	
webnn	dictionary	MLOpSupportLimits	1	field	maxPool2d	
webnn	interface	MLGraphBuilder	1	operation	prelu	
webnn	dictionary	MLPreluSupportLimits	0	field	input	
webnn	dictionary	MLPreluSupportLimits	0	field	slope	
webnn	dictionary	MLPreluSupportLimits	0	field	output	
webnn	dictionary	MLOpSupportLimits	1	field	prelu	
webnn	dictionary	MLReduceOptions	0	field	axes	
webnn	dictionary	MLReduceOptions	0	field	keepDimensions	
webnn	interface	MLGraphBuilder	1	operation	reduceL1	
webnn	interface	MLGraphBuilder	1	operation	reduceL2	
webnn	interface	MLGraphBuilder	1	operation	reduceLogSum	
webnn	interface	MLGraphBuilder	1	operation	reduceLogSumExp	
webnn	interface	MLGraphBuilder	1	operation	reduceMax	
webnn	interface	MLGraphBuilder	1	operation	reduceMean	
webnn	interface	MLGraphBuilder	1	operation	reduceMin	
webnn	interface	MLGraphBuilder	1	operation	reduceProduct	
webnn	interface	MLGraphBuilder	1	operation	reduceSum	
webnn	interface	MLGraphBuilder	1	operation	reduceSumSquare	
webnn	dictionary	MLOpSupportLimits	1	field	reduceL1	
webnn	dictionary	MLOpSupportLimits	1	field	reduceL2	
webnn	dictionary	MLOpSupportLimits	1	field	reduceLogSum	
webnn	dictionary	MLOpSupportLimits	1	field	reduceLogSumExp	
webnn	dictionary	MLOpSupportLimits	1	field	reduceMax	
webnn	dictionary	MLOpSupportLimits	1	field	reduceMean	
webnn	dictionary	MLOpSupportLimits	1	field	reduceMin	
webnn	dictionary	MLOpSupportLimits	1	field	reduceProduct	
webnn	dictionary	MLOpSupportLimits	1	field	reduceSum	
webnn	dictionary	MLOpSupportLimits	1	field	reduceSumSquare	
webnn	interface	MLGraphBuilder	1	operation	relu	
webnn	dictionary	MLOpSupportLimits	1	field	relu	
webnn	enum	MLInterpolationMode	0			
webnn	dictionary	MLResample2dOptions	0	field	mode	
webnn	dictionary	MLResample2dOptions	0	field	scales	
webnn	dictionary	MLResample2dOptions	0	field	sizes	
webnn	dictionary	MLResample2dOptions	0	field	axes	
webnn	interface	MLGraphBuilder	1	operation	resample2d	
webnn	dictionary	MLOpSupportLimits	1	field	resample2d	
webnn	interface	MLGraphBuilder	1	operation	reshape	
webnn	dictionary	MLOpSupportLimits	1	field	reshape	
webnn	dictionary	MLReverseOptions	0	field	axes	
webnn	interface	MLGraphBuilder	1	operation	reverse	
webnn	dictionary	MLOpSupportLimits	1	field	reverse	
webnn	dictionary	MLScatterOptions	0	field	axis	
webnn	interface	MLGraphBuilder	1	operation	scatterElements	
webnn	dictionary	MLScatterSupportLimits	0	field	input	
webnn	dictionary	MLScatterSupportLimits	0	field	indices	
webnn	dictionary	MLScatterSupportLimits	0	field	updates	
webnn	dictionary	MLScatterSupportLimits	0	field	output	
webnn	dictionary	MLOpSupportLimits	1	field	scatterElements	
webnn	interface	MLGraphBuilder	1	operation	scatterND	
webnn	dictionary	MLOpSupportLimits	1	field	scatterND	
webnn	interface	MLGraphBuilder	1	operation	sigmoid	
webnn	dictionary	MLOpSupportLimits	1	field	sigmoid	
webnn	dictionary	MLSliceOptions	0	field	strides	
webnn	interface	MLGraphBuilder	1	operation	slice	
webnn	dictionary	MLOpSupportLimits	1	field	slice	
webnn	interface	MLGraphBuilder	1	operation	softmax	
webnn	dictionary	MLOpSupportLimits	1	field	softmax	
webnn	interface	MLGraphBuilder	1	operation	softplus	
webnn	dictionary	MLOpSupportLimits	1	field	softplus	
webnn	interface	MLGraphBuilder	1	operation	softsign	
webnn	dictionary	MLOpSupportLimits	1	field	softsign	
webnn	dictionary	MLSplitOptions	0	field	axis	
webnn	interface	MLGraphBuilder	1	operation	split	
webnn	dictionary	MLSplitSupportLimits	0	field	input	
webnn	dictionary	MLSplitSupportLimits	0	field	outputs	
webnn	dictionary	MLOpSupportLimits	1	field	split	
webnn	interface	MLGraphBuilder	1	operation	tanh	
webnn	dictionary	MLOpSupportLimits	1	field	tanh	
webnn	interface	MLGraphBuilder	1	operation	tile	
webnn	dictionary	MLOpSupportLimits	1	field	tile	
webnn	dictionary	MLTransposeOptions	0	field	permutation	
webnn	interface	MLGraphBuilder	1	operation	transpose	
webnn	dictionary	MLOpSupportLimits	1	field	transpose	
webnn	dictionary	MLTriangularOptions	0	field	upper	
webnn	dictionary	MLTriangularOptions	0	field	diagonal	
webnn	interface	MLGraphBuilder	1	operation	triangular	
webnn	dictionary	MLOpSupportLimits	1	field	triangular	
webnn	interface	MLGraphBuilder	1	operation	where	
webnn	dictionary	MLWhereSupportLimits	0	field	condition	
webnn	dictionary	MLWhereSupportLimits	0	field	trueValue	
webnn	dictionary	MLWhereSupportLimits	0	field	falseValue	
webnn	dictionary	MLWhereSupportLimits	0	field	output	
webnn	dictionary	MLOpSupportLimits	1	field	where	
webrtc-diagnostic-logging	interface	RTCPeerConnection	1	operation	startDiagnosticLogging	Window
webrtc-diagnostic-logging	interface	RTCPeerConnection	1	operation	finishDiagnosticLogging	Window
webrtc-diagnostic-logging	interface	RTCPeerConnection	1	operation	discardDiagnosticLogging	Window
webrtc-diagnostic-logging	dictionary	RTCDiagnosticLoggingOptions	0	field	metadata	
webrtc-encoded-transform	typedef	RTCRtpSenderTransform	0			
webrtc-encoded-transform	typedef	RTCRtpReceiverTransform	0			
webrtc-encoded-transform	interface	RTCRtpSender	1	attribute	transform	
webrtc-encoded-transform	interface	RTCRtpReceiver	1	attribute	transform	
webrtc-encoded-transform	enum	SFrameCipherSuite	0			
webrtc-encoded-transform	dictionary	SFrameTransformOptions	0	field	cipherSuite	
webrtc-encoded-transform	enum	SFrameType	0			
webrtc-encoded-transform	dictionary	RTCRtpSFrameEncryptorOptions	0	field	type	
webrtc-encoded-transform	typedef	SmallCryptoKeyID	0			
webrtc-encoded-transform	typedef	CryptoKeyID	0			
webrtc-encoded-transform	interface mixin	SFrameEncryptorManager	0	operation	setEncryptionKey	
webrtc-encoded-transform	interface mixin	SFrameDecryptorManager	0	operation	addDecryptionKey	
webrtc-encoded-transform	interface mixin	SFrameDecryptorManager	0	operation	removeDecryptionKey	
webrtc-encoded-transform	interface mixin	SFrameDecryptorManager	0	attribute	onerror	
webrtc-encoded-transform	interface	RTCRtpSFrameEncryptor	0	constructor	constructor	Window
webrtc-encoded-transform	includes	RTCRtpSFrameEncryptor	0		SFrameEncryptorManager	
webrtc-encoded-transform	interface	RTCRtpSFrameDecryptor	0	constructor	constructor	Window
webrtc-encoded-transform	includes	RTCRtpSFrameDecryptor	0		SFrameDecryptorManager	
webrtc-encoded-transform	interface	SFrameEncryptorStream	0	constructor	constructor	Window,DedicatedWorker
webrtc-encoded-transform	includes	SFrameEncryptorStream	0		GenericTransformStream	
webrtc-encoded-transform	includes	SFrameEncryptorStream	0		SFrameEncryptorManager	
webrtc-encoded-transform	interface	SFrameDecryptorStream	0	constructor	constructor	Window,DedicatedWorker
webrtc-encoded-transform	includes	SFrameDecryptorStream	0		GenericTransformStream	
webrtc-encoded-transform	includes	SFrameDecryptorStream	0		SFrameDecryptorManager	
webrtc-encoded-transform	enum	SFrameTransformErrorEventType	0			
webrtc-encoded-transform	interface	SFrameTransformErrorEvent	0	constructor	constructor	Window,DedicatedWorker
webrtc-encoded-transform	interface	SFrameTransformErrorEvent	0	attribute	errorType	Window,DedicatedWorker
webrtc-encoded-transform	interface	SFrameTransformErrorEvent	0	attribute	keyID	Window,DedicatedWorker
webrtc-encoded-transform	interface	SFrameTransformErrorEvent	0	attribute	frame	Window,DedicatedWorker
webrtc-encoded-transform	dictionary	SFrameTransformErrorEventInit	0	field	errorType	
webrtc-encoded-transform	dictionary	SFrameTransformErrorEventInit	0	field	frame	
webrtc-encoded-transform	dictionary	SFrameTransformErrorEventInit	0	field	keyID	
webrtc-encoded-transform	dictionary	RTCEncodedFrameMetadata	0	field	synchronizationSource	
webrtc-encoded-transform	dictionary	RTCEncodedFrameMetadata	0	field	payloadType	
webrtc-encoded-transform	dictionary	RTCEncodedFrameMetadata	0	field	contributingSources	
webrtc-encoded-transform	dictionary	RTCEncodedFrameMetadata	0	field	rtpTimestamp	
webrtc-encoded-transform	dictionary	RTCEncodedFrameMetadata	0	field	receiveTime	
webrtc-encoded-transform	dictionary	RTCEncodedFrameMetadata	0	field	captureTime	
webrtc-encoded-transform	dictionary	RTCEncodedFrameMetadata	0	field	senderCaptureTimeOffset	
webrtc-encoded-transform	dictionary	RTCEncodedFrameMetadata	0	field	mimeType	
webrtc-encoded-transform	dictionary	RTCEncodedVideoFrameMetadata	0	field	frameId	
webrtc-encoded-transform	dictionary	RTCEncodedVideoFrameMetadata	0	field	dependencies	
webrtc-encoded-transform	dictionary	RTCEncodedVideoFrameMetadata	0	field	width	
webrtc-encoded-transform	dictionary	RTCEncodedVideoFrameMetadata	0	field	height	
webrtc-encoded-transform	dictionary	RTCEncodedVideoFrameMetadata	0	field	spatialIndex	
webrtc-encoded-transform	dictionary	RTCEncodedVideoFrameMetadata	0	field	temporalIndex	
webrtc-encoded-transform	dictionary	RTCEncodedVideoFrameMetadata	0	field	timestamp	
webrtc-encoded-transform	dictionary	RTCEncodedVideoFrameOptions	0	field	metadata	
webrtc-encoded-transform	interface	RTCEncodedVideoFrame	0	constructor	constructor	Window,DedicatedWorker
webrtc-encoded-transform	interface	RTCEncodedVideoFrame	0	attribute	type	Window,DedicatedWorker
webrtc-encoded-transform	interface	RTCEncodedVideoFrame	0	attribute	data	Window,DedicatedWorker
webrtc-encoded-transform	interface	RTCEncodedVideoFrame	0	operation	getMetadata	Window,DedicatedWorker
webrtc-encoded-transform	dictionary	RTCEncodedAudioFrameMetadata	0	field	sequenceNumber	
webrtc-encoded-transform	dictionary	RTCEncodedAudioFrameMetadata	0	field	audioLevel	
webrtc-encoded-transform	dictionary	RTCEncodedAudioFrameOptions	0	field	metadata	
webrtc-encoded-transform	interface	RTCEncodedAudioFrame	0	constructor	constructor	Window,DedicatedWorker
webrtc-encoded-transform	interface	RTCEncodedAudioFrame	0	attribute	data	Window,DedicatedWorker
webrtc-encoded-transform	interface	RTCEncodedAudioFrame	0	operation	getMetadata	Window,DedicatedWorker
webrtc-encoded-transform	enum	RTCRtpScriptTransformType	0			
webrtc-encoded-transform	dictionary	WorkerAndParameters	0	field	worker	
webrtc-encoded-transform	dictionary	WorkerAndParameters	0	field	type	
webrtc-encoded-transform	typedef	WorkerOrWorkerAndParameters	0			
webrtc-encoded-transform	interface	RTCRtpScriptTransform	0	constructor	constructor	Window
webrtc-encoded-transform	interface	RTCRtpScriptTransformer	0	attribute	readable	DedicatedWorker
webrtc-encoded-transform	interface	RTCRtpScriptTransformer	0	operation	generateKeyFrame	DedicatedWorker
webrtc-encoded-transform	interface	RTCRtpScriptTransformer	0	operation	sendKeyFrameRequest	DedicatedWorker
webrtc-encoded-transform	interface	RTCRtpScriptTransformer	0	attribute	writable	DedicatedWorker
webrtc-encoded-transform	interface	RTCRtpScriptTransformer	0	attribute	onkeyframerequest	DedicatedWorker
webrtc-encoded-transform	interface	RTCRtpScriptTransformer	0	attribute	options	DedicatedWorker
webrtc-encoded-transform	interface	RTCTransformEvent	0	attribute	transformer	DedicatedWorker
webrtc-encoded-transform	interface	DedicatedWorkerGlobalScope	1	attribute	onrtctransform	
webrtc-encoded-transform	interface	KeyFrameRequestEvent	0	constructor	constructor	DedicatedWorker
webrtc-encoded-transform	interface	KeyFrameRequestEvent	0	attribute	rid	DedicatedWorker
webrtc-ice	dictionary	RTCIceParameters	1	field	iceLite	
webrtc-ice	dictionary	RTCIceGatherOptions	0	field	gatherPolicy	
webrtc-ice	dictionary	RTCIceGatherOptions	0	field	iceServers	
webrtc-ice	interface	RTCIceTransport	1	constructor	constructor	Window
webrtc-ice	interface	RTCIceTransport	1	operation	gather	Window
webrtc-ice	interface	RTCIceTransport	1	operation	start	Window
webrtc-ice	interface	RTCIceTransport	1	operation	stop	Window
webrtc-ice	interface	RTCIceTransport	1	operation	addRemoteCandidate	Window
webrtc-ice	interface	RTCIceTransport	1	attribute	onerror	Window
webrtc-ice	interface	RTCIceTransport	1	attribute	onicecandidate	Window
webrtc-identity	interface	RTCIdentityProviderGlobalScope	0	attribute	rtcIdentityProvider	RTCIdentityProvider
webrtc-identity	interface	RTCIdentityProviderRegistrar	0	operation	register	RTCIdentityProvider
webrtc-identity	dictionary	RTCIdentityProvider	0	field	generateAssertion	
webrtc-identity	dictionary	RTCIdentityProvider	0	field	validateAssertion	
webrtc-identity	callback	GenerateAssertionCallback	0			
webrtc-identity	callback	ValidateAssertionCallback	0			
webrtc-identity	dictionary	RTCIdentityAssertionResult	0	field	idp	
webrtc-identity	dictionary	RTCIdentityAssertionResult	0	field	assertion	
webrtc-identity	dictionary	RTCIdentityProviderDetails	0	field	domain	
webrtc-identity	dictionary	RTCIdentityProviderDetails	0	field	protocol	
webrtc-identity	dictionary	RTCIdentityValidationResult	0	field	identity	
webrtc-identity	dictionary	RTCIdentityValidationResult	0	field	contents	
webrtc-identity	interface	RTCPeerConnection	1	operation	setIdentityProvider	
webrtc-identity	interface	RTCPeerConnection	1	operation	getIdentityAssertion	
webrtc-identity	interface	RTCPeerConnection	1	attribute	peerIdentity	
webrtc-identity	interface	RTCPeerConnection	1	attribute	idpLoginUrl	
webrtc-identity	interface	RTCPeerConnection	1	attribute	idpErrorInfo	
webrtc-identity	dictionary	RTCConfiguration	1	field	peerIdentity	
webrtc-identity	dictionary	RTCIdentityProviderOptions	0	field	protocol	
webrtc-identity	dictionary	RTCIdentityProviderOptions	0	field	usernameHint	
webrtc-identity	dictionary	RTCIdentityProviderOptions	0	field	peerIdentity	
webrtc-identity	interface	RTCIdentityAssertion	0	constructor	constructor	Window
webrtc-identity	interface	RTCIdentityAssertion	0	attribute	idp	Window
webrtc-identity	interface	RTCIdentityAssertion	0	attribute	name	Window
webrtc-identity	interface	RTCError	1	attribute	httpRequestStatusCode	
webrtc-identity	dictionary	RTCErrorInit	1	field	httpRequestStatusCode	
webrtc-identity	enum	RTCErrorDetailTypeIdp	0			
webrtc-identity	dictionary	MediaStreamConstraints	1	field	peerIdentity	
webrtc-identity	interface	MediaStreamTrack	1	attribute	isolated	
webrtc-identity	interface	MediaStreamTrack	1	attribute	onisolationchange	
webrtc-priority	enum	RTCPriorityType	0			
webrtc-priority	dictionary	RTCRtpEncodingParameters	1	field	priority	
webrtc-priority	dictionary	RTCRtpEncodingParameters	1	field	networkPriority	
webrtc-priority	interface	RTCDataChannel	1	attribute	priority	
webrtc-priority	dictionary	RTCDataChannelInit	1	field	priority	
webrtc-stats	enum	RTCStatsType	0			
webrtc-stats	dictionary	RTCRtpStreamStats	0	field	ssrc	
webrtc-stats	dictionary	RTCRtpStreamStats	0	field	kind	
webrtc-stats	dictionary	RTCRtpStreamStats	0	field	transportId	
webrtc-stats	dictionary	RTCRtpStreamStats	0	field	codecId	
webrtc-stats	dictionary	RTCCodecStats	0	field	payloadType	
webrtc-stats	dictionary	RTCCodecStats	0	field	transportId	
webrtc-stats	dictionary	RTCCodecStats	0	field	mimeType	
webrtc-stats	dictionary	RTCCodecStats	0	field	clockRate	
webrtc-stats	dictionary	RTCCodecStats	0	field	channels	
webrtc-stats	dictionary	RTCCodecStats	0	field	sdpFmtpLine	
webrtc-stats	dictionary	RTCReceivedRtpStreamStats	0	field	packetsReceived	
webrtc-stats	dictionary	RTCReceivedRtpStreamStats	0	field	packetsReceivedWithEct1	
webrtc-stats	dictionary	RTCReceivedRtpStreamStats	0	field	packetsReceivedWithCe	
webrtc-stats	dictionary	RTCReceivedRtpStreamStats	0	field	packetsReportedAsLost	
webrtc-stats	dictionary	RTCReceivedRtpStreamStats	0	field	packetsReportedAsLostButRecovered	
webrtc-stats	dictionary	RTCReceivedRtpStreamStats	0	field	packetsLost	
webrtc-stats	dictionary	RTCReceivedRtpStreamStats	0	field	jitter	
webrtc-stats	dictionary	RTCInboundRtpStreamStats	0	field	trackIdentifier	
webrtc-stats	dictionary	RTCInboundRtpStreamStats	0	field	mid	
webrtc-stats	dictionary	RTCInboundRtpStreamStats	0	field	remoteId	
webrtc-stats	dictionary	RTCInboundRtpStreamStats	0	field	framesDecoded	
webrtc-stats	dictionary	RTCInboundRtpStreamStats	0	field	keyFramesDecoded	
webrtc-stats	dictionary	RTCInboundRtpStreamStats	0	field	framesRendered	
webrtc-stats	dictionary	RTCInboundRtpStreamStats	0	field	framesDropped	
webrtc-stats	dictionary	RTCInboundRtpStreamStats	0	field	frameWidth	
webrtc-stats	dictionary	RTCInboundRtpStreamStats	0	field	frameHeight	
webrtc-stats	dictionary	RTCInboundRtpStreamStats	0	field	framesPerSecond	
webrtc-stats	dictionary	RTCInboundRtpStreamStats	0	field	qpSum	
webrtc-stats	dictionary	RTCInboundRtpStreamStats	0	field	totalDecodeTime	
webrtc-stats	dictionary	RTCInboundRtpStreamStats	0	field	totalInterFrameDelay	
webrtc-stats	dictionary	RTCInboundRtpStreamStats	0	field	totalSquaredInterFrameDelay	
webrtc-stats	dictionary	RTCInboundRtpStreamStats	0	field	pauseCount	
webrtc-stats	dictionary	RTCInboundRtpStreamStats	0	field	totalPausesDuration	
webrtc-stats	dictionary	RTCInboundRtpStreamStats	0	field	freezeCount	
webrtc-stats	dictionary	RTCInboundRtpStreamStats	0	field	totalFreezesDuration	
webrtc-stats	dictionary	RTCInboundRtpStreamStats	0	field	lastPacketReceivedTimestamp	
webrtc-stats	dictionary	RTCInboundRtpStreamStats	0	field	headerBytesReceived	
webrtc-stats	dictionary	RTCInboundRtpStreamStats	0	field	packetsDiscarded	
webrtc-stats	dictionary	RTCInboundRtpStreamStats	0	field	fecBytesReceived	
webrtc-stats	dictionary	RTCInboundRtpStreamStats	0	field	fecPacketsReceived	
webrtc-stats	dictionary	RTCInboundRtpStreamStats	0	field	fecPacketsDiscarded	
webrtc-stats	dictionary	RTCInboundRtpStreamStats	0	field	bytesReceived	
webrtc-stats	dictionary	RTCInboundRtpStreamStats	0	field	nackCount	
webrtc-stats	dictionary	RTCInboundRtpStreamStats	0	field	firCount	
webrtc-stats	dictionary	RTCInboundRtpStreamStats	0	field	pliCount	
webrtc-stats	dictionary	RTCInboundRtpStreamStats	0	field	totalProcessingDelay	
webrtc-stats	dictionary	RTCInboundRtpStreamStats	0	field	estimatedPlayoutTimestamp	
webrtc-stats	dictionary	RTCInboundRtpStreamStats	0	field	jitterBufferDelay	
webrtc-stats	dictionary	RTCInboundRtpStreamStats	0	field	jitterBufferTargetDelay	
webrtc-stats	dictionary	RTCInboundRtpStreamStats	0	field	jitterBufferEmittedCount	
webrtc-stats	dictionary	RTCInboundRtpStreamStats	0	field	jitterBufferMinimumDelay	
webrtc-stats	dictionary	RTCInboundRtpStreamStats	0	field	totalSamplesReceived	
webrtc-stats	dictionary	RTCInboundRtpStreamStats	0	field	concealedSamples	
webrtc-stats	dictionary	RTCInboundRtpStreamStats	0	field	silentConcealedSamples	
webrtc-stats	dictionary	RTCInboundRtpStreamStats	0	field	concealmentEvents	
webrtc-stats	dictionary	RTCInboundRtpStreamStats	0	field	insertedSamplesForDeceleration	
webrtc-stats	dictionary	RTCInboundRtpStreamStats	0	field	removedSamplesForAcceleration	
webrtc-stats	dictionary	RTCInboundRtpStreamStats	0	field	audioLevel	
webrtc-stats	dictionary	RTCInboundRtpStreamStats	0	field	totalAudioEnergy	
webrtc-stats	dictionary	RTCInboundRtpStreamStats	0	field	totalSamplesDuration	
webrtc-stats	dictionary	RTCInboundRtpStreamStats	0	field	framesReceived	
webrtc-stats	dictionary	RTCInboundRtpStreamStats	0	field	decoderImplementation	
webrtc-stats	dictionary	RTCInboundRtpStreamStats	0	field	playoutId	
webrtc-stats	dictionary	RTCInboundRtpStreamStats	0	field	powerEfficientDecoder	
webrtc-stats	dictionary	RTCInboundRtpStreamStats	0	field	framesAssembledFromMultiplePackets	
webrtc-stats	dictionary	RTCInboundRtpStreamStats	0	field	totalAssemblyTime	
webrtc-stats	dictionary	RTCInboundRtpStreamStats	0	field	retransmittedPacketsReceived	
webrtc-stats	dictionary	RTCInboundRtpStreamStats	0	field	retransmittedBytesReceived	
webrtc-stats	dictionary	RTCInboundRtpStreamStats	0	field	rtxSsrc	
webrtc-stats	dictionary	RTCInboundRtpStreamStats	0	field	fecSsrc	
webrtc-stats	dictionary	RTCInboundRtpStreamStats	0	field	totalCorruptionProbability	
webrtc-stats	dictionary	RTCInboundRtpStreamStats	0	field	totalSquaredCorruptionProbability	
webrtc-stats	dictionary	RTCInboundRtpStreamStats	0	field	corruptionMeasurements	
webrtc-stats	dictionary	RTCRemoteInboundRtpStreamStats	0	field	localId	
webrtc-stats	dictionary	RTCRemoteInboundRtpStreamStats	0	field	roundTripTime	
webrtc-stats	dictionary	RTCRemoteInboundRtpStreamStats	0	field	totalRoundTripTime	
webrtc-stats	dictionary	RTCRemoteInboundRtpStreamStats	0	field	fractionLost	
webrtc-stats	dictionary	RTCRemoteInboundRtpStreamStats	0	field	roundTripTimeMeasurements	
webrtc-stats	dictionary	RTCRemoteInboundRtpStreamStats	0	field	packetsWithBleachedEct1Marking	
webrtc-stats	dictionary	RTCSentRtpStreamStats	0	field	packetsSent	
webrtc-stats	dictionary	RTCSentRtpStreamStats	0	field	bytesSent	
webrtc-stats	dictionary	RTCOutboundRtpStreamStats	0	field	mid	
webrtc-stats	dictionary	RTCOutboundRtpStreamStats	0	field	mediaSourceId	
webrtc-stats	dictionary	RTCOutboundRtpStreamStats	0	field	remoteId	
webrtc-stats	dictionary	RTCOutboundRtpStreamStats	0	field	rid	
webrtc-stats	dictionary	RTCOutboundRtpStreamStats	0	field	encodingIndex	
webrtc-stats	dictionary	RTCOutboundRtpStreamStats	0	field	headerBytesSent	
webrtc-stats	dictionary	RTCOutboundRtpStreamStats	0	field	retransmittedPacketsSent	
webrtc-stats	dictionary	RTCOutboundRtpStreamStats	0	field	retransmittedBytesSent	
webrtc-stats	dictionary	RTCOutboundRtpStreamStats	0	field	rtxSsrc	
webrtc-stats	dictionary	RTCOutboundRtpStreamStats	0	field	targetBitrate	
webrtc-stats	dictionary	RTCOutboundRtpStreamStats	0	field	totalEncodedBytesTarget	
webrtc-stats	dictionary	RTCOutboundRtpStreamStats	0	field	frameWidth	
webrtc-stats	dictionary	RTCOutboundRtpStreamStats	0	field	frameHeight	
webrtc-stats	dictionary	RTCOutboundRtpStreamStats	0	field	framesPerSecond	
webrtc-stats	dictionary	RTCOutboundRtpStreamStats	0	field	framesSent	
webrtc-stats	dictionary	RTCOutboundRtpStreamStats	0	field	hugeFramesSent	
webrtc-stats	dictionary	RTCOutboundRtpStreamStats	0	field	framesEncoded	
webrtc-stats	dictionary	RTCOutboundRtpStreamStats	0	field	keyFramesEncoded	
webrtc-stats	dictionary	RTCOutboundRtpStreamStats	0	field	qpSum	
webrtc-stats	dictionary	RTCOutboundRtpStreamStats	0	field	psnrSum	
webrtc-stats	dictionary	RTCOutboundRtpStreamStats	0	field	psnrMeasurements	
webrtc-stats	dictionary	RTCOutboundRtpStreamStats	0	field	totalEncodeTime	
webrtc-stats	dictionary	RTCOutboundRtpStreamStats	0	field	totalPacketSendDelay	
webrtc-stats	dictionary	RTCOutboundRtpStreamStats	0	field	qualityLimitationReason	
webrtc-stats	dictionary	RTCOutboundRtpStreamStats	0	field	qualityLimitationDurations	
webrtc-stats	dictionary	RTCOutboundRtpStreamStats	0	field	qualityLimitationResolutionChanges	
webrtc-stats	dictionary	RTCOutboundRtpStreamStats	0	field	nackCount	
webrtc-stats	dictionary	RTCOutboundRtpStreamStats	0	field	firCount	
webrtc-stats	dictionary	RTCOutboundRtpStreamStats	0	field	pliCount	
webrtc-stats	dictionary	RTCOutboundRtpStreamStats	0	field	encoderImplementation	
webrtc-stats	dictionary	RTCOutboundRtpStreamStats	0	field	powerEfficientEncoder	
webrtc-stats	dictionary	RTCOutboundRtpStreamStats	0	field	active	
webrtc-stats	dictionary	RTCOutboundRtpStreamStats	0	field	scalabilityMode	
webrtc-stats	dictionary	RTCOutboundRtpStreamStats	0	field	packetsSentWithEct1	
webrtc-stats	enum	RTCQualityLimitationReason	0			
webrtc-stats	dictionary	RTCRemoteOutboundRtpStreamStats	0	field	localId	
webrtc-stats	dictionary	RTCRemoteOutboundRtpStreamStats	0	field	remoteTimestamp	
webrtc-stats	dictionary	RTCRemoteOutboundRtpStreamStats	0	field	reportsSent	
webrtc-stats	dictionary	RTCRemoteOutboundRtpStreamStats	0	field	roundTripTime	
webrtc-stats	dictionary	RTCRemoteOutboundRtpStreamStats	0	field	totalRoundTripTime	
webrtc-stats	dictionary	RTCRemoteOutboundRtpStreamStats	0	field	roundTripTimeMeasurements	
webrtc-stats	dictionary	RTCMediaSourceStats	0	field	trackIdentifier	
webrtc-stats	dictionary	RTCMediaSourceStats	0	field	kind	
webrtc-stats	dictionary	RTCAudioSourceStats	0	field	audioLevel	
webrtc-stats	dictionary	RTCAudioSourceStats	0	field	totalAudioEnergy	
webrtc-stats	dictionary	RTCAudioSourceStats	0	field	totalSamplesDuration	
webrtc-stats	dictionary	RTCAudioSourceStats	0	field	echoReturnLoss	
webrtc-stats	dictionary	RTCAudioSourceStats	0	field	echoReturnLossEnhancement	
webrtc-stats	dictionary	RTCVideoSourceStats	0	field	width	
webrtc-stats	dictionary	RTCVideoSourceStats	0	field	height	
webrtc-stats	dictionary	RTCVideoSourceStats	0	field	frames	
webrtc-stats	dictionary	RTCVideoSourceStats	0	field	framesPerSecond	
webrtc-stats	dictionary	RTCAudioPlayoutStats	0	field	kind	
webrtc-stats	dictionary	RTCAudioPlayoutStats	0	field	synthesizedSamplesDuration	
webrtc-stats	dictionary	RTCAudioPlayoutStats	0	field	synthesizedSamplesEvents	
webrtc-stats	dictionary	RTCAudioPlayoutStats	0	field	totalSamplesDuration	
webrtc-stats	dictionary	RTCAudioPlayoutStats	0	field	totalPlayoutDelay	
webrtc-stats	dictionary	RTCAudioPlayoutStats	0	field	totalSamplesCount	
webrtc-stats	dictionary	RTCPeerConnectionStats	0	field	dataChannelsOpened	
webrtc-stats	dictionary	RTCPeerConnectionStats	0	field	dataChannelsClosed	
webrtc-stats	dictionary	RTCDataChannelStats	0	field	label	
webrtc-stats	dictionary	RTCDataChannelStats	0	field	protocol	
webrtc-stats	dictionary	RTCDataChannelStats	0	field	dataChannelIdentifier	
webrtc-stats	dictionary	RTCDataChannelStats	0	field	state	
webrtc-stats	dictionary	RTCDataChannelStats	0	field	messagesSent	
webrtc-stats	dictionary	RTCDataChannelStats	0	field	bytesSent	
webrtc-stats	dictionary	RTCDataChannelStats	0	field	messagesReceived	
webrtc-stats	dictionary	RTCDataChannelStats	0	field	bytesReceived	
webrtc-stats	dictionary	RTCTransportStats	0	field	packetsSent	
webrtc-stats	dictionary	RTCTransportStats	0	field	packetsReceived	
webrtc-stats	dictionary	RTCTransportStats	0	field	bytesSent	
webrtc-stats	dictionary	RTCTransportStats	0	field	bytesReceived	
webrtc-stats	dictionary	RTCTransportStats	0	field	iceRole	
webrtc-stats	dictionary	RTCTransportStats	0	field	iceLocalUsernameFragment	
webrtc-stats	dictionary	RTCTransportStats	0	field	dtlsState	
webrtc-stats	dictionary	RTCTransportStats	0	field	iceState	
webrtc-stats	dictionary	RTCTransportStats	0	field	selectedCandidatePairId	
webrtc-stats	dictionary	RTCTransportStats	0	field	localCertificateId	
webrtc-stats	dictionary	RTCTransportStats	0	field	remoteCertificateId	
webrtc-stats	dictionary	RTCTransportStats	0	field	tlsVersion	
webrtc-stats	dictionary	RTCTransportStats	0	field	dtlsCipher	
webrtc-stats	dictionary	RTCTransportStats	0	field	dtlsRole	
webrtc-stats	dictionary	RTCTransportStats	0	field	srtpCipher	
webrtc-stats	dictionary	RTCTransportStats	0	field	selectedCandidatePairChanges	
webrtc-stats	dictionary	RTCTransportStats	0	field	ccfbMessagesSent	
webrtc-stats	dictionary	RTCTransportStats	0	field	ccfbMessagesReceived	
webrtc-stats	enum	RTCDtlsRole	0			
webrtc-stats	dictionary	RTCIceCandidateStats	0	field	transportId	
webrtc-stats	dictionary	RTCIceCandidateStats	0	field	address	
webrtc-stats	dictionary	RTCIceCandidateStats	0	field	port	
webrtc-stats	dictionary	RTCIceCandidateStats	0	field	protocol	
webrtc-stats	dictionary	RTCIceCandidateStats	0	field	candidateType	
webrtc-stats	dictionary	RTCIceCandidateStats	0	field	priority	
webrtc-stats	dictionary	RTCIceCandidateStats	0	field	url	
webrtc-stats	dictionary	RTCIceCandidateStats	0	field	relayProtocol	
webrtc-stats	dictionary	RTCIceCandidateStats	0	field	foundation	
webrtc-stats	dictionary	RTCIceCandidateStats	0	field	relatedAddress	
webrtc-stats	dictionary	RTCIceCandidateStats	0	field	relatedPort	
webrtc-stats	dictionary	RTCIceCandidateStats	0	field	usernameFragment	
webrtc-stats	dictionary	RTCIceCandidateStats	0	field	tcpType	
webrtc-stats	dictionary	RTCIceCandidatePairStats	0	field	transportId	
webrtc-stats	dictionary	RTCIceCandidatePairStats	0	field	localCandidateId	
webrtc-stats	dictionary	RTCIceCandidatePairStats	0	field	remoteCandidateId	
webrtc-stats	dictionary	RTCIceCandidatePairStats	0	field	state	
webrtc-stats	dictionary	RTCIceCandidatePairStats	0	field	nominated	
webrtc-stats	dictionary	RTCIceCandidatePairStats	0	field	packetsSent	
webrtc-stats	dictionary	RTCIceCandidatePairStats	0	field	packetsReceived	
webrtc-stats	dictionary	RTCIceCandidatePairStats	0	field	bytesSent	
webrtc-stats	dictionary	RTCIceCandidatePairStats	0	field	bytesReceived	
webrtc-stats	dictionary	RTCIceCandidatePairStats	0	field	lastPacketSentTimestamp	
webrtc-stats	dictionary	RTCIceCandidatePairStats	0	field	lastPacketReceivedTimestamp	
webrtc-stats	dictionary	RTCIceCandidatePairStats	0	field	totalRoundTripTime	
webrtc-stats	dictionary	RTCIceCandidatePairStats	0	field	currentRoundTripTime	
webrtc-stats	dictionary	RTCIceCandidatePairStats	0	field	availableOutgoingBitrate	
webrtc-stats	dictionary	RTCIceCandidatePairStats	0	field	availableIncomingBitrate	
webrtc-stats	dictionary	RTCIceCandidatePairStats	0	field	requestsReceived	
webrtc-stats	dictionary	RTCIceCandidatePairStats	0	field	requestsSent	
webrtc-stats	dictionary	RTCIceCandidatePairStats	0	field	responsesReceived	
webrtc-stats	dictionary	RTCIceCandidatePairStats	0	field	responsesSent	
webrtc-stats	dictionary	RTCIceCandidatePairStats	0	field	consentRequestsSent	
webrtc-stats	dictionary	RTCIceCandidatePairStats	0	field	packetsDiscardedOnSend	
webrtc-stats	dictionary	RTCIceCandidatePairStats	0	field	bytesDiscardedOnSend	
webrtc-stats	enum	RTCStatsIceCandidatePairState	0			
webrtc-stats	dictionary	RTCCertificateStats	0	field	fingerprint	
webrtc-stats	dictionary	RTCCertificateStats	0	field	fingerprintAlgorithm	
webrtc-stats	dictionary	RTCCertificateStats	0	field	base64Certificate	
webrtc-stats	dictionary	RTCCertificateStats	0	field	issuerCertificateId	
webrtc-svc	dictionary	RTCRtpEncodingParameters	1	field	scalabilityMode	
webrtc	dictionary	RTCConfiguration	0	field	iceServers	
webrtc	dictionary	RTCConfiguration	0	field	iceTransportPolicy	
webrtc	dictionary	RTCConfiguration	0	field	bundlePolicy	
webrtc	dictionary	RTCConfiguration	0	field	rtcpMuxPolicy	
webrtc	dictionary	RTCConfiguration	0	field	certificates	
webrtc	dictionary	RTCConfiguration	0	field	iceCandidatePoolSize	
webrtc	dictionary	RTCIceServer	0	field	urls	
webrtc	dictionary	RTCIceServer	0	field	username	
webrtc	dictionary	RTCIceServer	0	field	credential	
webrtc	enum	RTCIceTransportPolicy	0			
webrtc	enum	RTCBundlePolicy	0			
webrtc	enum	RTCRtcpMuxPolicy	0			
webrtc	dictionary	RTCOfferAnswerOptions	0			
webrtc	dictionary	RTCOfferOptions	0	field	iceRestart	
webrtc	dictionary	RTCAnswerOptions	0			
webrtc	enum	RTCSignalingState	0			
webrtc	enum	RTCIceGatheringState	0			
webrtc	enum	RTCPeerConnectionState	0			
webrtc	enum	RTCIceConnectionState	0			
webrtc	interface	RTCPeerConnection	0	constructor	constructor	Window
webrtc	interface	RTCPeerConnection	0	operation	createOffer	Window
webrtc	interface	RTCPeerConnection	0	operation	createAnswer	Window
webrtc	interface	RTCPeerConnection	0	operation	setLocalDescription	Window
webrtc	interface	RTCPeerConnection	0	attribute	localDescription	Window
webrtc	interface	RTCPeerConnection	0	attribute	currentLocalDescription	Window
webrtc	interface	RTCPeerConnection	0	attribute	pendingLocalDescription	Window
webrtc	interface	RTCPeerConnection	0	operation	setRemoteDescription	Window
webrtc	interface	RTCPeerConnection	0	attribute	remoteDescription	Window
webrtc	interface	RTCPeerConnection	0	attribute	currentRemoteDescription	Window
webrtc	interface	RTCPeerConnection	0	attribute	pendingRemoteDescription	Window
webrtc	interface	RTCPeerConnection	0	operation	addIceCandidate	Window
webrtc	interface	RTCPeerConnection	0	attribute	signalingState	Window
webrtc	interface	RTCPeerConnection	0	attribute	iceGatheringState	Window
webrtc	interface	RTCPeerConnection	0	attribute	iceConnectionState	Window
webrtc	interface	RTCPeerConnection	0	attribute	connectionState	Window
webrtc	interface	RTCPeerConnection	0	attribute	canTrickleIceCandidates	Window
webrtc	interface	RTCPeerConnection	0	operation	restartIce	Window
webrtc	interface	RTCPeerConnection	0	operation	getConfiguration	Window
webrtc	interface	RTCPeerConnection	0	operation	setConfiguration	Window
webrtc	interface	RTCPeerConnection	0	operation	close	Window
webrtc	interface	RTCPeerConnection	0	attribute	onnegotiationneeded	Window
webrtc	interface	RTCPeerConnection	0	attribute	onicecandidate	Window
webrtc	interface	RTCPeerConnection	0	attribute	onicecandidateerror	Window
webrtc	interface	RTCPeerConnection	0	attribute	onsignalingstatechange	Window
webrtc	interface	RTCPeerConnection	0	attribute	oniceconnectionstatechange	Window
webrtc	interface	RTCPeerConnection	0	attribute	onicegatheringstatechange	Window
webrtc	interface	RTCPeerConnection	0	attribute	onconnectionstatechange	Window
webrtc	interface	RTCPeerConnection	0	operation	createOffer	Window
webrtc	interface	RTCPeerConnection	0	operation	setLocalDescription	Window
webrtc	interface	RTCPeerConnection	0	operation	createAnswer	Window
webrtc	interface	RTCPeerConnection	0	operation	setRemoteDescription	Window
webrtc	interface	RTCPeerConnection	0	operation	addIceCandidate	Window
webrtc	callback	RTCPeerConnectionErrorCallback	0			
webrtc	callback	RTCSessionDescriptionCallback	0			
webrtc	dictionary	RTCOfferOptions	1	field	offerToReceiveAudio	
webrtc	dictionary	RTCOfferOptions	1	field	offerToReceiveVideo	
webrtc	enum	RTCSdpType	0			
webrtc	interface	RTCSessionDescription	0	constructor	constructor	Window
webrtc	interface	RTCSessionDescription	0	attribute	type	Window
webrtc	interface	RTCSessionDescription	0	attribute	sdp	Window
webrtc	interface	RTCSessionDescription	0	operation	toJSON	Window
webrtc	dictionary	RTCSessionDescriptionInit	0	field	type	
webrtc	dictionary	RTCSessionDescriptionInit	0	field	sdp	
webrtc	dictionary	RTCLocalSessionDescriptionInit	0	field	type	
webrtc	dictionary	RTCLocalSessionDescriptionInit	0	field	sdp	
webrtc	interface	RTCIceCandidate	0	constructor	constructor	Window
webrtc	interface	RTCIceCandidate	0	attribute	candidate	Window
webrtc	interface	RTCIceCandidate	0	attribute	sdpMid	Window
webrtc	interface	RTCIceCandidate	0	attribute	sdpMLineIndex	Window
webrtc	interface	RTCIceCandidate	0	attribute	foundation	Window
webrtc	interface	RTCIceCandidate	0	attribute	component	Window
webrtc	interface	RTCIceCandidate	0	attribute	priority	Window
webrtc	interface	RTCIceCandidate	0	attribute	address	Window
webrtc	interface	RTCIceCandidate	0	attribute	protocol	Window
webrtc	interface	RTCIceCandidate	0	attribute	port	Window
webrtc	interface	RTCIceCandidate	0	attribute	type	Window
webrtc	interface	RTCIceCandidate	0	attribute	tcpType	Window
webrtc	interface	RTCIceCandidate	0	attribute	relatedAddress	Window
webrtc	interface	RTCIceCandidate	0	attribute	relatedPort	Window
webrtc	interface	RTCIceCandidate	0	attribute	usernameFragment	Window
webrtc	interface	RTCIceCandidate	0	attribute	relayProtocol	Window
webrtc	interface	RTCIceCandidate	0	attribute	url	Window
webrtc	interface	RTCIceCandidate	0	operation	toJSON	Window
webrtc	dictionary	RTCIceCandidateInit	0	field	candidate	
webrtc	dictionary	RTCIceCandidateInit	0	field	sdpMid	
webrtc	dictionary	RTCIceCandidateInit	0	field	sdpMLineIndex	
webrtc	dictionary	RTCIceCandidateInit	0	field	usernameFragment	
webrtc	dictionary	RTCLocalIceCandidateInit	0	field	relayProtocol	
webrtc	dictionary	RTCLocalIceCandidateInit	0	field	url	
webrtc	enum	RTCIceProtocol	0			
webrtc	enum	RTCIceTcpCandidateType	0			
webrtc	enum	RTCIceCandidateType	0			
webrtc	enum	RTCIceServerTransportProtocol	0			
webrtc	interface	RTCPeerConnectionIceEvent	0	constructor	constructor	Window
webrtc	interface	RTCPeerConnectionIceEvent	0	attribute	candidate	Window
webrtc	interface	RTCPeerConnectionIceEvent	0	attribute	url	Window
webrtc	dictionary	RTCPeerConnectionIceEventInit	0	field	candidate	
webrtc	dictionary	RTCPeerConnectionIceEventInit	0	field	url	
webrtc	interface	RTCPeerConnectionIceErrorEvent	0	constructor	constructor	Window
webrtc	interface	RTCPeerConnectionIceErrorEvent	0	attribute	address	Window
webrtc	interface	RTCPeerConnectionIceErrorEvent	0	attribute	port	Window
webrtc	interface	RTCPeerConnectionIceErrorEvent	0	attribute	url	Window
webrtc	interface	RTCPeerConnectionIceErrorEvent	0	attribute	errorCode	Window
webrtc	interface	RTCPeerConnectionIceErrorEvent	0	attribute	errorText	Window
webrtc	dictionary	RTCPeerConnectionIceErrorEventInit	0	field	address	
webrtc	dictionary	RTCPeerConnectionIceErrorEventInit	0	field	port	
webrtc	dictionary	RTCPeerConnectionIceErrorEventInit	0	field	url	
webrtc	dictionary	RTCPeerConnectionIceErrorEventInit	0	field	errorCode	
webrtc	dictionary	RTCPeerConnectionIceErrorEventInit	0	field	errorText	
webrtc	interface	RTCPeerConnection	1	operation	generateCertificate	
webrtc	dictionary	RTCCertificateExpiration	0	field	expires	
webrtc	interface	RTCCertificate	0	attribute	expires	Window
webrtc	interface	RTCCertificate	0	operation	getFingerprints	Window
webrtc	interface	RTCPeerConnection	1	operation	getSenders	
webrtc	interface	RTCPeerConnection	1	operation	getReceivers	
webrtc	interface	RTCPeerConnection	1	operation	getTransceivers	
webrtc	interface	RTCPeerConnection	1	operation	addTrack	
webrtc	interface	RTCPeerConnection	1	operation	removeTrack	
webrtc	interface	RTCPeerConnection	1	operation	addTransceiver	
webrtc	interface	RTCPeerConnection	1	attribute	ontrack	
webrtc	dictionary	RTCRtpTransceiverInit	0	field	direction	
webrtc	dictionary	RTCRtpTransceiverInit	0	field	streams	
webrtc	dictionary	RTCRtpTransceiverInit	0	field	sendEncodings	
webrtc	enum	RTCRtpTransceiverDirection	0			
webrtc	interface	RTCRtpSender	0	attribute	track	Window
webrtc	interface	RTCRtpSender	0	attribute	transport	Window
webrtc	interface	RTCRtpSender	0	operation	getCapabilities	Window
webrtc	interface	RTCRtpSender	0	operation	setParameters	Window
webrtc	interface	RTCRtpSender	0	operation	getParameters	Window
webrtc	interface	RTCRtpSender	0	operation	replaceTrack	Window
webrtc	interface	RTCRtpSender	0	operation	setStreams	Window
webrtc	interface	RTCRtpSender	0	operation	getStats	Window
webrtc	dictionary	RTCRtpParameters	0	field	headerExtensions	
webrtc	dictionary	RTCRtpParameters	0	field	rtcp	
webrtc	dictionary	RTCRtpParameters	0	field	codecs	
webrtc	dictionary	RTCRtpSendParameters	0	field	transactionId	
webrtc	dictionary	RTCRtpSendParameters	0	field	encodings	
webrtc	dictionary	RTCRtpReceiveParameters	0			
webrtc	dictionary	RTCRtpCodingParameters	0	field	rid	
webrtc	dictionary	RTCRtpEncodingParameters	0	field	active	
webrtc	dictionary	RTCRtpEncodingParameters	0	field	codec	
webrtc	dictionary	RTCRtpEncodingParameters	0	field	maxBitrate	
webrtc	dictionary	RTCRtpEncodingParameters	0	field	maxFramerate	
webrtc	dictionary	RTCRtpEncodingParameters	0	field	scaleResolutionDownBy	
webrtc	dictionary	RTCRtcpParameters	0	field	cname	
webrtc	dictionary	RTCRtcpParameters	0	field	reducedSize	
webrtc	dictionary	RTCRtpHeaderExtensionParameters	0	field	uri	
webrtc	dictionary	RTCRtpHeaderExtensionParameters	0	field	id	
webrtc	dictionary	RTCRtpHeaderExtensionParameters	0	field	encrypted	
webrtc	dictionary	RTCRtpCodec	0	field	mimeType	
webrtc	dictionary	RTCRtpCodec	0	field	clockRate	
webrtc	dictionary	RTCRtpCodec	0	field	channels	
webrtc	dictionary	RTCRtpCodec	0	field	sdpFmtpLine	
webrtc	dictionary	RTCRtpCodecParameters	0	field	payloadType	
webrtc	dictionary	RTCRtpCapabilities	0	field	codecs	
webrtc	dictionary	RTCRtpCapabilities	0	field	headerExtensions	
webrtc	dictionary	RTCRtpHeaderExtensionCapability	0	field	uri	
webrtc	dictionary	RTCSetParameterOptions	0			
webrtc	interface	RTCRtpReceiver	0	attribute	track	Window
webrtc	interface	RTCRtpReceiver	0	attribute	transport	Window
webrtc	interface	RTCRtpReceiver	0	operation	getCapabilities	Window
webrtc	interface	RTCRtpReceiver	0	operation	getParameters	Window
webrtc	interface	RTCRtpReceiver	0	operation	getContributingSources	Window
webrtc	interface	RTCRtpReceiver	0	operation	getSynchronizationSources	Window
webrtc	interface	RTCRtpReceiver	0	operation	getStats	Window
webrtc	interface	RTCRtpReceiver	0	attribute	jitterBufferTarget	Window
webrtc	dictionary	RTCRtpContributingSource	0	field	timestamp	
webrtc	dictionary	RTCRtpContributingSource	0	field	source	
webrtc	dictionary	RTCRtpContributingSource	0	field	audioLevel	
webrtc	dictionary	RTCRtpContributingSource	0	field	rtpTimestamp	
webrtc	dictionary	RTCRtpSynchronizationSource	0			
webrtc	interface	RTCRtpTransceiver	0	attribute	mid	Window
webrtc	interface	RTCRtpTransceiver	0	attribute	sender	Window
webrtc	interface	RTCRtpTransceiver	0	attribute	receiver	Window
webrtc	interface	RTCRtpTransceiver	0	attribute	direction	Window
webrtc	interface	RTCRtpTransceiver	0	attribute	currentDirection	Window
webrtc	interface	RTCRtpTransceiver	0	operation	stop	Window
webrtc	interface	RTCRtpTransceiver	0	operation	setCodecPreferences	Window
webrtc	interface	RTCDtlsTransport	0	attribute	iceTransport	Window
webrtc	interface	RTCDtlsTransport	0	attribute	state	Window
webrtc	interface	RTCDtlsTransport	0	operation	getRemoteCertificates	Window
webrtc	interface	RTCDtlsTransport	0	attribute	onstatechange	Window
webrtc	interface	RTCDtlsTransport	0	attribute	onerror	Window
webrtc	enum	RTCDtlsTransportState	0			
webrtc	dictionary	RTCDtlsFingerprint	0	field	algorithm	
webrtc	dictionary	RTCDtlsFingerprint	0	field	value	
webrtc	interface	RTCIceTransport	0	attribute	role	Window
webrtc	interface	RTCIceTransport	0	attribute	component	Window
webrtc	interface	RTCIceTransport	0	attribute	state	Window
webrtc	interface	RTCIceTransport	0	attribute	gatheringState	Window
webrtc	interface	RTCIceTransport	0	operation	getLocalCandidates	Window
webrtc	interface	RTCIceTransport	0	operation	getRemoteCandidates	Window
webrtc	interface	RTCIceTransport	0	operation	getSelectedCandidatePair	Window
webrtc	interface	RTCIceTransport	0	operation	getLocalParameters	Window
webrtc	interface	RTCIceTransport	0	operation	getRemoteParameters	Window
webrtc	interface	RTCIceTransport	0	attribute	onstatechange	Window
webrtc	interface	RTCIceTransport	0	attribute	ongatheringstatechange	Window
webrtc	interface	RTCIceTransport	0	attribute	onselectedcandidatepairchange	Window
webrtc	dictionary	RTCIceParameters	0	field	usernameFragment	
webrtc	dictionary	RTCIceParameters	0	field	password	
webrtc	interface	RTCIceCandidatePair	0	attribute	local	Window
webrtc	interface	RTCIceCandidatePair	0	attribute	remote	Window
webrtc	enum	RTCIceGathererState	0			
webrtc	enum	RTCIceTransportState	0			
webrtc	enum	RTCIceRole	0			
webrtc	enum	RTCIceComponent	0			
webrtc	interface	RTCTrackEvent	0	constructor	constructor	Window
webrtc	interface	RTCTrackEvent	0	attribute	receiver	Window
webrtc	interface	RTCTrackEvent	0	attribute	track	Window
webrtc	interface	RTCTrackEvent	0	attribute	streams	Window
webrtc	interface	RTCTrackEvent	0	attribute	transceiver	Window
webrtc	dictionary	RTCTrackEventInit	0	field	receiver	
webrtc	dictionary	RTCTrackEventInit	0	field	track	
webrtc	dictionary	RTCTrackEventInit	0	field	streams	
webrtc	dictionary	RTCTrackEventInit	0	field	transceiver	
webrtc	interface	RTCPeerConnection	1	attribute	sctp	
webrtc	interface	RTCPeerConnection	1	operation	createDataChannel	
webrtc	interface	RTCPeerConnection	1	attribute	ondatachannel	
webrtc	interface	RTCSctpTransport	0	attribute	transport	Window
webrtc	interface	RTCSctpTransport	0	attribute	state	Window
webrtc	interface	RTCSctpTransport	0	attribute	maxMessageSize	Window
webrtc	interface	RTCSctpTransport	0	attribute	maxChannels	Window
webrtc	interface	RTCSctpTransport	0	attribute	onstatechange	Window
webrtc	enum	RTCSctpTransportState	0			
webrtc	interface	RTCDataChannel	0	attribute	label	Window,DedicatedWorker
webrtc	interface	RTCDataChannel	0	attribute	ordered	Window,DedicatedWorker
webrtc	interface	RTCDataChannel	0	attribute	maxPacketLifeTime	Window,DedicatedWorker
webrtc	interface	RTCDataChannel	0	attribute	maxRetransmits	Window,DedicatedWorker
webrtc	interface	RTCDataChannel	0	attribute	protocol	Window,DedicatedWorker
webrtc	interface	RTCDataChannel	0	attribute	negotiated	Window,DedicatedWorker
webrtc	interface	RTCDataChannel	0	attribute	id	Window,DedicatedWorker
webrtc	interface	RTCDataChannel	0	attribute	readyState	Window,DedicatedWorker
webrtc	interface	RTCDataChannel	0	attribute	bufferedAmount	Window,DedicatedWorker
webrtc	interface	RTCDataChannel	0	attribute	bufferedAmountLowThreshold	Window,DedicatedWorker
webrtc	interface	RTCDataChannel	0	attribute	onopen	Window,DedicatedWorker
webrtc	interface	RTCDataChannel	0	attribute	onbufferedamountlow	Window,DedicatedWorker
webrtc	interface	RTCDataChannel	0	attribute	onerror	Window,DedicatedWorker
webrtc	interface	RTCDataChannel	0	attribute	onclosing	Window,DedicatedWorker
webrtc	interface	RTCDataChannel	0	attribute	onclose	Window,DedicatedWorker
webrtc	interface	RTCDataChannel	0	operation	close	Window,DedicatedWorker
webrtc	interface	RTCDataChannel	0	attribute	onmessage	Window,DedicatedWorker
webrtc	interface	RTCDataChannel	0	attribute	binaryType	Window,DedicatedWorker
webrtc	interface	RTCDataChannel	0	operation	send	Window,DedicatedWorker
webrtc	interface	RTCDataChannel	0	operation	send	Window,DedicatedWorker
webrtc	interface	RTCDataChannel	0	operation	send	Window,DedicatedWorker
webrtc	interface	RTCDataChannel	0	operation	send	Window,DedicatedWorker
webrtc	dictionary	RTCDataChannelInit	0	field	ordered	
webrtc	dictionary	RTCDataChannelInit	0	field	maxPacketLifeTime	
webrtc	dictionary	RTCDataChannelInit	0	field	maxRetransmits	
webrtc	dictionary	RTCDataChannelInit	0	field	protocol	
webrtc	dictionary	RTCDataChannelInit	0	field	negotiated	
webrtc	dictionary	RTCDataChannelInit	0	field	id	
webrtc	enum	RTCDataChannelState	0			
webrtc	interface	RTCDataChannelEvent	0	constructor	constructor	Window
webrtc	interface	RTCDataChannelEvent	0	attribute	channel	Window
webrtc	dictionary	RTCDataChannelEventInit	0	field	channel	
webrtc	interface	RTCRtpSender	1	attribute	dtmf	
webrtc	interface	RTCDTMFSender	0	operation	insertDTMF	Window
webrtc	interface	RTCDTMFSender	0	attribute	ontonechange	Window
webrtc	interface	RTCDTMFSender	0	attribute	canInsertDTMF	Window
webrtc	interface	RTCDTMFSender	0	attribute	toneBuffer	Window
webrtc	interface	RTCDTMFToneChangeEvent	0	constructor	constructor	Window
webrtc	interface	RTCDTMFToneChangeEvent	0	attribute	tone	Window
webrtc	dictionary	RTCDTMFToneChangeEventInit	0	field	tone	
webrtc	interface	RTCPeerConnection	1	operation	getStats	
webrtc	interface	RTCStatsReport	0	maplike	@@maplike	Window
webrtc	dictionary	RTCStats	0	field	timestamp	
webrtc	dictionary	RTCStats	0	field	type	
webrtc	dictionary	RTCStats	0	field	id	
webrtc	interface	RTCError	0	constructor	constructor	Window
webrtc	interface	RTCError	0	attribute	errorDetail	Window
webrtc	interface	RTCError	0	attribute	sdpLineNumber	Window
webrtc	interface	RTCError	0	attribute	sctpCauseCode	Window
webrtc	interface	RTCError	0	attribute	receivedAlert	Window
webrtc	interface	RTCError	0	attribute	sentAlert	Window
webrtc	dictionary	RTCErrorInit	0	field	errorDetail	
webrtc	dictionary	RTCErrorInit	0	field	sdpLineNumber	
webrtc	dictionary	RTCErrorInit	0	field	sctpCauseCode	
webrtc	dictionary	RTCErrorInit	0	field	receivedAlert	
webrtc	dictionary	RTCErrorInit	0	field	sentAlert	
webrtc	enum	RTCErrorDetailType	0			
webrtc	interface	RTCErrorEvent	0	constructor	constructor	Window
webrtc	interface	RTCErrorEvent	0	attribute	error	Window
webrtc	dictionary	RTCErrorEventInit	0	field	error	
websockets	enum	BinaryType	0			
websockets	interface	WebSocket	0	constructor	constructor	Window,Worker
websockets	interface	WebSocket	0	attribute	url	Window,Worker
websockets	interface	WebSocket	0	const	CONNECTING	Window,Worker
websockets	interface	WebSocket	0	const	OPEN	Window,Worker
websockets	interface	WebSocket	0	const	CLOSING	Window,Worker
websockets	interface	WebSocket	0	const	CLOSED	Window,Worker
websockets	interface	WebSocket	0	attribute	readyState	Window,Worker
websockets	interface	WebSocket	0	attribute	bufferedAmount	Window,Worker
websockets	interface	WebSocket	0	attribute	onopen	Window,Worker
websockets	interface	WebSocket	0	attribute	onerror	Window,Worker
websockets	interface	WebSocket	0	attribute	onclose	Window,Worker
websockets	interface	WebSocket	0	attribute	extensions	Window,Worker
websockets	interface	WebSocket	0	attribute	protocol	Window,Worker
websockets	interface	WebSocket	0	operation	close	Window,Worker
websockets	interface	WebSocket	0	attribute	onmessage	Window,Worker
websockets	interface	WebSocket	0	attribute	binaryType	Window,Worker
websockets	interface	WebSocket	0	operation	send	Window,Worker
websockets	interface	CloseEvent	0	constructor	constructor	Window,Worker
websockets	interface	CloseEvent	0	attribute	wasClean	Window,Worker
websockets	interface	CloseEvent	0	attribute	code	Window,Worker
websockets	interface	CloseEvent	0	attribute	reason	Window,Worker
websockets	dictionary	CloseEventInit	0	field	wasClean	
websockets	dictionary	CloseEventInit	0	field	code	
websockets	dictionary	CloseEventInit	0	field	reason	
webtransport	interface	WebTransportDatagramsWritable	0	attribute	sendGroup	Window,Worker
webtransport	interface	WebTransportDatagramsWritable	0	attribute	sendOrder	Window,Worker
webtransport	interface	WebTransportDatagramDuplexStream	0	operation	createWritable	Window,Worker
webtransport	interface	WebTransportDatagramDuplexStream	0	attribute	readable	Window,Worker
webtransport	interface	WebTransportDatagramDuplexStream	0	attribute	maxDatagramSize	Window,Worker
webtransport	interface	WebTransportDatagramDuplexStream	0	attribute	incomingMaxAge	Window,Worker
webtransport	interface	WebTransportDatagramDuplexStream	0	attribute	outgoingMaxAge	Window,Worker
webtransport	interface	WebTransportDatagramDuplexStream	0	attribute	incomingMaxBufferedDatagrams	Window,Worker
webtransport	interface	WebTransportDatagramDuplexStream	0	attribute	outgoingMaxBufferedDatagrams	Window,Worker
webtransport	interface	WebTransport	0	constructor	constructor	Window,Worker
webtransport	interface	WebTransport	0	operation	getStats	Window,Worker
webtransport	interface	WebTransport	0	operation	exportKeyingMaterial	Window,Worker
webtransport	interface	WebTransport	0	attribute	ready	Window,Worker
webtransport	interface	WebTransport	0	attribute	reliability	Window,Worker
webtransport	interface	WebTransport	0	attribute	congestionControl	Window,Worker
webtransport	interface	WebTransport	0	attribute	anticipatedConcurrentIncomingUnidirectionalStreams	Window,Worker
webtransport	interface	WebTransport	0	attribute	anticipatedConcurrentIncomingBidirectionalStreams	Window,Worker
webtransport	interface	WebTransport	0	attribute	responseHeaders	Window,Worker
webtransport	interface	WebTransport	0	attribute	protocol	Window,Worker
webtransport	interface	WebTransport	0	attribute	closed	Window,Worker
webtransport	interface	WebTransport	0	attribute	draining	Window,Worker
webtransport	interface	WebTransport	0	operation	close	Window,Worker
webtransport	interface	WebTransport	0	attribute	datagrams	Window,Worker
webtransport	interface	WebTransport	0	operation	createBidirectionalStream	Window,Worker
webtransport	interface	WebTransport	0	attribute	incomingBidirectionalStreams	Window,Worker
webtransport	interface	WebTransport	0	operation	createUnidirectionalStream	Window,Worker
webtransport	interface	WebTransport	0	attribute	incomingUnidirectionalStreams	Window,Worker
webtransport	interface	WebTransport	0	operation	createSendGroup	Window,Worker
webtransport	interface	WebTransport	0	attribute	supportsReliableOnly	Window,Worker
webtransport	enum	WebTransportReliabilityMode	0			
webtransport	dictionary	WebTransportHash	0	field	algorithm	
webtransport	dictionary	WebTransportHash	0	field	value	
webtransport	dictionary	WebTransportOptions	0	field	allowPooling	
webtransport	dictionary	WebTransportOptions	0	field	requireUnreliable	
webtransport	dictionary	WebTransportOptions	0	field	headers	
webtransport	dictionary	WebTransportOptions	0	field	serverCertificateHashes	
webtransport	dictionary	WebTransportOptions	0	field	congestionControl	
webtransport	dictionary	WebTransportOptions	0	field	anticipatedConcurrentIncomingUnidirectionalStreams	
webtransport	dictionary	WebTransportOptions	0	field	anticipatedConcurrentIncomingBidirectionalStreams	
webtransport	dictionary	WebTransportOptions	0	field	protocols	
webtransport	dictionary	WebTransportOptions	0	field	datagramsReadableType	
webtransport	enum	WebTransportCongestionControl	0			
webtransport	dictionary	WebTransportCloseInfo	0	field	closeCode	
webtransport	dictionary	WebTransportCloseInfo	0	field	reason	
webtransport	dictionary	WebTransportSendOptions	0	field	sendGroup	
webtransport	dictionary	WebTransportSendOptions	0	field	sendOrder	
webtransport	dictionary	WebTransportSendStreamOptions	0	field	waitUntilAvailable	
webtransport	dictionary	WebTransportConnectionStats	0	field	bytesSent	
webtransport	dictionary	WebTransportConnectionStats	0	field	bytesSentOverhead	
webtransport	dictionary	WebTransportConnectionStats	0	field	bytesAcknowledged	
webtransport	dictionary	WebTransportConnectionStats	0	field	packetsSent	
webtransport	dictionary	WebTransportConnectionStats	0	field	bytesLost	
webtransport	dictionary	WebTransportConnectionStats	0	field	packetsLost	
webtransport	dictionary	WebTransportConnectionStats	0	field	bytesReceived	
webtransport	dictionary	WebTransportConnectionStats	0	field	packetsReceived	
webtransport	dictionary	WebTransportConnectionStats	0	field	smoothedRtt	
webtransport	dictionary	WebTransportConnectionStats	0	field	rttVariation	
webtransport	dictionary	WebTransportConnectionStats	0	field	minRtt	
webtransport	dictionary	WebTransportConnectionStats	0	field	datagrams	
webtransport	dictionary	WebTransportConnectionStats	0	field	estimatedSendRate	
webtransport	dictionary	WebTransportConnectionStats	0	field	atSendCapacity	
webtransport	dictionary	WebTransportDatagramStats	0	field	droppedIncoming	
webtransport	dictionary	WebTransportDatagramStats	0	field	expiredIncoming	
webtransport	dictionary	WebTransportDatagramStats	0	field	expiredOutgoing	
webtransport	dictionary	WebTransportDatagramStats	0	field	lostOutgoing	
webtransport	interface	WebTransportSendStream	0	attribute	sendGroup	Window,Worker
webtransport	interface	WebTransportSendStream	0	attribute	sendOrder	Window,Worker
webtransport	interface	WebTransportSendStream	0	operation	getStats	Window,Worker
webtransport	interface	WebTransportSendStream	0	operation	getWriter	Window,Worker
webtransport	dictionary	WebTransportSendStreamStats	0	field	bytesWritten	
webtransport	dictionary	WebTransportSendStreamStats	0	field	bytesSent	
webtransport	dictionary	WebTransportSendStreamStats	0	field	bytesAcknowledged	
webtransport	interface	WebTransportSendGroup	0	operation	getStats	Window,Worker
webtransport	interface	WebTransportReceiveStream	0	operation	getStats	Window,Worker
webtransport	dictionary	WebTransportReceiveStreamStats	0	field	bytesReceived	
webtransport	dictionary	WebTransportReceiveStreamStats	0	field	bytesRead	
webtransport	interface	WebTransportBidirectionalStream	0	attribute	readable	Window,Worker
webtransport	interface	WebTransportBidirectionalStream	0	attribute	writable	Window,Worker
webtransport	interface	WebTransportWriter	0	operation	atomicWrite	*
webtransport	interface	WebTransportWriter	0	operation	commit	*
webtransport	interface	WebTransportError	0	constructor	constructor	Window,Worker
webtransport	interface	WebTransportError	0	attribute	source	Window,Worker
webtransport	interface	WebTransportError	0	attribute	streamErrorCode	Window,Worker
webtransport	dictionary	WebTransportErrorOptions	0	field	source	
webtransport	dictionary	WebTransportErrorOptions	0	field	streamErrorCode	
webtransport	enum	WebTransportErrorSource	0			
webusb	dictionary	USBDeviceFilter	0	field	vendorId	
webusb	dictionary	USBDeviceFilter	0	field	productId	
webusb	dictionary	USBDeviceFilter	0	field	classCode	
webusb	dictionary	USBDeviceFilter	0	field	subclassCode	
webusb	dictionary	USBDeviceFilter	0	field	protocolCode	
webusb	dictionary	USBDeviceFilter	0	field	serialNumber	
webusb	dictionary	USBDeviceRequestOptions	0	field	filters	
webusb	dictionary	USBDeviceRequestOptions	0	field	exclusionFilters	
webusb	interface	USB	0	attribute	onconnect	Worker,Window
webusb	interface	USB	0	attribute	ondisconnect	Worker,Window
webusb	interface	USB	0	operation	getDevices	Worker,Window
webusb	interface	USB	0	operation	requestDevice	Worker,Window
webusb	interface	Navigator	1	attribute	usb	Window
webusb	interface	WorkerNavigator	1	attribute	usb	Worker
webusb	dictionary	USBConnectionEventInit	0	field	device	
webusb	interface	USBConnectionEvent	0	constructor	constructor	Worker,Window
webusb	interface	USBConnectionEvent	0	attribute	device	Worker,Window
webusb	enum	USBTransferStatus	0			
webusb	interface	USBInTransferResult	0	constructor	constructor	Worker,Window
webusb	interface	USBInTransferResult	0	attribute	data	Worker,Window
webusb	interface	USBInTransferResult	0	attribute	status	Worker,Window
webusb	interface	USBOutTransferResult	0	constructor	constructor	Worker,Window
webusb	interface	USBOutTransferResult	0	attribute	bytesWritten	Worker,Window
webusb	interface	USBOutTransferResult	0	attribute	status	Worker,Window
webusb	interface	USBIsochronousInTransferPacket	0	constructor	constructor	Worker,Window
webusb	interface	USBIsochronousInTransferPacket	0	attribute	data	Worker,Window
webusb	interface	USBIsochronousInTransferPacket	0	attribute	status	Worker,Window
webusb	interface	USBIsochronousInTransferResult	0	constructor	constructor	Worker,Window
webusb	interface	USBIsochronousInTransferResult	0	attribute	data	Worker,Window
webusb	interface	USBIsochronousInTransferResult	0	attribute	packets	Worker,Window
webusb	interface	USBIsochronousOutTransferPacket	0	constructor	constructor	Worker,Window
webusb	interface	USBIsochronousOutTransferPacket	0	attribute	bytesWritten	Worker,Window
webusb	interface	USBIsochronousOutTransferPacket	0	attribute	status	Worker,Window
webusb	interface	USBIsochronousOutTransferResult	0	constructor	constructor	Worker,Window
webusb	interface	USBIsochronousOutTransferResult	0	attribute	packets	Worker,Window
webusb	interface	USBDevice	0	attribute	usbVersionMajor	Worker,Window
webusb	interface	USBDevice	0	attribute	usbVersionMinor	Worker,Window
webusb	interface	USBDevice	0	attribute	usbVersionSubminor	Worker,Window
webusb	interface	USBDevice	0	attribute	deviceClass	Worker,Window
webusb	interface	USBDevice	0	attribute	deviceSubclass	Worker,Window
webusb	interface	USBDevice	0	attribute	deviceProtocol	Worker,Window
webusb	interface	USBDevice	0	attribute	vendorId	Worker,Window
webusb	interface	USBDevice	0	attribute	productId	Worker,Window
webusb	interface	USBDevice	0	attribute	deviceVersionMajor	Worker,Window
webusb	interface	USBDevice	0	attribute	deviceVersionMinor	Worker,Window
webusb	interface	USBDevice	0	attribute	deviceVersionSubminor	Worker,Window
webusb	interface	USBDevice	0	attribute	manufacturerName	Worker,Window
webusb	interface	USBDevice	0	attribute	productName	Worker,Window
webusb	interface	USBDevice	0	attribute	serialNumber	Worker,Window
webusb	interface	USBDevice	0	attribute	configuration	Worker,Window
webusb	interface	USBDevice	0	attribute	configurations	Worker,Window
webusb	interface	USBDevice	0	attribute	opened	Worker,Window
webusb	interface	USBDevice	0	operation	open	Worker,Window
webusb	interface	USBDevice	0	operation	close	Worker,Window
webusb	interface	USBDevice	0	operation	forget	Worker,Window
webusb	interface	USBDevice	0	operation	selectConfiguration	Worker,Window
webusb	interface	USBDevice	0	operation	claimInterface	Worker,Window
webusb	interface	USBDevice	0	operation	releaseInterface	Worker,Window
webusb	interface	USBDevice	0	operation	selectAlternateInterface	Worker,Window
webusb	interface	USBDevice	0	operation	controlTransferIn	Worker,Window
webusb	interface	USBDevice	0	operation	controlTransferOut	Worker,Window
webusb	interface	USBDevice	0	operation	clearHalt	Worker,Window
webusb	interface	USBDevice	0	operation	transferIn	Worker,Window
webusb	interface	USBDevice	0	operation	transferOut	Worker,Window
webusb	interface	USBDevice	0	operation	isochronousTransferIn	Worker,Window
webusb	interface	USBDevice	0	operation	isochronousTransferOut	Worker,Window
webusb	interface	USBDevice	0	operation	reset	Worker,Window
webusb	enum	USBRequestType	0			
webusb	enum	USBRecipient	0			
webusb	dictionary	USBControlTransferParameters	0	field	requestType	
webusb	dictionary	USBControlTransferParameters	0	field	recipient	
webusb	dictionary	USBControlTransferParameters	0	field	request	
webusb	dictionary	USBControlTransferParameters	0	field	value	
webusb	dictionary	USBControlTransferParameters	0	field	index	
webusb	interface	USBConfiguration	0	constructor	constructor	Worker,Window
webusb	interface	USBConfiguration	0	attribute	configurationValue	Worker,Window
webusb	interface	USBConfiguration	0	attribute	configurationName	Worker,Window
webusb	interface	USBConfiguration	0	attribute	interfaces	Worker,Window
webusb	interface	USBInterface	0	constructor	constructor	Worker,Window
webusb	interface	USBInterface	0	attribute	interfaceNumber	Worker,Window
webusb	interface	USBInterface	0	attribute	alternate	Worker,Window
webusb	interface	USBInterface	0	attribute	alternates	Worker,Window
webusb	interface	USBInterface	0	attribute	claimed	Worker,Window
webusb	interface	USBAlternateInterface	0	constructor	constructor	Worker,Window
webusb	interface	USBAlternateInterface	0	attribute	alternateSetting	Worker,Window
webusb	interface	USBAlternateInterface	0	attribute	interfaceClass	Worker,Window
webusb	interface	USBAlternateInterface	0	attribute	interfaceSubclass	Worker,Window
webusb	interface	USBAlternateInterface	0	attribute	interfaceProtocol	Worker,Window
webusb	interface	USBAlternateInterface	0	attribute	interfaceName	Worker,Window
webusb	interface	USBAlternateInterface	0	attribute	endpoints	Worker,Window
webusb	enum	USBDirection	0			
webusb	enum	USBEndpointType	0			
webusb	interface	USBEndpoint	0	constructor	constructor	Worker,Window
webusb	interface	USBEndpoint	0	attribute	endpointNumber	Worker,Window
webusb	interface	USBEndpoint	0	attribute	direction	Worker,Window
webusb	interface	USBEndpoint	0	attribute	type	Worker,Window
webusb	interface	USBEndpoint	0	attribute	packetSize	Worker,Window
webusb	dictionary	USBBlocklistEntry	0	field	idVendor	
webusb	dictionary	USBBlocklistEntry	0	field	idProduct	
webusb	dictionary	USBBlocklistEntry	0	field	bcdDevice	
webusb	dictionary	USBPermissionDescriptor	0	field	filters	
webusb	dictionary	USBPermissionDescriptor	0	field	exclusionFilters	
webusb	dictionary	AllowedUSBDevice	0	field	vendorId	
webusb	dictionary	AllowedUSBDevice	0	field	productId	
webusb	dictionary	AllowedUSBDevice	0	field	serialNumber	
webusb	dictionary	USBPermissionStorage	0	field	allowedDevices	
webusb	interface	USBPermissionResult	0	attribute	devices	Worker,Window
webvtt	enum	AutoKeyword	0			
webvtt	typedef	LineAndPositionSetting	0			
webvtt	enum	DirectionSetting	0			
webvtt	enum	LineAlignSetting	0			
webvtt	enum	PositionAlignSetting	0			
webvtt	enum	AlignSetting	0			
webvtt	interface	VTTCue	0	constructor	constructor	Window
webvtt	interface	VTTCue	0	attribute	region	Window
webvtt	interface	VTTCue	0	attribute	vertical	Window
webvtt	interface	VTTCue	0	attribute	snapToLines	Window
webvtt	interface	VTTCue	0	attribute	line	Window
webvtt	interface	VTTCue	0	attribute	lineAlign	Window
webvtt	interface	VTTCue	0	attribute	position	Window
webvtt	interface	VTTCue	0	attribute	positionAlign	Window
webvtt	interface	VTTCue	0	attribute	size	Window
webvtt	interface	VTTCue	0	attribute	align	Window
webvtt	interface	VTTCue	0	attribute	text	Window
webvtt	interface	VTTCue	0	operation	getCueAsHTML	Window
webvtt	enum	ScrollSetting	0			
webvtt	interface	VTTRegion	0	constructor	constructor	Window
webvtt	interface	VTTRegion	0	attribute	id	Window
webvtt	interface	VTTRegion	0	attribute	width	Window
webvtt	interface	VTTRegion	0	attribute	lines	Window
webvtt	interface	VTTRegion	0	attribute	regionAnchorX	Window
webvtt	interface	VTTRegion	0	attribute	regionAnchorY	Window
webvtt	interface	VTTRegion	0	attribute	viewportAnchorX	Window
webvtt	interface	VTTRegion	0	attribute	viewportAnchorY	Window
webvtt	interface	VTTRegion	0	attribute	scroll	Window
webxr-ar-module	enum	XREnvironmentBlendMode	0			
webxr-ar-module	interface	XRSession	1	attribute	environmentBlendMode	
webxr-ar-module	enum	XRInteractionMode	0			
webxr-ar-module	interface	XRSession	1	attribute	interactionMode	
webxr-ar-module	interface	XRView	1	attribute	isFirstPersonObserver	
webxr-depth-sensing	enum	XRDepthType	0			
webxr-depth-sensing	enum	XRDepthUsage	0			
webxr-depth-sensing	enum	XRDepthDataFormat	0			
webxr-depth-sensing	dictionary	XRDepthStateInit	0	field	usagePreference	
webxr-depth-sensing	dictionary	XRDepthStateInit	0	field	dataFormatPreference	
webxr-depth-sensing	dictionary	XRDepthStateInit	0	field	depthTypeRequest	
webxr-depth-sensing	dictionary	XRDepthStateInit	0	field	matchDepthView	
webxr-depth-sensing	dictionary	XRSessionInit	1	field	depthSensing	
webxr-depth-sensing	interface	XRSession	1	attribute	depthUsage	
webxr-depth-sensing	interface	XRSession	1	attribute	depthDataFormat	
webxr-depth-sensing	interface	XRSession	1	attribute	depthType	
webxr-depth-sensing	interface	XRSession	1	attribute	depthActive	
webxr-depth-sensing	interface	XRSession	1	operation	pauseDepthSensing	
webxr-depth-sensing	interface	XRSession	1	operation	resumeDepthSensing	
webxr-depth-sensing	interface	XRDepthInformation	0	attribute	width	Window
webxr-depth-sensing	interface	XRDepthInformation	0	attribute	height	Window
webxr-depth-sensing	interface	XRDepthInformation	0	attribute	normDepthBufferFromNormView	Window
webxr-depth-sensing	interface	XRDepthInformation	0	attribute	rawValueToMeters	Window
webxr-depth-sensing	includes	XRDepthInformation	0		XRViewGeometry	
webxr-depth-sensing	interface	XRCPUDepthInformation	0	attribute	data	Window
webxr-depth-sensing	interface	XRCPUDepthInformation	0	operation	getDepthInMeters	Window
webxr-depth-sensing	interface	XRFrame	1	operation	getDepthInformation	
webxr-depth-sensing	interface	XRWebGLDepthInformation	0	attribute	texture	Window
webxr-depth-sensing	interface	XRWebGLDepthInformation	0	attribute	textureType	Window
webxr-depth-sensing	interface	XRWebGLDepthInformation	0	attribute	imageIndex	Window
webxr-depth-sensing	interface	XRWebGLBinding	1	operation	getDepthInformation	
webxr-depth-sensing	interface	XRGPUDepthInformation	0	attribute	texture	Window
webxr-depth-sensing	interface	XRGPUDepthInformation	0	operation	getViewDescriptor	Window
webxr-depth-sensing	interface	XRGPUBinding	1	operation	getDepthInformation	
webxr-dom-overlays	interface mixin	GlobalEventHandlers	1	attribute	onbeforexrselect	
webxr-dom-overlays	dictionary	XRSessionInit	1	field	domOverlay	
webxr-dom-overlays	interface	XRSession	1	attribute	domOverlayState	
webxr-dom-overlays	dictionary	XRDOMOverlayInit	0	field	root	
webxr-dom-overlays	enum	XRDOMOverlayType	0			
webxr-dom-overlays	dictionary	XRDOMOverlayState	0	field	type	
webxr-gamepads-module	interface	XRInputSource	1	attribute	gamepad	
webxr-hand-input	interface	XRInputSource	1	attribute	hand	
webxr-hand-input	enum	XRHandJoint	0			
webxr-hand-input	interface	XRHand	0	iterable	@@iterator	Window
webxr-hand-input	interface	XRHand	0	attribute	size	Window
webxr-hand-input	interface	XRHand	0	operation	get	Window
webxr-hand-input	interface	XRJointSpace	0	attribute	jointName	Window
webxr-hand-input	interface	XRFrame	1	operation	getJointPose	
webxr-hand-input	interface	XRFrame	1	operation	fillJointRadii	
webxr-hand-input	interface	XRFrame	1	operation	fillPoses	
webxr-hand-input	interface	XRJointPose	0	attribute	radius	Window
webxr-hit-test	enum	XRHitTestTrackableType	0			
webxr-hit-test	dictionary	XRHitTestOptionsInit	0	field	space	
webxr-hit-test	dictionary	XRHitTestOptionsInit	0	field	entityTypes	
webxr-hit-test	dictionary	XRHitTestOptionsInit	0	field	offsetRay	
webxr-hit-test	dictionary	XRTransientInputHitTestOptionsInit	0	field	profile	
webxr-hit-test	dictionary	XRTransientInputHitTestOptionsInit	0	field	entityTypes	
webxr-hit-test	dictionary	XRTransientInputHitTestOptionsInit	0	field	offsetRay	
webxr-hit-test	interface	XRHitTestSource	0	operation	cancel	Window
webxr-hit-test	interface	XRTransientInputHitTestSource	0	operation	cancel	Window
webxr-hit-test	interface	XRHitTestResult	0	operation	getPose	Window
webxr-hit-test	interface	XRTransientInputHitTestResult	0	attribute	inputSource	Window
webxr-hit-test	interface	XRTransientInputHitTestResult	0	attribute	results	Window
webxr-hit-test	interface	XRSession	1	operation	requestHitTestSource	
webxr-hit-test	interface	XRSession	1	operation	requestHitTestSourceForTransientInput	
webxr-hit-test	interface	XRFrame	1	operation	getHitTestResults	
webxr-hit-test	interface	XRFrame	1	operation	getHitTestResultsForTransientInput	
webxr-hit-test	dictionary	XRRayDirectionInit	0	field	x	
webxr-hit-test	dictionary	XRRayDirectionInit	0	field	y	
webxr-hit-test	dictionary	XRRayDirectionInit	0	field	z	
webxr-hit-test	dictionary	XRRayDirectionInit	0	field	w	
webxr-hit-test	interface	XRRay	0	constructor	constructor	Window
webxr-hit-test	interface	XRRay	0	constructor	constructor	Window
webxr-hit-test	interface	XRRay	0	attribute	origin	Window
webxr-hit-test	interface	XRRay	0	attribute	direction	Window
webxr-hit-test	interface	XRRay	0	attribute	matrix	Window
webxr-lighting-estimation	interface	XRLightProbe	0	attribute	probeSpace	Window
webxr-lighting-estimation	interface	XRLightProbe	0	attribute	onreflectionchange	Window
webxr-lighting-estimation	enum	XRReflectionFormat	0			
webxr-lighting-estimation	interface	XRLightEstimate	0	attribute	sphericalHarmonicsCoefficients	Window
webxr-lighting-estimation	interface	XRLightEstimate	0	attribute	primaryLightDirection	Window
webxr-lighting-estimation	interface	XRLightEstimate	0	attribute	primaryLightIntensity	Window
webxr-lighting-estimation	dictionary	XRLightProbeInit	0	field	reflectionFormat	
webxr-lighting-estimation	interface	XRSession	1	operation	requestLightProbe	
webxr-lighting-estimation	interface	XRSession	1	attribute	preferredReflectionFormat	
webxr-lighting-estimation	interface	XRFrame	1	operation	getLightEstimate	
webxr-lighting-estimation	interface	XRWebGLBinding	1	operation	getReflectionCubeMap	
webxr-plane-detection	enum	XRPlaneOrientation	0			
webxr-plane-detection	interface	XRPlane	0	attribute	planeSpace	Window
webxr-plane-detection	interface	XRPlane	0	attribute	polygon	Window
webxr-plane-detection	interface	XRPlane	0	attribute	orientation	Window
webxr-plane-detection	interface	XRPlane	0	attribute	lastChangedTime	Window
webxr-plane-detection	interface	XRPlane	0	attribute	semanticLabel	Window
webxr-plane-detection	interface	XRPlaneSet	0	setlike	@@setlike	Window
webxr-plane-detection	interface	XRFrame	1	attribute	detectedPlanes	
webxr-plane-detection	interface	XRSession	1	operation	initiateRoomCapture	
webxr-webgpu-binding	interface	XRGPUSubImage	0	attribute	colorTexture	Window
webxr-webgpu-binding	interface	XRGPUSubImage	0	attribute	depthStencilTexture	Window
webxr-webgpu-binding	interface	XRGPUSubImage	0	attribute	motionVectorTexture	Window
webxr-webgpu-binding	interface	XRGPUSubImage	0	operation	getViewDescriptor	Window
webxr-webgpu-binding	dictionary	XRGPUProjectionLayerInit	0	field	colorFormat	
webxr-webgpu-binding	dictionary	XRGPUProjectionLayerInit	0	field	depthStencilFormat	
webxr-webgpu-binding	dictionary	XRGPUProjectionLayerInit	0	field	textureUsage	
webxr-webgpu-binding	dictionary	XRGPUProjectionLayerInit	0	field	scaleFactor	
webxr-webgpu-binding	dictionary	XRGPULayerInit	0	field	colorFormat	
webxr-webgpu-binding	dictionary	XRGPULayerInit	0	field	depthStencilFormat	
webxr-webgpu-binding	dictionary	XRGPULayerInit	0	field	textureUsage	
webxr-webgpu-binding	dictionary	XRGPULayerInit	0	field	space	
webxr-webgpu-binding	dictionary	XRGPULayerInit	0	field	mipLevels	
webxr-webgpu-binding	dictionary	XRGPULayerInit	0	field	viewPixelWidth	
webxr-webgpu-binding	dictionary	XRGPULayerInit	0	field	viewPixelHeight	
webxr-webgpu-binding	dictionary	XRGPULayerInit	0	field	layout	
webxr-webgpu-binding	dictionary	XRGPULayerInit	0	field	isStatic	
webxr-webgpu-binding	dictionary	XRGPUQuadLayerInit	0	field	transform	
webxr-webgpu-binding	dictionary	XRGPUQuadLayerInit	0	field	width	
webxr-webgpu-binding	dictionary	XRGPUQuadLayerInit	0	field	height	
webxr-webgpu-binding	dictionary	XRGPUCylinderLayerInit	0	field	transform	
webxr-webgpu-binding	dictionary	XRGPUCylinderLayerInit	0	field	radius	
webxr-webgpu-binding	dictionary	XRGPUCylinderLayerInit	0	field	centralAngle	
webxr-webgpu-binding	dictionary	XRGPUCylinderLayerInit	0	field	aspectRatio	
webxr-webgpu-binding	dictionary	XRGPUEquirectLayerInit	0	field	transform	
webxr-webgpu-binding	dictionary	XRGPUEquirectLayerInit	0	field	radius	
webxr-webgpu-binding	dictionary	XRGPUEquirectLayerInit	0	field	centralHorizontalAngle	
webxr-webgpu-binding	dictionary	XRGPUEquirectLayerInit	0	field	upperVerticalAngle	
webxr-webgpu-binding	dictionary	XRGPUEquirectLayerInit	0	field	lowerVerticalAngle	
webxr-webgpu-binding	dictionary	XRGPUCubeLayerInit	0	field	orientation	
webxr-webgpu-binding	interface	XRGPUBinding	0	constructor	constructor	Window
webxr-webgpu-binding	interface	XRGPUBinding	0	attribute	nativeProjectionScaleFactor	Window
webxr-webgpu-binding	interface	XRGPUBinding	0	attribute	usesDepthValues	Window
webxr-webgpu-binding	interface	XRGPUBinding	0	operation	createProjectionLayer	Window
webxr-webgpu-binding	interface	XRGPUBinding	0	operation	createQuadLayer	Window
webxr-webgpu-binding	interface	XRGPUBinding	0	operation	createCylinderLayer	Window
webxr-webgpu-binding	interface	XRGPUBinding	0	operation	createEquirectLayer	Window
webxr-webgpu-binding	interface	XRGPUBinding	0	operation	createCubeLayer	Window
webxr-webgpu-binding	interface	XRGPUBinding	0	operation	getSubImage	Window
webxr-webgpu-binding	interface	XRGPUBinding	0	operation	getViewSubImage	Window
webxr-webgpu-binding	interface	XRGPUBinding	0	operation	getPreferredColorFormat	Window
webxr	interface	Navigator	1	attribute	xr	
webxr	interface	XRSystem	0	operation	isSessionSupported	Window
webxr	interface	XRSystem	0	operation	requestSession	Window
webxr	interface	XRSystem	0	attribute	ondevicechange	Window
webxr	enum	XRSessionMode	0			
webxr	dictionary	XRSessionInit	0	field	requiredFeatures	
webxr	dictionary	XRSessionInit	0	field	optionalFeatures	
webxr	enum	XRVisibilityState	0			
webxr	interface	XRSession	0	attribute	visibilityState	Window
webxr	interface	XRSession	0	attribute	frameRate	Window
webxr	interface	XRSession	0	attribute	supportedFrameRates	Window
webxr	interface	XRSession	0	attribute	renderState	Window
webxr	interface	XRSession	0	attribute	inputSources	Window
webxr	interface	XRSession	0	attribute	trackedSources	Window
webxr	interface	XRSession	0	attribute	enabledFeatures	Window
webxr	interface	XRSession	0	attribute	isSystemKeyboardSupported	Window
webxr	interface	XRSession	0	operation	updateRenderState	Window
webxr	interface	XRSession	0	operation	updateTargetFrameRate	Window
webxr	interface	XRSession	0	operation	requestReferenceSpace	Window
webxr	interface	XRSession	0	operation	requestAnimationFrame	Window
webxr	interface	XRSession	0	operation	cancelAnimationFrame	Window
webxr	interface	XRSession	0	operation	end	Window
webxr	interface	XRSession	0	attribute	onend	Window
webxr	interface	XRSession	0	attribute	oninputsourceschange	Window
webxr	interface	XRSession	0	attribute	onselect	Window
webxr	interface	XRSession	0	attribute	onselectstart	Window
webxr	interface	XRSession	0	attribute	onselectend	Window
webxr	interface	XRSession	0	attribute	onsqueeze	Window
webxr	interface	XRSession	0	attribute	onsqueezestart	Window
webxr	interface	XRSession	0	attribute	onsqueezeend	Window
webxr	interface	XRSession	0	attribute	onvisibilitychange	Window
webxr	interface	XRSession	0	attribute	onframeratechange	Window
webxr	dictionary	XRRenderStateInit	0	field	depthNear	
webxr	dictionary	XRRenderStateInit	0	field	depthFar	
webxr	dictionary	XRRenderStateInit	0	field	passthroughFullyObscured	
webxr	dictionary	XRRenderStateInit	0	field	inlineVerticalFieldOfView	
webxr	dictionary	XRRenderStateInit	0	field	baseLayer	
webxr	dictionary	XRRenderStateInit	0	field	layers	
webxr	interface	XRRenderState	0	attribute	depthNear	Window
webxr	interface	XRRenderState	0	attribute	depthFar	Window
webxr	interface	XRRenderState	0	attribute	passthroughFullyObscured	Window
webxr	interface	XRRenderState	0	attribute	inlineVerticalFieldOfView	Window
webxr	interface	XRRenderState	0	attribute	baseLayer	Window
webxr	callback	XRFrameRequestCallback	0			
webxr	interface	XRFrame	0	attribute	session	Window
webxr	interface	XRFrame	0	attribute	predictedDisplayTime	Window
webxr	interface	XRFrame	0	operation	getViewerPose	Window
webxr	interface	XRFrame	0	operation	getPose	Window
webxr	interface	XRSpace	0			Window
webxr	enum	XRReferenceSpaceType	0			
webxr	interface	XRReferenceSpace	0	operation	getOffsetReferenceSpace	Window
webxr	interface	XRReferenceSpace	0	attribute	onreset	Window
webxr	interface	XRBoundedReferenceSpace	0	attribute	boundsGeometry	Window
webxr	interface mixin	XRViewGeometry	0	attribute	projectionMatrix	Window
webxr	interface mixin	XRViewGeometry	0	attribute	transform	Window
webxr	enum	XREye	0			
webxr	interface	XRView	0	attribute	eye	Window
webxr	interface	XRView	0	attribute	index	Window
webxr	interface	XRView	0	attribute	recommendedViewportScale	Window
webxr	interface	XRView	0	operation	requestViewportScale	Window
webxr	includes	XRView	0		XRViewGeometry	
webxr	interface	XRViewport	0	attribute	x	Window
webxr	interface	XRViewport	0	attribute	y	Window
webxr	interface	XRViewport	0	attribute	width	Window
webxr	interface	XRViewport	0	attribute	height	Window
webxr	interface	XRRigidTransform	0	constructor	constructor	Window
webxr	interface	XRRigidTransform	0	attribute	position	Window
webxr	interface	XRRigidTransform	0	attribute	orientation	Window
webxr	interface	XRRigidTransform	0	attribute	matrix	Window
webxr	interface	XRRigidTransform	0	attribute	inverse	Window
webxr	interface	XRPose	0	attribute	transform	Window
webxr	interface	XRPose	0	attribute	linearVelocity	Window
webxr	interface	XRPose	0	attribute	angularVelocity	Window
webxr	interface	XRPose	0	attribute	emulatedPosition	Window
webxr	interface	XRViewerPose	0	attribute	views	Window
webxr	enum	XRHandedness	0			
webxr	enum	XRTargetRayMode	0			
webxr	interface	XRInputSource	0	attribute	handedness	Window
webxr	interface	XRInputSource	0	attribute	targetRayMode	Window
webxr	interface	XRInputSource	0	attribute	targetRaySpace	Window
webxr	interface	XRInputSource	0	attribute	gripSpace	Window
webxr	interface	XRInputSource	0	attribute	profiles	Window
webxr	interface	XRInputSource	0	attribute	skipRendering	Window
webxr	interface	XRInputSourceArray	0	iterable	@@iterator	Window
webxr	interface	XRInputSourceArray	0	attribute	length	Window
webxr	interface	XRInputSourceArray	0	operation	@匿名	Window
webxr	interface	XRLayer	0			Window
webxr	typedef	XRWebGLRenderingContext	0			
webxr	dictionary	XRWebGLLayerInit	0	field	antialias	
webxr	dictionary	XRWebGLLayerInit	0	field	depth	
webxr	dictionary	XRWebGLLayerInit	0	field	stencil	
webxr	dictionary	XRWebGLLayerInit	0	field	alpha	
webxr	dictionary	XRWebGLLayerInit	0	field	ignoreDepthValues	
webxr	dictionary	XRWebGLLayerInit	0	field	framebufferScaleFactor	
webxr	interface	XRWebGLLayer	0	constructor	constructor	Window
webxr	interface	XRWebGLLayer	0	attribute	antialias	Window
webxr	interface	XRWebGLLayer	0	attribute	ignoreDepthValues	Window
webxr	interface	XRWebGLLayer	0	attribute	fixedFoveation	Window
webxr	interface	XRWebGLLayer	0	attribute	framebuffer	Window
webxr	interface	XRWebGLLayer	0	attribute	framebufferWidth	Window
webxr	interface	XRWebGLLayer	0	attribute	framebufferHeight	Window
webxr	interface	XRWebGLLayer	0	operation	getViewport	Window
webxr	interface	XRWebGLLayer	0	operation	getNativeFramebufferScaleFactor	Window
webxr	dictionary	WebGLContextAttributes	1	field	xrCompatible	
webxr	interface mixin	WebGLRenderingContextBase	1	operation	makeXRCompatible	
webxr	interface	XRSessionEvent	0	constructor	constructor	Window
webxr	interface	XRSessionEvent	0	attribute	session	Window
webxr	dictionary	XRSessionEventInit	0	field	session	
webxr	interface	XRInputSourceEvent	0	constructor	constructor	Window
webxr	interface	XRInputSourceEvent	0	attribute	frame	Window
webxr	interface	XRInputSourceEvent	0	attribute	inputSource	Window
webxr	dictionary	XRInputSourceEventInit	0	field	frame	
webxr	dictionary	XRInputSourceEventInit	0	field	inputSource	
webxr	interface	XRInputSourcesChangeEvent	0	constructor	constructor	Window
webxr	interface	XRInputSourcesChangeEvent	0	attribute	session	Window
webxr	interface	XRInputSourcesChangeEvent	0	attribute	added	Window
webxr	interface	XRInputSourcesChangeEvent	0	attribute	removed	Window
webxr	dictionary	XRInputSourcesChangeEventInit	0	field	session	
webxr	dictionary	XRInputSourcesChangeEventInit	0	field	added	
webxr	dictionary	XRInputSourcesChangeEventInit	0	field	removed	
webxr	interface	XRReferenceSpaceEvent	0	constructor	constructor	Window
webxr	interface	XRReferenceSpaceEvent	0	attribute	referenceSpace	Window
webxr	interface	XRReferenceSpaceEvent	0	attribute	transform	Window
webxr	dictionary	XRReferenceSpaceEventInit	0	field	referenceSpace	
webxr	dictionary	XRReferenceSpaceEventInit	0	field	transform	
webxr	interface	XRVisibilityMaskChangeEvent	0	constructor	constructor	Window
webxr	interface	XRVisibilityMaskChangeEvent	0	attribute	session	Window
webxr	interface	XRVisibilityMaskChangeEvent	0	attribute	eye	Window
webxr	interface	XRVisibilityMaskChangeEvent	0	attribute	index	Window
webxr	interface	XRVisibilityMaskChangeEvent	0	attribute	vertices	Window
webxr	interface	XRVisibilityMaskChangeEvent	0	attribute	indices	Window
webxr	dictionary	XRVisibilityMaskChangeEventInit	0	field	session	
webxr	dictionary	XRVisibilityMaskChangeEventInit	0	field	eye	
webxr	dictionary	XRVisibilityMaskChangeEventInit	0	field	index	
webxr	dictionary	XRVisibilityMaskChangeEventInit	0	field	vertices	
webxr	dictionary	XRVisibilityMaskChangeEventInit	0	field	indices	
webxr	dictionary	XRSessionSupportedPermissionDescriptor	0	field	mode	
webxr	dictionary	XRPermissionDescriptor	0	field	mode	
webxr	dictionary	XRPermissionDescriptor	0	field	requiredFeatures	
webxr	dictionary	XRPermissionDescriptor	0	field	optionalFeatures	
webxr	interface	XRPermissionStatus	0	attribute	granted	Window
webxrlayers	enum	XRLayerLayout	0			
webxrlayers	enum	XRLayerQuality	0			
webxrlayers	interface	XRCompositionLayer	0	attribute	layout	Window
webxrlayers	interface	XRCompositionLayer	0	attribute	blendTextureSourceAlpha	Window
webxrlayers	interface	XRCompositionLayer	0	attribute	forceMonoPresentation	Window
webxrlayers	interface	XRCompositionLayer	0	attribute	opacity	Window
webxrlayers	interface	XRCompositionLayer	0	attribute	mipLevels	Window
webxrlayers	interface	XRCompositionLayer	0	attribute	quality	Window
webxrlayers	interface	XRCompositionLayer	0	attribute	needsRedraw	Window
webxrlayers	interface	XRCompositionLayer	0	operation	destroy	Window
webxrlayers	interface	XRProjectionLayer	0	attribute	textureWidth	Window
webxrlayers	interface	XRProjectionLayer	0	attribute	textureHeight	Window
webxrlayers	interface	XRProjectionLayer	0	attribute	textureArrayLength	Window
webxrlayers	interface	XRProjectionLayer	0	attribute	ignoreDepthValues	Window
webxrlayers	interface	XRProjectionLayer	0	attribute	fixedFoveation	Window
webxrlayers	interface	XRProjectionLayer	0	attribute	deltaPose	Window
webxrlayers	interface	XRQuadLayer	0	attribute	space	Window
webxrlayers	interface	XRQuadLayer	0	attribute	transform	Window
webxrlayers	interface	XRQuadLayer	0	attribute	width	Window
webxrlayers	interface	XRQuadLayer	0	attribute	height	Window
webxrlayers	interface	XRQuadLayer	0	attribute	onredraw	Window
webxrlayers	interface	XRCylinderLayer	0	attribute	space	Window
webxrlayers	interface	XRCylinderLayer	0	attribute	transform	Window
webxrlayers	interface	XRCylinderLayer	0	attribute	radius	Window
webxrlayers	interface	XRCylinderLayer	0	attribute	centralAngle	Window
webxrlayers	interface	XRCylinderLayer	0	attribute	aspectRatio	Window
webxrlayers	interface	XRCylinderLayer	0	attribute	onredraw	Window
webxrlayers	interface	XREquirectLayer	0	attribute	space	Window
webxrlayers	interface	XREquirectLayer	0	attribute	transform	Window
webxrlayers	interface	XREquirectLayer	0	attribute	radius	Window
webxrlayers	interface	XREquirectLayer	0	attribute	centralHorizontalAngle	Window
webxrlayers	interface	XREquirectLayer	0	attribute	upperVerticalAngle	Window
webxrlayers	interface	XREquirectLayer	0	attribute	lowerVerticalAngle	Window
webxrlayers	interface	XREquirectLayer	0	attribute	onredraw	Window
webxrlayers	interface	XRCubeLayer	0	attribute	space	Window
webxrlayers	interface	XRCubeLayer	0	attribute	orientation	Window
webxrlayers	interface	XRCubeLayer	0	attribute	onredraw	Window
webxrlayers	interface	XRSubImage	0	attribute	viewport	Window
webxrlayers	interface	XRWebGLSubImage	0	attribute	colorTexture	Window
webxrlayers	interface	XRWebGLSubImage	0	attribute	depthStencilTexture	Window
webxrlayers	interface	XRWebGLSubImage	0	attribute	motionVectorTexture	Window
webxrlayers	interface	XRWebGLSubImage	0	attribute	imageIndex	Window
webxrlayers	interface	XRWebGLSubImage	0	attribute	colorTextureWidth	Window
webxrlayers	interface	XRWebGLSubImage	0	attribute	colorTextureHeight	Window
webxrlayers	interface	XRWebGLSubImage	0	attribute	depthStencilTextureWidth	Window
webxrlayers	interface	XRWebGLSubImage	0	attribute	depthStencilTextureHeight	Window
webxrlayers	enum	XRTextureType	0			
webxrlayers	dictionary	XRProjectionLayerInit	0	field	textureType	
webxrlayers	dictionary	XRProjectionLayerInit	0	field	colorFormat	
webxrlayers	dictionary	XRProjectionLayerInit	0	field	depthFormat	
webxrlayers	dictionary	XRProjectionLayerInit	0	field	scaleFactor	
webxrlayers	dictionary	XRProjectionLayerInit	0	field	clearOnAccess	
webxrlayers	dictionary	XRLayerInit	0	field	space	
webxrlayers	dictionary	XRLayerInit	0	field	textureType	
webxrlayers	dictionary	XRLayerInit	0	field	colorFormat	
webxrlayers	dictionary	XRLayerInit	0	field	depthFormat	
webxrlayers	dictionary	XRLayerInit	0	field	mipLevels	
webxrlayers	dictionary	XRLayerInit	0	field	viewPixelWidth	
webxrlayers	dictionary	XRLayerInit	0	field	viewPixelHeight	
webxrlayers	dictionary	XRLayerInit	0	field	layout	
webxrlayers	dictionary	XRLayerInit	0	field	isStatic	
webxrlayers	dictionary	XRLayerInit	0	field	clearOnAccess	
webxrlayers	dictionary	XRQuadLayerInit	0	field	transform	
webxrlayers	dictionary	XRQuadLayerInit	0	field	width	
webxrlayers	dictionary	XRQuadLayerInit	0	field	height	
webxrlayers	dictionary	XRCylinderLayerInit	0	field	transform	
webxrlayers	dictionary	XRCylinderLayerInit	0	field	radius	
webxrlayers	dictionary	XRCylinderLayerInit	0	field	centralAngle	
webxrlayers	dictionary	XRCylinderLayerInit	0	field	aspectRatio	
webxrlayers	dictionary	XREquirectLayerInit	0	field	transform	
webxrlayers	dictionary	XREquirectLayerInit	0	field	radius	
webxrlayers	dictionary	XREquirectLayerInit	0	field	centralHorizontalAngle	
webxrlayers	dictionary	XREquirectLayerInit	0	field	upperVerticalAngle	
webxrlayers	dictionary	XREquirectLayerInit	0	field	lowerVerticalAngle	
webxrlayers	dictionary	XRCubeLayerInit	0	field	orientation	
webxrlayers	interface	XRWebGLBinding	0	constructor	constructor	Window
webxrlayers	interface	XRWebGLBinding	0	attribute	nativeProjectionScaleFactor	Window
webxrlayers	interface	XRWebGLBinding	0	attribute	usesDepthValues	Window
webxrlayers	interface	XRWebGLBinding	0	operation	createProjectionLayer	Window
webxrlayers	interface	XRWebGLBinding	0	operation	createQuadLayer	Window
webxrlayers	interface	XRWebGLBinding	0	operation	createCylinderLayer	Window
webxrlayers	interface	XRWebGLBinding	0	operation	createEquirectLayer	Window
webxrlayers	interface	XRWebGLBinding	0	operation	createCubeLayer	Window
webxrlayers	interface	XRWebGLBinding	0	operation	getSubImage	Window
webxrlayers	interface	XRWebGLBinding	0	operation	getViewSubImage	Window
webxrlayers	interface	XRWebGLBinding	0	operation	foveateBoundTexture	Window
webxrlayers	dictionary	XRMediaLayerInit	0	field	space	
webxrlayers	dictionary	XRMediaLayerInit	0	field	layout	
webxrlayers	dictionary	XRMediaLayerInit	0	field	invertStereo	
webxrlayers	dictionary	XRMediaQuadLayerInit	0	field	transform	
webxrlayers	dictionary	XRMediaQuadLayerInit	0	field	width	
webxrlayers	dictionary	XRMediaQuadLayerInit	0	field	height	
webxrlayers	dictionary	XRMediaCylinderLayerInit	0	field	transform	
webxrlayers	dictionary	XRMediaCylinderLayerInit	0	field	radius	
webxrlayers	dictionary	XRMediaCylinderLayerInit	0	field	centralAngle	
webxrlayers	dictionary	XRMediaCylinderLayerInit	0	field	aspectRatio	
webxrlayers	dictionary	XRMediaEquirectLayerInit	0	field	transform	
webxrlayers	dictionary	XRMediaEquirectLayerInit	0	field	radius	
webxrlayers	dictionary	XRMediaEquirectLayerInit	0	field	centralHorizontalAngle	
webxrlayers	dictionary	XRMediaEquirectLayerInit	0	field	upperVerticalAngle	
webxrlayers	dictionary	XRMediaEquirectLayerInit	0	field	lowerVerticalAngle	
webxrlayers	interface	XRMediaBinding	0	constructor	constructor	Window
webxrlayers	interface	XRMediaBinding	0	operation	createQuadLayer	Window
webxrlayers	interface	XRMediaBinding	0	operation	createCylinderLayer	Window
webxrlayers	interface	XRMediaBinding	0	operation	createEquirectLayer	Window
webxrlayers	interface	XRLayerEvent	0	constructor	constructor	Window
webxrlayers	interface	XRLayerEvent	0	attribute	layer	Window
webxrlayers	dictionary	XRLayerEventInit	0	field	layer	
webxrlayers	interface	XRRenderState	1	attribute	layers	Window
webxrlayers	interface	XRSession	1	attribute	maxRenderLayers	Window
window-controls-overlay	interface	Navigator	1	attribute	windowControlsOverlay	Window
window-controls-overlay	interface	WindowControlsOverlay	0	attribute	visible	Window
window-controls-overlay	interface	WindowControlsOverlay	0	operation	getTitlebarAreaRect	Window
window-controls-overlay	interface	WindowControlsOverlay	0	attribute	ongeometrychange	Window
window-controls-overlay	interface	WindowControlsOverlayGeometryChangeEvent	0	constructor	constructor	Window
window-controls-overlay	interface	WindowControlsOverlayGeometryChangeEvent	0	attribute	titlebarAreaRect	Window
window-controls-overlay	interface	WindowControlsOverlayGeometryChangeEvent	0	attribute	visible	Window
window-controls-overlay	dictionary	WindowControlsOverlayGeometryChangeEventInit	0	field	titlebarAreaRect	
window-controls-overlay	dictionary	WindowControlsOverlayGeometryChangeEventInit	0	field	visible	
window-management	interface	Screen	1	attribute	isExtended	
window-management	interface	Screen	1	attribute	onchange	
window-management	interface	Window	1	operation	getScreenDetails	
window-management	interface	Window	1	operation	minimize	
window-management	interface	Window	1	operation	maximize	
window-management	interface	Window	1	operation	restore	
window-management	interface	Window	1	operation	setResizable	
window-management	interface	ScreenDetails	0	attribute	screens	Window
window-management	interface	ScreenDetails	0	attribute	currentScreen	Window
window-management	interface	ScreenDetails	0	attribute	onscreenschange	Window
window-management	interface	ScreenDetails	0	attribute	oncurrentscreenchange	Window
window-management	interface	ScreenDetailed	0	attribute	availLeft	Window
window-management	interface	ScreenDetailed	0	attribute	availTop	Window
window-management	interface	ScreenDetailed	0	attribute	left	Window
window-management	interface	ScreenDetailed	0	attribute	top	Window
window-management	interface	ScreenDetailed	0	attribute	isPrimary	Window
window-management	interface	ScreenDetailed	0	attribute	isInternal	Window
window-management	interface	ScreenDetailed	0	attribute	devicePixelRatio	Window
window-management	interface	ScreenDetailed	0	attribute	label	Window
window-management	dictionary	FullscreenOptions	1	field	screen	
writing-assistance-apis	interface	Summarizer	0	operation	create	Window
writing-assistance-apis	interface	Summarizer	0	operation	availability	Window
writing-assistance-apis	interface	Summarizer	0	operation	summarize	Window
writing-assistance-apis	interface	Summarizer	0	operation	summarizeStreaming	Window
writing-assistance-apis	interface	Summarizer	0	attribute	sharedContext	Window
writing-assistance-apis	interface	Summarizer	0	attribute	type	Window
writing-assistance-apis	interface	Summarizer	0	attribute	format	Window
writing-assistance-apis	interface	Summarizer	0	attribute	length	Window
writing-assistance-apis	interface	Summarizer	0	attribute	preference	Window
writing-assistance-apis	interface	Summarizer	0	attribute	expectedInputLanguages	Window
writing-assistance-apis	interface	Summarizer	0	attribute	expectedContextLanguages	Window
writing-assistance-apis	interface	Summarizer	0	attribute	outputLanguage	Window
writing-assistance-apis	interface	Summarizer	0	operation	measureInputUsage	Window
writing-assistance-apis	interface	Summarizer	0	attribute	inputQuota	Window
writing-assistance-apis	includes	Summarizer	0		DestroyableModel	
writing-assistance-apis	dictionary	SummarizerCreateCoreOptions	0	field	type	
writing-assistance-apis	dictionary	SummarizerCreateCoreOptions	0	field	format	
writing-assistance-apis	dictionary	SummarizerCreateCoreOptions	0	field	length	
writing-assistance-apis	dictionary	SummarizerCreateCoreOptions	0	field	preference	
writing-assistance-apis	dictionary	SummarizerCreateCoreOptions	0	field	expectedInputLanguages	
writing-assistance-apis	dictionary	SummarizerCreateCoreOptions	0	field	expectedContextLanguages	
writing-assistance-apis	dictionary	SummarizerCreateCoreOptions	0	field	outputLanguage	
writing-assistance-apis	dictionary	SummarizerCreateOptions	0	field	signal	
writing-assistance-apis	dictionary	SummarizerCreateOptions	0	field	monitor	
writing-assistance-apis	dictionary	SummarizerCreateOptions	0	field	sharedContext	
writing-assistance-apis	dictionary	SummarizerSummarizeOptions	0	field	signal	
writing-assistance-apis	dictionary	SummarizerSummarizeOptions	0	field	context	
writing-assistance-apis	enum	SummarizerType	0			
writing-assistance-apis	enum	SummarizerFormat	0			
writing-assistance-apis	enum	SummarizerLength	0			
writing-assistance-apis	enum	PerformancePreference	0			
writing-assistance-apis	interface	Writer	0	operation	create	Window
writing-assistance-apis	interface	Writer	0	operation	availability	Window
writing-assistance-apis	interface	Writer	0	operation	write	Window
writing-assistance-apis	interface	Writer	0	operation	writeStreaming	Window
writing-assistance-apis	interface	Writer	0	attribute	sharedContext	Window
writing-assistance-apis	interface	Writer	0	attribute	tone	Window
writing-assistance-apis	interface	Writer	0	attribute	format	Window
writing-assistance-apis	interface	Writer	0	attribute	length	Window
writing-assistance-apis	interface	Writer	0	attribute	expectedInputLanguages	Window
writing-assistance-apis	interface	Writer	0	attribute	expectedContextLanguages	Window
writing-assistance-apis	interface	Writer	0	attribute	outputLanguage	Window
writing-assistance-apis	interface	Writer	0	operation	measureInputUsage	Window
writing-assistance-apis	interface	Writer	0	attribute	inputQuota	Window
writing-assistance-apis	includes	Writer	0		DestroyableModel	
writing-assistance-apis	dictionary	WriterCreateCoreOptions	0	field	tone	
writing-assistance-apis	dictionary	WriterCreateCoreOptions	0	field	format	
writing-assistance-apis	dictionary	WriterCreateCoreOptions	0	field	length	
writing-assistance-apis	dictionary	WriterCreateCoreOptions	0	field	expectedInputLanguages	
writing-assistance-apis	dictionary	WriterCreateCoreOptions	0	field	expectedContextLanguages	
writing-assistance-apis	dictionary	WriterCreateCoreOptions	0	field	outputLanguage	
writing-assistance-apis	dictionary	WriterCreateOptions	0	field	signal	
writing-assistance-apis	dictionary	WriterCreateOptions	0	field	monitor	
writing-assistance-apis	dictionary	WriterCreateOptions	0	field	sharedContext	
writing-assistance-apis	dictionary	WriterWriteOptions	0	field	context	
writing-assistance-apis	dictionary	WriterWriteOptions	0	field	signal	
writing-assistance-apis	enum	WriterTone	0			
writing-assistance-apis	enum	WriterFormat	0			
writing-assistance-apis	enum	WriterLength	0			
writing-assistance-apis	interface	Rewriter	0	operation	create	Window
writing-assistance-apis	interface	Rewriter	0	operation	availability	Window
writing-assistance-apis	interface	Rewriter	0	operation	rewrite	Window
writing-assistance-apis	interface	Rewriter	0	operation	rewriteStreaming	Window
writing-assistance-apis	interface	Rewriter	0	attribute	sharedContext	Window
writing-assistance-apis	interface	Rewriter	0	attribute	tone	Window
writing-assistance-apis	interface	Rewriter	0	attribute	format	Window
writing-assistance-apis	interface	Rewriter	0	attribute	length	Window
writing-assistance-apis	interface	Rewriter	0	attribute	expectedInputLanguages	Window
writing-assistance-apis	interface	Rewriter	0	attribute	expectedContextLanguages	Window
writing-assistance-apis	interface	Rewriter	0	attribute	outputLanguage	Window
writing-assistance-apis	interface	Rewriter	0	operation	measureInputUsage	Window
writing-assistance-apis	interface	Rewriter	0	attribute	inputQuota	Window
writing-assistance-apis	includes	Rewriter	0		DestroyableModel	
writing-assistance-apis	dictionary	RewriterCreateCoreOptions	0	field	tone	
writing-assistance-apis	dictionary	RewriterCreateCoreOptions	0	field	format	
writing-assistance-apis	dictionary	RewriterCreateCoreOptions	0	field	length	
writing-assistance-apis	dictionary	RewriterCreateCoreOptions	0	field	expectedInputLanguages	
writing-assistance-apis	dictionary	RewriterCreateCoreOptions	0	field	expectedContextLanguages	
writing-assistance-apis	dictionary	RewriterCreateCoreOptions	0	field	outputLanguage	
writing-assistance-apis	dictionary	RewriterCreateOptions	0	field	signal	
writing-assistance-apis	dictionary	RewriterCreateOptions	0	field	monitor	
writing-assistance-apis	dictionary	RewriterCreateOptions	0	field	sharedContext	
writing-assistance-apis	dictionary	RewriterRewriteOptions	0	field	context	
writing-assistance-apis	dictionary	RewriterRewriteOptions	0	field	signal	
writing-assistance-apis	enum	RewriterTone	0			
writing-assistance-apis	enum	RewriterFormat	0			
writing-assistance-apis	enum	RewriterLength	0			
writing-assistance-apis	interface	CreateMonitor	0	attribute	ondownloadprogress	Window
writing-assistance-apis	callback	CreateMonitorCallback	0			
writing-assistance-apis	enum	Availability	0			
writing-assistance-apis	interface mixin	DestroyableModel	0	operation	destroy	
xhr	interface	XMLHttpRequestEventTarget	0	attribute	onloadstart	Window,DedicatedWorker,SharedWorker
xhr	interface	XMLHttpRequestEventTarget	0	attribute	onprogress	Window,DedicatedWorker,SharedWorker
xhr	interface	XMLHttpRequestEventTarget	0	attribute	onabort	Window,DedicatedWorker,SharedWorker
xhr	interface	XMLHttpRequestEventTarget	0	attribute	onerror	Window,DedicatedWorker,SharedWorker
xhr	interface	XMLHttpRequestEventTarget	0	attribute	onload	Window,DedicatedWorker,SharedWorker
xhr	interface	XMLHttpRequestEventTarget	0	attribute	ontimeout	Window,DedicatedWorker,SharedWorker
xhr	interface	XMLHttpRequestEventTarget	0	attribute	onloadend	Window,DedicatedWorker,SharedWorker
xhr	interface	XMLHttpRequestUpload	0			Window,DedicatedWorker,SharedWorker
xhr	enum	XMLHttpRequestResponseType	0			
xhr	interface	XMLHttpRequest	0	constructor	constructor	Window,DedicatedWorker,SharedWorker
xhr	interface	XMLHttpRequest	0	attribute	onreadystatechange	Window,DedicatedWorker,SharedWorker
xhr	interface	XMLHttpRequest	0	const	UNSENT	Window,DedicatedWorker,SharedWorker
xhr	interface	XMLHttpRequest	0	const	OPENED	Window,DedicatedWorker,SharedWorker
xhr	interface	XMLHttpRequest	0	const	HEADERS_RECEIVED	Window,DedicatedWorker,SharedWorker
xhr	interface	XMLHttpRequest	0	const	LOADING	Window,DedicatedWorker,SharedWorker
xhr	interface	XMLHttpRequest	0	const	DONE	Window,DedicatedWorker,SharedWorker
xhr	interface	XMLHttpRequest	0	attribute	readyState	Window,DedicatedWorker,SharedWorker
xhr	interface	XMLHttpRequest	0	operation	open	Window,DedicatedWorker,SharedWorker
xhr	interface	XMLHttpRequest	0	operation	open	Window,DedicatedWorker,SharedWorker
xhr	interface	XMLHttpRequest	0	operation	setRequestHeader	Window,DedicatedWorker,SharedWorker
xhr	interface	XMLHttpRequest	0	attribute	timeout	Window,DedicatedWorker,SharedWorker
xhr	interface	XMLHttpRequest	0	attribute	withCredentials	Window,DedicatedWorker,SharedWorker
xhr	interface	XMLHttpRequest	0	attribute	upload	Window,DedicatedWorker,SharedWorker
xhr	interface	XMLHttpRequest	0	operation	send	Window,DedicatedWorker,SharedWorker
xhr	interface	XMLHttpRequest	0	operation	abort	Window,DedicatedWorker,SharedWorker
xhr	interface	XMLHttpRequest	0	attribute	responseURL	Window,DedicatedWorker,SharedWorker
xhr	interface	XMLHttpRequest	0	attribute	status	Window,DedicatedWorker,SharedWorker
xhr	interface	XMLHttpRequest	0	attribute	statusText	Window,DedicatedWorker,SharedWorker
xhr	interface	XMLHttpRequest	0	operation	getResponseHeader	Window,DedicatedWorker,SharedWorker
xhr	interface	XMLHttpRequest	0	operation	getAllResponseHeaders	Window,DedicatedWorker,SharedWorker
xhr	interface	XMLHttpRequest	0	operation	overrideMimeType	Window,DedicatedWorker,SharedWorker
xhr	interface	XMLHttpRequest	0	attribute	responseType	Window,DedicatedWorker,SharedWorker
xhr	interface	XMLHttpRequest	0	attribute	response	Window,DedicatedWorker,SharedWorker
xhr	interface	XMLHttpRequest	0	attribute	responseText	Window,DedicatedWorker,SharedWorker
xhr	interface	XMLHttpRequest	0	attribute	responseXML	Window,DedicatedWorker,SharedWorker
xhr	typedef	FormDataEntryValue	0			
xhr	interface	FormData	0	constructor	constructor	Window,Worker
xhr	interface	FormData	0	operation	append	Window,Worker
xhr	interface	FormData	0	operation	append	Window,Worker
xhr	interface	FormData	0	operation	delete	Window,Worker
xhr	interface	FormData	0	operation	get	Window,Worker
xhr	interface	FormData	0	operation	getAll	Window,Worker
xhr	interface	FormData	0	operation	has	Window,Worker
xhr	interface	FormData	0	operation	set	Window,Worker
xhr	interface	FormData	0	operation	set	Window,Worker
xhr	interface	FormData	0	iterable	@@iterator	Window,Worker
xhr	interface	ProgressEvent	0	constructor	constructor	Window,Worker
xhr	interface	ProgressEvent	0	attribute	lengthComputable	Window,Worker
xhr	interface	ProgressEvent	0	attribute	loaded	Window,Worker
xhr	interface	ProgressEvent	0	attribute	total	Window,Worker
xhr	dictionary	ProgressEventInit	0	field	lengthComputable	
xhr	dictionary	ProgressEventInit	0	field	loaded	
xhr	dictionary	ProgressEventInit	0	field	total	
