[2026-10-08 01:02:42] 当前路径：/Users/zhiboc/repos/yuyan-worktrees/基础库-密码公钥核验/yyRSA验证链
[启动] dependency-analysis：/Users/zhiboc/repos/yuyan-worktrees/基础库-密码公钥核验/库/基础库/密码与安全/密码/AES。豫 | 运行 1/24
[完成] 依赖分析：/Users/zhiboc/repos/yuyan-worktrees/基础库-密码公钥核验/库/基础库/密码与安全/密码/AES。豫 | PID 29055 | 退出 0 | 运行 0/24 | 已完成 1
[启动] dependency-analysis：/Users/zhiboc/repos/yuyan-worktrees/基础库-密码公钥核验/库/标准库/总集。豫 | 运行 1/24
[完成] 依赖分析：/Users/zhiboc/repos/yuyan-worktrees/基础库-密码公钥核验/库/标准库/总集。豫 | PID 29055 | 退出 0 | 运行 0/24 | 已完成 2
[启动] dependency-analysis：/Users/zhiboc/repos/yuyan-worktrees/基础库-密码公钥核验/库/标准库/操作系统。豫 | 运行 1/24
[启动] dependency-analysis：/Users/zhiboc/repos/yuyan-worktrees/基础库-密码公钥核验/库/标准库/控制。豫 | 运行 2/24
[启动] dependency-analysis：/Users/zhiboc/repos/yuyan-worktrees/基础库-密码公钥核验/库/标准库/数学运算。豫 | 运行 3/24
[启动] dependency-analysis：/Users/zhiboc/repos/yuyan-worktrees/基础库-密码公钥核验/库/标准库/数据结构。豫 | 运行 4/24
[启动] dependency-analysis：/Users/zhiboc/repos/yuyan-worktrees/基础库-密码公钥核验/库/标准库/输入输出。豫 | 运行 5/24
[启动] dependency-analysis：/Users/zhiboc/repos/yuyan-worktrees/基础库-密码公钥核验/库/标准库/语言核心。豫 | 运行 6/24
[启动] dependency-analysis：/Users/zhiboc/repos/yuyan-worktrees/基础库-密码公钥核验/库/标准库/网络。豫 | 运行 7/24
[启动] dependency-analysis：/Users/zhiboc/repos/yuyan-worktrees/基础库-密码公钥核验/库/标准库/豫言标准内核。豫 | 运行 8/24
[完成] 依赖分析：/Users/zhiboc/repos/yuyan-worktrees/基础库-密码公钥核验/库/标准库/操作系统。豫 | PID 29055 | 退出 0 | 运行 7/24 | 已完成 3
[启动] dependency-analysis：/Users/zhiboc/repos/yuyan-worktrees/基础库-密码公钥核验/库/标准库/操作系统/子进程。豫 | 运行 8/24
[启动] dependency-analysis：/Users/zhiboc/repos/yuyan-worktrees/基础库-密码公钥核验/库/标准库/操作系统/命令行参数。豫 | 运行 9/24
[启动] dependency-analysis：/Users/zhiboc/repos/yuyan-worktrees/基础库-密码公钥核验/库/标准库/操作系统/文件系统。豫 | 运行 10/24
[启动] dependency-analysis：/Users/zhiboc/repos/yuyan-worktrees/基础库-密码公钥核验/库/标准库/操作系统/进程。豫 | 运行 11/24
[启动] dependency-analysis：/Users/zhiboc/repos/yuyan-worktrees/基础库-密码公钥核验/库/标准库/操作系统/时间。豫 | 运行 12/24
[启动] dependency-analysis：/Users/zhiboc/repos/yuyan-worktrees/基础库-密码公钥核验/库/标准库/操作系统/路径。豫 | 运行 13/24
[启动] dependency-analysis：/Users/zhiboc/repos/yuyan-worktrees/基础库-密码公钥核验/库/标准库/操作系统/系统名称。豫 | 运行 14/24
[启动] dependency-analysis：/Users/zhiboc/repos/yuyan-worktrees/基础库-密码公钥核验/库/标准库/操作系统/环境变量。豫 | 运行 15/24
[完成] 依赖分析：/Users/zhiboc/repos/yuyan-worktrees/基础库-密码公钥核验/库/标准库/控制。豫 | PID 29055 | 退出 0 | 运行 14/24 | 已完成 4
[启动] dependency-analysis：/Users/zhiboc/repos/yuyan-worktrees/基础库-密码公钥核验/库/标准库/控制/惰性求值。豫 | 运行 15/24
[启动] dependency-analysis：/Users/zhiboc/repos/yuyan-worktrees/基础库-密码公钥核验/库/标准库/控制/异步。豫 | 运行 16/24
[完成] 依赖分析：/Users/zhiboc/repos/yuyan-worktrees/基础库-密码公钥核验/库/标准库/操作系统/子进程。豫 | PID 29055 | 退出 0 | 运行 15/24 | 已完成 5
[启动] dependency-analysis：/Users/zhiboc/repos/yuyan-worktrees/基础库-密码公钥核验/库/标准库/语言核心/内建类型。豫 | 运行 16/24
[启动] dependency-analysis：/Users/zhiboc/repos/yuyan-worktrees/基础库-密码公钥核验/库/标准库/语言核心/异常。豫 | 运行 17/24
[启动] dependency-analysis：/Users/zhiboc/repos/yuyan-worktrees/基础库-密码公钥核验/库/标准库/数据结构/字符串术。豫 | 运行 18/24
[启动] dependency-analysis：/Users/zhiboc/repos/yuyan-worktrees/基础库-密码公钥核验/库/标准库/数据结构/多态列。豫 | 运行 19/24
[启动] dependency-analysis：/Users/zhiboc/repos/yuyan-worktrees/基础库-密码公钥核验/库/标准库/输入输出/笔。豫 | 运行 20/24
[启动] dependency-analysis：/Users/zhiboc/repos/yuyan-worktrees/基础库-密码公钥核验/库/标准库/宿主带列。接口。豫 | 运行 21/24
[启动] dependency-analysis：/Users/zhiboc/repos/yuyan-worktrees/基础库-密码公钥核验/库/标准库/宿主。接口。豫 | 运行 22/24
[完成] 依赖分析：/Users/zhiboc/repos/yuyan-worktrees/基础库-密码公钥核验/库/标准库/输入输出。豫 | PID 29055 | 退出 0 | 运行 21/24 | 已完成 6
[完成] 依赖分析：/Users/zhiboc/repos/yuyan-worktrees/基础库-密码公钥核验/库/标准库/语言核心/内建类型。豫 | PID 29055 | 退出 0 | 运行 20/24 | 已完成 7
[启动] parse：/Users/zhiboc/repos/yuyan-worktrees/基础库-密码公钥核验/库/标准库/语言核心/内建类型。豫 | 运行 21/24
[完成] 依赖分析：/Users/zhiboc/repos/yuyan-worktrees/基础库-密码公钥核验/库/标准库/控制/惰性求值。豫 | PID 29055 | 退出 0 | 运行 20/24 | 已完成 8
[完成] 依赖分析：/Users/zhiboc/repos/yuyan-worktrees/基础库-密码公钥核验/库/标准库/数据结构。豫 | PID 29055 | 退出 0 | 运行 19/24 | 已完成 9
[启动] dependency-analysis：/Users/zhiboc/repos/yuyan-worktrees/基础库-密码公钥核验/库/标准库/数据结构/多态列工具。豫 | 运行 20/24
[启动] dependency-analysis：/Users/zhiboc/repos/yuyan-worktrees/基础库-密码公钥核验/库/标准库/数据结构/爻术。豫 | 运行 21/24
[启动] dependency-analysis：/Users/zhiboc/repos/yuyan-worktrees/基础库-密码公钥核验/库/标准库/数据结构/字符流术。豫 | 运行 22/24
[启动] dependency-analysis：/Users/zhiboc/repos/yuyan-worktrees/基础库-密码公钥核验/库/标准库/数据结构/整数操作。豫 | 运行 23/24
[启动] dependency-analysis：/Users/zhiboc/repos/yuyan-worktrees/基础库-密码公钥核验/库/标准库/数据结构/特殊字符。豫 | 运行 24/24
[完成] 语法解析：/Users/zhiboc/repos/yuyan-worktrees/基础库-密码公钥核验/库/标准库/语言核心/内建类型。豫 | PID 29055 | 退出 0 | 运行 23/24 | 已完成 10
[启动] dependency-analysis：/Users/zhiboc/repos/yuyan-worktrees/基础库-密码公钥核验/库/标准库/数据结构/对子术。豫 | 运行 24/24
[完成] 依赖分析：/Users/zhiboc/repos/yuyan-worktrees/基础库-密码公钥核验/库/标准库/宿主带列。接口。豫 | PID 29055 | 退出 0 | 运行 23/24 | 已完成 11
[启动] dependency-analysis：/Users/zhiboc/repos/yuyan-worktrees/基础库-密码公钥核验/库/标准库/数据结构/字典术。豫 | 运行 24/24
[完成] 依赖分析：/Users/zhiboc/repos/yuyan-worktrees/基础库-密码公钥核验/库/标准库/网络。豫 | PID 29055 | 退出 0 | 运行 23/24 | 已完成 12
[启动] dependency-analysis：/Users/zhiboc/repos/yuyan-worktrees/基础库-密码公钥核验/库/标准库/数据结构/可选值。豫 | 运行 24/24
[完成] 依赖分析：/Users/zhiboc/repos/yuyan-worktrees/基础库-密码公钥核验/库/标准库/数据结构/特殊字符。豫 | PID 29055 | 退出 0 | 运行 23/24 | 已完成 13
[启动] dependency-analysis：/Users/zhiboc/repos/yuyan-worktrees/基础库-密码公钥核验/库/标准库/数据结构/小数操作。豫 | 运行 24/24
[完成] 依赖分析：/Users/zhiboc/repos/yuyan-worktrees/基础库-密码公钥核验/库/标准库/语言核心。豫 | PID 29055 | 退出 0 | 运行 23/24 | 已完成 14
[启动] dependency-analysis：/Users/zhiboc/repos/yuyan-worktrees/基础库-密码公钥核验/库/标准库/数据结构/小数术。豫 | 运行 24/24
[完成] 依赖分析：/Users/zhiboc/repos/yuyan-worktrees/基础库-密码公钥核验/库/标准库/数学运算。豫 | PID 29055 | 退出 0 | 运行 23/24 | 已完成 15
[启动] dependency-analysis：/Users/zhiboc/repos/yuyan-worktrees/基础库-密码公钥核验/库/标准库/数据结构/列表搜索。豫 | 运行 24/24
[完成] 依赖分析：/Users/zhiboc/repos/yuyan-worktrees/基础库-密码公钥核验/库/标准库/数据结构/小数操作。豫 | PID 29055 | 退出 0 | 运行 23/24 | 已完成 16
[启动] dependency-analysis：/Users/zhiboc/repos/yuyan-worktrees/基础库-密码公钥核验/库/标准库/数据结构/函数操作。豫 | 运行 24/24
[完成] 依赖分析：/Users/zhiboc/repos/yuyan-worktrees/基础库-密码公钥核验/库/标准库/数据结构/对子术。豫 | PID 29055 | 退出 0 | 运行 23/24 | 已完成 17
[启动] dependency-analysis：/Users/zhiboc/repos/yuyan-worktrees/基础库-密码公钥核验/库/标准库/数据结构/字节串。豫 | 运行 24/24
[完成] 依赖分析：/Users/zhiboc/repos/yuyan-worktrees/基础库-密码公钥核验/库/标准库/数据结构/多态列。豫 | PID 29055 | 退出 0 | 运行 23/24 | 已完成 18
[启动] dependency-analysis：/Users/zhiboc/repos/yuyan-worktrees/基础库-密码公钥核验/库/标准库/数据结构/字节缓冲。豫 | 运行 24/24
[完成] 依赖分析：/Users/zhiboc/repos/yuyan-worktrees/基础库-密码公钥核验/库/标准库/豫言标准内核。豫 | PID 29055 | 退出 0 | 运行 23/24 | 已完成 19
[启动] dependency-analysis：/Users/zhiboc/repos/yuyan-worktrees/基础库-密码公钥核验/库/标准库/网络/传输控制协议。豫 | 运行 24/24
[完成] 依赖分析：/Users/zhiboc/repos/yuyan-worktrees/基础库-密码公钥核验/库/标准库/数据结构/字节串。豫 | PID 29055 | 退出 0 | 运行 23/24 | 已完成 20
[启动] dependency-analysis：/Users/zhiboc/repos/yuyan-worktrees/基础库-密码公钥核验/库/标准库/网络/异步传输控制协议。豫 | 运行 24/24
[完成] 依赖分析：/Users/zhiboc/repos/yuyan-worktrees/基础库-密码公钥核验/库/标准库/操作系统/命令行参数。豫 | PID 29055 | 退出 0 | 运行 23/24 | 已完成 21
[启动] dependency-analysis：/Users/zhiboc/repos/yuyan-worktrees/基础库-密码公钥核验/库/标准库/网络/超文本传输协议。豫 | 运行 24/24
[完成] 依赖分析：/Users/zhiboc/repos/yuyan-worktrees/基础库-密码公钥核验/库/标准库/数据结构/多态列工具。豫 | PID 29055 | 退出 0 | 运行 23/24 | 已完成 22
[启动] dependency-analysis：/Users/zhiboc/repos/yuyan-worktrees/基础库-密码公钥核验/库/标准库/语言核心/续延。豫 | 运行 24/24
[完成] 依赖分析：/Users/zhiboc/repos/yuyan-worktrees/基础库-密码公钥核验/库/标准库/数据结构/字节缓冲。豫 | PID 29055 | 退出 0 | 运行 23/24 | 已完成 23
[启动] dependency-analysis：/Users/zhiboc/repos/yuyan-worktrees/基础库-密码公钥核验/库/标准库/语言核心/引用。豫 | 运行 24/24
[完成] 依赖分析：/Users/zhiboc/repos/yuyan-worktrees/基础库-密码公钥核验/库/标准库/数据结构/字典术。豫 | PID 29055 | 退出 0 | 运行 23/24 | 已完成 24
[启动] dependency-analysis：/Users/zhiboc/repos/yuyan-worktrees/基础库-密码公钥核验/库/标准库/语言核心/不安全。豫 | 运行 24/24
[完成] 依赖分析：/Users/zhiboc/repos/yuyan-worktrees/基础库-密码公钥核验/库/标准库/数据结构/可选值。豫 | PID 29055 | 退出 0 | 运行 23/24 | 已完成 25
[启动] dependency-analysis：/Users/zhiboc/repos/yuyan-worktrees/基础库-密码公钥核验/库/标准库/语言核心/异步原语。豫 | 运行 24/24
[完成] 依赖分析：/Users/zhiboc/repos/yuyan-worktrees/基础库-密码公钥核验/库/标准库/数据结构/函数操作。豫 | PID 29055 | 退出 0 | 运行 23/24 | 已完成 26
[启动] dependency-analysis：/Users/zhiboc/repos/yuyan-worktrees/基础库-密码公钥核验/库/标准库/数学运算/转换。豫 | 运行 24/24
[完成] 依赖分析：/Users/zhiboc/repos/yuyan-worktrees/基础库-密码公钥核验/库/标准库/操作系统/文件系统。豫 | PID 29055 | 退出 0 | 运行 23/24 | 已完成 27
[启动] dependency-analysis：/Users/zhiboc/repos/yuyan-worktrees/基础库-密码公钥核验/库/标准库/数学运算/具体列。豫 | 运行 24/24
[完成] 依赖分析：/Users/zhiboc/repos/yuyan-worktrees/基础库-密码公钥核验/库/标准库/语言核心/不安全。豫 | PID 29055 | 退出 0 | 运行 23/24 | 已完成 28
[启动] dependency-analysis：/Users/zhiboc/repos/yuyan-worktrees/基础库-密码公钥核验/库/标准库/数学运算/随机。豫 | 运行 24/24
[完成] 依赖分析：/Users/zhiboc/repos/yuyan-worktrees/基础库-密码公钥核验/库/标准库/操作系统/路径。豫 | PID 29055 | 退出 0 | 运行 23/24 | 已完成 29
[启动] dependency-analysis：/Users/zhiboc/repos/yuyan-worktrees/基础库-密码公钥核验/库/标准库/数学运算/大小。豫 | 运行 24/24
[完成] 依赖分析：/Users/zhiboc/repos/yuyan-worktrees/基础库-密码公钥核验/库/标准库/网络/传输控制协议。豫 | PID 29055 | 退出 0 | 运行 23/24 | 已完成 30
[启动] dependency-analysis：/Users/zhiboc/repos/yuyan-worktrees/基础库-密码公钥核验/库/标准库/数学运算/数组转换。豫 | 运行 24/24
[完成] 依赖分析：/Users/zhiboc/repos/yuyan-worktrees/基础库-密码公钥核验/库/标准库/操作系统/环境变量。豫 | PID 29055 | 退出 0 | 运行 23/24 | 已完成 31
[启动] dependency-analysis：/Users/zhiboc/repos/yuyan-worktrees/基础库-密码公钥核验/库/标准库/语言核心/原语。内建。豫 | 运行 24/24
[完成] 依赖分析：/Users/zhiboc/repos/yuyan-worktrees/基础库-密码公钥核验/库/标准库/操作系统/系统名称。豫 | PID 29055 | 退出 0 | 运行 23/24 | 已完成 32
[启动] parse：/Users/zhiboc/repos/yuyan-worktrees/基础库-密码公钥核验/库/标准库/控制/惰性求值。豫 | 运行 24/24
[完成] 依赖分析：/Users/zhiboc/repos/yuyan-worktrees/基础库-密码公钥核验/库/标准库/操作系统/时间。豫 | PID 29055 | 退出 0 | 运行 23/24 | 已完成 33
[启动] parse：/Users/zhiboc/repos/yuyan-worktrees/基础库-密码公钥核验/库/标准库/数据结构/函数操作。豫 | 运行 24/24
[完成] 依赖分析：/Users/zhiboc/repos/yuyan-worktrees/基础库-密码公钥核验/库/标准库/网络/异步传输控制协议。豫 | PID 29055 | 退出 0 | 运行 23/24 | 已完成 34
[启动] type-check-and-erase：/Users/zhiboc/repos/yuyan-worktrees/基础库-密码公钥核验/库/标准库/语言核心/内建类型。豫 | 运行 24/24
[完成] 依赖分析：/Users/zhiboc/repos/yuyan-worktrees/基础库-密码公钥核验/库/标准库/语言核心/原语。内建。豫 | PID 29055 | 退出 0 | 运行 23/24 | 已完成 35
[启动] parse：/Users/zhiboc/repos/yuyan-worktrees/基础库-密码公钥核验/库/标准库/语言核心/原语。内建。豫 | 运行 24/24
[完成] 依赖分析：/Users/zhiboc/repos/yuyan-worktrees/基础库-密码公钥核验/库/标准库/网络/超文本传输协议。豫 | PID 29055 | 退出 0 | 运行 23/24 | 已完成 36
[完成] 依赖分析：/Users/zhiboc/repos/yuyan-worktrees/基础库-密码公钥核验/库/标准库/数学运算/数组转换。豫 | PID 29055 | 退出 0 | 运行 22/24 | 已完成 37
[完成] 依赖分析：/Users/zhiboc/repos/yuyan-worktrees/基础库-密码公钥核验/库/标准库/操作系统/进程。豫 | PID 29055 | 退出 0 | 运行 21/24 | 已完成 38
[完成] 依赖分析：/Users/zhiboc/repos/yuyan-worktrees/基础库-密码公钥核验/库/标准库/语言核心/异常。豫 | PID 29055 | 退出 0 | 运行 20/24 | 已完成 39
[完成] 依赖分析：/Users/zhiboc/repos/yuyan-worktrees/基础库-密码公钥核验/库/标准库/控制/异步。豫 | PID 29055 | 退出 0 | 运行 19/24 | 已完成 40
[完成] 依赖分析：/Users/zhiboc/repos/yuyan-worktrees/基础库-密码公钥核验/库/标准库/数据结构/整数操作。豫 | PID 29055 | 退出 0 | 运行 18/24 | 已完成 41
[完成] 语法解析：/Users/zhiboc/repos/yuyan-worktrees/基础库-密码公钥核验/库/标准库/语言核心/原语。内建。豫 | PID 29055 | 退出 0 | 运行 17/24 | 已完成 42
[启动] parse：/Users/zhiboc/repos/yuyan-worktrees/基础库-密码公钥核验/库/标准库/数据结构/字节串。豫 | 运行 18/24
[启动] parse：/Users/zhiboc/repos/yuyan-worktrees/基础库-密码公钥核验/库/标准库/语言核心/不安全。豫 | 运行 19/24
[完成] 语法解析：/Users/zhiboc/repos/yuyan-worktrees/基础库-密码公钥核验/库/标准库/数据结构/函数操作。豫 | PID 29055 | 退出 0 | 运行 18/24 | 已完成 43
[启动] type-check-and-erase：/Users/zhiboc/repos/yuyan-worktrees/基础库-密码公钥核验/库/标准库/数据结构/函数操作。豫 | 运行 19/24
[完成] 依赖分析：/Users/zhiboc/repos/yuyan-worktrees/基础库-密码公钥核验/库/标准库/数学运算/大小。豫 | PID 29055 | 退出 0 | 运行 18/24 | 已完成 44
[启动] parse：/Users/zhiboc/repos/yuyan-worktrees/基础库-密码公钥核验/库/标准库/数学运算/大小。豫 | 运行 19/24
[完成] 依赖分析：/Users/zhiboc/repos/yuyan-worktrees/基础库-密码公钥核验/库/标准库/数学运算/随机。豫 | PID 29055 | 退出 0 | 运行 18/24 | 已完成 45
[完成] 依赖分析：/Users/zhiboc/repos/yuyan-worktrees/基础库-密码公钥核验/库/标准库/语言核心/异步原语。豫 | PID 29055 | 退出 0 | 运行 17/24 | 已完成 46
[启动] parse：/Users/zhiboc/repos/yuyan-worktrees/基础库-密码公钥核验/库/标准库/语言核心/异步原语。豫 | 运行 18/24
[完成] 依赖分析：/Users/zhiboc/repos/yuyan-worktrees/基础库-密码公钥核验/库/标准库/数据结构/字符流术。豫 | PID 29055 | 退出 0 | 运行 17/24 | 已完成 47
[完成] 语法解析：/Users/zhiboc/repos/yuyan-worktrees/基础库-密码公钥核验/库/标准库/语言核心/不安全。豫 | PID 29055 | 退出 0 | 运行 16/24 | 已完成 48
[完成] 依赖分析：/Users/zhiboc/repos/yuyan-worktrees/基础库-密码公钥核验/库/标准库/语言核心/续延。豫 | PID 29055 | 退出 0 | 运行 15/24 | 已完成 49
[启动] parse：/Users/zhiboc/repos/yuyan-worktrees/基础库-密码公钥核验/库/标准库/语言核心/续延。豫 | 运行 16/24
[完成] 依赖分析：/Users/zhiboc/repos/yuyan-worktrees/基础库-密码公钥核验/库/标准库/数据结构/列表搜索。豫 | PID 29055 | 退出 0 | 运行 15/24 | 已完成 50
[完成] 依赖分析：/Users/zhiboc/repos/yuyan-worktrees/基础库-密码公钥核验/库/标准库/数据结构/小数术。豫 | PID 29055 | 退出 0 | 运行 14/24 | 已完成 51
[启动] parse：/Users/zhiboc/repos/yuyan-worktrees/基础库-密码公钥核验/库/标准库/数据结构/小数术。豫 | 运行 15/24
[完成] 依赖分析：/Users/zhiboc/repos/yuyan-worktrees/基础库-密码公钥核验/库/标准库/数据结构/爻术。豫 | PID 29055 | 退出 0 | 运行 14/24 | 已完成 52
[启动] parse：/Users/zhiboc/repos/yuyan-worktrees/基础库-密码公钥核验/库/标准库/数据结构/爻术。豫 | 运行 15/24
[完成] 语法解析：/Users/zhiboc/repos/yuyan-worktrees/基础库-密码公钥核验/库/标准库/数学运算/大小。豫 | PID 29055 | 退出 0 | 运行 14/24 | 已完成 53
[完成] 依赖分析：/Users/zhiboc/repos/yuyan-worktrees/基础库-密码公钥核验/库/标准库/宿主。接口。豫 | PID 29055 | 退出 0 | 运行 13/24 | 已完成 54
[完成] 语法解析：/Users/zhiboc/repos/yuyan-worktrees/基础库-密码公钥核验/库/标准库/语言核心/异步原语。豫 | PID 29055 | 退出 0 | 运行 12/24 | 已完成 55
[完成] 语法解析：/Users/zhiboc/repos/yuyan-worktrees/基础库-密码公钥核验/库/标准库/控制/惰性求值。豫 | PID 29055 | 退出 0 | 运行 11/24 | 已完成 56
[完成] 语法解析：/Users/zhiboc/repos/yuyan-worktrees/基础库-密码公钥核验/库/标准库/数据结构/爻术。豫 | PID 29055 | 退出 0 | 运行 10/24 | 已完成 57
[启动] parse：/Users/zhiboc/repos/yuyan-worktrees/基础库-密码公钥核验/库/标准库/数据结构/整数操作。豫 | 运行 11/24
[完成] 依赖分析：/Users/zhiboc/repos/yuyan-worktrees/基础库-密码公钥核验/库/标准库/语言核心/引用。豫 | PID 29055 | 退出 0 | 运行 10/24 | 已完成 58
[启动] parse：/Users/zhiboc/repos/yuyan-worktrees/基础库-密码公钥核验/库/标准库/语言核心/引用。豫 | 运行 11/24
[完成] 依赖分析：/Users/zhiboc/repos/yuyan-worktrees/基础库-密码公钥核验/库/标准库/输入输出/笔。豫 | PID 29055 | 退出 0 | 运行 10/24 | 已完成 59
[完成] 语法解析：/Users/zhiboc/repos/yuyan-worktrees/基础库-密码公钥核验/库/标准库/数据结构/小数术。豫 | PID 29055 | 退出 0 | 运行 9/24 | 已完成 60
[完成] 语法解析：/Users/zhiboc/repos/yuyan-worktrees/基础库-密码公钥核验/库/标准库/语言核心/续延。豫 | PID 29055 | 退出 0 | 运行 8/24 | 已完成 61
[启动] type-check-and-erase：/Users/zhiboc/repos/yuyan-worktrees/基础库-密码公钥核验/库/标准库/语言核心/续延。豫 | 运行 9/24
[完成] 依赖分析：/Users/zhiboc/repos/yuyan-worktrees/基础库-密码公钥核验/库/标准库/数据结构/字符串术。豫 | PID 29055 | 退出 0 | 运行 8/24 | 已完成 62
[完成] 语法解析：/Users/zhiboc/repos/yuyan-worktrees/基础库-密码公钥核验/库/标准库/语言核心/引用。豫 | PID 29055 | 退出 0 | 运行 7/24 | 已完成 63
[完成] 依赖分析：/Users/zhiboc/repos/yuyan-worktrees/基础库-密码公钥核验/库/标准库/数学运算/具体列。豫 | PID 29055 | 退出 0 | 运行 6/24 | 已完成 64
[完成] 依赖分析：/Users/zhiboc/repos/yuyan-worktrees/基础库-密码公钥核验/库/标准库/数学运算/转换。豫 | PID 29055 | 退出 0 | 运行 5/24 | 已完成 65
[启动] parse：/Users/zhiboc/repos/yuyan-worktrees/基础库-密码公钥核验/库/标准库/数学运算/转换。豫 | 运行 6/24
[完成] 类型检查：/Users/zhiboc/repos/yuyan-worktrees/基础库-密码公钥核验/库/标准库/语言核心/内建类型。豫 | PID 29055 | 退出 0 | 运行 5/24 | 已完成 66
[启动] type-check-and-erase：/Users/zhiboc/repos/yuyan-worktrees/基础库-密码公钥核验/库/标准库/控制/惰性求值。豫 | 运行 6/24
[启动] type-check-and-erase：/Users/zhiboc/repos/yuyan-worktrees/基础库-密码公钥核验/库/标准库/语言核心/原语。内建。豫 | 运行 7/24
[启动] type-check-and-erase：/Users/zhiboc/repos/yuyan-worktrees/基础库-密码公钥核验/库/标准库/数学运算/大小。豫 | 运行 8/24
[启动] type-check-and-erase：/Users/zhiboc/repos/yuyan-worktrees/基础库-密码公钥核验/库/标准库/数据结构/爻术。豫 | 运行 9/24
[完成] 语法解析：/Users/zhiboc/repos/yuyan-worktrees/基础库-密码公钥核验/库/标准库/数据结构/整数操作。豫 | PID 29055 | 退出 0 | 运行 8/24 | 已完成 67
[完成] 语法解析：/Users/zhiboc/repos/yuyan-worktrees/基础库-密码公钥核验/库/标准库/数学运算/转换。豫 | PID 29055 | 退出 0 | 运行 7/24 | 已完成 68
[完成] 语法解析：/Users/zhiboc/repos/yuyan-worktrees/基础库-密码公钥核验/库/标准库/数据结构/字节串。豫 | PID 29055 | 退出 0 | 运行 6/24 | 已完成 69
[启动] parse：/Users/zhiboc/repos/yuyan-worktrees/基础库-密码公钥核验/库/标准库/数据结构/字节缓冲。豫 | 运行 7/24
[启动] parse：/Users/zhiboc/repos/yuyan-worktrees/基础库-密码公钥核验/库/标准库/宿主。接口。豫 | 运行 8/24
[完成] 类型检查：/Users/zhiboc/repos/yuyan-worktrees/基础库-密码公钥核验/库/标准库/数据结构/函数操作。豫 | PID 29055 | 退出 0 | 运行 7/24 | 已完成 70
[完成] 类型检查：/Users/zhiboc/repos/yuyan-worktrees/基础库-密码公钥核验/库/标准库/语言核心/续延。豫 | PID 29055 | 退出 0 | 运行 6/24 | 已完成 71
[完成] 语法解析：/Users/zhiboc/repos/yuyan-worktrees/基础库-密码公钥核验/库/标准库/数据结构/字节缓冲。豫 | PID 29055 | 退出 0 | 运行 5/24 | 已完成 72
[完成] 语法解析：/Users/zhiboc/repos/yuyan-worktrees/基础库-密码公钥核验/库/标准库/宿主。接口。豫 | PID 29055 | 退出 0 | 运行 4/24 | 已完成 73
[启动] parse：/Users/zhiboc/repos/yuyan-worktrees/基础库-密码公钥核验/库/标准库/数据结构/小数操作。豫 | 运行 5/24
[启动] parse：/Users/zhiboc/repos/yuyan-worktrees/基础库-密码公钥核验/库/标准库/网络/传输控制协议。豫 | 运行 6/24
[启动] parse：/Users/zhiboc/repos/yuyan-worktrees/基础库-密码公钥核验/库/标准库/操作系统/环境变量。豫 | 运行 7/24
[启动] parse：/Users/zhiboc/repos/yuyan-worktrees/基础库-密码公钥核验/库/标准库/操作系统/系统名称。豫 | 运行 8/24
[启动] parse：/Users/zhiboc/repos/yuyan-worktrees/基础库-密码公钥核验/库/标准库/操作系统/进程。豫 | 运行 9/24
[启动] parse：/Users/zhiboc/repos/yuyan-worktrees/基础库-密码公钥核验/库/标准库/语言核心/异常。豫 | 运行 10/24
[启动] parse：/Users/zhiboc/repos/yuyan-worktrees/基础库-密码公钥核验/库/标准库/数学运算/随机。豫 | 运行 11/24
[启动] parse：/Users/zhiboc/repos/yuyan-worktrees/基础库-密码公钥核验/库/标准库/输入输出/笔。豫 | 运行 12/24
[完成] 类型检查：/Users/zhiboc/repos/yuyan-worktrees/基础库-密码公钥核验/库/标准库/数据结构/爻术。豫 | PID 29055 | 退出 0 | 运行 11/24 | 已完成 74
[完成] 类型检查：/Users/zhiboc/repos/yuyan-worktrees/基础库-密码公钥核验/库/标准库/控制/惰性求值。豫 | PID 29055 | 退出 0 | 运行 10/24 | 已完成 75
[完成] 语法解析：/Users/zhiboc/repos/yuyan-worktrees/基础库-密码公钥核验/库/标准库/数据结构/小数操作。豫 | PID 29055 | 退出 0 | 运行 9/24 | 已完成 76
[启动] parse：/Users/zhiboc/repos/yuyan-worktrees/基础库-密码公钥核验/库/标准库/操作系统/时间。豫 | 运行 10/24
[完成] 语法解析：/Users/zhiboc/repos/yuyan-worktrees/基础库-密码公钥核验/库/标准库/操作系统/环境变量。豫 | PID 29055 | 退出 0 | 运行 9/24 | 已完成 77
[完成] 语法解析：/Users/zhiboc/repos/yuyan-worktrees/基础库-密码公钥核验/库/标准库/操作系统/进程。豫 | PID 29055 | 退出 0 | 运行 8/24 | 已完成 78
[完成] 语法解析：/Users/zhiboc/repos/yuyan-worktrees/基础库-密码公钥核验/库/标准库/操作系统/系统名称。豫 | PID 29055 | 退出 0 | 运行 7/24 | 已完成 79
[完成] 语法解析：/Users/zhiboc/repos/yuyan-worktrees/基础库-密码公钥核验/库/标准库/输入输出/笔。豫 | PID 29055 | 退出 0 | 运行 6/24 | 已完成 80
[启动] parse：/Users/zhiboc/repos/yuyan-worktrees/基础库-密码公钥核验/库/标准库/输入输出。豫 | 运行 7/24
[完成] 语法解析：/Users/zhiboc/repos/yuyan-worktrees/基础库-密码公钥核验/库/标准库/操作系统/时间。豫 | PID 29055 | 退出 0 | 运行 6/24 | 已完成 81
[完成] 类型检查：/Users/zhiboc/repos/yuyan-worktrees/基础库-密码公钥核验/库/标准库/语言核心/原语。内建。豫 | PID 29055 | 退出 0 | 运行 5/24 | 已完成 82
[启动] type-check-and-erase：/Users/zhiboc/repos/yuyan-worktrees/基础库-密码公钥核验/库/标准库/数据结构/字节串。豫 | 运行 6/24
[启动] type-check-and-erase：/Users/zhiboc/repos/yuyan-worktrees/基础库-密码公钥核验/库/标准库/语言核心/不安全。豫 | 运行 7/24
[启动] type-check-and-erase：/Users/zhiboc/repos/yuyan-worktrees/基础库-密码公钥核验/库/标准库/数据结构/整数操作。豫 | 运行 8/24
[启动] type-check-and-erase：/Users/zhiboc/repos/yuyan-worktrees/基础库-密码公钥核验/库/标准库/语言核心/异步原语。豫 | 运行 9/24
[启动] type-check-and-erase：/Users/zhiboc/repos/yuyan-worktrees/基础库-密码公钥核验/库/标准库/数据结构/小数术。豫 | 运行 10/24
[启动] type-check-and-erase：/Users/zhiboc/repos/yuyan-worktrees/基础库-密码公钥核验/库/标准库/语言核心/引用。豫 | 运行 11/24
[启动] type-check-and-erase：/Users/zhiboc/repos/yuyan-worktrees/基础库-密码公钥核验/库/标准库/数学运算/转换。豫 | 运行 12/24
[完成] 类型检查：/Users/zhiboc/repos/yuyan-worktrees/基础库-密码公钥核验/库/标准库/数学运算/大小。豫 | PID 29055 | 退出 0 | 运行 11/24 | 已完成 83
[完成] 语法解析：/Users/zhiboc/repos/yuyan-worktrees/基础库-密码公钥核验/库/标准库/输入输出。豫 | PID 29055 | 退出 0 | 运行 10/24 | 已完成 84
[完成] 语法解析：/Users/zhiboc/repos/yuyan-worktrees/基础库-密码公钥核验/库/标准库/数学运算/随机。豫 | PID 29055 | 退出 0 | 运行 9/24 | 已完成 85
[完成] 语法解析：/Users/zhiboc/repos/yuyan-worktrees/基础库-密码公钥核验/库/标准库/语言核心/异常。豫 | PID 29055 | 退出 0 | 运行 8/24 | 已完成 86
[启动] parse：/Users/zhiboc/repos/yuyan-worktrees/基础库-密码公钥核验/库/标准库/语言核心。豫 | 运行 9/24
[启动] parse：/Users/zhiboc/repos/yuyan-worktrees/基础库-密码公钥核验/库/标准库/数据结构/可选值。豫 | 运行 10/24
[完成] 语法解析：/Users/zhiboc/repos/yuyan-worktrees/基础库-密码公钥核验/库/标准库/网络/传输控制协议。豫 | PID 29055 | 退出 0 | 运行 9/24 | 已完成 87
[完成] 语法解析：/Users/zhiboc/repos/yuyan-worktrees/基础库-密码公钥核验/库/标准库/语言核心。豫 | PID 29055 | 退出 0 | 运行 8/24 | 已完成 88
[完成] 类型检查：/Users/zhiboc/repos/yuyan-worktrees/基础库-密码公钥核验/库/标准库/语言核心/不安全。豫 | PID 29055 | 退出 0 | 运行 7/24 | 已完成 89
[完成] 语法解析：/Users/zhiboc/repos/yuyan-worktrees/基础库-密码公钥核验/库/标准库/数据结构/可选值。豫 | PID 29055 | 退出 0 | 运行 6/24 | 已完成 90
[启动] parse：/Users/zhiboc/repos/yuyan-worktrees/基础库-密码公钥核验/库/标准库/数据结构/多态列。豫 | 运行 7/24
[完成] 类型检查：/Users/zhiboc/repos/yuyan-worktrees/基础库-密码公钥核验/库/标准库/语言核心/异步原语。豫 | PID 29055 | 退出 0 | 运行 6/24 | 已完成 91
[完成] 类型检查：/Users/zhiboc/repos/yuyan-worktrees/基础库-密码公钥核验/库/标准库/数据结构/整数操作。豫 | PID 29055 | 退出 0 | 运行 5/24 | 已完成 92
[完成] 类型检查：/Users/zhiboc/repos/yuyan-worktrees/基础库-密码公钥核验/库/标准库/数据结构/字节串。豫 | PID 29055 | 退出 0 | 运行 4/24 | 已完成 93
[启动] type-check-and-erase：/Users/zhiboc/repos/yuyan-worktrees/基础库-密码公钥核验/库/标准库/数据结构/字节缓冲。豫 | 运行 5/24
[启动] type-check-and-erase：/Users/zhiboc/repos/yuyan-worktrees/基础库-密码公钥核验/库/标准库/宿主。接口。豫 | 运行 6/24
[完成] 类型检查：/Users/zhiboc/repos/yuyan-worktrees/基础库-密码公钥核验/库/标准库/数学运算/转换。豫 | PID 29055 | 退出 0 | 运行 5/24 | 已完成 94
[完成] 类型检查：/Users/zhiboc/repos/yuyan-worktrees/基础库-密码公钥核验/库/标准库/语言核心/引用。豫 | PID 29055 | 退出 0 | 运行 4/24 | 已完成 95
[完成] 类型检查：/Users/zhiboc/repos/yuyan-worktrees/基础库-密码公钥核验/库/标准库/数据结构/字节缓冲。豫 | PID 29055 | 退出 0 | 运行 3/24 | 已完成 96
[完成] 语法解析：/Users/zhiboc/repos/yuyan-worktrees/基础库-密码公钥核验/库/标准库/数据结构/多态列。豫 | PID 29055 | 退出 0 | 运行 2/24 | 已完成 97
[启动] parse：/Users/zhiboc/repos/yuyan-worktrees/基础库-密码公钥核验/库/标准库/宿主带列。接口。豫 | 运行 3/24
[启动] parse：/Users/zhiboc/repos/yuyan-worktrees/基础库-密码公钥核验/库/标准库/数据结构/多态列工具。豫 | 运行 4/24
[启动] parse：/Users/zhiboc/repos/yuyan-worktrees/基础库-密码公钥核验/库/标准库/数学运算/数组转换。豫 | 运行 5/24
[启动] parse：/Users/zhiboc/repos/yuyan-worktrees/基础库-密码公钥核验/库/标准库/数学运算/具体列。豫 | 运行 6/24
[完成] 类型检查：/Users/zhiboc/repos/yuyan-worktrees/基础库-密码公钥核验/库/标准库/数据结构/小数术。豫 | PID 29055 | 退出 0 | 运行 5/24 | 已完成 98
[完成] 类型检查：/Users/zhiboc/repos/yuyan-worktrees/基础库-密码公钥核验/库/标准库/宿主。接口。豫 | PID 29055 | 退出 0 | 运行 4/24 | 已完成 99
[启动] type-check-and-erase：/Users/zhiboc/repos/yuyan-worktrees/基础库-密码公钥核验/库/标准库/数据结构/小数操作。豫 | 运行 5/24
[启动] type-check-and-erase：/Users/zhiboc/repos/yuyan-worktrees/基础库-密码公钥核验/库/标准库/网络/传输控制协议。豫 | 运行 6/24
[启动] type-check-and-erase：/Users/zhiboc/repos/yuyan-worktrees/基础库-密码公钥核验/库/标准库/操作系统/环境变量。豫 | 运行 7/24
[启动] type-check-and-erase：/Users/zhiboc/repos/yuyan-worktrees/基础库-密码公钥核验/库/标准库/操作系统/系统名称。豫 | 运行 8/24
[启动] type-check-and-erase：/Users/zhiboc/repos/yuyan-worktrees/基础库-密码公钥核验/库/标准库/操作系统/进程。豫 | 运行 9/24
[启动] type-check-and-erase：/Users/zhiboc/repos/yuyan-worktrees/基础库-密码公钥核验/库/标准库/语言核心/异常。豫 | 运行 10/24
[启动] type-check-and-erase：/Users/zhiboc/repos/yuyan-worktrees/基础库-密码公钥核验/库/标准库/数学运算/随机。豫 | 运行 11/24
[启动] type-check-and-erase：/Users/zhiboc/repos/yuyan-worktrees/基础库-密码公钥核验/库/标准库/输入输出/笔。豫 | 运行 12/24
[完成] 类型检查：/Users/zhiboc/repos/yuyan-worktrees/基础库-密码公钥核验/库/标准库/数据结构/小数操作。豫 | PID 29055 | 退出 0 | 运行 11/24 | 已完成 100
[启动] type-check-and-erase：/Users/zhiboc/repos/yuyan-worktrees/基础库-密码公钥核验/库/标准库/操作系统/时间。豫 | 运行 12/24
[完成] 语法解析：/Users/zhiboc/repos/yuyan-worktrees/基础库-密码公钥核验/库/标准库/数学运算/具体列。豫 | PID 29055 | 退出 0 | 运行 11/24 | 已完成 101
[完成] 语法解析：/Users/zhiboc/repos/yuyan-worktrees/基础库-密码公钥核验/库/标准库/数学运算/数组转换。豫 | PID 29055 | 退出 0 | 运行 10/24 | 已完成 102
[启动] parse：/Users/zhiboc/repos/yuyan-worktrees/基础库-密码公钥核验/库/标准库/数学运算。豫 | 运行 11/24
[启动] parse：/Users/zhiboc/repos/yuyan-worktrees/基础库-密码公钥核验/库/标准库/数据结构/字符流术。豫 | 运行 12/24
[完成] 语法解析：/Users/zhiboc/repos/yuyan-worktrees/基础库-密码公钥核验/库/标准库/宿主带列。接口。豫 | PID 29055 | 退出 0 | 运行 11/24 | 已完成 103
[启动] parse：/Users/zhiboc/repos/yuyan-worktrees/基础库-密码公钥核验/库/标准库/操作系统/命令行参数。豫 | 运行 12/24
[启动] parse：/Users/zhiboc/repos/yuyan-worktrees/基础库-密码公钥核验/库/标准库/操作系统/文件系统。豫 | 运行 13/24
[启动] parse：/Users/zhiboc/repos/yuyan-worktrees/基础库-密码公钥核验/库/标准库/控制/异步。豫 | 运行 14/24
[完成] 类型检查：/Users/zhiboc/repos/yuyan-worktrees/基础库-密码公钥核验/库/标准库/操作系统/进程。豫 | PID 29055 | 退出 0 | 运行 13/24 | 已完成 104
[完成] 类型检查：/Users/zhiboc/repos/yuyan-worktrees/基础库-密码公钥核验/库/标准库/操作系统/系统名称。豫 | PID 29055 | 退出 0 | 运行 12/24 | 已完成 105
[完成] 语法解析：/Users/zhiboc/repos/yuyan-worktrees/基础库-密码公钥核验/库/标准库/数据结构/多态列工具。豫 | PID 29055 | 退出 0 | 运行 11/24 | 已完成 106
[启动] parse：/Users/zhiboc/repos/yuyan-worktrees/基础库-密码公钥核验/库/标准库/数据结构/字符串术。豫 | 运行 12/24
[完成] 类型检查：/Users/zhiboc/repos/yuyan-worktrees/基础库-密码公钥核验/库/标准库/语言核心/异常。豫 | PID 29055 | 退出 0 | 运行 11/24 | 已完成 107
[启动] type-check-and-erase：/Users/zhiboc/repos/yuyan-worktrees/基础库-密码公钥核验/库/标准库/语言核心。豫 | 运行 12/24
[启动] type-check-and-erase：/Users/zhiboc/repos/yuyan-worktrees/基础库-密码公钥核验/库/标准库/数据结构/可选值。豫 | 运行 13/24
[完成] 类型检查：/Users/zhiboc/repos/yuyan-worktrees/基础库-密码公钥核验/库/标准库/输入输出/笔。豫 | PID 29055 | 退出 0 | 运行 12/24 | 已完成 108
[启动] type-check-and-erase：/Users/zhiboc/repos/yuyan-worktrees/基础库-密码公钥核验/库/标准库/输入输出。豫 | 运行 13/24
[完成] 类型检查：/Users/zhiboc/repos/yuyan-worktrees/基础库-密码公钥核验/库/标准库/网络/传输控制协议。豫 | PID 29055 | 退出 0 | 运行 12/24 | 已完成 109
[完成] 类型检查：/Users/zhiboc/repos/yuyan-worktrees/基础库-密码公钥核验/库/标准库/操作系统/时间。豫 | PID 29055 | 退出 0 | 运行 11/24 | 已完成 110
[完成] 语法解析：/Users/zhiboc/repos/yuyan-worktrees/基础库-密码公钥核验/库/标准库/数学运算。豫 | PID 29055 | 退出 0 | 运行 10/24 | 已完成 111
[完成] 语法解析：/Users/zhiboc/repos/yuyan-worktrees/基础库-密码公钥核验/库/标准库/操作系统/文件系统。豫 | PID 29055 | 退出 0 | 运行 9/24 | 已完成 112
[完成] 类型检查：/Users/zhiboc/repos/yuyan-worktrees/基础库-密码公钥核验/库/标准库/语言核心。豫 | PID 29055 | 退出 0 | 运行 8/24 | 已完成 113
[完成] 类型检查：/Users/zhiboc/repos/yuyan-worktrees/基础库-密码公钥核验/库/标准库/操作系统/环境变量。豫 | PID 29055 | 退出 0 | 运行 7/24 | 已完成 114
[完成] 语法解析：/Users/zhiboc/repos/yuyan-worktrees/基础库-密码公钥核验/库/标准库/数据结构/字符流术。豫 | PID 29055 | 退出 0 | 运行 6/24 | 已完成 115
[完成] 类型检查：/Users/zhiboc/repos/yuyan-worktrees/基础库-密码公钥核验/库/标准库/输入输出。豫 | PID 29055 | 退出 0 | 运行 5/24 | 已完成 116
[完成] 语法解析：/Users/zhiboc/repos/yuyan-worktrees/基础库-密码公钥核验/库/标准库/控制/异步。豫 | PID 29055 | 退出 0 | 运行 4/24 | 已完成 117
[启动] parse：/Users/zhiboc/repos/yuyan-worktrees/基础库-密码公钥核验/库/标准库/控制。豫 | 运行 5/24
[启动] parse：/Users/zhiboc/repos/yuyan-worktrees/基础库-密码公钥核验/库/标准库/网络/异步传输控制协议。豫 | 运行 6/24
[完成] 语法解析：/Users/zhiboc/repos/yuyan-worktrees/基础库-密码公钥核验/库/标准库/操作系统/命令行参数。豫 | PID 29055 | 退出 0 | 运行 5/24 | 已完成 118
[完成] 语法解析：/Users/zhiboc/repos/yuyan-worktrees/基础库-密码公钥核验/库/标准库/控制。豫 | PID 29055 | 退出 0 | 运行 4/24 | 已完成 119
[完成] 语法解析：/Users/zhiboc/repos/yuyan-worktrees/基础库-密码公钥核验/库/标准库/数据结构/字符串术。豫 | PID 29055 | 退出 0 | 运行 3/24 | 已完成 120
[启动] parse：/Users/zhiboc/repos/yuyan-worktrees/基础库-密码公钥核验/库/标准库/操作系统/子进程。豫 | 运行 4/24
[启动] parse：/Users/zhiboc/repos/yuyan-worktrees/基础库-密码公钥核验/库/标准库/数据结构/特殊字符。豫 | 运行 5/24
[启动] parse：/Users/zhiboc/repos/yuyan-worktrees/基础库-密码公钥核验/库/标准库/数据结构/对子术。豫 | 运行 6/24
[完成] 类型检查：/Users/zhiboc/repos/yuyan-worktrees/基础库-密码公钥核验/库/标准库/数据结构/可选值。豫 | PID 29055 | 退出 0 | 运行 5/24 | 已完成 121
[启动] type-check-and-erase：/Users/zhiboc/repos/yuyan-worktrees/基础库-密码公钥核验/库/标准库/数据结构/多态列。豫 | 运行 6/24
[完成] 语法解析：/Users/zhiboc/repos/yuyan-worktrees/基础库-密码公钥核验/库/标准库/网络/异步传输控制协议。豫 | PID 29055 | 退出 0 | 运行 5/24 | 已完成 122
[完成] 语法解析：/Users/zhiboc/repos/yuyan-worktrees/基础库-密码公钥核验/库/标准库/数据结构/特殊字符。豫 | PID 29055 | 退出 0 | 运行 4/24 | 已完成 123
[启动] parse：/Users/zhiboc/repos/yuyan-worktrees/基础库-密码公钥核验/库/标准库/网络/超文本传输协议。豫 | 运行 5/24
[完成] 类型检查：/Users/zhiboc/repos/yuyan-worktrees/基础库-密码公钥核验/库/标准库/数学运算/随机。豫 | PID 29055 | 退出 0 | 运行 4/24 | 已完成 124
[完成] 语法解析：/Users/zhiboc/repos/yuyan-worktrees/基础库-密码公钥核验/库/标准库/操作系统/子进程。豫 | PID 29055 | 退出 0 | 运行 3/24 | 已完成 125
[完成] 语法解析：/Users/zhiboc/repos/yuyan-worktrees/基础库-密码公钥核验/库/标准库/网络/超文本传输协议。豫 | PID 29055 | 退出 0 | 运行 2/24 | 已完成 126
[启动] parse：/Users/zhiboc/repos/yuyan-worktrees/基础库-密码公钥核验/库/标准库/网络。豫 | 运行 3/24
[完成] 语法解析：/Users/zhiboc/repos/yuyan-worktrees/基础库-密码公钥核验/库/标准库/数据结构/对子术。豫 | PID 29055 | 退出 0 | 运行 2/24 | 已完成 127
[启动] parse：/Users/zhiboc/repos/yuyan-worktrees/基础库-密码公钥核验/库/标准库/数据结构/列表搜索。豫 | 运行 3/24
[完成] 语法解析：/Users/zhiboc/repos/yuyan-worktrees/基础库-密码公钥核验/库/标准库/网络。豫 | PID 29055 | 退出 0 | 运行 2/24 | 已完成 128
[完成] 语法解析：/Users/zhiboc/repos/yuyan-worktrees/基础库-密码公钥核验/库/标准库/数据结构/列表搜索。豫 | PID 29055 | 退出 0 | 运行 1/24 | 已完成 129
[启动] parse：/Users/zhiboc/repos/yuyan-worktrees/基础库-密码公钥核验/库/标准库/数据结构/字典术。豫 | 运行 2/24
[完成] 类型检查：/Users/zhiboc/repos/yuyan-worktrees/基础库-密码公钥核验/库/标准库/数据结构/多态列。豫 | PID 29055 | 退出 0 | 运行 1/24 | 已完成 130
[启动] type-check-and-erase：/Users/zhiboc/repos/yuyan-worktrees/基础库-密码公钥核验/库/标准库/宿主带列。接口。豫 | 运行 2/24
[启动] type-check-and-erase：/Users/zhiboc/repos/yuyan-worktrees/基础库-密码公钥核验/库/标准库/数据结构/多态列工具。豫 | 运行 3/24
[启动] type-check-and-erase：/Users/zhiboc/repos/yuyan-worktrees/基础库-密码公钥核验/库/标准库/数学运算/数组转换。豫 | 运行 4/24
[启动] type-check-and-erase：/Users/zhiboc/repos/yuyan-worktrees/基础库-密码公钥核验/库/标准库/数学运算/具体列。豫 | 运行 5/24
[完成] 类型检查：/Users/zhiboc/repos/yuyan-worktrees/基础库-密码公钥核验/库/标准库/数学运算/具体列。豫 | PID 29055 | 退出 0 | 运行 4/24 | 已完成 131
[完成] 语法解析：/Users/zhiboc/repos/yuyan-worktrees/基础库-密码公钥核验/库/标准库/数据结构/字典术。豫 | PID 29055 | 退出 0 | 运行 3/24 | 已完成 132
[启动] parse：/Users/zhiboc/repos/yuyan-worktrees/基础库-密码公钥核验/库/标准库/数据结构。豫 | 运行 4/24
[启动] parse：/Users/zhiboc/repos/yuyan-worktrees/基础库-密码公钥核验/库/标准库/豫言标准内核。豫 | 运行 5/24
[完成] 语法解析：/Users/zhiboc/repos/yuyan-worktrees/基础库-密码公钥核验/库/标准库/数据结构。豫 | PID 29055 | 退出 0 | 运行 4/24 | 已完成 133
[完成] 类型检查：/Users/zhiboc/repos/yuyan-worktrees/基础库-密码公钥核验/库/标准库/数学运算/数组转换。豫 | PID 29055 | 退出 0 | 运行 3/24 | 已完成 134
[启动] type-check-and-erase：/Users/zhiboc/repos/yuyan-worktrees/基础库-密码公钥核验/库/标准库/数学运算。豫 | 运行 4/24
[启动] type-check-and-erase：/Users/zhiboc/repos/yuyan-worktrees/基础库-密码公钥核验/库/标准库/数据结构/字符流术。豫 | 运行 5/24
[完成] 语法解析：/Users/zhiboc/repos/yuyan-worktrees/基础库-密码公钥核验/库/标准库/豫言标准内核。豫 | PID 29055 | 退出 0 | 运行 4/24 | 已完成 135
[启动] parse：/Users/zhiboc/repos/yuyan-worktrees/基础库-密码公钥核验/库/标准库/操作系统/路径。豫 | 运行 5/24
[完成] 类型检查：/Users/zhiboc/repos/yuyan-worktrees/基础库-密码公钥核验/库/标准库/数学运算。豫 | PID 29055 | 退出 0 | 运行 4/24 | 已完成 136
[完成] 类型检查：/Users/zhiboc/repos/yuyan-worktrees/基础库-密码公钥核验/库/标准库/宿主带列。接口。豫 | PID 29055 | 退出 0 | 运行 3/24 | 已完成 137
[启动] type-check-and-erase：/Users/zhiboc/repos/yuyan-worktrees/基础库-密码公钥核验/库/标准库/操作系统/命令行参数。豫 | 运行 4/24
[启动] type-check-and-erase：/Users/zhiboc/repos/yuyan-worktrees/基础库-密码公钥核验/库/标准库/操作系统/文件系统。豫 | 运行 5/24
[启动] type-check-and-erase：/Users/zhiboc/repos/yuyan-worktrees/基础库-密码公钥核验/库/标准库/控制/异步。豫 | 运行 6/24
[完成] 语法解析：/Users/zhiboc/repos/yuyan-worktrees/基础库-密码公钥核验/库/标准库/操作系统/路径。豫 | PID 29055 | 退出 0 | 运行 5/24 | 已完成 138
[启动] parse：/Users/zhiboc/repos/yuyan-worktrees/基础库-密码公钥核验/库/标准库/操作系统。豫 | 运行 6/24
[完成] 类型检查：/Users/zhiboc/repos/yuyan-worktrees/基础库-密码公钥核验/库/标准库/操作系统/文件系统。豫 | PID 29055 | 退出 0 | 运行 5/24 | 已完成 139
[完成] 语法解析：/Users/zhiboc/repos/yuyan-worktrees/基础库-密码公钥核验/库/标准库/操作系统。豫 | PID 29055 | 退出 0 | 运行 4/24 | 已完成 140
[启动] parse：/Users/zhiboc/repos/yuyan-worktrees/基础库-密码公钥核验/库/标准库/总集。豫 | 运行 5/24
[完成] 类型检查：/Users/zhiboc/repos/yuyan-worktrees/基础库-密码公钥核验/库/标准库/数据结构/字符流术。豫 | PID 29055 | 退出 0 | 运行 4/24 | 已完成 141
[完成] 类型检查：/Users/zhiboc/repos/yuyan-worktrees/基础库-密码公钥核验/库/标准库/操作系统/命令行参数。豫 | PID 29055 | 退出 0 | 运行 3/24 | 已完成 142
[完成] 类型检查：/Users/zhiboc/repos/yuyan-worktrees/基础库-密码公钥核验/库/标准库/数据结构/多态列工具。豫 | PID 29055 | 退出 0 | 运行 2/24 | 已完成 143
[启动] type-check-and-erase：/Users/zhiboc/repos/yuyan-worktrees/基础库-密码公钥核验/库/标准库/数据结构/字符串术。豫 | 运行 3/24
[完成] 语法解析：/Users/zhiboc/repos/yuyan-worktrees/基础库-密码公钥核验/库/标准库/总集。豫 | PID 29055 | 退出 0 | 运行 2/24 | 已完成 144
[启动] parse：/Users/zhiboc/repos/yuyan-worktrees/基础库-密码公钥核验/库/基础库/密码与安全/密码/AES。豫 | 运行 3/24
[完成] 类型检查：/Users/zhiboc/repos/yuyan-worktrees/基础库-密码公钥核验/库/标准库/控制/异步。豫 | PID 29055 | 退出 0 | 运行 2/24 | 已完成 145
[启动] type-check-and-erase：/Users/zhiboc/repos/yuyan-worktrees/基础库-密码公钥核验/库/标准库/控制。豫 | 运行 3/24
[启动] type-check-and-erase：/Users/zhiboc/repos/yuyan-worktrees/基础库-密码公钥核验/库/标准库/网络/异步传输控制协议。豫 | 运行 4/24
[完成] 类型检查：/Users/zhiboc/repos/yuyan-worktrees/基础库-密码公钥核验/库/标准库/控制。豫 | PID 29055 | 退出 0 | 运行 3/24 | 已完成 146
[完成] 类型检查：/Users/zhiboc/repos/yuyan-worktrees/基础库-密码公钥核验/库/标准库/网络/异步传输控制协议。豫 | PID 29055 | 退出 0 | 运行 2/24 | 已完成 147
[完成] 类型检查：/Users/zhiboc/repos/yuyan-worktrees/基础库-密码公钥核验/库/标准库/数据结构/字符串术。豫 | PID 29055 | 退出 0 | 运行 1/24 | 已完成 148
[启动] type-check-and-erase：/Users/zhiboc/repos/yuyan-worktrees/基础库-密码公钥核验/库/标准库/操作系统/子进程。豫 | 运行 2/24
[启动] type-check-and-erase：/Users/zhiboc/repos/yuyan-worktrees/基础库-密码公钥核验/库/标准库/数据结构/特殊字符。豫 | 运行 3/24
[启动] type-check-and-erase：/Users/zhiboc/repos/yuyan-worktrees/基础库-密码公钥核验/库/标准库/数据结构/对子术。豫 | 运行 4/24
[完成] 类型检查：/Users/zhiboc/repos/yuyan-worktrees/基础库-密码公钥核验/库/标准库/数据结构/特殊字符。豫 | PID 29055 | 退出 0 | 运行 3/24 | 已完成 149
[启动] type-check-and-erase：/Users/zhiboc/repos/yuyan-worktrees/基础库-密码公钥核验/库/标准库/网络/超文本传输协议。豫 | 运行 4/24
[完成] 语法解析：/Users/zhiboc/repos/yuyan-worktrees/基础库-密码公钥核验/库/基础库/密码与安全/密码/AES。豫 | PID 29055 | 退出 0 | 运行 3/24 | 已完成 150
[完成] 类型检查：/Users/zhiboc/repos/yuyan-worktrees/基础库-密码公钥核验/库/标准库/操作系统/子进程。豫 | PID 29055 | 退出 0 | 运行 2/24 | 已完成 151
[完成] 类型检查：/Users/zhiboc/repos/yuyan-worktrees/基础库-密码公钥核验/库/标准库/数据结构/对子术。豫 | PID 29055 | 退出 0 | 运行 1/24 | 已完成 152
[启动] type-check-and-erase：/Users/zhiboc/repos/yuyan-worktrees/基础库-密码公钥核验/库/标准库/数据结构/列表搜索。豫 | 运行 2/24
[完成] 类型检查：/Users/zhiboc/repos/yuyan-worktrees/基础库-密码公钥核验/库/标准库/数据结构/列表搜索。豫 | PID 29055 | 退出 0 | 运行 1/24 | 已完成 153
[启动] type-check-and-erase：/Users/zhiboc/repos/yuyan-worktrees/基础库-密码公钥核验/库/标准库/数据结构/字典术。豫 | 运行 2/24
[完成] 类型检查：/Users/zhiboc/repos/yuyan-worktrees/基础库-密码公钥核验/库/标准库/数据结构/字典术。豫 | PID 29055 | 退出 0 | 运行 1/24 | 已完成 154
[启动] type-check-and-erase：/Users/zhiboc/repos/yuyan-worktrees/基础库-密码公钥核验/库/标准库/数据结构。豫 | 运行 2/24
[启动] type-check-and-erase：/Users/zhiboc/repos/yuyan-worktrees/基础库-密码公钥核验/库/标准库/豫言标准内核。豫 | 运行 3/24
[完成] 类型检查：/Users/zhiboc/repos/yuyan-worktrees/基础库-密码公钥核验/库/标准库/数据结构。豫 | PID 29055 | 退出 0 | 运行 2/24 | 已完成 155
[完成] 类型检查：/Users/zhiboc/repos/yuyan-worktrees/基础库-密码公钥核验/库/标准库/网络/超文本传输协议。豫 | PID 29055 | 退出 0 | 运行 1/24 | 已完成 156
[启动] type-check-and-erase：/Users/zhiboc/repos/yuyan-worktrees/基础库-密码公钥核验/库/标准库/网络。豫 | 运行 2/24
[完成] 类型检查：/Users/zhiboc/repos/yuyan-worktrees/基础库-密码公钥核验/库/标准库/网络。豫 | PID 29055 | 退出 0 | 运行 1/24 | 已完成 157
[完成] 类型检查：/Users/zhiboc/repos/yuyan-worktrees/基础库-密码公钥核验/库/标准库/豫言标准内核。豫 | PID 29055 | 退出 0 | 运行 0/24 | 已完成 158
[启动] type-check-and-erase：/Users/zhiboc/repos/yuyan-worktrees/基础库-密码公钥核验/库/标准库/操作系统/路径。豫 | 运行 1/24
[完成] 类型检查：/Users/zhiboc/repos/yuyan-worktrees/基础库-密码公钥核验/库/标准库/操作系统/路径。豫 | PID 29055 | 退出 0 | 运行 0/24 | 已完成 159
[启动] type-check-and-erase：/Users/zhiboc/repos/yuyan-worktrees/基础库-密码公钥核验/库/标准库/操作系统。豫 | 运行 1/24
[完成] 类型检查：/Users/zhiboc/repos/yuyan-worktrees/基础库-密码公钥核验/库/标准库/操作系统。豫 | PID 29055 | 退出 0 | 运行 0/24 | 已完成 160
[启动] type-check-and-erase：/Users/zhiboc/repos/yuyan-worktrees/基础库-密码公钥核验/库/标准库/总集。豫 | 运行 1/24
[完成] 类型检查：/Users/zhiboc/repos/yuyan-worktrees/基础库-密码公钥核验/库/标准库/总集。豫 | PID 29055 | 退出 0 | 运行 0/24 | 已完成 161
[启动] type-check-and-erase：/Users/zhiboc/repos/yuyan-worktrees/基础库-密码公钥核验/库/基础库/密码与安全/密码/AES。豫 | 运行 1/24
[完成] 类型检查：/Users/zhiboc/repos/yuyan-worktrees/基础库-密码公钥核验/库/基础库/密码与安全/密码/AES。豫 | PID 29055 | 退出 0 | 运行 0/24 | 已完成 162
[启动] exec-gen：/Users/zhiboc/repos/yuyan-worktrees/基础库-密码公钥核验/库/基础库/密码与安全/密码/AES。豫 | 运行 1/24
[完成] 最终链接：/Users/zhiboc/repos/yuyan-worktrees/基础库-密码公钥核验/库/基础库/密码与安全/密码/AES。豫 | PID 29055 | 退出 0 | 运行 0/24 | 已完成 163
[2026-10-08 01:02:43] 当前路径：/Users/zhiboc/repos/yuyan-worktrees/基础库-密码公钥核验/yyRSA验证链

[2026-10-08 01:02:43] 当前路径：/Users/zhiboc/repos/yuyan-worktrees/基础库-密码公钥核验/yyRSA验证链
[启动] dependency-analysis：/Users/zhiboc/repos/yuyan-worktrees/基础库-密码公钥核验/库/基础库/密码与安全/密码/BLAKE散列。豫 | 运行 1/24
[完成] 依赖分析：/Users/zhiboc/repos/yuyan-worktrees/基础库-密码公钥核验/库/基础库/密码与安全/密码/BLAKE散列。豫 | PID 29075 | 退出 0 | 运行 0/24 | 已完成 1
[启动] dependency-analysis：/Users/zhiboc/repos/yuyan-worktrees/基础库-密码公钥核验/库/标准库/总集。豫 | 运行 1/24
[启动] dependency-analysis：/Users/zhiboc/repos/yuyan-worktrees/基础库-密码公钥核验/库/基础库/密码与安全/密码/散列。豫 | 运行 2/24
[启动] dependency-analysis：/Users/zhiboc/repos/yuyan-worktrees/基础库-密码公钥核验/库/基础库/密码与安全/密码/宽字散列。豫 | 运行 3/24
[完成] 依赖分析：/Users/zhiboc/repos/yuyan-worktrees/基础库-密码公钥核验/库/标准库/总集。豫 | PID 29075 | 退出 0 | 运行 2/24 | 已完成 2
[启动] dependency-analysis：/Users/zhiboc/repos/yuyan-worktrees/基础库-密码公钥核验/库/标准库/操作系统。豫 | 运行 3/24
[启动] dependency-analysis：/Users/zhiboc/repos/yuyan-worktrees/基础库-密码公钥核验/库/标准库/控制。豫 | 运行 4/24
[启动] dependency-analysis：/Users/zhiboc/repos/yuyan-worktrees/基础库-密码公钥核验/库/标准库/数学运算。豫 | 运行 5/24
[启动] dependency-analysis：/Users/zhiboc/repos/yuyan-worktrees/基础库-密码公钥核验/库/标准库/数据结构。豫 | 运行 6/24
[启动] dependency-analysis：/Users/zhiboc/repos/yuyan-worktrees/基础库-密码公钥核验/库/标准库/输入输出。豫 | 运行 7/24
[启动] dependency-analysis：/Users/zhiboc/repos/yuyan-worktrees/基础库-密码公钥核验/库/标准库/语言核心。豫 | 运行 8/24
[启动] dependency-analysis：/Users/zhiboc/repos/yuyan-worktrees/基础库-密码公钥核验/库/标准库/网络。豫 | 运行 9/24
[启动] dependency-analysis：/Users/zhiboc/repos/yuyan-worktrees/基础库-密码公钥核验/库/标准库/豫言标准内核。豫 | 运行 10/24
[完成] 依赖分析：/Users/zhiboc/repos/yuyan-worktrees/基础库-密码公钥核验/库/标准库/操作系统。豫 | PID 29075 | 退出 0 | 运行 9/24 | 已完成 3
[启动] dependency-analysis：/Users/zhiboc/repos/yuyan-worktrees/基础库-密码公钥核验/库/标准库/操作系统/子进程。豫 | 运行 10/24
[启动] dependency-analysis：/Users/zhiboc/repos/yuyan-worktrees/基础库-密码公钥核验/库/标准库/操作系统/命令行参数。豫 | 运行 11/24
[启动] dependency-analysis：/Users/zhiboc/repos/yuyan-worktrees/基础库-密码公钥核验/库/标准库/操作系统/文件系统。豫 | 运行 12/24
[启动] dependency-analysis：/Users/zhiboc/repos/yuyan-worktrees/基础库-密码公钥核验/库/标准库/操作系统/进程。豫 | 运行 13/24
[启动] dependency-analysis：/Users/zhiboc/repos/yuyan-worktrees/基础库-密码公钥核验/库/标准库/操作系统/时间。豫 | 运行 14/24
[启动] dependency-analysis：/Users/zhiboc/repos/yuyan-worktrees/基础库-密码公钥核验/库/标准库/操作系统/路径。豫 | 运行 15/24
[启动] dependency-analysis：/Users/zhiboc/repos/yuyan-worktrees/基础库-密码公钥核验/库/标准库/操作系统/系统名称。豫 | 运行 16/24
[启动] dependency-analysis：/Users/zhiboc/repos/yuyan-worktrees/基础库-密码公钥核验/库/标准库/操作系统/环境变量。豫 | 运行 17/24
[完成] 依赖分析：/Users/zhiboc/repos/yuyan-worktrees/基础库-密码公钥核验/库/标准库/操作系统/子进程。豫 | PID 29075 | 退出 0 | 运行 16/24 | 已完成 4
[启动] dependency-analysis：/Users/zhiboc/repos/yuyan-worktrees/基础库-密码公钥核验/库/标准库/语言核心/内建类型。豫 | 运行 17/24
[启动] dependency-analysis：/Users/zhiboc/repos/yuyan-worktrees/基础库-密码公钥核验/库/标准库/语言核心/异常。豫 | 运行 18/24
[启动] dependency-analysis：/Users/zhiboc/repos/yuyan-worktrees/基础库-密码公钥核验/库/标准库/数据结构/字符串术。豫 | 运行 19/24
[启动] dependency-analysis：/Users/zhiboc/repos/yuyan-worktrees/基础库-密码公钥核验/库/标准库/数据结构/多态列。豫 | 运行 20/24
[启动] dependency-analysis：/Users/zhiboc/repos/yuyan-worktrees/基础库-密码公钥核验/库/标准库/输入输出/笔。豫 | 运行 21/24
[启动] dependency-analysis：/Users/zhiboc/repos/yuyan-worktrees/基础库-密码公钥核验/库/标准库/宿主带列。接口。豫 | 运行 22/24
[启动] dependency-analysis：/Users/zhiboc/repos/yuyan-worktrees/基础库-密码公钥核验/库/标准库/宿主。接口。豫 | 运行 23/24
[完成] 依赖分析：/Users/zhiboc/repos/yuyan-worktrees/基础库-密码公钥核验/库/标准库/网络。豫 | PID 29075 | 退出 0 | 运行 22/24 | 已完成 5
[启动] dependency-analysis：/Users/zhiboc/repos/yuyan-worktrees/基础库-密码公钥核验/库/标准库/网络/传输控制协议。豫 | 运行 23/24
[启动] dependency-analysis：/Users/zhiboc/repos/yuyan-worktrees/基础库-密码公钥核验/库/标准库/网络/异步传输控制协议。豫 | 运行 24/24
[完成] 依赖分析：/Users/zhiboc/repos/yuyan-worktrees/基础库-密码公钥核验/库/标准库/语言核心。豫 | PID 29075 | 退出 0 | 运行 23/24 | 已完成 6
[启动] dependency-analysis：/Users/zhiboc/repos/yuyan-worktrees/基础库-密码公钥核验/库/标准库/网络/超文本传输协议。豫 | 运行 24/24
[完成] 依赖分析：/Users/zhiboc/repos/yuyan-worktrees/基础库-密码公钥核验/库/标准库/输入输出。豫 | PID 29075 | 退出 0 | 运行 23/24 | 已完成 7
[启动] dependency-analysis：/Users/zhiboc/repos/yuyan-worktrees/基础库-密码公钥核验/库/标准库/语言核心/续延。豫 | 运行 24/24
[完成] 依赖分析：/Users/zhiboc/repos/yuyan-worktrees/基础库-密码公钥核验/库/标准库/数学运算。豫 | PID 29075 | 退出 0 | 运行 23/24 | 已完成 8
[启动] dependency-analysis：/Users/zhiboc/repos/yuyan-worktrees/基础库-密码公钥核验/库/标准库/语言核心/引用。豫 | 运行 24/24
[完成] 依赖分析：/Users/zhiboc/repos/yuyan-worktrees/基础库-密码公钥核验/库/标准库/控制。豫 | PID 29075 | 退出 0 | 运行 23/24 | 已完成 9
[启动] dependency-analysis：/Users/zhiboc/repos/yuyan-worktrees/基础库-密码公钥核验/库/标准库/语言核心/不安全。豫 | 运行 24/24
[完成] 依赖分析：/Users/zhiboc/repos/yuyan-worktrees/基础库-密码公钥核验/库/标准库/网络/异步传输控制协议。豫 | PID 29075 | 退出 0 | 运行 23/24 | 已完成 10
[启动] dependency-analysis：/Users/zhiboc/repos/yuyan-worktrees/基础库-密码公钥核验/库/标准库/语言核心/异步原语。豫 | 运行 24/24
[完成] 依赖分析：/Users/zhiboc/repos/yuyan-worktrees/基础库-密码公钥核验/库/标准库/宿主。接口。豫 | PID 29075 | 退出 0 | 运行 23/24 | 已完成 11
[启动] dependency-analysis：/Users/zhiboc/repos/yuyan-worktrees/基础库-密码公钥核验/库/标准库/数学运算/转换。豫 | 运行 24/24
[完成] 依赖分析：/Users/zhiboc/repos/yuyan-worktrees/基础库-密码公钥核验/库/标准库/语言核心/异常。豫 | PID 29075 | 退出 0 | 运行 23/24 | 已完成 12
[启动] dependency-analysis：/Users/zhiboc/repos/yuyan-worktrees/基础库-密码公钥核验/库/标准库/数学运算/具体列。豫 | 运行 24/24
[完成] 依赖分析：/Users/zhiboc/repos/yuyan-worktrees/基础库-密码公钥核验/库/标准库/语言核心/内建类型。豫 | PID 29075 | 退出 0 | 运行 23/24 | 已完成 13
[启动] dependency-analysis：/Users/zhiboc/repos/yuyan-worktrees/基础库-密码公钥核验/库/标准库/数学运算/随机。豫 | 运行 24/24
[完成] 依赖分析：/Users/zhiboc/repos/yuyan-worktrees/基础库-密码公钥核验/库/标准库/语言核心/续延。豫 | PID 29075 | 退出 0 | 运行 23/24 | 已完成 14
[启动] dependency-analysis：/Users/zhiboc/repos/yuyan-worktrees/基础库-密码公钥核验/库/标准库/数学运算/大小。豫 | 运行 24/24
[完成] 依赖分析：/Users/zhiboc/repos/yuyan-worktrees/基础库-密码公钥核验/库/标准库/数据结构。豫 | PID 29075 | 退出 0 | 运行 23/24 | 已完成 15
[启动] dependency-analysis：/Users/zhiboc/repos/yuyan-worktrees/基础库-密码公钥核验/库/标准库/数学运算/数组转换。豫 | 运行 24/24
[完成] 依赖分析：/Users/zhiboc/repos/yuyan-worktrees/基础库-密码公钥核验/库/标准库/语言核心/引用。豫 | PID 29075 | 退出 0 | 运行 23/24 | 已完成 16
[启动] dependency-analysis：/Users/zhiboc/repos/yuyan-worktrees/基础库-密码公钥核验/库/标准库/控制/惰性求值。豫 | 运行 24/24
[完成] 依赖分析：/Users/zhiboc/repos/yuyan-worktrees/基础库-密码公钥核验/库/标准库/豫言标准内核。豫 | PID 29075 | 退出 0 | 运行 23/24 | 已完成 17
[启动] dependency-analysis：/Users/zhiboc/repos/yuyan-worktrees/基础库-密码公钥核验/库/标准库/控制/异步。豫 | 运行 24/24
[完成] 依赖分析：/Users/zhiboc/repos/yuyan-worktrees/基础库-密码公钥核验/库/基础库/密码与安全/密码/宽字散列。豫 | PID 29075 | 退出 0 | 运行 23/24 | 已完成 18
[启动] dependency-analysis：/Users/zhiboc/repos/yuyan-worktrees/基础库-密码公钥核验/库/标准库/数据结构/字节串。豫 | 运行 24/24
[完成] 依赖分析：/Users/zhiboc/repos/yuyan-worktrees/基础库-密码公钥核验/库/标准库/数学运算/大小。豫 | PID 29075 | 退出 0 | 运行 23/24 | 已完成 19
[启动] dependency-analysis：/Users/zhiboc/repos/yuyan-worktrees/基础库-密码公钥核验/库/标准库/语言核心/原语。内建。豫 | 运行 24/24
[完成] 依赖分析：/Users/zhiboc/repos/yuyan-worktrees/基础库-密码公钥核验/库/标准库/网络/传输控制协议。豫 | PID 29075 | 退出 0 | 运行 23/24 | 已完成 20
[启动] dependency-analysis：/Users/zhiboc/repos/yuyan-worktrees/基础库-密码公钥核验/库/标准库/数据结构/多态列工具。豫 | 运行 24/24
[完成] 依赖分析：/Users/zhiboc/repos/yuyan-worktrees/基础库-密码公钥核验/库/标准库/控制/异步。豫 | PID 29075 | 退出 0 | 运行 23/24 | 已完成 21
[启动] dependency-analysis：/Users/zhiboc/repos/yuyan-worktrees/基础库-密码公钥核验/库/标准库/数据结构/爻术。豫 | 运行 24/24
[完成] 依赖分析：/Users/zhiboc/repos/yuyan-worktrees/基础库-密码公钥核验/库/标准库/语言核心/不安全。豫 | PID 29075 | 退出 0 | 运行 23/24 | 已完成 22
[启动] dependency-analysis：/Users/zhiboc/repos/yuyan-worktrees/基础库-密码公钥核验/库/标准库/数据结构/字符流术。豫 | 运行 24/24
[完成] 依赖分析：/Users/zhiboc/repos/yuyan-worktrees/基础库-密码公钥核验/库/标准库/语言核心/原语。内建。豫 | PID 29075 | 退出 0 | 运行 23/24 | 已完成 23
[启动] dependency-analysis：/Users/zhiboc/repos/yuyan-worktrees/基础库-密码公钥核验/库/标准库/数据结构/整数操作。豫 | 运行 24/24
[完成] 依赖分析：/Users/zhiboc/repos/yuyan-worktrees/基础库-密码公钥核验/库/基础库/密码与安全/密码/散列。豫 | PID 29075 | 退出 0 | 运行 23/24 | 已完成 24
[启动] dependency-analysis：/Users/zhiboc/repos/yuyan-worktrees/基础库-密码公钥核验/库/标准库/数据结构/特殊字符。豫 | 运行 24/24
[完成] 依赖分析：/Users/zhiboc/repos/yuyan-worktrees/基础库-密码公钥核验/库/标准库/数据结构/特殊字符。豫 | PID 29075 | 退出 0 | 运行 23/24 | 已完成 25
[启动] dependency-analysis：/Users/zhiboc/repos/yuyan-worktrees/基础库-密码公钥核验/库/标准库/数据结构/对子术。豫 | 运行 24/24
[完成] 依赖分析：/Users/zhiboc/repos/yuyan-worktrees/基础库-密码公钥核验/库/标准库/数据结构/字符流术。豫 | PID 29075 | 退出 0 | 运行 23/24 | 已完成 26
[启动] dependency-analysis：/Users/zhiboc/repos/yuyan-worktrees/基础库-密码公钥核验/库/标准库/数据结构/字典术。豫 | 运行 24/24
[完成] 依赖分析：/Users/zhiboc/repos/yuyan-worktrees/基础库-密码公钥核验/库/标准库/操作系统/命令行参数。豫 | PID 29075 | 退出 0 | 运行 23/24 | 已完成 27
[启动] dependency-analysis：/Users/zhiboc/repos/yuyan-worktrees/基础库-密码公钥核验/库/标准库/数据结构/可选值。豫 | 运行 24/24
[完成] 依赖分析：/Users/zhiboc/repos/yuyan-worktrees/基础库-密码公钥核验/库/标准库/数据结构/爻术。豫 | PID 29075 | 退出 0 | 运行 23/24 | 已完成 28
[启动] dependency-analysis：/Users/zhiboc/repos/yuyan-worktrees/基础库-密码公钥核验/库/标准库/数据结构/小数操作。豫 | 运行 24/24
[完成] 依赖分析：/Users/zhiboc/repos/yuyan-worktrees/基础库-密码公钥核验/库/标准库/操作系统/文件系统。豫 | PID 29075 | 退出 0 | 运行 23/24 | 已完成 29
[启动] dependency-analysis：/Users/zhiboc/repos/yuyan-worktrees/基础库-密码公钥核验/库/标准库/数据结构/小数术。豫 | 运行 24/24
[完成] 依赖分析：/Users/zhiboc/repos/yuyan-worktrees/基础库-密码公钥核验/库/标准库/数学运算/随机。豫 | PID 29075 | 退出 0 | 运行 23/24 | 已完成 30
[启动] dependency-analysis：/Users/zhiboc/repos/yuyan-worktrees/基础库-密码公钥核验/库/标准库/数据结构/列表搜索。豫 | 运行 24/24
[完成] 依赖分析：/Users/zhiboc/repos/yuyan-worktrees/基础库-密码公钥核验/库/标准库/语言核心/异步原语。豫 | PID 29075 | 退出 0 | 运行 23/24 | 已完成 31
[启动] dependency-analysis：/Users/zhiboc/repos/yuyan-worktrees/基础库-密码公钥核验/库/标准库/数据结构/函数操作。豫 | 运行 24/24
[完成] 依赖分析：/Users/zhiboc/repos/yuyan-worktrees/基础库-密码公钥核验/库/标准库/数据结构/多态列。豫 | PID 29075 | 退出 0 | 运行 23/24 | 已完成 32
[启动] dependency-analysis：/Users/zhiboc/repos/yuyan-worktrees/基础库-密码公钥核验/库/标准库/数据结构/字节缓冲。豫 | 运行 24/24
[完成] 依赖分析：/Users/zhiboc/repos/yuyan-worktrees/基础库-密码公钥核验/库/标准库/数据结构/可选值。豫 | PID 29075 | 退出 0 | 运行 23/24 | 已完成 33
[启动] parse：/Users/zhiboc/repos/yuyan-worktrees/基础库-密码公钥核验/库/标准库/语言核心/内建类型。豫 | 运行 24/24
[完成] 依赖分析：/Users/zhiboc/repos/yuyan-worktrees/基础库-密码公钥核验/库/标准库/数据结构/多态列工具。豫 | PID 29075 | 退出 0 | 运行 23/24 | 已完成 34
[启动] parse：/Users/zhiboc/repos/yuyan-worktrees/基础库-密码公钥核验/库/标准库/语言核心/续延。豫 | 运行 24/24
[完成] 依赖分析：/Users/zhiboc/repos/yuyan-worktrees/基础库-密码公钥核验/库/标准库/操作系统/环境变量。豫 | PID 29075 | 退出 0 | 运行 23/24 | 已完成 35
[完成] 依赖分析：/Users/zhiboc/repos/yuyan-worktrees/基础库-密码公钥核验/库/标准库/数据结构/小数操作。豫 | PID 29075 | 退出 0 | 运行 22/24 | 已完成 36
[完成] 依赖分析：/Users/zhiboc/repos/yuyan-worktrees/基础库-密码公钥核验/库/标准库/数据结构/字节串。豫 | PID 29075 | 退出 0 | 运行 21/24 | 已完成 37
[完成] 依赖分析：/Users/zhiboc/repos/yuyan-worktrees/基础库-密码公钥核验/库/标准库/数据结构/字符串术。豫 | PID 29075 | 退出 0 | 运行 20/24 | 已完成 38
[完成] 依赖分析：/Users/zhiboc/repos/yuyan-worktrees/基础库-密码公钥核验/库/标准库/数据结构/列表搜索。豫 | PID 29075 | 退出 0 | 运行 19/24 | 已完成 39
[完成] 依赖分析：/Users/zhiboc/repos/yuyan-worktrees/基础库-密码公钥核验/库/标准库/数据结构/对子术。豫 | PID 29075 | 退出 0 | 运行 18/24 | 已完成 40
[完成] 依赖分析：/Users/zhiboc/repos/yuyan-worktrees/基础库-密码公钥核验/库/标准库/数学运算/具体列。豫 | PID 29075 | 退出 0 | 运行 17/24 | 已完成 41
[完成] 依赖分析：/Users/zhiboc/repos/yuyan-worktrees/基础库-密码公钥核验/库/标准库/数据结构/字节缓冲。豫 | PID 29075 | 退出 0 | 运行 16/24 | 已完成 42
[完成] 依赖分析：/Users/zhiboc/repos/yuyan-worktrees/基础库-密码公钥核验/库/标准库/操作系统/系统名称。豫 | PID 29075 | 退出 0 | 运行 15/24 | 已完成 43
[完成] 语法解析：/Users/zhiboc/repos/yuyan-worktrees/基础库-密码公钥核验/库/标准库/语言核心/续延。豫 | PID 29075 | 退出 0 | 运行 14/24 | 已完成 44
[启动] type-check-and-erase：/Users/zhiboc/repos/yuyan-worktrees/基础库-密码公钥核验/库/标准库/语言核心/续延。豫 | 运行 15/24
[完成] 依赖分析：/Users/zhiboc/repos/yuyan-worktrees/基础库-密码公钥核验/库/标准库/网络/超文本传输协议。豫 | PID 29075 | 退出 0 | 运行 14/24 | 已完成 45
[完成] 依赖分析：/Users/zhiboc/repos/yuyan-worktrees/基础库-密码公钥核验/库/标准库/操作系统/进程。豫 | PID 29075 | 退出 0 | 运行 13/24 | 已完成 46
[完成] 依赖分析：/Users/zhiboc/repos/yuyan-worktrees/基础库-密码公钥核验/库/标准库/操作系统/时间。豫 | PID 29075 | 退出 0 | 运行 12/24 | 已完成 47
[完成] 依赖分析：/Users/zhiboc/repos/yuyan-worktrees/基础库-密码公钥核验/库/标准库/数据结构/整数操作。豫 | PID 29075 | 退出 0 | 运行 11/24 | 已完成 48
[完成] 依赖分析：/Users/zhiboc/repos/yuyan-worktrees/基础库-密码公钥核验/库/标准库/数据结构/函数操作。豫 | PID 29075 | 退出 0 | 运行 10/24 | 已完成 49
[启动] parse：/Users/zhiboc/repos/yuyan-worktrees/基础库-密码公钥核验/库/标准库/数据结构/函数操作。豫 | 运行 11/24
[完成] 依赖分析：/Users/zhiboc/repos/yuyan-worktrees/基础库-密码公钥核验/库/标准库/控制/惰性求值。豫 | PID 29075 | 退出 0 | 运行 10/24 | 已完成 50
[完成] 依赖分析：/Users/zhiboc/repos/yuyan-worktrees/基础库-密码公钥核验/库/标准库/宿主带列。接口。豫 | PID 29075 | 退出 0 | 运行 9/24 | 已完成 51
[完成] 语法解析：/Users/zhiboc/repos/yuyan-worktrees/基础库-密码公钥核验/库/标准库/数据结构/函数操作。豫 | PID 29075 | 退出 0 | 运行 8/24 | 已完成 52
[启动] type-check-and-erase：/Users/zhiboc/repos/yuyan-worktrees/基础库-密码公钥核验/库/标准库/数据结构/函数操作。豫 | 运行 9/24
[完成] 语法解析：/Users/zhiboc/repos/yuyan-worktrees/基础库-密码公钥核验/库/标准库/语言核心/内建类型。豫 | PID 29075 | 退出 0 | 运行 8/24 | 已完成 53
[启动] parse：/Users/zhiboc/repos/yuyan-worktrees/基础库-密码公钥核验/库/标准库/数学运算/大小。豫 | 运行 9/24
[启动] parse：/Users/zhiboc/repos/yuyan-worktrees/基础库-密码公钥核验/库/标准库/语言核心/原语。内建。豫 | 运行 10/24
[启动] parse：/Users/zhiboc/repos/yuyan-worktrees/基础库-密码公钥核验/库/标准库/数据结构/爻术。豫 | 运行 11/24
[启动] parse：/Users/zhiboc/repos/yuyan-worktrees/基础库-密码公钥核验/库/标准库/控制/惰性求值。豫 | 运行 12/24
[启动] type-check-and-erase：/Users/zhiboc/repos/yuyan-worktrees/基础库-密码公钥核验/库/标准库/语言核心/内建类型。豫 | 运行 13/24
[完成] 依赖分析：/Users/zhiboc/repos/yuyan-worktrees/基础库-密码公钥核验/库/标准库/操作系统/路径。豫 | PID 29075 | 退出 0 | 运行 12/24 | 已完成 54
[完成] 类型检查：/Users/zhiboc/repos/yuyan-worktrees/基础库-密码公钥核验/库/标准库/数据结构/函数操作。豫 | PID 29075 | 退出 0 | 运行 11/24 | 已完成 55
[完成] 语法解析：/Users/zhiboc/repos/yuyan-worktrees/基础库-密码公钥核验/库/标准库/数学运算/大小。豫 | PID 29075 | 退出 0 | 运行 10/24 | 已完成 56
[完成] 依赖分析：/Users/zhiboc/repos/yuyan-worktrees/基础库-密码公钥核验/库/标准库/输入输出/笔。豫 | PID 29075 | 退出 0 | 运行 9/24 | 已完成 57
[完成] 语法解析：/Users/zhiboc/repos/yuyan-worktrees/基础库-密码公钥核验/库/标准库/数据结构/爻术。豫 | PID 29075 | 退出 0 | 运行 8/24 | 已完成 58
[完成] 依赖分析：/Users/zhiboc/repos/yuyan-worktrees/基础库-密码公钥核验/库/标准库/数据结构/小数术。豫 | PID 29075 | 退出 0 | 运行 7/24 | 已完成 59
[完成] 依赖分析：/Users/zhiboc/repos/yuyan-worktrees/基础库-密码公钥核验/库/标准库/数据结构/字典术。豫 | PID 29075 | 退出 0 | 运行 6/24 | 已完成 60
[完成] 依赖分析：/Users/zhiboc/repos/yuyan-worktrees/基础库-密码公钥核验/库/标准库/数学运算/转换。豫 | PID 29075 | 退出 0 | 运行 5/24 | 已完成 61
[完成] 依赖分析：/Users/zhiboc/repos/yuyan-worktrees/基础库-密码公钥核验/库/标准库/数学运算/数组转换。豫 | PID 29075 | 退出 0 | 运行 4/24 | 已完成 62
[完成] 语法解析：/Users/zhiboc/repos/yuyan-worktrees/基础库-密码公钥核验/库/标准库/控制/惰性求值。豫 | PID 29075 | 退出 0 | 运行 3/24 | 已完成 63
[完成] 类型检查：/Users/zhiboc/repos/yuyan-worktrees/基础库-密码公钥核验/库/标准库/语言核心/续延。豫 | PID 29075 | 退出 0 | 运行 2/24 | 已完成 64
[完成] 类型检查：/Users/zhiboc/repos/yuyan-worktrees/基础库-密码公钥核验/库/标准库/语言核心/内建类型。豫 | PID 29075 | 退出 0 | 运行 1/24 | 已完成 65
[启动] type-check-and-erase：/Users/zhiboc/repos/yuyan-worktrees/基础库-密码公钥核验/库/标准库/数学运算/大小。豫 | 运行 2/24
[启动] type-check-and-erase：/Users/zhiboc/repos/yuyan-worktrees/基础库-密码公钥核验/库/标准库/数据结构/爻术。豫 | 运行 3/24
[启动] type-check-and-erase：/Users/zhiboc/repos/yuyan-worktrees/基础库-密码公钥核验/库/标准库/控制/惰性求值。豫 | 运行 4/24
[完成] 类型检查：/Users/zhiboc/repos/yuyan-worktrees/基础库-密码公钥核验/库/标准库/数据结构/爻术。豫 | PID 29075 | 退出 0 | 运行 3/24 | 已完成 66
[完成] 类型检查：/Users/zhiboc/repos/yuyan-worktrees/基础库-密码公钥核验/库/标准库/控制/惰性求值。豫 | PID 29075 | 退出 0 | 运行 2/24 | 已完成 67
[完成] 语法解析：/Users/zhiboc/repos/yuyan-worktrees/基础库-密码公钥核验/库/标准库/语言核心/原语。内建。豫 | PID 29075 | 退出 0 | 运行 1/24 | 已完成 68
[启动] parse：/Users/zhiboc/repos/yuyan-worktrees/基础库-密码公钥核验/库/标准库/语言核心/引用。豫 | 运行 2/24
[启动] parse：/Users/zhiboc/repos/yuyan-worktrees/基础库-密码公钥核验/库/标准库/语言核心/不安全。豫 | 运行 3/24
[启动] parse：/Users/zhiboc/repos/yuyan-worktrees/基础库-密码公钥核验/库/标准库/语言核心/异步原语。豫 | 运行 4/24
[启动] parse：/Users/zhiboc/repos/yuyan-worktrees/基础库-密码公钥核验/库/标准库/数据结构/字节串。豫 | 运行 5/24
[启动] parse：/Users/zhiboc/repos/yuyan-worktrees/基础库-密码公钥核验/库/标准库/数据结构/整数操作。豫 | 运行 6/24
[启动] parse：/Users/zhiboc/repos/yuyan-worktrees/基础库-密码公钥核验/库/标准库/数据结构/小数术。豫 | 运行 7/24
[启动] parse：/Users/zhiboc/repos/yuyan-worktrees/基础库-密码公钥核验/库/标准库/数学运算/转换。豫 | 运行 8/24
[启动] type-check-and-erase：/Users/zhiboc/repos/yuyan-worktrees/基础库-密码公钥核验/库/标准库/语言核心/原语。内建。豫 | 运行 9/24
[完成] 类型检查：/Users/zhiboc/repos/yuyan-worktrees/基础库-密码公钥核验/库/标准库/数学运算/大小。豫 | PID 29075 | 退出 0 | 运行 8/24 | 已完成 69
[完成] 语法解析：/Users/zhiboc/repos/yuyan-worktrees/基础库-密码公钥核验/库/标准库/语言核心/引用。豫 | PID 29075 | 退出 0 | 运行 7/24 | 已完成 70
[完成] 语法解析：/Users/zhiboc/repos/yuyan-worktrees/基础库-密码公钥核验/库/标准库/数学运算/转换。豫 | PID 29075 | 退出 0 | 运行 6/24 | 已完成 71
[完成] 类型检查：/Users/zhiboc/repos/yuyan-worktrees/基础库-密码公钥核验/库/标准库/语言核心/原语。内建。豫 | PID 29075 | 退出 0 | 运行 5/24 | 已完成 72
[启动] type-check-and-erase：/Users/zhiboc/repos/yuyan-worktrees/基础库-密码公钥核验/库/标准库/语言核心/引用。豫 | 运行 6/24
[启动] type-check-and-erase：/Users/zhiboc/repos/yuyan-worktrees/基础库-密码公钥核验/库/标准库/数学运算/转换。豫 | 运行 7/24
[完成] 类型检查：/Users/zhiboc/repos/yuyan-worktrees/基础库-密码公钥核验/库/标准库/数学运算/转换。豫 | PID 29075 | 退出 0 | 运行 6/24 | 已完成 73
[完成] 语法解析：/Users/zhiboc/repos/yuyan-worktrees/基础库-密码公钥核验/库/标准库/语言核心/不安全。豫 | PID 29075 | 退出 0 | 运行 5/24 | 已完成 74
[启动] type-check-and-erase：/Users/zhiboc/repos/yuyan-worktrees/基础库-密码公钥核验/库/标准库/语言核心/不安全。豫 | 运行 6/24
[完成] 类型检查：/Users/zhiboc/repos/yuyan-worktrees/基础库-密码公钥核验/库/标准库/语言核心/不安全。豫 | PID 29075 | 退出 0 | 运行 5/24 | 已完成 75
[完成] 语法解析：/Users/zhiboc/repos/yuyan-worktrees/基础库-密码公钥核验/库/标准库/数据结构/字节串。豫 | PID 29075 | 退出 0 | 运行 4/24 | 已完成 76
[启动] parse：/Users/zhiboc/repos/yuyan-worktrees/基础库-密码公钥核验/库/标准库/宿主。接口。豫 | 运行 5/24
[启动] parse：/Users/zhiboc/repos/yuyan-worktrees/基础库-密码公钥核验/库/标准库/数据结构/字节缓冲。豫 | 运行 6/24
[启动] type-check-and-erase：/Users/zhiboc/repos/yuyan-worktrees/基础库-密码公钥核验/库/标准库/数据结构/字节串。豫 | 运行 7/24
[完成] 语法解析：/Users/zhiboc/repos/yuyan-worktrees/基础库-密码公钥核验/库/标准库/语言核心/异步原语。豫 | PID 29075 | 退出 0 | 运行 6/24 | 已完成 77
[启动] type-check-and-erase：/Users/zhiboc/repos/yuyan-worktrees/基础库-密码公钥核验/库/标准库/语言核心/异步原语。豫 | 运行 7/24
[完成] 类型检查：/Users/zhiboc/repos/yuyan-worktrees/基础库-密码公钥核验/库/标准库/语言核心/引用。豫 | PID 29075 | 退出 0 | 运行 6/24 | 已完成 78
[完成] 语法解析：/Users/zhiboc/repos/yuyan-worktrees/基础库-密码公钥核验/库/标准库/宿主。接口。豫 | PID 29075 | 退出 0 | 运行 5/24 | 已完成 79
[启动] parse：/Users/zhiboc/repos/yuyan-worktrees/基础库-密码公钥核验/库/标准库/语言核心/异常。豫 | 运行 6/24
[启动] parse：/Users/zhiboc/repos/yuyan-worktrees/基础库-密码公钥核验/库/标准库/数学运算/随机。豫 | 运行 7/24
[启动] parse：/Users/zhiboc/repos/yuyan-worktrees/基础库-密码公钥核验/库/标准库/操作系统/环境变量。豫 | 运行 8/24
[启动] parse：/Users/zhiboc/repos/yuyan-worktrees/基础库-密码公钥核验/库/标准库/数据结构/小数操作。豫 | 运行 9/24
[启动] parse：/Users/zhiboc/repos/yuyan-worktrees/基础库-密码公钥核验/库/标准库/操作系统/系统名称。豫 | 运行 10/24
[启动] parse：/Users/zhiboc/repos/yuyan-worktrees/基础库-密码公钥核验/库/标准库/操作系统/进程。豫 | 运行 11/24
[启动] parse：/Users/zhiboc/repos/yuyan-worktrees/基础库-密码公钥核验/库/标准库/输入输出/笔。豫 | 运行 12/24
[完成] 类型检查：/Users/zhiboc/repos/yuyan-worktrees/基础库-密码公钥核验/库/标准库/语言核心/异步原语。豫 | PID 29075 | 退出 0 | 运行 11/24 | 已完成 80
[完成] 语法解析：/Users/zhiboc/repos/yuyan-worktrees/基础库-密码公钥核验/库/标准库/语言核心/异常。豫 | PID 29075 | 退出 0 | 运行 10/24 | 已完成 81
[启动] parse：/Users/zhiboc/repos/yuyan-worktrees/基础库-密码公钥核验/库/标准库/语言核心。豫 | 运行 11/24
[启动] parse：/Users/zhiboc/repos/yuyan-worktrees/基础库-密码公钥核验/库/标准库/数据结构/可选值。豫 | 运行 12/24
[完成] 语法解析：/Users/zhiboc/repos/yuyan-worktrees/基础库-密码公钥核验/库/标准库/语言核心。豫 | PID 29075 | 退出 0 | 运行 11/24 | 已完成 82
[完成] 语法解析：/Users/zhiboc/repos/yuyan-worktrees/基础库-密码公钥核验/库/标准库/数据结构/小数术。豫 | PID 29075 | 退出 0 | 运行 10/24 | 已完成 83
[启动] type-check-and-erase：/Users/zhiboc/repos/yuyan-worktrees/基础库-密码公钥核验/库/标准库/数据结构/小数术。豫 | 运行 11/24
[完成] 语法解析：/Users/zhiboc/repos/yuyan-worktrees/基础库-密码公钥核验/库/标准库/数据结构/字节缓冲。豫 | PID 29075 | 退出 0 | 运行 10/24 | 已完成 84
[完成] 语法解析：/Users/zhiboc/repos/yuyan-worktrees/基础库-密码公钥核验/库/标准库/数学运算/随机。豫 | PID 29075 | 退出 0 | 运行 9/24 | 已完成 85
[完成] 语法解析：/Users/zhiboc/repos/yuyan-worktrees/基础库-密码公钥核验/库/标准库/数据结构/小数操作。豫 | PID 29075 | 退出 0 | 运行 8/24 | 已完成 86
[完成] 语法解析：/Users/zhiboc/repos/yuyan-worktrees/基础库-密码公钥核验/库/标准库/输入输出/笔。豫 | PID 29075 | 退出 0 | 运行 7/24 | 已完成 87
[启动] parse：/Users/zhiboc/repos/yuyan-worktrees/基础库-密码公钥核验/库/标准库/输入输出。豫 | 运行 8/24
[完成] 类型检查：/Users/zhiboc/repos/yuyan-worktrees/基础库-密码公钥核验/库/标准库/数据结构/字节串。豫 | PID 29075 | 退出 0 | 运行 7/24 | 已完成 88
[启动] type-check-and-erase：/Users/zhiboc/repos/yuyan-worktrees/基础库-密码公钥核验/库/标准库/宿主。接口。豫 | 运行 8/24
[启动] type-check-and-erase：/Users/zhiboc/repos/yuyan-worktrees/基础库-密码公钥核验/库/标准库/数据结构/字节缓冲。豫 | 运行 9/24
[完成] 语法解析：/Users/zhiboc/repos/yuyan-worktrees/基础库-密码公钥核验/库/标准库/操作系统/系统名称。豫 | PID 29075 | 退出 0 | 运行 8/24 | 已完成 89
[完成] 语法解析：/Users/zhiboc/repos/yuyan-worktrees/基础库-密码公钥核验/库/标准库/输入输出。豫 | PID 29075 | 退出 0 | 运行 7/24 | 已完成 90
[完成] 语法解析：/Users/zhiboc/repos/yuyan-worktrees/基础库-密码公钥核验/库/标准库/数据结构/可选值。豫 | PID 29075 | 退出 0 | 运行 6/24 | 已完成 91
[完成] 类型检查：/Users/zhiboc/repos/yuyan-worktrees/基础库-密码公钥核验/库/标准库/宿主。接口。豫 | PID 29075 | 退出 0 | 运行 5/24 | 已完成 92
[启动] type-check-and-erase：/Users/zhiboc/repos/yuyan-worktrees/基础库-密码公钥核验/库/标准库/语言核心/异常。豫 | 运行 6/24
[启动] type-check-and-erase：/Users/zhiboc/repos/yuyan-worktrees/基础库-密码公钥核验/库/标准库/数学运算/随机。豫 | 运行 7/24
[启动] type-check-and-erase：/Users/zhiboc/repos/yuyan-worktrees/基础库-密码公钥核验/库/标准库/数据结构/小数操作。豫 | 运行 8/24
[启动] type-check-and-erase：/Users/zhiboc/repos/yuyan-worktrees/基础库-密码公钥核验/库/标准库/操作系统/系统名称。豫 | 运行 9/24
[启动] type-check-and-erase：/Users/zhiboc/repos/yuyan-worktrees/基础库-密码公钥核验/库/标准库/输入输出/笔。豫 | 运行 10/24
[完成] 语法解析：/Users/zhiboc/repos/yuyan-worktrees/基础库-密码公钥核验/库/标准库/操作系统/环境变量。豫 | PID 29075 | 退出 0 | 运行 9/24 | 已完成 93
[启动] type-check-and-erase：/Users/zhiboc/repos/yuyan-worktrees/基础库-密码公钥核验/库/标准库/操作系统/环境变量。豫 | 运行 10/24
[完成] 类型检查：/Users/zhiboc/repos/yuyan-worktrees/基础库-密码公钥核验/库/标准库/语言核心/异常。豫 | PID 29075 | 退出 0 | 运行 9/24 | 已完成 94
[启动] type-check-and-erase：/Users/zhiboc/repos/yuyan-worktrees/基础库-密码公钥核验/库/标准库/语言核心。豫 | 运行 10/24
[启动] type-check-and-erase：/Users/zhiboc/repos/yuyan-worktrees/基础库-密码公钥核验/库/标准库/数据结构/可选值。豫 | 运行 11/24
[完成] 语法解析：/Users/zhiboc/repos/yuyan-worktrees/基础库-密码公钥核验/库/标准库/操作系统/进程。豫 | PID 29075 | 退出 0 | 运行 10/24 | 已完成 95
[启动] type-check-and-erase：/Users/zhiboc/repos/yuyan-worktrees/基础库-密码公钥核验/库/标准库/操作系统/进程。豫 | 运行 11/24
[完成] 类型检查：/Users/zhiboc/repos/yuyan-worktrees/基础库-密码公钥核验/库/标准库/数学运算/随机。豫 | PID 29075 | 退出 0 | 运行 10/24 | 已完成 96
[完成] 类型检查：/Users/zhiboc/repos/yuyan-worktrees/基础库-密码公钥核验/库/标准库/输入输出/笔。豫 | PID 29075 | 退出 0 | 运行 9/24 | 已完成 97
[启动] type-check-and-erase：/Users/zhiboc/repos/yuyan-worktrees/基础库-密码公钥核验/库/标准库/输入输出。豫 | 运行 10/24
[完成] 语法解析：/Users/zhiboc/repos/yuyan-worktrees/基础库-密码公钥核验/库/标准库/数据结构/整数操作。豫 | PID 29075 | 退出 0 | 运行 9/24 | 已完成 98
[启动] parse：/Users/zhiboc/repos/yuyan-worktrees/基础库-密码公钥核验/库/标准库/网络/传输控制协议。豫 | 运行 10/24
[启动] parse：/Users/zhiboc/repos/yuyan-worktrees/基础库-密码公钥核验/库/标准库/数据结构/多态列。豫 | 运行 11/24
[启动] parse：/Users/zhiboc/repos/yuyan-worktrees/基础库-密码公钥核验/库/标准库/操作系统/时间。豫 | 运行 12/24
[启动] type-check-and-erase：/Users/zhiboc/repos/yuyan-worktrees/基础库-密码公钥核验/库/标准库/数据结构/整数操作。豫 | 运行 13/24
[完成] 类型检查：/Users/zhiboc/repos/yuyan-worktrees/基础库-密码公钥核验/库/标准库/数据结构/字节缓冲。豫 | PID 29075 | 退出 0 | 运行 12/24 | 已完成 99
[完成] 类型检查：/Users/zhiboc/repos/yuyan-worktrees/基础库-密码公钥核验/库/标准库/操作系统/进程。豫 | PID 29075 | 退出 0 | 运行 11/24 | 已完成 100
[完成] 语法解析：/Users/zhiboc/repos/yuyan-worktrees/基础库-密码公钥核验/库/标准库/网络/传输控制协议。豫 | PID 29075 | 退出 0 | 运行 10/24 | 已完成 101
[完成] 语法解析：/Users/zhiboc/repos/yuyan-worktrees/基础库-密码公钥核验/库/标准库/数据结构/多态列。豫 | PID 29075 | 退出 0 | 运行 9/24 | 已完成 102
[启动] parse：/Users/zhiboc/repos/yuyan-worktrees/基础库-密码公钥核验/库/标准库/数据结构/多态列工具。豫 | 运行 10/24
[启动] parse：/Users/zhiboc/repos/yuyan-worktrees/基础库-密码公钥核验/库/标准库/数学运算/具体列。豫 | 运行 11/24
[启动] parse：/Users/zhiboc/repos/yuyan-worktrees/基础库-密码公钥核验/库/标准库/宿主带列。接口。豫 | 运行 12/24
[启动] parse：/Users/zhiboc/repos/yuyan-worktrees/基础库-密码公钥核验/库/标准库/数学运算/数组转换。豫 | 运行 13/24
[完成] 类型检查：/Users/zhiboc/repos/yuyan-worktrees/基础库-密码公钥核验/库/标准库/输入输出。豫 | PID 29075 | 退出 0 | 运行 12/24 | 已完成 103
[完成] 类型检查：/Users/zhiboc/repos/yuyan-worktrees/基础库-密码公钥核验/库/标准库/数据结构/小数术。豫 | PID 29075 | 退出 0 | 运行 11/24 | 已完成 104
[完成] 语法解析：/Users/zhiboc/repos/yuyan-worktrees/基础库-密码公钥核验/库/标准库/操作系统/时间。豫 | PID 29075 | 退出 0 | 运行 10/24 | 已完成 105
[完成] 类型检查：/Users/zhiboc/repos/yuyan-worktrees/基础库-密码公钥核验/库/标准库/数据结构/小数操作。豫 | PID 29075 | 退出 0 | 运行 9/24 | 已完成 106
[完成] 语法解析：/Users/zhiboc/repos/yuyan-worktrees/基础库-密码公钥核验/库/标准库/数据结构/多态列工具。豫 | PID 29075 | 退出 0 | 运行 8/24 | 已完成 107
[完成] 类型检查：/Users/zhiboc/repos/yuyan-worktrees/基础库-密码公钥核验/库/标准库/操作系统/系统名称。豫 | PID 29075 | 退出 0 | 运行 7/24 | 已完成 108
[完成] 类型检查：/Users/zhiboc/repos/yuyan-worktrees/基础库-密码公钥核验/库/标准库/操作系统/环境变量。豫 | PID 29075 | 退出 0 | 运行 6/24 | 已完成 109
[完成] 语法解析：/Users/zhiboc/repos/yuyan-worktrees/基础库-密码公钥核验/库/标准库/数学运算/数组转换。豫 | PID 29075 | 退出 0 | 运行 5/24 | 已完成 110
[启动] parse：/Users/zhiboc/repos/yuyan-worktrees/基础库-密码公钥核验/库/标准库/数据结构/字符流术。豫 | 运行 6/24
[启动] parse：/Users/zhiboc/repos/yuyan-worktrees/基础库-密码公钥核验/库/标准库/数据结构/字符串术。豫 | 运行 7/24
[完成] 类型检查：/Users/zhiboc/repos/yuyan-worktrees/基础库-密码公钥核验/库/标准库/数据结构/整数操作。豫 | PID 29075 | 退出 0 | 运行 6/24 | 已完成 111
[启动] type-check-and-erase：/Users/zhiboc/repos/yuyan-worktrees/基础库-密码公钥核验/库/标准库/网络/传输控制协议。豫 | 运行 7/24
[启动] type-check-and-erase：/Users/zhiboc/repos/yuyan-worktrees/基础库-密码公钥核验/库/标准库/操作系统/时间。豫 | 运行 8/24
[完成] 语法解析：/Users/zhiboc/repos/yuyan-worktrees/基础库-密码公钥核验/库/标准库/数据结构/字符流术。豫 | PID 29075 | 退出 0 | 运行 7/24 | 已完成 112
[完成] 类型检查：/Users/zhiboc/repos/yuyan-worktrees/基础库-密码公钥核验/库/标准库/网络/传输控制协议。豫 | PID 29075 | 退出 0 | 运行 6/24 | 已完成 113
[完成] 类型检查：/Users/zhiboc/repos/yuyan-worktrees/基础库-密码公钥核验/库/标准库/操作系统/时间。豫 | PID 29075 | 退出 0 | 运行 5/24 | 已完成 114
[完成] 语法解析：/Users/zhiboc/repos/yuyan-worktrees/基础库-密码公钥核验/库/标准库/数学运算/具体列。豫 | PID 29075 | 退出 0 | 运行 4/24 | 已完成 115
[启动] parse：/Users/zhiboc/repos/yuyan-worktrees/基础库-密码公钥核验/库/标准库/数学运算。豫 | 运行 5/24
[完成] 语法解析：/Users/zhiboc/repos/yuyan-worktrees/基础库-密码公钥核验/库/标准库/宿主带列。接口。豫 | PID 29075 | 退出 0 | 运行 4/24 | 已完成 116
[启动] parse：/Users/zhiboc/repos/yuyan-worktrees/基础库-密码公钥核验/库/标准库/控制/异步。豫 | 运行 5/24
[启动] parse：/Users/zhiboc/repos/yuyan-worktrees/基础库-密码公钥核验/库/标准库/操作系统/命令行参数。豫 | 运行 6/24
[启动] parse：/Users/zhiboc/repos/yuyan-worktrees/基础库-密码公钥核验/库/标准库/操作系统/文件系统。豫 | 运行 7/24
[完成] 语法解析：/Users/zhiboc/repos/yuyan-worktrees/基础库-密码公钥核验/库/标准库/数学运算。豫 | PID 29075 | 退出 0 | 运行 6/24 | 已完成 117
[完成] 语法解析：/Users/zhiboc/repos/yuyan-worktrees/基础库-密码公钥核验/库/标准库/控制/异步。豫 | PID 29075 | 退出 0 | 运行 5/24 | 已完成 118
[启动] parse：/Users/zhiboc/repos/yuyan-worktrees/基础库-密码公钥核验/库/标准库/控制。豫 | 运行 6/24
[启动] parse：/Users/zhiboc/repos/yuyan-worktrees/基础库-密码公钥核验/库/标准库/网络/异步传输控制协议。豫 | 运行 7/24
[完成] 语法解析：/Users/zhiboc/repos/yuyan-worktrees/基础库-密码公钥核验/库/标准库/操作系统/文件系统。豫 | PID 29075 | 退出 0 | 运行 6/24 | 已完成 119
[完成] 语法解析：/Users/zhiboc/repos/yuyan-worktrees/基础库-密码公钥核验/库/标准库/数据结构/字符串术。豫 | PID 29075 | 退出 0 | 运行 5/24 | 已完成 120
[启动] parse：/Users/zhiboc/repos/yuyan-worktrees/基础库-密码公钥核验/库/标准库/操作系统/子进程。豫 | 运行 6/24
[启动] parse：/Users/zhiboc/repos/yuyan-worktrees/基础库-密码公钥核验/库/标准库/数据结构/特殊字符。豫 | 运行 7/24
[启动] parse：/Users/zhiboc/repos/yuyan-worktrees/基础库-密码公钥核验/库/标准库/数据结构/对子术。豫 | 运行 8/24
[完成] 语法解析：/Users/zhiboc/repos/yuyan-worktrees/基础库-密码公钥核验/库/标准库/控制。豫 | PID 29075 | 退出 0 | 运行 7/24 | 已完成 121
[完成] 语法解析：/Users/zhiboc/repos/yuyan-worktrees/基础库-密码公钥核验/库/标准库/操作系统/子进程。豫 | PID 29075 | 退出 0 | 运行 6/24 | 已完成 122
[完成] 类型检查：/Users/zhiboc/repos/yuyan-worktrees/基础库-密码公钥核验/库/标准库/数据结构/可选值。豫 | PID 29075 | 退出 0 | 运行 5/24 | 已完成 123
[启动] type-check-and-erase：/Users/zhiboc/repos/yuyan-worktrees/基础库-密码公钥核验/库/标准库/数据结构/多态列。豫 | 运行 6/24
[完成] 类型检查：/Users/zhiboc/repos/yuyan-worktrees/基础库-密码公钥核验/库/标准库/语言核心。豫 | PID 29075 | 退出 0 | 运行 5/24 | 已完成 124
[完成] 语法解析：/Users/zhiboc/repos/yuyan-worktrees/基础库-密码公钥核验/库/标准库/网络/异步传输控制协议。豫 | PID 29075 | 退出 0 | 运行 4/24 | 已完成 125
[完成] 语法解析：/Users/zhiboc/repos/yuyan-worktrees/基础库-密码公钥核验/库/标准库/数据结构/特殊字符。豫 | PID 29075 | 退出 0 | 运行 3/24 | 已完成 126
[启动] parse：/Users/zhiboc/repos/yuyan-worktrees/基础库-密码公钥核验/库/标准库/网络/超文本传输协议。豫 | 运行 4/24
[完成] 类型检查：/Users/zhiboc/repos/yuyan-worktrees/基础库-密码公钥核验/库/标准库/数据结构/多态列。豫 | PID 29075 | 退出 0 | 运行 3/24 | 已完成 127
[启动] type-check-and-erase：/Users/zhiboc/repos/yuyan-worktrees/基础库-密码公钥核验/库/标准库/数据结构/多态列工具。豫 | 运行 4/24
[启动] type-check-and-erase：/Users/zhiboc/repos/yuyan-worktrees/基础库-密码公钥核验/库/标准库/数学运算/具体列。豫 | 运行 5/24
[启动] type-check-and-erase：/Users/zhiboc/repos/yuyan-worktrees/基础库-密码公钥核验/库/标准库/宿主带列。接口。豫 | 运行 6/24
[启动] type-check-and-erase：/Users/zhiboc/repos/yuyan-worktrees/基础库-密码公钥核验/库/标准库/数学运算/数组转换。豫 | 运行 7/24
[完成] 语法解析：/Users/zhiboc/repos/yuyan-worktrees/基础库-密码公钥核验/库/标准库/网络/超文本传输协议。豫 | PID 29075 | 退出 0 | 运行 6/24 | 已完成 128
[启动] parse：/Users/zhiboc/repos/yuyan-worktrees/基础库-密码公钥核验/库/标准库/网络。豫 | 运行 7/24
[完成] 语法解析：/Users/zhiboc/repos/yuyan-worktrees/基础库-密码公钥核验/库/标准库/网络。豫 | PID 29075 | 退出 0 | 运行 6/24 | 已完成 129
[完成] 类型检查：/Users/zhiboc/repos/yuyan-worktrees/基础库-密码公钥核验/库/标准库/数据结构/多态列工具。豫 | PID 29075 | 退出 0 | 运行 5/24 | 已完成 130
[完成] 语法解析：/Users/zhiboc/repos/yuyan-worktrees/基础库-密码公钥核验/库/标准库/数据结构/对子术。豫 | PID 29075 | 退出 0 | 运行 4/24 | 已完成 131
[启动] parse：/Users/zhiboc/repos/yuyan-worktrees/基础库-密码公钥核验/库/标准库/数据结构/列表搜索。豫 | 运行 5/24
[完成] 类型检查：/Users/zhiboc/repos/yuyan-worktrees/基础库-密码公钥核验/库/标准库/数学运算/具体列。豫 | PID 29075 | 退出 0 | 运行 4/24 | 已完成 132
[完成] 语法解析：/Users/zhiboc/repos/yuyan-worktrees/基础库-密码公钥核验/库/标准库/数据结构/列表搜索。豫 | PID 29075 | 退出 0 | 运行 3/24 | 已完成 133
[启动] parse：/Users/zhiboc/repos/yuyan-worktrees/基础库-密码公钥核验/库/标准库/数据结构/字典术。豫 | 运行 4/24
[完成] 语法解析：/Users/zhiboc/repos/yuyan-worktrees/基础库-密码公钥核验/库/标准库/数据结构/字典术。豫 | PID 29075 | 退出 0 | 运行 3/24 | 已完成 134
[启动] parse：/Users/zhiboc/repos/yuyan-worktrees/基础库-密码公钥核验/库/标准库/数据结构。豫 | 运行 4/24
[启动] parse：/Users/zhiboc/repos/yuyan-worktrees/基础库-密码公钥核验/库/标准库/豫言标准内核。豫 | 运行 5/24
[完成] 语法解析：/Users/zhiboc/repos/yuyan-worktrees/基础库-密码公钥核验/库/标准库/豫言标准内核。豫 | PID 29075 | 退出 0 | 运行 4/24 | 已完成 135
[启动] parse：/Users/zhiboc/repos/yuyan-worktrees/基础库-密码公钥核验/库/标准库/操作系统/路径。豫 | 运行 5/24
[完成] 语法解析：/Users/zhiboc/repos/yuyan-worktrees/基础库-密码公钥核验/库/标准库/数据结构。豫 | PID 29075 | 退出 0 | 运行 4/24 | 已完成 136
[完成] 类型检查：/Users/zhiboc/repos/yuyan-worktrees/基础库-密码公钥核验/库/标准库/数学运算/数组转换。豫 | PID 29075 | 退出 0 | 运行 3/24 | 已完成 137
[启动] type-check-and-erase：/Users/zhiboc/repos/yuyan-worktrees/基础库-密码公钥核验/库/标准库/数学运算。豫 | 运行 4/24
[启动] type-check-and-erase：/Users/zhiboc/repos/yuyan-worktrees/基础库-密码公钥核验/库/标准库/数据结构/字符流术。豫 | 运行 5/24
[启动] type-check-and-erase：/Users/zhiboc/repos/yuyan-worktrees/基础库-密码公钥核验/库/标准库/数据结构/字符串术。豫 | 运行 6/24
[完成] 语法解析：/Users/zhiboc/repos/yuyan-worktrees/基础库-密码公钥核验/库/标准库/操作系统/命令行参数。豫 | PID 29075 | 退出 0 | 运行 5/24 | 已完成 138
[完成] 语法解析：/Users/zhiboc/repos/yuyan-worktrees/基础库-密码公钥核验/库/标准库/操作系统/路径。豫 | PID 29075 | 退出 0 | 运行 4/24 | 已完成 139
[启动] parse：/Users/zhiboc/repos/yuyan-worktrees/基础库-密码公钥核验/库/标准库/操作系统。豫 | 运行 5/24
[完成] 类型检查：/Users/zhiboc/repos/yuyan-worktrees/基础库-密码公钥核验/库/标准库/数据结构/字符流术。豫 | PID 29075 | 退出 0 | 运行 4/24 | 已完成 140
[完成] 语法解析：/Users/zhiboc/repos/yuyan-worktrees/基础库-密码公钥核验/库/标准库/操作系统。豫 | PID 29075 | 退出 0 | 运行 3/24 | 已完成 141
[启动] parse：/Users/zhiboc/repos/yuyan-worktrees/基础库-密码公钥核验/库/标准库/总集。豫 | 运行 4/24
[完成] 类型检查：/Users/zhiboc/repos/yuyan-worktrees/基础库-密码公钥核验/库/标准库/数据结构/字符串术。豫 | PID 29075 | 退出 0 | 运行 3/24 | 已完成 142
[启动] type-check-and-erase：/Users/zhiboc/repos/yuyan-worktrees/基础库-密码公钥核验/库/标准库/数据结构/特殊字符。豫 | 运行 4/24
[启动] type-check-and-erase：/Users/zhiboc/repos/yuyan-worktrees/基础库-密码公钥核验/库/标准库/数据结构/对子术。豫 | 运行 5/24
[完成] 语法解析：/Users/zhiboc/repos/yuyan-worktrees/基础库-密码公钥核验/库/标准库/总集。豫 | PID 29075 | 退出 0 | 运行 4/24 | 已完成 143
[启动] parse：/Users/zhiboc/repos/yuyan-worktrees/基础库-密码公钥核验/库/基础库/密码与安全/密码/散列。豫 | 运行 5/24
[完成] 类型检查：/Users/zhiboc/repos/yuyan-worktrees/基础库-密码公钥核验/库/标准库/宿主带列。接口。豫 | PID 29075 | 退出 0 | 运行 4/24 | 已完成 144
[启动] type-check-and-erase：/Users/zhiboc/repos/yuyan-worktrees/基础库-密码公钥核验/库/标准库/操作系统/子进程。豫 | 运行 5/24
[启动] type-check-and-erase：/Users/zhiboc/repos/yuyan-worktrees/基础库-密码公钥核验/库/标准库/控制/异步。豫 | 运行 6/24
[启动] type-check-and-erase：/Users/zhiboc/repos/yuyan-worktrees/基础库-密码公钥核验/库/标准库/操作系统/命令行参数。豫 | 运行 7/24
[启动] type-check-and-erase：/Users/zhiboc/repos/yuyan-worktrees/基础库-密码公钥核验/库/标准库/操作系统/文件系统。豫 | 运行 8/24
[完成] 类型检查：/Users/zhiboc/repos/yuyan-worktrees/基础库-密码公钥核验/库/标准库/数学运算。豫 | PID 29075 | 退出 0 | 运行 7/24 | 已完成 145
[完成] 类型检查：/Users/zhiboc/repos/yuyan-worktrees/基础库-密码公钥核验/库/标准库/数据结构/特殊字符。豫 | PID 29075 | 退出 0 | 运行 6/24 | 已完成 146
[启动] type-check-and-erase：/Users/zhiboc/repos/yuyan-worktrees/基础库-密码公钥核验/库/标准库/网络/超文本传输协议。豫 | 运行 7/24
[完成] 类型检查：/Users/zhiboc/repos/yuyan-worktrees/基础库-密码公钥核验/库/标准库/数据结构/对子术。豫 | PID 29075 | 退出 0 | 运行 6/24 | 已完成 147
[启动] type-check-and-erase：/Users/zhiboc/repos/yuyan-worktrees/基础库-密码公钥核验/库/标准库/数据结构/列表搜索。豫 | 运行 7/24
[完成] 类型检查：/Users/zhiboc/repos/yuyan-worktrees/基础库-密码公钥核验/库/标准库/操作系统/子进程。豫 | PID 29075 | 退出 0 | 运行 6/24 | 已完成 148
[完成] 类型检查：/Users/zhiboc/repos/yuyan-worktrees/基础库-密码公钥核验/库/标准库/网络/超文本传输协议。豫 | PID 29075 | 退出 0 | 运行 5/24 | 已完成 149
[完成] 类型检查：/Users/zhiboc/repos/yuyan-worktrees/基础库-密码公钥核验/库/标准库/控制/异步。豫 | PID 29075 | 退出 0 | 运行 4/24 | 已完成 150
[启动] type-check-and-erase：/Users/zhiboc/repos/yuyan-worktrees/基础库-密码公钥核验/库/标准库/控制。豫 | 运行 5/24
[启动] type-check-and-erase：/Users/zhiboc/repos/yuyan-worktrees/基础库-密码公钥核验/库/标准库/网络/异步传输控制协议。豫 | 运行 6/24
[完成] 类型检查：/Users/zhiboc/repos/yuyan-worktrees/基础库-密码公钥核验/库/标准库/操作系统/命令行参数。豫 | PID 29075 | 退出 0 | 运行 5/24 | 已完成 151
[完成] 类型检查：/Users/zhiboc/repos/yuyan-worktrees/基础库-密码公钥核验/库/标准库/控制。豫 | PID 29075 | 退出 0 | 运行 4/24 | 已完成 152
[完成] 类型检查：/Users/zhiboc/repos/yuyan-worktrees/基础库-密码公钥核验/库/标准库/网络/异步传输控制协议。豫 | PID 29075 | 退出 0 | 运行 3/24 | 已完成 153
[启动] type-check-and-erase：/Users/zhiboc/repos/yuyan-worktrees/基础库-密码公钥核验/库/标准库/网络。豫 | 运行 4/24
[完成] 类型检查：/Users/zhiboc/repos/yuyan-worktrees/基础库-密码公钥核验/库/标准库/操作系统/文件系统。豫 | PID 29075 | 退出 0 | 运行 3/24 | 已完成 154
[完成] 类型检查：/Users/zhiboc/repos/yuyan-worktrees/基础库-密码公钥核验/库/标准库/数据结构/列表搜索。豫 | PID 29075 | 退出 0 | 运行 2/24 | 已完成 155
[启动] type-check-and-erase：/Users/zhiboc/repos/yuyan-worktrees/基础库-密码公钥核验/库/标准库/数据结构/字典术。豫 | 运行 3/24
[完成] 类型检查：/Users/zhiboc/repos/yuyan-worktrees/基础库-密码公钥核验/库/标准库/数据结构/字典术。豫 | PID 29075 | 退出 0 | 运行 2/24 | 已完成 156
[启动] type-check-and-erase：/Users/zhiboc/repos/yuyan-worktrees/基础库-密码公钥核验/库/标准库/数据结构。豫 | 运行 3/24
[启动] type-check-and-erase：/Users/zhiboc/repos/yuyan-worktrees/基础库-密码公钥核验/库/标准库/豫言标准内核。豫 | 运行 4/24
[完成] 类型检查：/Users/zhiboc/repos/yuyan-worktrees/基础库-密码公钥核验/库/标准库/网络。豫 | PID 29075 | 退出 0 | 运行 3/24 | 已完成 157
[完成] 类型检查：/Users/zhiboc/repos/yuyan-worktrees/基础库-密码公钥核验/库/标准库/豫言标准内核。豫 | PID 29075 | 退出 0 | 运行 2/24 | 已完成 158
[启动] type-check-and-erase：/Users/zhiboc/repos/yuyan-worktrees/基础库-密码公钥核验/库/标准库/操作系统/路径。豫 | 运行 3/24
[完成] 类型检查：/Users/zhiboc/repos/yuyan-worktrees/基础库-密码公钥核验/库/标准库/数据结构。豫 | PID 29075 | 退出 0 | 运行 2/24 | 已完成 159
[完成] 类型检查：/Users/zhiboc/repos/yuyan-worktrees/基础库-密码公钥核验/库/标准库/操作系统/路径。豫 | PID 29075 | 退出 0 | 运行 1/24 | 已完成 160
[启动] type-check-and-erase：/Users/zhiboc/repos/yuyan-worktrees/基础库-密码公钥核验/库/标准库/操作系统。豫 | 运行 2/24
[完成] 类型检查：/Users/zhiboc/repos/yuyan-worktrees/基础库-密码公钥核验/库/标准库/操作系统。豫 | PID 29075 | 退出 0 | 运行 1/24 | 已完成 161
[启动] type-check-and-erase：/Users/zhiboc/repos/yuyan-worktrees/基础库-密码公钥核验/库/标准库/总集。豫 | 运行 2/24
[完成] 类型检查：/Users/zhiboc/repos/yuyan-worktrees/基础库-密码公钥核验/库/标准库/总集。豫 | PID 29075 | 退出 0 | 运行 1/24 | 已完成 162
[完成] 语法解析：/Users/zhiboc/repos/yuyan-worktrees/基础库-密码公钥核验/库/基础库/密码与安全/密码/散列。豫 | PID 29075 | 退出 0 | 运行 0/24 | 已完成 163
[启动] parse：/Users/zhiboc/repos/yuyan-worktrees/基础库-密码公钥核验/库/基础库/密码与安全/密码/宽字散列。豫 | 运行 1/24
[启动] type-check-and-erase：/Users/zhiboc/repos/yuyan-worktrees/基础库-密码公钥核验/库/基础库/密码与安全/密码/散列。豫 | 运行 2/24
[完成] 语法解析：/Users/zhiboc/repos/yuyan-worktrees/基础库-密码公钥核验/库/基础库/密码与安全/密码/宽字散列。豫 | PID 29075 | 退出 0 | 运行 1/24 | 已完成 164
[启动] parse：/Users/zhiboc/repos/yuyan-worktrees/基础库-密码公钥核验/库/基础库/密码与安全/密码/BLAKE散列。豫 | 运行 2/24
[完成] 语法解析：/Users/zhiboc/repos/yuyan-worktrees/基础库-密码公钥核验/库/基础库/密码与安全/密码/BLAKE散列。豫 | PID 29075 | 退出 0 | 运行 1/24 | 已完成 165
[完成] 类型检查：/Users/zhiboc/repos/yuyan-worktrees/基础库-密码公钥核验/库/基础库/密码与安全/密码/散列。豫 | PID 29075 | 退出 0 | 运行 0/24 | 已完成 166
[启动] type-check-and-erase：/Users/zhiboc/repos/yuyan-worktrees/基础库-密码公钥核验/库/基础库/密码与安全/密码/宽字散列。豫 | 运行 1/24
[完成] 类型检查：/Users/zhiboc/repos/yuyan-worktrees/基础库-密码公钥核验/库/基础库/密码与安全/密码/宽字散列。豫 | PID 29075 | 退出 0 | 运行 0/24 | 已完成 167
[启动] type-check-and-erase：/Users/zhiboc/repos/yuyan-worktrees/基础库-密码公钥核验/库/基础库/密码与安全/密码/BLAKE散列。豫 | 运行 1/24
[完成] 类型检查：/Users/zhiboc/repos/yuyan-worktrees/基础库-密码公钥核验/库/基础库/密码与安全/密码/BLAKE散列。豫 | PID 29075 | 退出 0 | 运行 0/24 | 已完成 168
[启动] exec-gen：/Users/zhiboc/repos/yuyan-worktrees/基础库-密码公钥核验/库/基础库/密码与安全/密码/BLAKE散列。豫 | 运行 1/24
[完成] 最终链接：/Users/zhiboc/repos/yuyan-worktrees/基础库-密码公钥核验/库/基础库/密码与安全/密码/BLAKE散列。豫 | PID 29075 | 退出 0 | 运行 0/24 | 已完成 169
[2026-10-08 01:02:44] 当前路径：/Users/zhiboc/repos/yuyan-worktrees/基础库-密码公钥核验/yyRSA验证链

[2026-10-08 01:02:45] 当前路径：/Users/zhiboc/repos/yuyan-worktrees/基础库-密码公钥核验/yyRSA验证链
[启动] dependency-analysis：/Users/zhiboc/repos/yuyan-worktrees/基础库-密码公钥核验/库/基础库/密码与安全/密码/RSA造钥。豫 | 运行 1/24
[完成] 依赖分析：/Users/zhiboc/repos/yuyan-worktrees/基础库-密码公钥核验/库/基础库/密码与安全/密码/RSA造钥。豫 | PID 29085 | 退出 0 | 运行 0/24 | 已完成 1
[启动] dependency-analysis：/Users/zhiboc/repos/yuyan-worktrees/基础库-密码公钥核验/库/标准库/总集。豫 | 运行 1/24
[启动] dependency-analysis：/Users/zhiboc/repos/yuyan-worktrees/基础库-密码公钥核验/库/基础库/密码与安全/密码/定宽RSA。豫 | 运行 2/24
[完成] 依赖分析：/Users/zhiboc/repos/yuyan-worktrees/基础库-密码公钥核验/库/标准库/总集。豫 | PID 29085 | 退出 0 | 运行 1/24 | 已完成 2
[启动] dependency-analysis：/Users/zhiboc/repos/yuyan-worktrees/基础库-密码公钥核验/库/标准库/操作系统。豫 | 运行 2/24
[启动] dependency-analysis：/Users/zhiboc/repos/yuyan-worktrees/基础库-密码公钥核验/库/标准库/控制。豫 | 运行 3/24
[启动] dependency-analysis：/Users/zhiboc/repos/yuyan-worktrees/基础库-密码公钥核验/库/标准库/数学运算。豫 | 运行 4/24
[启动] dependency-analysis：/Users/zhiboc/repos/yuyan-worktrees/基础库-密码公钥核验/库/标准库/数据结构。豫 | 运行 5/24
[启动] dependency-analysis：/Users/zhiboc/repos/yuyan-worktrees/基础库-密码公钥核验/库/标准库/输入输出。豫 | 运行 6/24
[启动] dependency-analysis：/Users/zhiboc/repos/yuyan-worktrees/基础库-密码公钥核验/库/标准库/语言核心。豫 | 运行 7/24
[启动] dependency-analysis：/Users/zhiboc/repos/yuyan-worktrees/基础库-密码公钥核验/库/标准库/网络。豫 | 运行 8/24
[启动] dependency-analysis：/Users/zhiboc/repos/yuyan-worktrees/基础库-密码公钥核验/库/标准库/豫言标准内核。豫 | 运行 9/24
[完成] 依赖分析：/Users/zhiboc/repos/yuyan-worktrees/基础库-密码公钥核验/库/标准库/操作系统。豫 | PID 29085 | 退出 0 | 运行 8/24 | 已完成 3
[启动] dependency-analysis：/Users/zhiboc/repos/yuyan-worktrees/基础库-密码公钥核验/库/标准库/操作系统/子进程。豫 | 运行 9/24
[启动] dependency-analysis：/Users/zhiboc/repos/yuyan-worktrees/基础库-密码公钥核验/库/标准库/操作系统/命令行参数。豫 | 运行 10/24
[启动] dependency-analysis：/Users/zhiboc/repos/yuyan-worktrees/基础库-密码公钥核验/库/标准库/操作系统/文件系统。豫 | 运行 11/24
[启动] dependency-analysis：/Users/zhiboc/repos/yuyan-worktrees/基础库-密码公钥核验/库/标准库/操作系统/进程。豫 | 运行 12/24
[启动] dependency-analysis：/Users/zhiboc/repos/yuyan-worktrees/基础库-密码公钥核验/库/标准库/操作系统/时间。豫 | 运行 13/24
[启动] dependency-analysis：/Users/zhiboc/repos/yuyan-worktrees/基础库-密码公钥核验/库/标准库/操作系统/路径。豫 | 运行 14/24
[启动] dependency-analysis：/Users/zhiboc/repos/yuyan-worktrees/基础库-密码公钥核验/库/标准库/操作系统/系统名称。豫 | 运行 15/24
[启动] dependency-analysis：/Users/zhiboc/repos/yuyan-worktrees/基础库-密码公钥核验/库/标准库/操作系统/环境变量。豫 | 运行 16/24
[完成] 依赖分析：/Users/zhiboc/repos/yuyan-worktrees/基础库-密码公钥核验/库/标准库/操作系统/子进程。豫 | PID 29085 | 退出 0 | 运行 15/24 | 已完成 4
[启动] dependency-analysis：/Users/zhiboc/repos/yuyan-worktrees/基础库-密码公钥核验/库/标准库/语言核心/内建类型。豫 | 运行 16/24
[启动] dependency-analysis：/Users/zhiboc/repos/yuyan-worktrees/基础库-密码公钥核验/库/标准库/语言核心/异常。豫 | 运行 17/24
[启动] dependency-analysis：/Users/zhiboc/repos/yuyan-worktrees/基础库-密码公钥核验/库/标准库/数据结构/字符串术。豫 | 运行 18/24
[启动] dependency-analysis：/Users/zhiboc/repos/yuyan-worktrees/基础库-密码公钥核验/库/标准库/数据结构/多态列。豫 | 运行 19/24
[启动] dependency-analysis：/Users/zhiboc/repos/yuyan-worktrees/基础库-密码公钥核验/库/标准库/输入输出/笔。豫 | 运行 20/24
[启动] dependency-analysis：/Users/zhiboc/repos/yuyan-worktrees/基础库-密码公钥核验/库/标准库/宿主带列。接口。豫 | 运行 21/24
[启动] dependency-analysis：/Users/zhiboc/repos/yuyan-worktrees/基础库-密码公钥核验/库/标准库/宿主。接口。豫 | 运行 22/24
[完成] 依赖分析：/Users/zhiboc/repos/yuyan-worktrees/基础库-密码公钥核验/库/基础库/密码与安全/密码/定宽RSA。豫 | PID 29085 | 退出 0 | 运行 21/24 | 已完成 5
[完成] 依赖分析：/Users/zhiboc/repos/yuyan-worktrees/基础库-密码公钥核验/库/标准库/输入输出/笔。豫 | PID 29085 | 退出 0 | 运行 20/24 | 已完成 6
[启动] dependency-analysis：/Users/zhiboc/repos/yuyan-worktrees/基础库-密码公钥核验/库/标准库/语言核心/原语。内建。豫 | 运行 21/24
[完成] 依赖分析：/Users/zhiboc/repos/yuyan-worktrees/基础库-密码公钥核验/库/标准库/语言核心/原语。内建。豫 | PID 29085 | 退出 0 | 运行 20/24 | 已完成 7
[完成] 依赖分析：/Users/zhiboc/repos/yuyan-worktrees/基础库-密码公钥核验/库/标准库/数学运算。豫 | PID 29085 | 退出 0 | 运行 19/24 | 已完成 8
[启动] dependency-analysis：/Users/zhiboc/repos/yuyan-worktrees/基础库-密码公钥核验/库/标准库/数学运算/转换。豫 | 运行 20/24
[启动] dependency-analysis：/Users/zhiboc/repos/yuyan-worktrees/基础库-密码公钥核验/库/标准库/数学运算/具体列。豫 | 运行 21/24
[启动] dependency-analysis：/Users/zhiboc/repos/yuyan-worktrees/基础库-密码公钥核验/库/标准库/数学运算/随机。豫 | 运行 22/24
[启动] dependency-analysis：/Users/zhiboc/repos/yuyan-worktrees/基础库-密码公钥核验/库/标准库/数学运算/大小。豫 | 运行 23/24
[启动] dependency-analysis：/Users/zhiboc/repos/yuyan-worktrees/基础库-密码公钥核验/库/标准库/数学运算/数组转换。豫 | 运行 24/24
[完成] 依赖分析：/Users/zhiboc/repos/yuyan-worktrees/基础库-密码公钥核验/库/标准库/数学运算/转换。豫 | PID 29085 | 退出 0 | 运行 23/24 | 已完成 9
[完成] 依赖分析：/Users/zhiboc/repos/yuyan-worktrees/基础库-密码公钥核验/库/标准库/数学运算/具体列。豫 | PID 29085 | 退出 0 | 运行 22/24 | 已完成 10
[启动] dependency-analysis：/Users/zhiboc/repos/yuyan-worktrees/基础库-密码公钥核验/库/标准库/数据结构/整数操作。豫 | 运行 23/24
[启动] dependency-analysis：/Users/zhiboc/repos/yuyan-worktrees/基础库-密码公钥核验/库/标准库/数据结构/小数操作。豫 | 运行 24/24
[完成] 依赖分析：/Users/zhiboc/repos/yuyan-worktrees/基础库-密码公钥核验/库/标准库/输入输出。豫 | PID 29085 | 退出 0 | 运行 23/24 | 已完成 11
[完成] 依赖分析：/Users/zhiboc/repos/yuyan-worktrees/基础库-密码公钥核验/库/标准库/数据结构/整数操作。豫 | PID 29085 | 退出 0 | 运行 22/24 | 已完成 12
[启动] dependency-analysis：/Users/zhiboc/repos/yuyan-worktrees/基础库-密码公钥核验/库/标准库/数据结构/爻术。豫 | 运行 23/24
[完成] 依赖分析：/Users/zhiboc/repos/yuyan-worktrees/基础库-密码公钥核验/库/标准库/数据结构/小数操作。豫 | PID 29085 | 退出 0 | 运行 22/24 | 已完成 13
[完成] 依赖分析：/Users/zhiboc/repos/yuyan-worktrees/基础库-密码公钥核验/库/标准库/控制。豫 | PID 29085 | 退出 0 | 运行 21/24 | 已完成 14
[启动] dependency-analysis：/Users/zhiboc/repos/yuyan-worktrees/基础库-密码公钥核验/库/标准库/控制/惰性求值。豫 | 运行 22/24
[启动] dependency-analysis：/Users/zhiboc/repos/yuyan-worktrees/基础库-密码公钥核验/库/标准库/控制/异步。豫 | 运行 23/24
[完成] 依赖分析：/Users/zhiboc/repos/yuyan-worktrees/基础库-密码公钥核验/库/标准库/数据结构/爻术。豫 | PID 29085 | 退出 0 | 运行 22/24 | 已完成 15
[完成] 依赖分析：/Users/zhiboc/repos/yuyan-worktrees/基础库-密码公钥核验/库/标准库/控制/异步。豫 | PID 29085 | 退出 0 | 运行 21/24 | 已完成 16
[启动] dependency-analysis：/Users/zhiboc/repos/yuyan-worktrees/基础库-密码公钥核验/库/标准库/语言核心/引用。豫 | 运行 22/24
[完成] 依赖分析：/Users/zhiboc/repos/yuyan-worktrees/基础库-密码公钥核验/库/标准库/语言核心/引用。豫 | PID 29085 | 退出 0 | 运行 21/24 | 已完成 17
[完成] 依赖分析：/Users/zhiboc/repos/yuyan-worktrees/基础库-密码公钥核验/库/标准库/控制/惰性求值。豫 | PID 29085 | 退出 0 | 运行 20/24 | 已完成 18
[完成] 依赖分析：/Users/zhiboc/repos/yuyan-worktrees/基础库-密码公钥核验/库/标准库/数据结构。豫 | PID 29085 | 退出 0 | 运行 19/24 | 已完成 19
[启动] dependency-analysis：/Users/zhiboc/repos/yuyan-worktrees/基础库-密码公钥核验/库/标准库/数据结构/多态列工具。豫 | 运行 20/24
[启动] dependency-analysis：/Users/zhiboc/repos/yuyan-worktrees/基础库-密码公钥核验/库/标准库/数据结构/字符流术。豫 | 运行 21/24
[启动] dependency-analysis：/Users/zhiboc/repos/yuyan-worktrees/基础库-密码公钥核验/库/标准库/数据结构/特殊字符。豫 | 运行 22/24
[启动] dependency-analysis：/Users/zhiboc/repos/yuyan-worktrees/基础库-密码公钥核验/库/标准库/数据结构/对子术。豫 | 运行 23/24
[启动] dependency-analysis：/Users/zhiboc/repos/yuyan-worktrees/基础库-密码公钥核验/库/标准库/数据结构/字典术。豫 | 运行 24/24
[完成] 依赖分析：/Users/zhiboc/repos/yuyan-worktrees/基础库-密码公钥核验/库/标准库/语言核心。豫 | PID 29085 | 退出 0 | 运行 23/24 | 已完成 20
[启动] dependency-analysis：/Users/zhiboc/repos/yuyan-worktrees/基础库-密码公钥核验/库/标准库/数据结构/可选值。豫 | 运行 24/24
[完成] 依赖分析：/Users/zhiboc/repos/yuyan-worktrees/基础库-密码公钥核验/库/标准库/数据结构/字符流术。豫 | PID 29085 | 退出 0 | 运行 23/24 | 已完成 21
[启动] dependency-analysis：/Users/zhiboc/repos/yuyan-worktrees/基础库-密码公钥核验/库/标准库/数据结构/小数术。豫 | 运行 24/24
[完成] 依赖分析：/Users/zhiboc/repos/yuyan-worktrees/基础库-密码公钥核验/库/标准库/数据结构/多态列工具。豫 | PID 29085 | 退出 0 | 运行 23/24 | 已完成 22
[启动] dependency-analysis：/Users/zhiboc/repos/yuyan-worktrees/基础库-密码公钥核验/库/标准库/数据结构/列表搜索。豫 | 运行 24/24
[完成] 依赖分析：/Users/zhiboc/repos/yuyan-worktrees/基础库-密码公钥核验/库/标准库/数据结构/小数术。豫 | PID 29085 | 退出 0 | 运行 23/24 | 已完成 23
[启动] dependency-analysis：/Users/zhiboc/repos/yuyan-worktrees/基础库-密码公钥核验/库/标准库/数据结构/函数操作。豫 | 运行 24/24
[完成] 依赖分析：/Users/zhiboc/repos/yuyan-worktrees/基础库-密码公钥核验/库/标准库/数据结构/特殊字符。豫 | PID 29085 | 退出 0 | 运行 23/24 | 已完成 24
[启动] dependency-analysis：/Users/zhiboc/repos/yuyan-worktrees/基础库-密码公钥核验/库/标准库/数据结构/字节串。豫 | 运行 24/24
[完成] 依赖分析：/Users/zhiboc/repos/yuyan-worktrees/基础库-密码公钥核验/库/标准库/数据结构/字节串。豫 | PID 29085 | 退出 0 | 运行 23/24 | 已完成 25
[启动] dependency-analysis：/Users/zhiboc/repos/yuyan-worktrees/基础库-密码公钥核验/库/标准库/数据结构/字节缓冲。豫 | 运行 24/24
[完成] 依赖分析：/Users/zhiboc/repos/yuyan-worktrees/基础库-密码公钥核验/库/标准库/数据结构/函数操作。豫 | PID 29085 | 退出 0 | 运行 23/24 | 已完成 26
[启动] dependency-analysis：/Users/zhiboc/repos/yuyan-worktrees/基础库-密码公钥核验/库/标准库/语言核心/续延。豫 | 运行 24/24
[完成] 依赖分析：/Users/zhiboc/repos/yuyan-worktrees/基础库-密码公钥核验/库/标准库/数据结构/列表搜索。豫 | PID 29085 | 退出 0 | 运行 23/24 | 已完成 27
[启动] dependency-analysis：/Users/zhiboc/repos/yuyan-worktrees/基础库-密码公钥核验/库/标准库/语言核心/不安全。豫 | 运行 24/24
[完成] 依赖分析：/Users/zhiboc/repos/yuyan-worktrees/基础库-密码公钥核验/库/标准库/语言核心/不安全。豫 | PID 29085 | 退出 0 | 运行 23/24 | 已完成 28
[启动] dependency-analysis：/Users/zhiboc/repos/yuyan-worktrees/基础库-密码公钥核验/库/标准库/语言核心/异步原语。豫 | 运行 24/24
[完成] 依赖分析：/Users/zhiboc/repos/yuyan-worktrees/基础库-密码公钥核验/库/标准库/操作系统/时间。豫 | PID 29085 | 退出 0 | 运行 23/24 | 已完成 29
[启动] parse：/Users/zhiboc/repos/yuyan-worktrees/基础库-密码公钥核验/库/标准库/数据结构/函数操作。豫 | 运行 24/24
[完成] 依赖分析：/Users/zhiboc/repos/yuyan-worktrees/基础库-密码公钥核验/库/标准库/操作系统/文件系统。豫 | PID 29085 | 退出 0 | 运行 23/24 | 已完成 30
[完成] 依赖分析：/Users/zhiboc/repos/yuyan-worktrees/基础库-密码公钥核验/库/标准库/网络。豫 | PID 29085 | 退出 0 | 运行 22/24 | 已完成 31
[启动] dependency-analysis：/Users/zhiboc/repos/yuyan-worktrees/基础库-密码公钥核验/库/标准库/网络/传输控制协议。豫 | 运行 23/24
[启动] dependency-analysis：/Users/zhiboc/repos/yuyan-worktrees/基础库-密码公钥核验/库/标准库/网络/异步传输控制协议。豫 | 运行 24/24
[完成] 依赖分析：/Users/zhiboc/repos/yuyan-worktrees/基础库-密码公钥核验/库/标准库/数据结构/字符串术。豫 | PID 29085 | 退出 0 | 运行 23/24 | 已完成 32
[启动] dependency-analysis：/Users/zhiboc/repos/yuyan-worktrees/基础库-密码公钥核验/库/标准库/网络/超文本传输协议。豫 | 运行 24/24
[完成] 依赖分析：/Users/zhiboc/repos/yuyan-worktrees/基础库-密码公钥核验/库/标准库/操作系统/进程。豫 | PID 29085 | 退出 0 | 运行 23/24 | 已完成 33
[完成] 依赖分析：/Users/zhiboc/repos/yuyan-worktrees/基础库-密码公钥核验/库/标准库/操作系统/命令行参数。豫 | PID 29085 | 退出 0 | 运行 22/24 | 已完成 34
[完成] 依赖分析：/Users/zhiboc/repos/yuyan-worktrees/基础库-密码公钥核验/库/标准库/网络/异步传输控制协议。豫 | PID 29085 | 退出 0 | 运行 21/24 | 已完成 35
[完成] 依赖分析：/Users/zhiboc/repos/yuyan-worktrees/基础库-密码公钥核验/库/标准库/网络/传输控制协议。豫 | PID 29085 | 退出 0 | 运行 20/24 | 已完成 36
[完成] 依赖分析：/Users/zhiboc/repos/yuyan-worktrees/基础库-密码公钥核验/库/标准库/豫言标准内核。豫 | PID 29085 | 退出 0 | 运行 19/24 | 已完成 37
[完成] 依赖分析：/Users/zhiboc/repos/yuyan-worktrees/基础库-密码公钥核验/库/标准库/语言核心/异常。豫 | PID 29085 | 退出 0 | 运行 18/24 | 已完成 38
[完成] 依赖分析：/Users/zhiboc/repos/yuyan-worktrees/基础库-密码公钥核验/库/标准库/网络/超文本传输协议。豫 | PID 29085 | 退出 0 | 运行 17/24 | 已完成 39
[完成] 依赖分析：/Users/zhiboc/repos/yuyan-worktrees/基础库-密码公钥核验/库/标准库/操作系统/环境变量。豫 | PID 29085 | 退出 0 | 运行 16/24 | 已完成 40
[完成] 语法解析：/Users/zhiboc/repos/yuyan-worktrees/基础库-密码公钥核验/库/标准库/数据结构/函数操作。豫 | PID 29085 | 退出 0 | 运行 15/24 | 已完成 41
[启动] type-check-and-erase：/Users/zhiboc/repos/yuyan-worktrees/基础库-密码公钥核验/库/标准库/数据结构/函数操作。豫 | 运行 16/24
[完成] 依赖分析：/Users/zhiboc/repos/yuyan-worktrees/基础库-密码公钥核验/库/标准库/宿主带列。接口。豫 | PID 29085 | 退出 0 | 运行 15/24 | 已完成 42
[完成] 依赖分析：/Users/zhiboc/repos/yuyan-worktrees/基础库-密码公钥核验/库/标准库/数据结构/多态列。豫 | PID 29085 | 退出 0 | 运行 14/24 | 已完成 43
[完成] 类型检查：/Users/zhiboc/repos/yuyan-worktrees/基础库-密码公钥核验/库/标准库/数据结构/函数操作。豫 | PID 29085 | 退出 0 | 运行 13/24 | 已完成 44
[完成] 依赖分析：/Users/zhiboc/repos/yuyan-worktrees/基础库-密码公钥核验/库/标准库/语言核心/内建类型。豫 | PID 29085 | 退出 0 | 运行 12/24 | 已完成 45
[启动] parse：/Users/zhiboc/repos/yuyan-worktrees/基础库-密码公钥核验/库/标准库/语言核心/内建类型。豫 | 运行 13/24
[完成] 依赖分析：/Users/zhiboc/repos/yuyan-worktrees/基础库-密码公钥核验/库/标准库/数学运算/数组转换。豫 | PID 29085 | 退出 0 | 运行 12/24 | 已完成 46
[完成] 依赖分析：/Users/zhiboc/repos/yuyan-worktrees/基础库-密码公钥核验/库/标准库/操作系统/系统名称。豫 | PID 29085 | 退出 0 | 运行 11/24 | 已完成 47
[完成] 语法解析：/Users/zhiboc/repos/yuyan-worktrees/基础库-密码公钥核验/库/标准库/语言核心/内建类型。豫 | PID 29085 | 退出 0 | 运行 10/24 | 已完成 48
[启动] parse：/Users/zhiboc/repos/yuyan-worktrees/基础库-密码公钥核验/库/标准库/语言核心/原语。内建。豫 | 运行 11/24
[启动] parse：/Users/zhiboc/repos/yuyan-worktrees/基础库-密码公钥核验/库/标准库/数据结构/爻术。豫 | 运行 12/24
[启动] parse：/Users/zhiboc/repos/yuyan-worktrees/基础库-密码公钥核验/库/标准库/控制/惰性求值。豫 | 运行 13/24
[启动] type-check-and-erase：/Users/zhiboc/repos/yuyan-worktrees/基础库-密码公钥核验/库/标准库/语言核心/内建类型。豫 | 运行 14/24
[完成] 依赖分析：/Users/zhiboc/repos/yuyan-worktrees/基础库-密码公钥核验/库/标准库/宿主。接口。豫 | PID 29085 | 退出 0 | 运行 13/24 | 已完成 49
[完成] 依赖分析：/Users/zhiboc/repos/yuyan-worktrees/基础库-密码公钥核验/库/标准库/语言核心/续延。豫 | PID 29085 | 退出 0 | 运行 12/24 | 已完成 50
[启动] parse：/Users/zhiboc/repos/yuyan-worktrees/基础库-密码公钥核验/库/标准库/语言核心/续延。豫 | 运行 13/24
[完成] 语法解析：/Users/zhiboc/repos/yuyan-worktrees/基础库-密码公钥核验/库/标准库/语言核心/原语。内建。豫 | PID 29085 | 退出 0 | 运行 12/24 | 已完成 51
[启动] parse：/Users/zhiboc/repos/yuyan-worktrees/基础库-密码公钥核验/库/标准库/数学运算/转换。豫 | 运行 13/24
[启动] parse：/Users/zhiboc/repos/yuyan-worktrees/基础库-密码公钥核验/库/标准库/语言核心/引用。豫 | 运行 14/24
[启动] parse：/Users/zhiboc/repos/yuyan-worktrees/基础库-密码公钥核验/库/标准库/数据结构/小数术。豫 | 运行 15/24
[启动] parse：/Users/zhiboc/repos/yuyan-worktrees/基础库-密码公钥核验/库/标准库/数据结构/字节串。豫 | 运行 16/24
[启动] parse：/Users/zhiboc/repos/yuyan-worktrees/基础库-密码公钥核验/库/标准库/语言核心/不安全。豫 | 运行 17/24
[完成] 依赖分析：/Users/zhiboc/repos/yuyan-worktrees/基础库-密码公钥核验/库/标准库/数据结构/可选值。豫 | PID 29085 | 退出 0 | 运行 16/24 | 已完成 52
[完成] 依赖分析：/Users/zhiboc/repos/yuyan-worktrees/基础库-密码公钥核验/库/标准库/数据结构/对子术。豫 | PID 29085 | 退出 0 | 运行 15/24 | 已完成 53
[完成] 类型检查：/Users/zhiboc/repos/yuyan-worktrees/基础库-密码公钥核验/库/标准库/语言核心/内建类型。豫 | PID 29085 | 退出 0 | 运行 14/24 | 已完成 54
[启动] type-check-and-erase：/Users/zhiboc/repos/yuyan-worktrees/基础库-密码公钥核验/库/标准库/语言核心/原语。内建。豫 | 运行 15/24
[完成] 语法解析：/Users/zhiboc/repos/yuyan-worktrees/基础库-密码公钥核验/库/标准库/控制/惰性求值。豫 | PID 29085 | 退出 0 | 运行 14/24 | 已完成 55
[启动] type-check-and-erase：/Users/zhiboc/repos/yuyan-worktrees/基础库-密码公钥核验/库/标准库/控制/惰性求值。豫 | 运行 15/24
[完成] 语法解析：/Users/zhiboc/repos/yuyan-worktrees/基础库-密码公钥核验/库/标准库/数据结构/爻术。豫 | PID 29085 | 退出 0 | 运行 14/24 | 已完成 56
[启动] parse：/Users/zhiboc/repos/yuyan-worktrees/基础库-密码公钥核验/库/标准库/数据结构/整数操作。豫 | 运行 15/24
[启动] type-check-and-erase：/Users/zhiboc/repos/yuyan-worktrees/基础库-密码公钥核验/库/标准库/数据结构/爻术。豫 | 运行 16/24
[完成] 依赖分析：/Users/zhiboc/repos/yuyan-worktrees/基础库-密码公钥核验/库/标准库/数据结构/字节缓冲。豫 | PID 29085 | 退出 0 | 运行 15/24 | 已完成 57
[完成] 依赖分析：/Users/zhiboc/repos/yuyan-worktrees/基础库-密码公钥核验/库/标准库/数学运算/大小。豫 | PID 29085 | 退出 0 | 运行 14/24 | 已完成 58
[启动] parse：/Users/zhiboc/repos/yuyan-worktrees/基础库-密码公钥核验/库/标准库/数学运算/大小。豫 | 运行 15/24
[完成] 类型检查：/Users/zhiboc/repos/yuyan-worktrees/基础库-密码公钥核验/库/标准库/语言核心/原语。内建。豫 | PID 29085 | 退出 0 | 运行 14/24 | 已完成 59
[完成] 语法解析：/Users/zhiboc/repos/yuyan-worktrees/基础库-密码公钥核验/库/标准库/语言核心/不安全。豫 | PID 29085 | 退出 0 | 运行 13/24 | 已完成 60
[启动] type-check-and-erase：/Users/zhiboc/repos/yuyan-worktrees/基础库-密码公钥核验/库/标准库/语言核心/不安全。豫 | 运行 14/24
[完成] 语法解析：/Users/zhiboc/repos/yuyan-worktrees/基础库-密码公钥核验/库/标准库/数据结构/小数术。豫 | PID 29085 | 退出 0 | 运行 13/24 | 已完成 61
[启动] type-check-and-erase：/Users/zhiboc/repos/yuyan-worktrees/基础库-密码公钥核验/库/标准库/数据结构/小数术。豫 | 运行 14/24
[完成] 语法解析：/Users/zhiboc/repos/yuyan-worktrees/基础库-密码公钥核验/库/标准库/语言核心/引用。豫 | PID 29085 | 退出 0 | 运行 13/24 | 已完成 62
[启动] type-check-and-erase：/Users/zhiboc/repos/yuyan-worktrees/基础库-密码公钥核验/库/标准库/语言核心/引用。豫 | 运行 14/24
[完成] 语法解析：/Users/zhiboc/repos/yuyan-worktrees/基础库-密码公钥核验/库/标准库/数学运算/转换。豫 | PID 29085 | 退出 0 | 运行 13/24 | 已完成 63
[启动] type-check-and-erase：/Users/zhiboc/repos/yuyan-worktrees/基础库-密码公钥核验/库/标准库/数学运算/转换。豫 | 运行 14/24
[完成] 依赖分析：/Users/zhiboc/repos/yuyan-worktrees/基础库-密码公钥核验/库/标准库/语言核心/异步原语。豫 | PID 29085 | 退出 0 | 运行 13/24 | 已完成 64
[启动] parse：/Users/zhiboc/repos/yuyan-worktrees/基础库-密码公钥核验/库/标准库/语言核心/异步原语。豫 | 运行 14/24
[完成] 依赖分析：/Users/zhiboc/repos/yuyan-worktrees/基础库-密码公钥核验/库/标准库/数据结构/字典术。豫 | PID 29085 | 退出 0 | 运行 13/24 | 已完成 65
[完成] 依赖分析：/Users/zhiboc/repos/yuyan-worktrees/基础库-密码公钥核验/库/标准库/数学运算/随机。豫 | PID 29085 | 退出 0 | 运行 12/24 | 已完成 66
[完成] 语法解析：/Users/zhiboc/repos/yuyan-worktrees/基础库-密码公钥核验/库/标准库/数学运算/大小。豫 | PID 29085 | 退出 0 | 运行 11/24 | 已完成 67
[启动] type-check-and-erase：/Users/zhiboc/repos/yuyan-worktrees/基础库-密码公钥核验/库/标准库/数学运算/大小。豫 | 运行 12/24
[完成] 类型检查：/Users/zhiboc/repos/yuyan-worktrees/基础库-密码公钥核验/库/标准库/数据结构/爻术。豫 | PID 29085 | 退出 0 | 运行 11/24 | 已完成 68
[完成] 类型检查：/Users/zhiboc/repos/yuyan-worktrees/基础库-密码公钥核验/库/标准库/控制/惰性求值。豫 | PID 29085 | 退出 0 | 运行 10/24 | 已完成 69
[完成] 语法解析：/Users/zhiboc/repos/yuyan-worktrees/基础库-密码公钥核验/库/标准库/语言核心/异步原语。豫 | PID 29085 | 退出 0 | 运行 9/24 | 已完成 70
[启动] type-check-and-erase：/Users/zhiboc/repos/yuyan-worktrees/基础库-密码公钥核验/库/标准库/语言核心/异步原语。豫 | 运行 10/24
[完成] 类型检查：/Users/zhiboc/repos/yuyan-worktrees/基础库-密码公钥核验/库/标准库/数学运算/转换。豫 | PID 29085 | 退出 0 | 运行 9/24 | 已完成 71
[完成] 类型检查：/Users/zhiboc/repos/yuyan-worktrees/基础库-密码公钥核验/库/标准库/语言核心/引用。豫 | PID 29085 | 退出 0 | 运行 8/24 | 已完成 72
[完成] 类型检查：/Users/zhiboc/repos/yuyan-worktrees/基础库-密码公钥核验/库/标准库/数据结构/小数术。豫 | PID 29085 | 退出 0 | 运行 7/24 | 已完成 73
[完成] 依赖分析：/Users/zhiboc/repos/yuyan-worktrees/基础库-密码公钥核验/库/标准库/操作系统/路径。豫 | PID 29085 | 退出 0 | 运行 6/24 | 已完成 74
[完成] 语法解析：/Users/zhiboc/repos/yuyan-worktrees/基础库-密码公钥核验/库/标准库/数据结构/整数操作。豫 | PID 29085 | 退出 0 | 运行 5/24 | 已完成 75
[启动] type-check-and-erase：/Users/zhiboc/repos/yuyan-worktrees/基础库-密码公钥核验/库/标准库/数据结构/整数操作。豫 | 运行 6/24
[完成] 语法解析：/Users/zhiboc/repos/yuyan-worktrees/基础库-密码公钥核验/库/标准库/数据结构/字节串。豫 | PID 29085 | 退出 0 | 运行 5/24 | 已完成 76
[启动] parse：/Users/zhiboc/repos/yuyan-worktrees/基础库-密码公钥核验/库/标准库/宿主。接口。豫 | 运行 6/24
[启动] parse：/Users/zhiboc/repos/yuyan-worktrees/基础库-密码公钥核验/库/标准库/数据结构/字节缓冲。豫 | 运行 7/24
[启动] type-check-and-erase：/Users/zhiboc/repos/yuyan-worktrees/基础库-密码公钥核验/库/标准库/数据结构/字节串。豫 | 运行 8/24
[完成] 语法解析：/Users/zhiboc/repos/yuyan-worktrees/基础库-密码公钥核验/库/标准库/语言核心/续延。豫 | PID 29085 | 退出 0 | 运行 7/24 | 已完成 77
[启动] type-check-and-erase：/Users/zhiboc/repos/yuyan-worktrees/基础库-密码公钥核验/库/标准库/语言核心/续延。豫 | 运行 8/24
[完成] 类型检查：/Users/zhiboc/repos/yuyan-worktrees/基础库-密码公钥核验/库/标准库/语言核心/异步原语。豫 | PID 29085 | 退出 0 | 运行 7/24 | 已完成 78
[完成] 类型检查：/Users/zhiboc/repos/yuyan-worktrees/基础库-密码公钥核验/库/标准库/语言核心/不安全。豫 | PID 29085 | 退出 0 | 运行 6/24 | 已完成 79
[完成] 类型检查：/Users/zhiboc/repos/yuyan-worktrees/基础库-密码公钥核验/库/标准库/数据结构/整数操作。豫 | PID 29085 | 退出 0 | 运行 5/24 | 已完成 80
[完成] 语法解析：/Users/zhiboc/repos/yuyan-worktrees/基础库-密码公钥核验/库/标准库/宿主。接口。豫 | PID 29085 | 退出 0 | 运行 4/24 | 已完成 81
[启动] parse：/Users/zhiboc/repos/yuyan-worktrees/基础库-密码公钥核验/库/标准库/输入输出/笔。豫 | 运行 5/24
[启动] parse：/Users/zhiboc/repos/yuyan-worktrees/基础库-密码公钥核验/库/标准库/数据结构/小数操作。豫 | 运行 6/24
[启动] parse：/Users/zhiboc/repos/yuyan-worktrees/基础库-密码公钥核验/库/标准库/操作系统/进程。豫 | 运行 7/24
[启动] parse：/Users/zhiboc/repos/yuyan-worktrees/基础库-密码公钥核验/库/标准库/网络/传输控制协议。豫 | 运行 8/24
[启动] parse：/Users/zhiboc/repos/yuyan-worktrees/基础库-密码公钥核验/库/标准库/语言核心/异常。豫 | 运行 9/24
[启动] parse：/Users/zhiboc/repos/yuyan-worktrees/基础库-密码公钥核验/库/标准库/操作系统/环境变量。豫 | 运行 10/24
[启动] parse：/Users/zhiboc/repos/yuyan-worktrees/基础库-密码公钥核验/库/标准库/操作系统/系统名称。豫 | 运行 11/24
[启动] parse：/Users/zhiboc/repos/yuyan-worktrees/基础库-密码公钥核验/库/标准库/数学运算/随机。豫 | 运行 12/24
[完成] 语法解析：/Users/zhiboc/repos/yuyan-worktrees/基础库-密码公钥核验/库/标准库/语言核心/异常。豫 | PID 29085 | 退出 0 | 运行 11/24 | 已完成 82
[启动] parse：/Users/zhiboc/repos/yuyan-worktrees/基础库-密码公钥核验/库/标准库/语言核心。豫 | 运行 12/24
[启动] parse：/Users/zhiboc/repos/yuyan-worktrees/基础库-密码公钥核验/库/标准库/数据结构/可选值。豫 | 运行 13/24
[完成] 语法解析：/Users/zhiboc/repos/yuyan-worktrees/基础库-密码公钥核验/库/标准库/操作系统/环境变量。豫 | PID 29085 | 退出 0 | 运行 12/24 | 已完成 83
[完成] 类型检查：/Users/zhiboc/repos/yuyan-worktrees/基础库-密码公钥核验/库/标准库/语言核心/续延。豫 | PID 29085 | 退出 0 | 运行 11/24 | 已完成 84
[完成] 语法解析：/Users/zhiboc/repos/yuyan-worktrees/基础库-密码公钥核验/库/标准库/数学运算/随机。豫 | PID 29085 | 退出 0 | 运行 10/24 | 已完成 85
[完成] 类型检查：/Users/zhiboc/repos/yuyan-worktrees/基础库-密码公钥核验/库/标准库/数据结构/字节串。豫 | PID 29085 | 退出 0 | 运行 9/24 | 已完成 86
[启动] type-check-and-erase：/Users/zhiboc/repos/yuyan-worktrees/基础库-密码公钥核验/库/标准库/宿主。接口。豫 | 运行 10/24
[完成] 语法解析：/Users/zhiboc/repos/yuyan-worktrees/基础库-密码公钥核验/库/标准库/输入输出/笔。豫 | PID 29085 | 退出 0 | 运行 9/24 | 已完成 87
[启动] parse：/Users/zhiboc/repos/yuyan-worktrees/基础库-密码公钥核验/库/标准库/输入输出。豫 | 运行 10/24
[完成] 语法解析：/Users/zhiboc/repos/yuyan-worktrees/基础库-密码公钥核验/库/标准库/数据结构/可选值。豫 | PID 29085 | 退出 0 | 运行 9/24 | 已完成 88
[启动] parse：/Users/zhiboc/repos/yuyan-worktrees/基础库-密码公钥核验/库/标准库/数据结构/多态列。豫 | 运行 10/24
[完成] 语法解析：/Users/zhiboc/repos/yuyan-worktrees/基础库-密码公钥核验/库/标准库/操作系统/进程。豫 | PID 29085 | 退出 0 | 运行 9/24 | 已完成 89
[完成] 语法解析：/Users/zhiboc/repos/yuyan-worktrees/基础库-密码公钥核验/库/标准库/操作系统/系统名称。豫 | PID 29085 | 退出 0 | 运行 8/24 | 已完成 90
[完成] 语法解析：/Users/zhiboc/repos/yuyan-worktrees/基础库-密码公钥核验/库/标准库/数据结构/小数操作。豫 | PID 29085 | 退出 0 | 运行 7/24 | 已完成 91
[启动] parse：/Users/zhiboc/repos/yuyan-worktrees/基础库-密码公钥核验/库/标准库/操作系统/时间。豫 | 运行 8/24
[完成] 语法解析：/Users/zhiboc/repos/yuyan-worktrees/基础库-密码公钥核验/库/标准库/数据结构/字节缓冲。豫 | PID 29085 | 退出 0 | 运行 7/24 | 已完成 92
[启动] type-check-and-erase：/Users/zhiboc/repos/yuyan-worktrees/基础库-密码公钥核验/库/标准库/数据结构/字节缓冲。豫 | 运行 8/24
[完成] 语法解析：/Users/zhiboc/repos/yuyan-worktrees/基础库-密码公钥核验/库/标准库/数据结构/多态列。豫 | PID 29085 | 退出 0 | 运行 7/24 | 已完成 93
[启动] parse：/Users/zhiboc/repos/yuyan-worktrees/基础库-密码公钥核验/库/标准库/数学运算/具体列。豫 | 运行 8/24
[启动] parse：/Users/zhiboc/repos/yuyan-worktrees/基础库-密码公钥核验/库/标准库/数据结构/多态列工具。豫 | 运行 9/24
[启动] parse：/Users/zhiboc/repos/yuyan-worktrees/基础库-密码公钥核验/库/标准库/宿主带列。接口。豫 | 运行 10/24
[启动] parse：/Users/zhiboc/repos/yuyan-worktrees/基础库-密码公钥核验/库/标准库/数学运算/数组转换。豫 | 运行 11/24
[完成] 语法解析：/Users/zhiboc/repos/yuyan-worktrees/基础库-密码公钥核验/库/标准库/输入输出。豫 | PID 29085 | 退出 0 | 运行 10/24 | 已完成 94
[完成] 语法解析：/Users/zhiboc/repos/yuyan-worktrees/基础库-密码公钥核验/库/标准库/网络/传输控制协议。豫 | PID 29085 | 退出 0 | 运行 9/24 | 已完成 95
[完成] 类型检查：/Users/zhiboc/repos/yuyan-worktrees/基础库-密码公钥核验/库/标准库/数学运算/大小。豫 | PID 29085 | 退出 0 | 运行 8/24 | 已完成 96
[完成] 语法解析：/Users/zhiboc/repos/yuyan-worktrees/基础库-密码公钥核验/库/标准库/操作系统/时间。豫 | PID 29085 | 退出 0 | 运行 7/24 | 已完成 97
[完成] 语法解析：/Users/zhiboc/repos/yuyan-worktrees/基础库-密码公钥核验/库/标准库/数学运算/具体列。豫 | PID 29085 | 退出 0 | 运行 6/24 | 已完成 98
[完成] 语法解析：/Users/zhiboc/repos/yuyan-worktrees/基础库-密码公钥核验/库/标准库/语言核心。豫 | PID 29085 | 退出 0 | 运行 5/24 | 已完成 99
[完成] 语法解析：/Users/zhiboc/repos/yuyan-worktrees/基础库-密码公钥核验/库/标准库/数学运算/数组转换。豫 | PID 29085 | 退出 0 | 运行 4/24 | 已完成 100
[启动] parse：/Users/zhiboc/repos/yuyan-worktrees/基础库-密码公钥核验/库/标准库/数学运算。豫 | 运行 5/24
[启动] parse：/Users/zhiboc/repos/yuyan-worktrees/基础库-密码公钥核验/库/标准库/数据结构/字符流术。豫 | 运行 6/24
[完成] 类型检查：/Users/zhiboc/repos/yuyan-worktrees/基础库-密码公钥核验/库/标准库/宿主。接口。豫 | PID 29085 | 退出 0 | 运行 5/24 | 已完成 101
[启动] type-check-and-erase：/Users/zhiboc/repos/yuyan-worktrees/基础库-密码公钥核验/库/标准库/输入输出/笔。豫 | 运行 6/24
[启动] type-check-and-erase：/Users/zhiboc/repos/yuyan-worktrees/基础库-密码公钥核验/库/标准库/数据结构/小数操作。豫 | 运行 7/24
[启动] type-check-and-erase：/Users/zhiboc/repos/yuyan-worktrees/基础库-密码公钥核验/库/标准库/操作系统/进程。豫 | 运行 8/24
[启动] type-check-and-erase：/Users/zhiboc/repos/yuyan-worktrees/基础库-密码公钥核验/库/标准库/网络/传输控制协议。豫 | 运行 9/24
[启动] type-check-and-erase：/Users/zhiboc/repos/yuyan-worktrees/基础库-密码公钥核验/库/标准库/语言核心/异常。豫 | 运行 10/24
[启动] type-check-and-erase：/Users/zhiboc/repos/yuyan-worktrees/基础库-密码公钥核验/库/标准库/操作系统/环境变量。豫 | 运行 11/24
[启动] type-check-and-erase：/Users/zhiboc/repos/yuyan-worktrees/基础库-密码公钥核验/库/标准库/操作系统/系统名称。豫 | 运行 12/24
[启动] type-check-and-erase：/Users/zhiboc/repos/yuyan-worktrees/基础库-密码公钥核验/库/标准库/数学运算/随机。豫 | 运行 13/24
[完成] 语法解析：/Users/zhiboc/repos/yuyan-worktrees/基础库-密码公钥核验/库/标准库/数学运算。豫 | PID 29085 | 退出 0 | 运行 12/24 | 已完成 102
[完成] 类型检查：/Users/zhiboc/repos/yuyan-worktrees/基础库-密码公钥核验/库/标准库/操作系统/环境变量。豫 | PID 29085 | 退出 0 | 运行 11/24 | 已完成 103
[完成] 类型检查：/Users/zhiboc/repos/yuyan-worktrees/基础库-密码公钥核验/库/标准库/操作系统/系统名称。豫 | PID 29085 | 退出 0 | 运行 10/24 | 已完成 104
[完成] 类型检查：/Users/zhiboc/repos/yuyan-worktrees/基础库-密码公钥核验/库/标准库/数学运算/随机。豫 | PID 29085 | 退出 0 | 运行 9/24 | 已完成 105
[完成] 语法解析：/Users/zhiboc/repos/yuyan-worktrees/基础库-密码公钥核验/库/标准库/宿主带列。接口。豫 | PID 29085 | 退出 0 | 运行 8/24 | 已完成 106
[启动] parse：/Users/zhiboc/repos/yuyan-worktrees/基础库-密码公钥核验/库/标准库/控制/异步。豫 | 运行 9/24
[启动] parse：/Users/zhiboc/repos/yuyan-worktrees/基础库-密码公钥核验/库/标准库/操作系统/文件系统。豫 | 运行 10/24
[启动] parse：/Users/zhiboc/repos/yuyan-worktrees/基础库-密码公钥核验/库/标准库/操作系统/命令行参数。豫 | 运行 11/24
[完成] 语法解析：/Users/zhiboc/repos/yuyan-worktrees/基础库-密码公钥核验/库/标准库/数据结构/多态列工具。豫 | PID 29085 | 退出 0 | 运行 10/24 | 已完成 107
[启动] parse：/Users/zhiboc/repos/yuyan-worktrees/基础库-密码公钥核验/库/标准库/数据结构/字符串术。豫 | 运行 11/24
[完成] 类型检查：/Users/zhiboc/repos/yuyan-worktrees/基础库-密码公钥核验/库/标准库/数据结构/字节缓冲。豫 | PID 29085 | 退出 0 | 运行 10/24 | 已完成 108
[完成] 类型检查：/Users/zhiboc/repos/yuyan-worktrees/基础库-密码公钥核验/库/标准库/网络/传输控制协议。豫 | PID 29085 | 退出 0 | 运行 9/24 | 已完成 109
[完成] 类型检查：/Users/zhiboc/repos/yuyan-worktrees/基础库-密码公钥核验/库/标准库/操作系统/进程。豫 | PID 29085 | 退出 0 | 运行 8/24 | 已完成 110
[完成] 语法解析：/Users/zhiboc/repos/yuyan-worktrees/基础库-密码公钥核验/库/标准库/操作系统/文件系统。豫 | PID 29085 | 退出 0 | 运行 7/24 | 已完成 111
[完成] 语法解析：/Users/zhiboc/repos/yuyan-worktrees/基础库-密码公钥核验/库/标准库/数据结构/字符流术。豫 | PID 29085 | 退出 0 | 运行 6/24 | 已完成 112
[完成] 语法解析：/Users/zhiboc/repos/yuyan-worktrees/基础库-密码公钥核验/库/标准库/操作系统/命令行参数。豫 | PID 29085 | 退出 0 | 运行 5/24 | 已完成 113
[完成] 语法解析：/Users/zhiboc/repos/yuyan-worktrees/基础库-密码公钥核验/库/标准库/数据结构/字符串术。豫 | PID 29085 | 退出 0 | 运行 4/24 | 已完成 114
[启动] parse：/Users/zhiboc/repos/yuyan-worktrees/基础库-密码公钥核验/库/标准库/操作系统/子进程。豫 | 运行 5/24
[启动] parse：/Users/zhiboc/repos/yuyan-worktrees/基础库-密码公钥核验/库/标准库/数据结构/特殊字符。豫 | 运行 6/24
[启动] parse：/Users/zhiboc/repos/yuyan-worktrees/基础库-密码公钥核验/库/标准库/数据结构/对子术。豫 | 运行 7/24
[完成] 类型检查：/Users/zhiboc/repos/yuyan-worktrees/基础库-密码公钥核验/库/标准库/数据结构/小数操作。豫 | PID 29085 | 退出 0 | 运行 6/24 | 已完成 115
[启动] type-check-and-erase：/Users/zhiboc/repos/yuyan-worktrees/基础库-密码公钥核验/库/标准库/操作系统/时间。豫 | 运行 7/24
[完成] 语法解析：/Users/zhiboc/repos/yuyan-worktrees/基础库-密码公钥核验/库/标准库/操作系统/子进程。豫 | PID 29085 | 退出 0 | 运行 6/24 | 已完成 116
[完成] 类型检查：/Users/zhiboc/repos/yuyan-worktrees/基础库-密码公钥核验/库/标准库/语言核心/异常。豫 | PID 29085 | 退出 0 | 运行 5/24 | 已完成 117
[启动] type-check-and-erase：/Users/zhiboc/repos/yuyan-worktrees/基础库-密码公钥核验/库/标准库/语言核心。豫 | 运行 6/24
[启动] type-check-and-erase：/Users/zhiboc/repos/yuyan-worktrees/基础库-密码公钥核验/库/标准库/数据结构/可选值。豫 | 运行 7/24
[完成] 类型检查：/Users/zhiboc/repos/yuyan-worktrees/基础库-密码公钥核验/库/标准库/输入输出/笔。豫 | PID 29085 | 退出 0 | 运行 6/24 | 已完成 118
[启动] type-check-and-erase：/Users/zhiboc/repos/yuyan-worktrees/基础库-密码公钥核验/库/标准库/输入输出。豫 | 运行 7/24
[完成] 类型检查：/Users/zhiboc/repos/yuyan-worktrees/基础库-密码公钥核验/库/标准库/操作系统/时间。豫 | PID 29085 | 退出 0 | 运行 6/24 | 已完成 119
[完成] 语法解析：/Users/zhiboc/repos/yuyan-worktrees/基础库-密码公钥核验/库/标准库/数据结构/特殊字符。豫 | PID 29085 | 退出 0 | 运行 5/24 | 已完成 120
[启动] parse：/Users/zhiboc/repos/yuyan-worktrees/基础库-密码公钥核验/库/标准库/网络/超文本传输协议。豫 | 运行 6/24
[完成] 类型检查：/Users/zhiboc/repos/yuyan-worktrees/基础库-密码公钥核验/库/标准库/输入输出。豫 | PID 29085 | 退出 0 | 运行 5/24 | 已完成 121
[完成] 类型检查：/Users/zhiboc/repos/yuyan-worktrees/基础库-密码公钥核验/库/标准库/语言核心。豫 | PID 29085 | 退出 0 | 运行 4/24 | 已完成 122
[完成] 语法解析：/Users/zhiboc/repos/yuyan-worktrees/基础库-密码公钥核验/库/标准库/控制/异步。豫 | PID 29085 | 退出 0 | 运行 3/24 | 已完成 123
[启动] parse：/Users/zhiboc/repos/yuyan-worktrees/基础库-密码公钥核验/库/标准库/控制。豫 | 运行 4/24
[启动] parse：/Users/zhiboc/repos/yuyan-worktrees/基础库-密码公钥核验/库/标准库/网络/异步传输控制协议。豫 | 运行 5/24
[完成] 语法解析：/Users/zhiboc/repos/yuyan-worktrees/基础库-密码公钥核验/库/标准库/网络/超文本传输协议。豫 | PID 29085 | 退出 0 | 运行 4/24 | 已完成 124
[完成] 类型检查：/Users/zhiboc/repos/yuyan-worktrees/基础库-密码公钥核验/库/标准库/数据结构/可选值。豫 | PID 29085 | 退出 0 | 运行 3/24 | 已完成 125
[启动] type-check-and-erase：/Users/zhiboc/repos/yuyan-worktrees/基础库-密码公钥核验/库/标准库/数据结构/多态列。豫 | 运行 4/24
[完成] 语法解析：/Users/zhiboc/repos/yuyan-worktrees/基础库-密码公钥核验/库/标准库/数据结构/对子术。豫 | PID 29085 | 退出 0 | 运行 3/24 | 已完成 126
[启动] parse：/Users/zhiboc/repos/yuyan-worktrees/基础库-密码公钥核验/库/标准库/数据结构/列表搜索。豫 | 运行 4/24
[完成] 语法解析：/Users/zhiboc/repos/yuyan-worktrees/基础库-密码公钥核验/库/标准库/网络/异步传输控制协议。豫 | PID 29085 | 退出 0 | 运行 3/24 | 已完成 127
[启动] parse：/Users/zhiboc/repos/yuyan-worktrees/基础库-密码公钥核验/库/标准库/网络。豫 | 运行 4/24
[完成] 语法解析：/Users/zhiboc/repos/yuyan-worktrees/基础库-密码公钥核验/库/标准库/控制。豫 | PID 29085 | 退出 0 | 运行 3/24 | 已完成 128
[完成] 语法解析：/Users/zhiboc/repos/yuyan-worktrees/基础库-密码公钥核验/库/标准库/数据结构/列表搜索。豫 | PID 29085 | 退出 0 | 运行 2/24 | 已完成 129
[启动] parse：/Users/zhiboc/repos/yuyan-worktrees/基础库-密码公钥核验/库/标准库/数据结构/字典术。豫 | 运行 3/24
[完成] 语法解析：/Users/zhiboc/repos/yuyan-worktrees/基础库-密码公钥核验/库/标准库/网络。豫 | PID 29085 | 退出 0 | 运行 2/24 | 已完成 130
[完成] 类型检查：/Users/zhiboc/repos/yuyan-worktrees/基础库-密码公钥核验/库/标准库/数据结构/多态列。豫 | PID 29085 | 退出 0 | 运行 1/24 | 已完成 131
[启动] type-check-and-erase：/Users/zhiboc/repos/yuyan-worktrees/基础库-密码公钥核验/库/标准库/数学运算/具体列。豫 | 运行 2/24
[启动] type-check-and-erase：/Users/zhiboc/repos/yuyan-worktrees/基础库-密码公钥核验/库/标准库/数据结构/多态列工具。豫 | 运行 3/24
[启动] type-check-and-erase：/Users/zhiboc/repos/yuyan-worktrees/基础库-密码公钥核验/库/标准库/宿主带列。接口。豫 | 运行 4/24
[启动] type-check-and-erase：/Users/zhiboc/repos/yuyan-worktrees/基础库-密码公钥核验/库/标准库/数学运算/数组转换。豫 | 运行 5/24
[完成] 语法解析：/Users/zhiboc/repos/yuyan-worktrees/基础库-密码公钥核验/库/标准库/数据结构/字典术。豫 | PID 29085 | 退出 0 | 运行 4/24 | 已完成 132
[启动] parse：/Users/zhiboc/repos/yuyan-worktrees/基础库-密码公钥核验/库/标准库/数据结构。豫 | 运行 5/24
[启动] parse：/Users/zhiboc/repos/yuyan-worktrees/基础库-密码公钥核验/库/标准库/豫言标准内核。豫 | 运行 6/24
[完成] 类型检查：/Users/zhiboc/repos/yuyan-worktrees/基础库-密码公钥核验/库/标准库/数学运算/具体列。豫 | PID 29085 | 退出 0 | 运行 5/24 | 已完成 133
[完成] 语法解析：/Users/zhiboc/repos/yuyan-worktrees/基础库-密码公钥核验/库/标准库/数据结构。豫 | PID 29085 | 退出 0 | 运行 4/24 | 已完成 134
[完成] 类型检查：/Users/zhiboc/repos/yuyan-worktrees/基础库-密码公钥核验/库/标准库/数学运算/数组转换。豫 | PID 29085 | 退出 0 | 运行 3/24 | 已完成 135
[启动] type-check-and-erase：/Users/zhiboc/repos/yuyan-worktrees/基础库-密码公钥核验/库/标准库/数学运算。豫 | 运行 4/24
[启动] type-check-and-erase：/Users/zhiboc/repos/yuyan-worktrees/基础库-密码公钥核验/库/标准库/数据结构/字符流术。豫 | 运行 5/24
[完成] 语法解析：/Users/zhiboc/repos/yuyan-worktrees/基础库-密码公钥核验/库/标准库/豫言标准内核。豫 | PID 29085 | 退出 0 | 运行 4/24 | 已完成 136
[启动] parse：/Users/zhiboc/repos/yuyan-worktrees/基础库-密码公钥核验/库/标准库/操作系统/路径。豫 | 运行 5/24
[完成] 类型检查：/Users/zhiboc/repos/yuyan-worktrees/基础库-密码公钥核验/库/标准库/宿主带列。接口。豫 | PID 29085 | 退出 0 | 运行 4/24 | 已完成 137
[启动] type-check-and-erase：/Users/zhiboc/repos/yuyan-worktrees/基础库-密码公钥核验/库/标准库/控制/异步。豫 | 运行 5/24
[启动] type-check-and-erase：/Users/zhiboc/repos/yuyan-worktrees/基础库-密码公钥核验/库/标准库/操作系统/文件系统。豫 | 运行 6/24
[启动] type-check-and-erase：/Users/zhiboc/repos/yuyan-worktrees/基础库-密码公钥核验/库/标准库/操作系统/命令行参数。豫 | 运行 7/24
[完成] 类型检查：/Users/zhiboc/repos/yuyan-worktrees/基础库-密码公钥核验/库/标准库/数据结构/多态列工具。豫 | PID 29085 | 退出 0 | 运行 6/24 | 已完成 138
[启动] type-check-and-erase：/Users/zhiboc/repos/yuyan-worktrees/基础库-密码公钥核验/库/标准库/数据结构/字符串术。豫 | 运行 7/24
[完成] 语法解析：/Users/zhiboc/repos/yuyan-worktrees/基础库-密码公钥核验/库/标准库/操作系统/路径。豫 | PID 29085 | 退出 0 | 运行 6/24 | 已完成 139
[启动] parse：/Users/zhiboc/repos/yuyan-worktrees/基础库-密码公钥核验/库/标准库/操作系统。豫 | 运行 7/24
[完成] 语法解析：/Users/zhiboc/repos/yuyan-worktrees/基础库-密码公钥核验/库/标准库/操作系统。豫 | PID 29085 | 退出 0 | 运行 6/24 | 已完成 140
[启动] parse：/Users/zhiboc/repos/yuyan-worktrees/基础库-密码公钥核验/库/标准库/总集。豫 | 运行 7/24
[完成] 类型检查：/Users/zhiboc/repos/yuyan-worktrees/基础库-密码公钥核验/库/标准库/操作系统/文件系统。豫 | PID 29085 | 退出 0 | 运行 6/24 | 已完成 141
[完成] 类型检查：/Users/zhiboc/repos/yuyan-worktrees/基础库-密码公钥核验/库/标准库/控制/异步。豫 | PID 29085 | 退出 0 | 运行 5/24 | 已完成 142
[启动] type-check-and-erase：/Users/zhiboc/repos/yuyan-worktrees/基础库-密码公钥核验/库/标准库/控制。豫 | 运行 6/24
[启动] type-check-and-erase：/Users/zhiboc/repos/yuyan-worktrees/基础库-密码公钥核验/库/标准库/网络/异步传输控制协议。豫 | 运行 7/24
[完成] 类型检查：/Users/zhiboc/repos/yuyan-worktrees/基础库-密码公钥核验/库/标准库/操作系统/命令行参数。豫 | PID 29085 | 退出 0 | 运行 6/24 | 已完成 143
[完成] 类型检查：/Users/zhiboc/repos/yuyan-worktrees/基础库-密码公钥核验/库/标准库/数据结构/字符流术。豫 | PID 29085 | 退出 0 | 运行 5/24 | 已完成 144
[完成] 类型检查：/Users/zhiboc/repos/yuyan-worktrees/基础库-密码公钥核验/库/标准库/数学运算。豫 | PID 29085 | 退出 0 | 运行 4/24 | 已完成 145
[完成] 类型检查：/Users/zhiboc/repos/yuyan-worktrees/基础库-密码公钥核验/库/标准库/数据结构/字符串术。豫 | PID 29085 | 退出 0 | 运行 3/24 | 已完成 146
[启动] type-check-and-erase：/Users/zhiboc/repos/yuyan-worktrees/基础库-密码公钥核验/库/标准库/操作系统/子进程。豫 | 运行 4/24
[启动] type-check-and-erase：/Users/zhiboc/repos/yuyan-worktrees/基础库-密码公钥核验/库/标准库/数据结构/特殊字符。豫 | 运行 5/24
[启动] type-check-and-erase：/Users/zhiboc/repos/yuyan-worktrees/基础库-密码公钥核验/库/标准库/数据结构/对子术。豫 | 运行 6/24
[完成] 类型检查：/Users/zhiboc/repos/yuyan-worktrees/基础库-密码公钥核验/库/标准库/控制。豫 | PID 29085 | 退出 0 | 运行 5/24 | 已完成 147
[完成] 类型检查：/Users/zhiboc/repos/yuyan-worktrees/基础库-密码公钥核验/库/标准库/网络/异步传输控制协议。豫 | PID 29085 | 退出 0 | 运行 4/24 | 已完成 148
[完成] 语法解析：/Users/zhiboc/repos/yuyan-worktrees/基础库-密码公钥核验/库/标准库/总集。豫 | PID 29085 | 退出 0 | 运行 3/24 | 已完成 149
[启动] parse：/Users/zhiboc/repos/yuyan-worktrees/基础库-密码公钥核验/库/基础库/密码与安全/密码/定宽RSA。豫 | 运行 4/24
[完成] 类型检查：/Users/zhiboc/repos/yuyan-worktrees/基础库-密码公钥核验/库/标准库/数据结构/对子术。豫 | PID 29085 | 退出 0 | 运行 3/24 | 已完成 150
[启动] type-check-and-erase：/Users/zhiboc/repos/yuyan-worktrees/基础库-密码公钥核验/库/标准库/数据结构/列表搜索。豫 | 运行 4/24
[完成] 类型检查：/Users/zhiboc/repos/yuyan-worktrees/基础库-密码公钥核验/库/标准库/数据结构/特殊字符。豫 | PID 29085 | 退出 0 | 运行 3/24 | 已完成 151
[启动] type-check-and-erase：/Users/zhiboc/repos/yuyan-worktrees/基础库-密码公钥核验/库/标准库/网络/超文本传输协议。豫 | 运行 4/24
[完成] 类型检查：/Users/zhiboc/repos/yuyan-worktrees/基础库-密码公钥核验/库/标准库/数据结构/列表搜索。豫 | PID 29085 | 退出 0 | 运行 3/24 | 已完成 152
[启动] type-check-and-erase：/Users/zhiboc/repos/yuyan-worktrees/基础库-密码公钥核验/库/标准库/数据结构/字典术。豫 | 运行 4/24
[完成] 类型检查：/Users/zhiboc/repos/yuyan-worktrees/基础库-密码公钥核验/库/标准库/操作系统/子进程。豫 | PID 29085 | 退出 0 | 运行 3/24 | 已完成 153
[完成] 类型检查：/Users/zhiboc/repos/yuyan-worktrees/基础库-密码公钥核验/库/标准库/数据结构/字典术。豫 | PID 29085 | 退出 0 | 运行 2/24 | 已完成 154
[启动] type-check-and-erase：/Users/zhiboc/repos/yuyan-worktrees/基础库-密码公钥核验/库/标准库/数据结构。豫 | 运行 3/24
[启动] type-check-and-erase：/Users/zhiboc/repos/yuyan-worktrees/基础库-密码公钥核验/库/标准库/豫言标准内核。豫 | 运行 4/24
[完成] 类型检查：/Users/zhiboc/repos/yuyan-worktrees/基础库-密码公钥核验/库/标准库/网络/超文本传输协议。豫 | PID 29085 | 退出 0 | 运行 3/24 | 已完成 155
[启动] type-check-and-erase：/Users/zhiboc/repos/yuyan-worktrees/基础库-密码公钥核验/库/标准库/网络。豫 | 运行 4/24
[完成] 类型检查：/Users/zhiboc/repos/yuyan-worktrees/基础库-密码公钥核验/库/标准库/数据结构。豫 | PID 29085 | 退出 0 | 运行 3/24 | 已完成 156
[完成] 语法解析：/Users/zhiboc/repos/yuyan-worktrees/基础库-密码公钥核验/库/基础库/密码与安全/密码/定宽RSA。豫 | PID 29085 | 退出 0 | 运行 2/24 | 已完成 157
[启动] parse：/Users/zhiboc/repos/yuyan-worktrees/基础库-密码公钥核验/库/基础库/密码与安全/密码/RSA造钥。豫 | 运行 3/24
[完成] 类型检查：/Users/zhiboc/repos/yuyan-worktrees/基础库-密码公钥核验/库/标准库/网络。豫 | PID 29085 | 退出 0 | 运行 2/24 | 已完成 158
[完成] 类型检查：/Users/zhiboc/repos/yuyan-worktrees/基础库-密码公钥核验/库/标准库/豫言标准内核。豫 | PID 29085 | 退出 0 | 运行 1/24 | 已完成 159
[启动] type-check-and-erase：/Users/zhiboc/repos/yuyan-worktrees/基础库-密码公钥核验/库/标准库/操作系统/路径。豫 | 运行 2/24
[完成] 类型检查：/Users/zhiboc/repos/yuyan-worktrees/基础库-密码公钥核验/库/标准库/操作系统/路径。豫 | PID 29085 | 退出 0 | 运行 1/24 | 已完成 160
[启动] type-check-and-erase：/Users/zhiboc/repos/yuyan-worktrees/基础库-密码公钥核验/库/标准库/操作系统。豫 | 运行 2/24
[完成] 类型检查：/Users/zhiboc/repos/yuyan-worktrees/基础库-密码公钥核验/库/标准库/操作系统。豫 | PID 29085 | 退出 0 | 运行 1/24 | 已完成 161
[启动] type-check-and-erase：/Users/zhiboc/repos/yuyan-worktrees/基础库-密码公钥核验/库/标准库/总集。豫 | 运行 2/24
[完成] 语法解析：/Users/zhiboc/repos/yuyan-worktrees/基础库-密码公钥核验/库/基础库/密码与安全/密码/RSA造钥。豫 | PID 29085 | 退出 0 | 运行 1/24 | 已完成 162
[完成] 类型检查：/Users/zhiboc/repos/yuyan-worktrees/基础库-密码公钥核验/库/标准库/总集。豫 | PID 29085 | 退出 0 | 运行 0/24 | 已完成 163
[启动] type-check-and-erase：/Users/zhiboc/repos/yuyan-worktrees/基础库-密码公钥核验/库/基础库/密码与安全/密码/定宽RSA。豫 | 运行 1/24
[完成] 类型检查：/Users/zhiboc/repos/yuyan-worktrees/基础库-密码公钥核验/库/基础库/密码与安全/密码/定宽RSA。豫 | PID 29085 | 退出 0 | 运行 0/24 | 已完成 164
[启动] type-check-and-erase：/Users/zhiboc/repos/yuyan-worktrees/基础库-密码公钥核验/库/基础库/密码与安全/密码/RSA造钥。豫 | 运行 1/24
[完成] 类型检查：/Users/zhiboc/repos/yuyan-worktrees/基础库-密码公钥核验/库/基础库/密码与安全/密码/RSA造钥。豫 | PID 29085 | 退出 0 | 运行 0/24 | 已完成 165
[启动] exec-gen：/Users/zhiboc/repos/yuyan-worktrees/基础库-密码公钥核验/库/基础库/密码与安全/密码/RSA造钥。豫 | 运行 1/24
[完成] 最终链接：/Users/zhiboc/repos/yuyan-worktrees/基础库-密码公钥核验/库/基础库/密码与安全/密码/RSA造钥。豫 | PID 29085 | 退出 0 | 运行 0/24 | 已完成 166
[2026-10-08 01:02:46] 当前路径：/Users/zhiboc/repos/yuyan-worktrees/基础库-密码公钥核验/yyRSA验证链

[2026-10-08 01:02:46] 当前路径：/Users/zhiboc/repos/yuyan-worktrees/基础库-密码公钥核验/yyRSA验证链
[启动] dependency-analysis：/Users/zhiboc/repos/yuyan-worktrees/基础库-密码公钥核验/库/基础库/密码与安全/密码/公钥。豫 | 运行 1/24
[完成] 依赖分析：/Users/zhiboc/repos/yuyan-worktrees/基础库-密码公钥核验/库/基础库/密码与安全/密码/公钥。豫 | PID 29098 | 退出 0 | 运行 0/24 | 已完成 1
[启动] dependency-analysis：/Users/zhiboc/repos/yuyan-worktrees/基础库-密码公钥核验/库/标准库/总集。豫 | 运行 1/24
[启动] dependency-analysis：/Users/zhiboc/repos/yuyan-worktrees/基础库-密码公钥核验/库/基础库/密码与安全/密码/定宽RSA。豫 | 运行 2/24
[完成] 依赖分析：/Users/zhiboc/repos/yuyan-worktrees/基础库-密码公钥核验/库/标准库/总集。豫 | PID 29098 | 退出 0 | 运行 1/24 | 已完成 2
[启动] dependency-analysis：/Users/zhiboc/repos/yuyan-worktrees/基础库-密码公钥核验/库/标准库/操作系统。豫 | 运行 2/24
[启动] dependency-analysis：/Users/zhiboc/repos/yuyan-worktrees/基础库-密码公钥核验/库/标准库/控制。豫 | 运行 3/24
[启动] dependency-analysis：/Users/zhiboc/repos/yuyan-worktrees/基础库-密码公钥核验/库/标准库/数学运算。豫 | 运行 4/24
[启动] dependency-analysis：/Users/zhiboc/repos/yuyan-worktrees/基础库-密码公钥核验/库/标准库/数据结构。豫 | 运行 5/24
[启动] dependency-analysis：/Users/zhiboc/repos/yuyan-worktrees/基础库-密码公钥核验/库/标准库/输入输出。豫 | 运行 6/24
[启动] dependency-analysis：/Users/zhiboc/repos/yuyan-worktrees/基础库-密码公钥核验/库/标准库/语言核心。豫 | 运行 7/24
[启动] dependency-analysis：/Users/zhiboc/repos/yuyan-worktrees/基础库-密码公钥核验/库/标准库/网络。豫 | 运行 8/24
[启动] dependency-analysis：/Users/zhiboc/repos/yuyan-worktrees/基础库-密码公钥核验/库/标准库/豫言标准内核。豫 | 运行 9/24
[完成] 依赖分析：/Users/zhiboc/repos/yuyan-worktrees/基础库-密码公钥核验/库/标准库/操作系统。豫 | PID 29098 | 退出 0 | 运行 8/24 | 已完成 3
[启动] dependency-analysis：/Users/zhiboc/repos/yuyan-worktrees/基础库-密码公钥核验/库/标准库/操作系统/子进程。豫 | 运行 9/24
[启动] dependency-analysis：/Users/zhiboc/repos/yuyan-worktrees/基础库-密码公钥核验/库/标准库/操作系统/命令行参数。豫 | 运行 10/24
[启动] dependency-analysis：/Users/zhiboc/repos/yuyan-worktrees/基础库-密码公钥核验/库/标准库/操作系统/文件系统。豫 | 运行 11/24
[启动] dependency-analysis：/Users/zhiboc/repos/yuyan-worktrees/基础库-密码公钥核验/库/标准库/操作系统/进程。豫 | 运行 12/24
[启动] dependency-analysis：/Users/zhiboc/repos/yuyan-worktrees/基础库-密码公钥核验/库/标准库/操作系统/时间。豫 | 运行 13/24
[启动] dependency-analysis：/Users/zhiboc/repos/yuyan-worktrees/基础库-密码公钥核验/库/标准库/操作系统/路径。豫 | 运行 14/24
[启动] dependency-analysis：/Users/zhiboc/repos/yuyan-worktrees/基础库-密码公钥核验/库/标准库/操作系统/系统名称。豫 | 运行 15/24
[启动] dependency-analysis：/Users/zhiboc/repos/yuyan-worktrees/基础库-密码公钥核验/库/标准库/操作系统/环境变量。豫 | 运行 16/24
[完成] 依赖分析：/Users/zhiboc/repos/yuyan-worktrees/基础库-密码公钥核验/库/标准库/控制。豫 | PID 29098 | 退出 0 | 运行 15/24 | 已完成 4
[启动] dependency-analysis：/Users/zhiboc/repos/yuyan-worktrees/基础库-密码公钥核验/库/标准库/控制/惰性求值。豫 | 运行 16/24
[启动] dependency-analysis：/Users/zhiboc/repos/yuyan-worktrees/基础库-密码公钥核验/库/标准库/控制/异步。豫 | 运行 17/24
[完成] 依赖分析：/Users/zhiboc/repos/yuyan-worktrees/基础库-密码公钥核验/库/标准库/数学运算。豫 | PID 29098 | 退出 0 | 运行 16/24 | 已完成 5
[启动] dependency-analysis：/Users/zhiboc/repos/yuyan-worktrees/基础库-密码公钥核验/库/标准库/数学运算/转换。豫 | 运行 17/24
[启动] dependency-analysis：/Users/zhiboc/repos/yuyan-worktrees/基础库-密码公钥核验/库/标准库/数学运算/具体列。豫 | 运行 18/24
[启动] dependency-analysis：/Users/zhiboc/repos/yuyan-worktrees/基础库-密码公钥核验/库/标准库/数学运算/随机。豫 | 运行 19/24
[启动] dependency-analysis：/Users/zhiboc/repos/yuyan-worktrees/基础库-密码公钥核验/库/标准库/数学运算/大小。豫 | 运行 20/24
[启动] dependency-analysis：/Users/zhiboc/repos/yuyan-worktrees/基础库-密码公钥核验/库/标准库/数学运算/数组转换。豫 | 运行 21/24
[完成] 依赖分析：/Users/zhiboc/repos/yuyan-worktrees/基础库-密码公钥核验/库/标准库/数据结构。豫 | PID 29098 | 退出 0 | 运行 20/24 | 已完成 6
[启动] dependency-analysis：/Users/zhiboc/repos/yuyan-worktrees/基础库-密码公钥核验/库/标准库/数据结构/多态列。豫 | 运行 21/24
[启动] dependency-analysis：/Users/zhiboc/repos/yuyan-worktrees/基础库-密码公钥核验/库/标准库/数据结构/多态列工具。豫 | 运行 22/24
[启动] dependency-analysis：/Users/zhiboc/repos/yuyan-worktrees/基础库-密码公钥核验/库/标准库/数据结构/爻术。豫 | 运行 23/24
[启动] dependency-analysis：/Users/zhiboc/repos/yuyan-worktrees/基础库-密码公钥核验/库/标准库/数据结构/字符串术。豫 | 运行 24/24
[完成] 依赖分析：/Users/zhiboc/repos/yuyan-worktrees/基础库-密码公钥核验/库/标准库/语言核心。豫 | PID 29098 | 退出 0 | 运行 23/24 | 已完成 7
[启动] dependency-analysis：/Users/zhiboc/repos/yuyan-worktrees/基础库-密码公钥核验/库/标准库/数据结构/字符流术。豫 | 运行 24/24
[完成] 依赖分析：/Users/zhiboc/repos/yuyan-worktrees/基础库-密码公钥核验/库/标准库/网络。豫 | PID 29098 | 退出 0 | 运行 23/24 | 已完成 8
[启动] dependency-analysis：/Users/zhiboc/repos/yuyan-worktrees/基础库-密码公钥核验/库/标准库/数据结构/整数操作。豫 | 运行 24/24
[完成] 依赖分析：/Users/zhiboc/repos/yuyan-worktrees/基础库-密码公钥核验/库/标准库/豫言标准内核。豫 | PID 29098 | 退出 0 | 运行 23/24 | 已完成 9
[启动] dependency-analysis：/Users/zhiboc/repos/yuyan-worktrees/基础库-密码公钥核验/库/标准库/数据结构/特殊字符。豫 | 运行 24/24
[完成] 依赖分析：/Users/zhiboc/repos/yuyan-worktrees/基础库-密码公钥核验/库/标准库/操作系统/子进程。豫 | PID 29098 | 退出 0 | 运行 23/24 | 已完成 10
[启动] dependency-analysis：/Users/zhiboc/repos/yuyan-worktrees/基础库-密码公钥核验/库/标准库/数据结构/对子术。豫 | 运行 24/24
[完成] 依赖分析：/Users/zhiboc/repos/yuyan-worktrees/基础库-密码公钥核验/库/标准库/操作系统/命令行参数。豫 | PID 29098 | 退出 0 | 运行 23/24 | 已完成 11
[启动] dependency-analysis：/Users/zhiboc/repos/yuyan-worktrees/基础库-密码公钥核验/库/标准库/数据结构/字典术。豫 | 运行 24/24
[完成] 依赖分析：/Users/zhiboc/repos/yuyan-worktrees/基础库-密码公钥核验/库/标准库/操作系统/进程。豫 | PID 29098 | 退出 0 | 运行 23/24 | 已完成 12
[启动] dependency-analysis：/Users/zhiboc/repos/yuyan-worktrees/基础库-密码公钥核验/库/标准库/数据结构/可选值。豫 | 运行 24/24
[完成] 依赖分析：/Users/zhiboc/repos/yuyan-worktrees/基础库-密码公钥核验/库/标准库/操作系统/时间。豫 | PID 29098 | 退出 0 | 运行 23/24 | 已完成 13
[启动] dependency-analysis：/Users/zhiboc/repos/yuyan-worktrees/基础库-密码公钥核验/库/标准库/数据结构/小数操作。豫 | 运行 24/24
[完成] 依赖分析：/Users/zhiboc/repos/yuyan-worktrees/基础库-密码公钥核验/库/标准库/操作系统/系统名称。豫 | PID 29098 | 退出 0 | 运行 23/24 | 已完成 14
[启动] dependency-analysis：/Users/zhiboc/repos/yuyan-worktrees/基础库-密码公钥核验/库/标准库/数据结构/小数术。豫 | 运行 24/24
[完成] 依赖分析：/Users/zhiboc/repos/yuyan-worktrees/基础库-密码公钥核验/库/标准库/操作系统/环境变量。豫 | PID 29098 | 退出 0 | 运行 23/24 | 已完成 15
[启动] dependency-analysis：/Users/zhiboc/repos/yuyan-worktrees/基础库-密码公钥核验/库/标准库/数据结构/列表搜索。豫 | 运行 24/24
[完成] 依赖分析：/Users/zhiboc/repos/yuyan-worktrees/基础库-密码公钥核验/库/标准库/控制/惰性求值。豫 | PID 29098 | 退出 0 | 运行 23/24 | 已完成 16
[启动] dependency-analysis：/Users/zhiboc/repos/yuyan-worktrees/基础库-密码公钥核验/库/标准库/数据结构/函数操作。豫 | 运行 24/24
[完成] 依赖分析：/Users/zhiboc/repos/yuyan-worktrees/基础库-密码公钥核验/库/标准库/控制/异步。豫 | PID 29098 | 退出 0 | 运行 23/24 | 已完成 17
[启动] dependency-analysis：/Users/zhiboc/repos/yuyan-worktrees/基础库-密码公钥核验/库/标准库/数据结构/字节串。豫 | 运行 24/24
[完成] 依赖分析：/Users/zhiboc/repos/yuyan-worktrees/基础库-密码公钥核验/库/标准库/数学运算/转换。豫 | PID 29098 | 退出 0 | 运行 23/24 | 已完成 18
[启动] dependency-analysis：/Users/zhiboc/repos/yuyan-worktrees/基础库-密码公钥核验/库/标准库/数据结构/字节缓冲。豫 | 运行 24/24
[完成] 依赖分析：/Users/zhiboc/repos/yuyan-worktrees/基础库-密码公钥核验/库/标准库/数学运算/具体列。豫 | PID 29098 | 退出 0 | 运行 23/24 | 已完成 19
[启动] dependency-analysis：/Users/zhiboc/repos/yuyan-worktrees/基础库-密码公钥核验/库/标准库/语言核心/内建类型。豫 | 运行 24/24
[完成] 依赖分析：/Users/zhiboc/repos/yuyan-worktrees/基础库-密码公钥核验/库/标准库/数学运算/随机。豫 | PID 29098 | 退出 0 | 运行 23/24 | 已完成 20
[启动] dependency-analysis：/Users/zhiboc/repos/yuyan-worktrees/基础库-密码公钥核验/库/标准库/语言核心/续延。豫 | 运行 24/24
[完成] 依赖分析：/Users/zhiboc/repos/yuyan-worktrees/基础库-密码公钥核验/库/标准库/数学运算/大小。豫 | PID 29098 | 退出 0 | 运行 23/24 | 已完成 21
[启动] dependency-analysis：/Users/zhiboc/repos/yuyan-worktrees/基础库-密码公钥核验/库/标准库/语言核心/异常。豫 | 运行 24/24
[完成] 依赖分析：/Users/zhiboc/repos/yuyan-worktrees/基础库-密码公钥核验/库/标准库/数学运算/数组转换。豫 | PID 29098 | 退出 0 | 运行 23/24 | 已完成 22
[启动] dependency-analysis：/Users/zhiboc/repos/yuyan-worktrees/基础库-密码公钥核验/库/标准库/语言核心/引用。豫 | 运行 24/24
[完成] 依赖分析：/Users/zhiboc/repos/yuyan-worktrees/基础库-密码公钥核验/库/标准库/数据结构/多态列。豫 | PID 29098 | 退出 0 | 运行 23/24 | 已完成 23
[启动] dependency-analysis：/Users/zhiboc/repos/yuyan-worktrees/基础库-密码公钥核验/库/标准库/语言核心/不安全。豫 | 运行 24/24
[完成] 依赖分析：/Users/zhiboc/repos/yuyan-worktrees/基础库-密码公钥核验/库/标准库/数据结构/多态列工具。豫 | PID 29098 | 退出 0 | 运行 23/24 | 已完成 24
[启动] dependency-analysis：/Users/zhiboc/repos/yuyan-worktrees/基础库-密码公钥核验/库/标准库/语言核心/异步原语。豫 | 运行 24/24
[完成] 依赖分析：/Users/zhiboc/repos/yuyan-worktrees/基础库-密码公钥核验/库/标准库/数据结构/字符串术。豫 | PID 29098 | 退出 0 | 运行 23/24 | 已完成 25
[启动] dependency-analysis：/Users/zhiboc/repos/yuyan-worktrees/基础库-密码公钥核验/库/标准库/网络/传输控制协议。豫 | 运行 24/24
[完成] 依赖分析：/Users/zhiboc/repos/yuyan-worktrees/基础库-密码公钥核验/库/标准库/数据结构/特殊字符。豫 | PID 29098 | 退出 0 | 运行 23/24 | 已完成 26
[启动] dependency-analysis：/Users/zhiboc/repos/yuyan-worktrees/基础库-密码公钥核验/库/标准库/网络/异步传输控制协议。豫 | 运行 24/24
[完成] 依赖分析：/Users/zhiboc/repos/yuyan-worktrees/基础库-密码公钥核验/库/标准库/数据结构/字典术。豫 | PID 29098 | 退出 0 | 运行 23/24 | 已完成 27
[启动] dependency-analysis：/Users/zhiboc/repos/yuyan-worktrees/基础库-密码公钥核验/库/标准库/网络/超文本传输协议。豫 | 运行 24/24
[完成] 依赖分析：/Users/zhiboc/repos/yuyan-worktrees/基础库-密码公钥核验/库/标准库/数据结构/可选值。豫 | PID 29098 | 退出 0 | 运行 23/24 | 已完成 28
[启动] dependency-analysis：/Users/zhiboc/repos/yuyan-worktrees/基础库-密码公钥核验/库/标准库/输入输出/笔。豫 | 运行 24/24
[完成] 依赖分析：/Users/zhiboc/repos/yuyan-worktrees/基础库-密码公钥核验/库/标准库/数据结构/小数操作。豫 | PID 29098 | 退出 0 | 运行 23/24 | 已完成 29
[启动] dependency-analysis：/Users/zhiboc/repos/yuyan-worktrees/基础库-密码公钥核验/库/标准库/宿主带列。接口。豫 | 运行 24/24
[完成] 依赖分析：/Users/zhiboc/repos/yuyan-worktrees/基础库-密码公钥核验/库/标准库/数据结构/小数术。豫 | PID 29098 | 退出 0 | 运行 23/24 | 已完成 30
[启动] dependency-analysis：/Users/zhiboc/repos/yuyan-worktrees/基础库-密码公钥核验/库/标准库/宿主。接口。豫 | 运行 24/24
[完成] 依赖分析：/Users/zhiboc/repos/yuyan-worktrees/基础库-密码公钥核验/库/标准库/数据结构/列表搜索。豫 | PID 29098 | 退出 0 | 运行 23/24 | 已完成 31
[启动] dependency-analysis：/Users/zhiboc/repos/yuyan-worktrees/基础库-密码公钥核验/库/标准库/语言核心/原语。内建。豫 | 运行 24/24
[完成] 依赖分析：/Users/zhiboc/repos/yuyan-worktrees/基础库-密码公钥核验/库/标准库/数据结构/函数操作。豫 | PID 29098 | 退出 0 | 运行 23/24 | 已完成 32
[启动] parse：/Users/zhiboc/repos/yuyan-worktrees/基础库-密码公钥核验/库/标准库/数据结构/函数操作。豫 | 运行 24/24
[完成] 依赖分析：/Users/zhiboc/repos/yuyan-worktrees/基础库-密码公钥核验/库/标准库/数据结构/字节串。豫 | PID 29098 | 退出 0 | 运行 23/24 | 已完成 33
[完成] 依赖分析：/Users/zhiboc/repos/yuyan-worktrees/基础库-密码公钥核验/库/标准库/数据结构/字节缓冲。豫 | PID 29098 | 退出 0 | 运行 22/24 | 已完成 34
[完成] 依赖分析：/Users/zhiboc/repos/yuyan-worktrees/基础库-密码公钥核验/库/标准库/语言核心/异常。豫 | PID 29098 | 退出 0 | 运行 21/24 | 已完成 35
[完成] 依赖分析：/Users/zhiboc/repos/yuyan-worktrees/基础库-密码公钥核验/库/标准库/语言核心/引用。豫 | PID 29098 | 退出 0 | 运行 20/24 | 已完成 36
[完成] 依赖分析：/Users/zhiboc/repos/yuyan-worktrees/基础库-密码公钥核验/库/标准库/语言核心/异步原语。豫 | PID 29098 | 退出 0 | 运行 19/24 | 已完成 37
[完成] 依赖分析：/Users/zhiboc/repos/yuyan-worktrees/基础库-密码公钥核验/库/标准库/网络/传输控制协议。豫 | PID 29098 | 退出 0 | 运行 18/24 | 已完成 38
[完成] 依赖分析：/Users/zhiboc/repos/yuyan-worktrees/基础库-密码公钥核验/库/标准库/输入输出/笔。豫 | PID 29098 | 退出 0 | 运行 17/24 | 已完成 39
[完成] 语法解析：/Users/zhiboc/repos/yuyan-worktrees/基础库-密码公钥核验/库/标准库/数据结构/函数操作。豫 | PID 29098 | 退出 0 | 运行 16/24 | 已完成 40
[启动] type-check-and-erase：/Users/zhiboc/repos/yuyan-worktrees/基础库-密码公钥核验/库/标准库/数据结构/函数操作。豫 | 运行 17/24
[完成] 依赖分析：/Users/zhiboc/repos/yuyan-worktrees/基础库-密码公钥核验/库/标准库/语言核心/不安全。豫 | PID 29098 | 退出 0 | 运行 16/24 | 已完成 41
[完成] 依赖分析：/Users/zhiboc/repos/yuyan-worktrees/基础库-密码公钥核验/库/标准库/数据结构/对子术。豫 | PID 29098 | 退出 0 | 运行 15/24 | 已完成 42
[完成] 依赖分析：/Users/zhiboc/repos/yuyan-worktrees/基础库-密码公钥核验/库/标准库/数据结构/整数操作。豫 | PID 29098 | 退出 0 | 运行 14/24 | 已完成 43
[完成] 依赖分析：/Users/zhiboc/repos/yuyan-worktrees/基础库-密码公钥核验/库/标准库/数据结构/字符流术。豫 | PID 29098 | 退出 0 | 运行 13/24 | 已完成 44
[完成] 依赖分析：/Users/zhiboc/repos/yuyan-worktrees/基础库-密码公钥核验/库/标准库/数据结构/爻术。豫 | PID 29098 | 退出 0 | 运行 12/24 | 已完成 45
[完成] 依赖分析：/Users/zhiboc/repos/yuyan-worktrees/基础库-密码公钥核验/库/标准库/操作系统/路径。豫 | PID 29098 | 退出 0 | 运行 11/24 | 已完成 46
[完成] 依赖分析：/Users/zhiboc/repos/yuyan-worktrees/基础库-密码公钥核验/库/标准库/操作系统/文件系统。豫 | PID 29098 | 退出 0 | 运行 10/24 | 已完成 47
[完成] 依赖分析：/Users/zhiboc/repos/yuyan-worktrees/基础库-密码公钥核验/库/标准库/输入输出。豫 | PID 29098 | 退出 0 | 运行 9/24 | 已完成 48
[完成] 依赖分析：/Users/zhiboc/repos/yuyan-worktrees/基础库-密码公钥核验/库/基础库/密码与安全/密码/定宽RSA。豫 | PID 29098 | 退出 0 | 运行 8/24 | 已完成 49
[完成] 依赖分析：/Users/zhiboc/repos/yuyan-worktrees/基础库-密码公钥核验/库/标准库/宿主带列。接口。豫 | PID 29098 | 退出 0 | 运行 7/24 | 已完成 50
[完成] 依赖分析：/Users/zhiboc/repos/yuyan-worktrees/基础库-密码公钥核验/库/标准库/网络/异步传输控制协议。豫 | PID 29098 | 退出 0 | 运行 6/24 | 已完成 51
[完成] 依赖分析：/Users/zhiboc/repos/yuyan-worktrees/基础库-密码公钥核验/库/标准库/语言核心/原语。内建。豫 | PID 29098 | 退出 0 | 运行 5/24 | 已完成 52
[完成] 依赖分析：/Users/zhiboc/repos/yuyan-worktrees/基础库-密码公钥核验/库/标准库/宿主。接口。豫 | PID 29098 | 退出 0 | 运行 4/24 | 已完成 53
[完成] 类型检查：/Users/zhiboc/repos/yuyan-worktrees/基础库-密码公钥核验/库/标准库/数据结构/函数操作。豫 | PID 29098 | 退出 0 | 运行 3/24 | 已完成 54
[完成] 依赖分析：/Users/zhiboc/repos/yuyan-worktrees/基础库-密码公钥核验/库/标准库/网络/超文本传输协议。豫 | PID 29098 | 退出 0 | 运行 2/24 | 已完成 55
[完成] 依赖分析：/Users/zhiboc/repos/yuyan-worktrees/基础库-密码公钥核验/库/标准库/语言核心/内建类型。豫 | PID 29098 | 退出 0 | 运行 1/24 | 已完成 56
[启动] parse：/Users/zhiboc/repos/yuyan-worktrees/基础库-密码公钥核验/库/标准库/语言核心/内建类型。豫 | 运行 2/24
[完成] 依赖分析：/Users/zhiboc/repos/yuyan-worktrees/基础库-密码公钥核验/库/标准库/语言核心/续延。豫 | PID 29098 | 退出 0 | 运行 1/24 | 已完成 57
[启动] parse：/Users/zhiboc/repos/yuyan-worktrees/基础库-密码公钥核验/库/标准库/语言核心/续延。豫 | 运行 2/24
[完成] 语法解析：/Users/zhiboc/repos/yuyan-worktrees/基础库-密码公钥核验/库/标准库/语言核心/内建类型。豫 | PID 29098 | 退出 0 | 运行 1/24 | 已完成 58
[启动] parse：/Users/zhiboc/repos/yuyan-worktrees/基础库-密码公钥核验/库/标准库/控制/惰性求值。豫 | 运行 2/24
[启动] parse：/Users/zhiboc/repos/yuyan-worktrees/基础库-密码公钥核验/库/标准库/数学运算/大小。豫 | 运行 3/24
[启动] parse：/Users/zhiboc/repos/yuyan-worktrees/基础库-密码公钥核验/库/标准库/数据结构/爻术。豫 | 运行 4/24
[启动] parse：/Users/zhiboc/repos/yuyan-worktrees/基础库-密码公钥核验/库/标准库/语言核心/原语。内建。豫 | 运行 5/24
[启动] type-check-and-erase：/Users/zhiboc/repos/yuyan-worktrees/基础库-密码公钥核验/库/标准库/语言核心/内建类型。豫 | 运行 6/24
[完成] 语法解析：/Users/zhiboc/repos/yuyan-worktrees/基础库-密码公钥核验/库/标准库/语言核心/续延。豫 | PID 29098 | 退出 0 | 运行 5/24 | 已完成 59
[启动] type-check-and-erase：/Users/zhiboc/repos/yuyan-worktrees/基础库-密码公钥核验/库/标准库/语言核心/续延。豫 | 运行 6/24
[完成] 语法解析：/Users/zhiboc/repos/yuyan-worktrees/基础库-密码公钥核验/库/标准库/控制/惰性求值。豫 | PID 29098 | 退出 0 | 运行 5/24 | 已完成 60
[完成] 语法解析：/Users/zhiboc/repos/yuyan-worktrees/基础库-密码公钥核验/库/标准库/数学运算/大小。豫 | PID 29098 | 退出 0 | 运行 4/24 | 已完成 61
[完成] 语法解析：/Users/zhiboc/repos/yuyan-worktrees/基础库-密码公钥核验/库/标准库/语言核心/原语。内建。豫 | PID 29098 | 退出 0 | 运行 3/24 | 已完成 62
[启动] parse：/Users/zhiboc/repos/yuyan-worktrees/基础库-密码公钥核验/库/标准库/数学运算/转换。豫 | 运行 4/24
[启动] parse：/Users/zhiboc/repos/yuyan-worktrees/基础库-密码公钥核验/库/标准库/数据结构/小数术。豫 | 运行 5/24
[启动] parse：/Users/zhiboc/repos/yuyan-worktrees/基础库-密码公钥核验/库/标准库/数据结构/字节串。豫 | 运行 6/24
[启动] parse：/Users/zhiboc/repos/yuyan-worktrees/基础库-密码公钥核验/库/标准库/语言核心/引用。豫 | 运行 7/24
[启动] parse：/Users/zhiboc/repos/yuyan-worktrees/基础库-密码公钥核验/库/标准库/语言核心/异步原语。豫 | 运行 8/24
[启动] parse：/Users/zhiboc/repos/yuyan-worktrees/基础库-密码公钥核验/库/标准库/语言核心/不安全。豫 | 运行 9/24
[完成] 语法解析：/Users/zhiboc/repos/yuyan-worktrees/基础库-密码公钥核验/库/标准库/数据结构/字节串。豫 | PID 29098 | 退出 0 | 运行 8/24 | 已完成 63
[启动] parse：/Users/zhiboc/repos/yuyan-worktrees/基础库-密码公钥核验/库/标准库/数据结构/字节缓冲。豫 | 运行 9/24
[启动] parse：/Users/zhiboc/repos/yuyan-worktrees/基础库-密码公钥核验/库/标准库/宿主。接口。豫 | 运行 10/24
[完成] 语法解析：/Users/zhiboc/repos/yuyan-worktrees/基础库-密码公钥核验/库/标准库/数据结构/小数术。豫 | PID 29098 | 退出 0 | 运行 9/24 | 已完成 64
[完成] 语法解析：/Users/zhiboc/repos/yuyan-worktrees/基础库-密码公钥核验/库/标准库/数学运算/转换。豫 | PID 29098 | 退出 0 | 运行 8/24 | 已完成 65
[完成] 类型检查：/Users/zhiboc/repos/yuyan-worktrees/基础库-密码公钥核验/库/标准库/语言核心/内建类型。豫 | PID 29098 | 退出 0 | 运行 7/24 | 已完成 66
[启动] type-check-and-erase：/Users/zhiboc/repos/yuyan-worktrees/基础库-密码公钥核验/库/标准库/控制/惰性求值。豫 | 运行 8/24
[启动] type-check-and-erase：/Users/zhiboc/repos/yuyan-worktrees/基础库-密码公钥核验/库/标准库/数学运算/大小。豫 | 运行 9/24
[启动] type-check-and-erase：/Users/zhiboc/repos/yuyan-worktrees/基础库-密码公钥核验/库/标准库/语言核心/原语。内建。豫 | 运行 10/24
[完成] 语法解析：/Users/zhiboc/repos/yuyan-worktrees/基础库-密码公钥核验/库/标准库/宿主。接口。豫 | PID 29098 | 退出 0 | 运行 9/24 | 已完成 67
[启动] parse：/Users/zhiboc/repos/yuyan-worktrees/基础库-密码公钥核验/库/标准库/操作系统/进程。豫 | 运行 10/24
[启动] parse：/Users/zhiboc/repos/yuyan-worktrees/基础库-密码公钥核验/库/标准库/操作系统/系统名称。豫 | 运行 11/24
[启动] parse：/Users/zhiboc/repos/yuyan-worktrees/基础库-密码公钥核验/库/标准库/操作系统/环境变量。豫 | 运行 12/24
[启动] parse：/Users/zhiboc/repos/yuyan-worktrees/基础库-密码公钥核验/库/标准库/数学运算/随机。豫 | 运行 13/24
[启动] parse：/Users/zhiboc/repos/yuyan-worktrees/基础库-密码公钥核验/库/标准库/数据结构/小数操作。豫 | 运行 14/24
[启动] parse：/Users/zhiboc/repos/yuyan-worktrees/基础库-密码公钥核验/库/标准库/语言核心/异常。豫 | 运行 15/24
[启动] parse：/Users/zhiboc/repos/yuyan-worktrees/基础库-密码公钥核验/库/标准库/输入输出/笔。豫 | 运行 16/24
[完成] 语法解析：/Users/zhiboc/repos/yuyan-worktrees/基础库-密码公钥核验/库/标准库/数据结构/字节缓冲。豫 | PID 29098 | 退出 0 | 运行 15/24 | 已完成 68
[完成] 语法解析：/Users/zhiboc/repos/yuyan-worktrees/基础库-密码公钥核验/库/标准库/语言核心/异步原语。豫 | PID 29098 | 退出 0 | 运行 14/24 | 已完成 69
[完成] 语法解析：/Users/zhiboc/repos/yuyan-worktrees/基础库-密码公钥核验/库/标准库/语言核心/引用。豫 | PID 29098 | 退出 0 | 运行 13/24 | 已完成 70
[完成] 语法解析：/Users/zhiboc/repos/yuyan-worktrees/基础库-密码公钥核验/库/标准库/数据结构/爻术。豫 | PID 29098 | 退出 0 | 运行 12/24 | 已完成 71
[启动] parse：/Users/zhiboc/repos/yuyan-worktrees/基础库-密码公钥核验/库/标准库/数据结构/整数操作。豫 | 运行 13/24
[启动] type-check-and-erase：/Users/zhiboc/repos/yuyan-worktrees/基础库-密码公钥核验/库/标准库/数据结构/爻术。豫 | 运行 14/24
[完成] 语法解析：/Users/zhiboc/repos/yuyan-worktrees/基础库-密码公钥核验/库/标准库/操作系统/进程。豫 | PID 29098 | 退出 0 | 运行 13/24 | 已完成 72
[完成] 类型检查：/Users/zhiboc/repos/yuyan-worktrees/基础库-密码公钥核验/库/标准库/数据结构/爻术。豫 | PID 29098 | 退出 0 | 运行 12/24 | 已完成 73
[完成] 语法解析：/Users/zhiboc/repos/yuyan-worktrees/基础库-密码公钥核验/库/标准库/数据结构/整数操作。豫 | PID 29098 | 退出 0 | 运行 11/24 | 已完成 74
[启动] parse：/Users/zhiboc/repos/yuyan-worktrees/基础库-密码公钥核验/库/标准库/网络/传输控制协议。豫 | 运行 12/24
[完成] 语法解析：/Users/zhiboc/repos/yuyan-worktrees/基础库-密码公钥核验/库/标准库/操作系统/系统名称。豫 | PID 29098 | 退出 0 | 运行 11/24 | 已完成 75
[完成] 类型检查：/Users/zhiboc/repos/yuyan-worktrees/基础库-密码公钥核验/库/标准库/语言核心/原语。内建。豫 | PID 29098 | 退出 0 | 运行 10/24 | 已完成 76
[启动] type-check-and-erase：/Users/zhiboc/repos/yuyan-worktrees/基础库-密码公钥核验/库/标准库/数学运算/转换。豫 | 运行 11/24
[启动] type-check-and-erase：/Users/zhiboc/repos/yuyan-worktrees/基础库-密码公钥核验/库/标准库/数据结构/小数术。豫 | 运行 12/24
[启动] type-check-and-erase：/Users/zhiboc/repos/yuyan-worktrees/基础库-密码公钥核验/库/标准库/数据结构/字节串。豫 | 运行 13/24
[启动] type-check-and-erase：/Users/zhiboc/repos/yuyan-worktrees/基础库-密码公钥核验/库/标准库/语言核心/引用。豫 | 运行 14/24
[启动] type-check-and-erase：/Users/zhiboc/repos/yuyan-worktrees/基础库-密码公钥核验/库/标准库/语言核心/异步原语。豫 | 运行 15/24
[启动] type-check-and-erase：/Users/zhiboc/repos/yuyan-worktrees/基础库-密码公钥核验/库/标准库/数据结构/整数操作。豫 | 运行 16/24
[完成] 语法解析：/Users/zhiboc/repos/yuyan-worktrees/基础库-密码公钥核验/库/标准库/语言核心/不安全。豫 | PID 29098 | 退出 0 | 运行 15/24 | 已完成 77
[启动] type-check-and-erase：/Users/zhiboc/repos/yuyan-worktrees/基础库-密码公钥核验/库/标准库/语言核心/不安全。豫 | 运行 16/24
[完成] 类型检查：/Users/zhiboc/repos/yuyan-worktrees/基础库-密码公钥核验/库/标准库/语言核心/续延。豫 | PID 29098 | 退出 0 | 运行 15/24 | 已完成 78
[完成] 语法解析：/Users/zhiboc/repos/yuyan-worktrees/基础库-密码公钥核验/库/标准库/网络/传输控制协议。豫 | PID 29098 | 退出 0 | 运行 14/24 | 已完成 79
[完成] 类型检查：/Users/zhiboc/repos/yuyan-worktrees/基础库-密码公钥核验/库/标准库/数学运算/转换。豫 | PID 29098 | 退出 0 | 运行 13/24 | 已完成 80
[完成] 类型检查：/Users/zhiboc/repos/yuyan-worktrees/基础库-密码公钥核验/库/标准库/语言核心/引用。豫 | PID 29098 | 退出 0 | 运行 12/24 | 已完成 81
[完成] 类型检查：/Users/zhiboc/repos/yuyan-worktrees/基础库-密码公钥核验/库/标准库/数据结构/整数操作。豫 | PID 29098 | 退出 0 | 运行 11/24 | 已完成 82
[完成] 语法解析：/Users/zhiboc/repos/yuyan-worktrees/基础库-密码公钥核验/库/标准库/输入输出/笔。豫 | PID 29098 | 退出 0 | 运行 10/24 | 已完成 83
[启动] parse：/Users/zhiboc/repos/yuyan-worktrees/基础库-密码公钥核验/库/标准库/输入输出。豫 | 运行 11/24
[完成] 语法解析：/Users/zhiboc/repos/yuyan-worktrees/基础库-密码公钥核验/库/标准库/语言核心/异常。豫 | PID 29098 | 退出 0 | 运行 10/24 | 已完成 84
[启动] parse：/Users/zhiboc/repos/yuyan-worktrees/基础库-密码公钥核验/库/标准库/语言核心。豫 | 运行 11/24
[启动] parse：/Users/zhiboc/repos/yuyan-worktrees/基础库-密码公钥核验/库/标准库/数据结构/可选值。豫 | 运行 12/24
[完成] 语法解析：/Users/zhiboc/repos/yuyan-worktrees/基础库-密码公钥核验/库/标准库/数据结构/小数操作。豫 | PID 29098 | 退出 0 | 运行 11/24 | 已完成 85
[启动] parse：/Users/zhiboc/repos/yuyan-worktrees/基础库-密码公钥核验/库/标准库/操作系统/时间。豫 | 运行 12/24
[完成] 类型检查：/Users/zhiboc/repos/yuyan-worktrees/基础库-密码公钥核验/库/标准库/数学运算/大小。豫 | PID 29098 | 退出 0 | 运行 11/24 | 已完成 86
[完成] 类型检查：/Users/zhiboc/repos/yuyan-worktrees/基础库-密码公钥核验/库/标准库/控制/惰性求值。豫 | PID 29098 | 退出 0 | 运行 10/24 | 已完成 87
[完成] 语法解析：/Users/zhiboc/repos/yuyan-worktrees/基础库-密码公钥核验/库/标准库/输入输出。豫 | PID 29098 | 退出 0 | 运行 9/24 | 已完成 88
[完成] 语法解析：/Users/zhiboc/repos/yuyan-worktrees/基础库-密码公钥核验/库/标准库/语言核心。豫 | PID 29098 | 退出 0 | 运行 8/24 | 已完成 89
[完成] 类型检查：/Users/zhiboc/repos/yuyan-worktrees/基础库-密码公钥核验/库/标准库/语言核心/异步原语。豫 | PID 29098 | 退出 0 | 运行 7/24 | 已完成 90
[完成] 类型检查：/Users/zhiboc/repos/yuyan-worktrees/基础库-密码公钥核验/库/标准库/数据结构/字节串。豫 | PID 29098 | 退出 0 | 运行 6/24 | 已完成 91
[启动] type-check-and-erase：/Users/zhiboc/repos/yuyan-worktrees/基础库-密码公钥核验/库/标准库/数据结构/字节缓冲。豫 | 运行 7/24
[启动] type-check-and-erase：/Users/zhiboc/repos/yuyan-worktrees/基础库-密码公钥核验/库/标准库/宿主。接口。豫 | 运行 8/24
[完成] 类型检查：/Users/zhiboc/repos/yuyan-worktrees/基础库-密码公钥核验/库/标准库/数据结构/小数术。豫 | PID 29098 | 退出 0 | 运行 7/24 | 已完成 92
[完成] 语法解析：/Users/zhiboc/repos/yuyan-worktrees/基础库-密码公钥核验/库/标准库/数学运算/随机。豫 | PID 29098 | 退出 0 | 运行 6/24 | 已完成 93
[完成] 语法解析：/Users/zhiboc/repos/yuyan-worktrees/基础库-密码公钥核验/库/标准库/操作系统/环境变量。豫 | PID 29098 | 退出 0 | 运行 5/24 | 已完成 94
[完成] 语法解析：/Users/zhiboc/repos/yuyan-worktrees/基础库-密码公钥核验/库/标准库/操作系统/时间。豫 | PID 29098 | 退出 0 | 运行 4/24 | 已完成 95
[完成] 类型检查：/Users/zhiboc/repos/yuyan-worktrees/基础库-密码公钥核验/库/标准库/语言核心/不安全。豫 | PID 29098 | 退出 0 | 运行 3/24 | 已完成 96
[完成] 类型检查：/Users/zhiboc/repos/yuyan-worktrees/基础库-密码公钥核验/库/标准库/数据结构/字节缓冲。豫 | PID 29098 | 退出 0 | 运行 2/24 | 已完成 97
[完成] 类型检查：/Users/zhiboc/repos/yuyan-worktrees/基础库-密码公钥核验/库/标准库/宿主。接口。豫 | PID 29098 | 退出 0 | 运行 1/24 | 已完成 98
[启动] type-check-and-erase：/Users/zhiboc/repos/yuyan-worktrees/基础库-密码公钥核验/库/标准库/操作系统/进程。豫 | 运行 2/24
[启动] type-check-and-erase：/Users/zhiboc/repos/yuyan-worktrees/基础库-密码公钥核验/库/标准库/操作系统/系统名称。豫 | 运行 3/24
[启动] type-check-and-erase：/Users/zhiboc/repos/yuyan-worktrees/基础库-密码公钥核验/库/标准库/操作系统/环境变量。豫 | 运行 4/24
[启动] type-check-and-erase：/Users/zhiboc/repos/yuyan-worktrees/基础库-密码公钥核验/库/标准库/数学运算/随机。豫 | 运行 5/24
[启动] type-check-and-erase：/Users/zhiboc/repos/yuyan-worktrees/基础库-密码公钥核验/库/标准库/数据结构/小数操作。豫 | 运行 6/24
[启动] type-check-and-erase：/Users/zhiboc/repos/yuyan-worktrees/基础库-密码公钥核验/库/标准库/语言核心/异常。豫 | 运行 7/24
[启动] type-check-and-erase：/Users/zhiboc/repos/yuyan-worktrees/基础库-密码公钥核验/库/标准库/网络/传输控制协议。豫 | 运行 8/24
[启动] type-check-and-erase：/Users/zhiboc/repos/yuyan-worktrees/基础库-密码公钥核验/库/标准库/输入输出/笔。豫 | 运行 9/24
[完成] 类型检查：/Users/zhiboc/repos/yuyan-worktrees/基础库-密码公钥核验/库/标准库/操作系统/系统名称。豫 | PID 29098 | 退出 0 | 运行 8/24 | 已完成 99
[完成] 类型检查：/Users/zhiboc/repos/yuyan-worktrees/基础库-密码公钥核验/库/标准库/操作系统/进程。豫 | PID 29098 | 退出 0 | 运行 7/24 | 已完成 100
[完成] 类型检查：/Users/zhiboc/repos/yuyan-worktrees/基础库-密码公钥核验/库/标准库/数学运算/随机。豫 | PID 29098 | 退出 0 | 运行 6/24 | 已完成 101
[完成] 类型检查：/Users/zhiboc/repos/yuyan-worktrees/基础库-密码公钥核验/库/标准库/网络/传输控制协议。豫 | PID 29098 | 退出 0 | 运行 5/24 | 已完成 102
[完成] 类型检查：/Users/zhiboc/repos/yuyan-worktrees/基础库-密码公钥核验/库/标准库/语言核心/异常。豫 | PID 29098 | 退出 0 | 运行 4/24 | 已完成 103
[启动] type-check-and-erase：/Users/zhiboc/repos/yuyan-worktrees/基础库-密码公钥核验/库/标准库/语言核心。豫 | 运行 5/24
[完成] 类型检查：/Users/zhiboc/repos/yuyan-worktrees/基础库-密码公钥核验/库/标准库/输入输出/笔。豫 | PID 29098 | 退出 0 | 运行 4/24 | 已完成 104
[启动] type-check-and-erase：/Users/zhiboc/repos/yuyan-worktrees/基础库-密码公钥核验/库/标准库/输入输出。豫 | 运行 5/24
[完成] 类型检查：/Users/zhiboc/repos/yuyan-worktrees/基础库-密码公钥核验/库/标准库/语言核心。豫 | PID 29098 | 退出 0 | 运行 4/24 | 已完成 105
[完成] 语法解析：/Users/zhiboc/repos/yuyan-worktrees/基础库-密码公钥核验/库/标准库/数据结构/可选值。豫 | PID 29098 | 退出 0 | 运行 3/24 | 已完成 106
[启动] parse：/Users/zhiboc/repos/yuyan-worktrees/基础库-密码公钥核验/库/标准库/数据结构/多态列。豫 | 运行 4/24
[启动] type-check-and-erase：/Users/zhiboc/repos/yuyan-worktrees/基础库-密码公钥核验/库/标准库/数据结构/可选值。豫 | 运行 5/24
[完成] 类型检查：/Users/zhiboc/repos/yuyan-worktrees/基础库-密码公钥核验/库/标准库/操作系统/环境变量。豫 | PID 29098 | 退出 0 | 运行 4/24 | 已完成 107
[完成] 语法解析：/Users/zhiboc/repos/yuyan-worktrees/基础库-密码公钥核验/库/标准库/数据结构/多态列。豫 | PID 29098 | 退出 0 | 运行 3/24 | 已完成 108
[启动] parse：/Users/zhiboc/repos/yuyan-worktrees/基础库-密码公钥核验/库/标准库/数学运算/具体列。豫 | 运行 4/24
[启动] parse：/Users/zhiboc/repos/yuyan-worktrees/基础库-密码公钥核验/库/标准库/数学运算/数组转换。豫 | 运行 5/24
[启动] parse：/Users/zhiboc/repos/yuyan-worktrees/基础库-密码公钥核验/库/标准库/数据结构/多态列工具。豫 | 运行 6/24
[启动] parse：/Users/zhiboc/repos/yuyan-worktrees/基础库-密码公钥核验/库/标准库/宿主带列。接口。豫 | 运行 7/24
[完成] 类型检查：/Users/zhiboc/repos/yuyan-worktrees/基础库-密码公钥核验/库/标准库/数据结构/小数操作。豫 | PID 29098 | 退出 0 | 运行 6/24 | 已完成 109
[启动] type-check-and-erase：/Users/zhiboc/repos/yuyan-worktrees/基础库-密码公钥核验/库/标准库/操作系统/时间。豫 | 运行 7/24
[完成] 语法解析：/Users/zhiboc/repos/yuyan-worktrees/基础库-密码公钥核验/库/标准库/数据结构/多态列工具。豫 | PID 29098 | 退出 0 | 运行 6/24 | 已完成 110
[完成] 类型检查：/Users/zhiboc/repos/yuyan-worktrees/基础库-密码公钥核验/库/标准库/数据结构/可选值。豫 | PID 29098 | 退出 0 | 运行 5/24 | 已完成 111
[启动] type-check-and-erase：/Users/zhiboc/repos/yuyan-worktrees/基础库-密码公钥核验/库/标准库/数据结构/多态列。豫 | 运行 6/24
[完成] 语法解析：/Users/zhiboc/repos/yuyan-worktrees/基础库-密码公钥核验/库/标准库/数学运算/数组转换。豫 | PID 29098 | 退出 0 | 运行 5/24 | 已完成 112
[启动] parse：/Users/zhiboc/repos/yuyan-worktrees/基础库-密码公钥核验/库/标准库/数据结构/字符串术。豫 | 运行 6/24
[启动] parse：/Users/zhiboc/repos/yuyan-worktrees/基础库-密码公钥核验/库/标准库/数据结构/字符流术。豫 | 运行 7/24
[完成] 类型检查：/Users/zhiboc/repos/yuyan-worktrees/基础库-密码公钥核验/库/标准库/输入输出。豫 | PID 29098 | 退出 0 | 运行 6/24 | 已完成 113
[完成] 语法解析：/Users/zhiboc/repos/yuyan-worktrees/基础库-密码公钥核验/库/标准库/宿主带列。接口。豫 | PID 29098 | 退出 0 | 运行 5/24 | 已完成 114
[启动] parse：/Users/zhiboc/repos/yuyan-worktrees/基础库-密码公钥核验/库/标准库/操作系统/命令行参数。豫 | 运行 6/24
[启动] parse：/Users/zhiboc/repos/yuyan-worktrees/基础库-密码公钥核验/库/标准库/控制/异步。豫 | 运行 7/24
[启动] parse：/Users/zhiboc/repos/yuyan-worktrees/基础库-密码公钥核验/库/标准库/操作系统/文件系统。豫 | 运行 8/24
[完成] 类型检查：/Users/zhiboc/repos/yuyan-worktrees/基础库-密码公钥核验/库/标准库/操作系统/时间。豫 | PID 29098 | 退出 0 | 运行 7/24 | 已完成 115
[完成] 类型检查：/Users/zhiboc/repos/yuyan-worktrees/基础库-密码公钥核验/库/标准库/数据结构/多态列。豫 | PID 29098 | 退出 0 | 运行 6/24 | 已完成 116
[启动] type-check-and-erase：/Users/zhiboc/repos/yuyan-worktrees/基础库-密码公钥核验/库/标准库/数学运算/数组转换。豫 | 运行 7/24
[启动] type-check-and-erase：/Users/zhiboc/repos/yuyan-worktrees/基础库-密码公钥核验/库/标准库/数据结构/多态列工具。豫 | 运行 8/24
[启动] type-check-and-erase：/Users/zhiboc/repos/yuyan-worktrees/基础库-密码公钥核验/库/标准库/宿主带列。接口。豫 | 运行 9/24
[完成] 语法解析：/Users/zhiboc/repos/yuyan-worktrees/基础库-密码公钥核验/库/标准库/操作系统/命令行参数。豫 | PID 29098 | 退出 0 | 运行 8/24 | 已完成 117
[完成] 语法解析：/Users/zhiboc/repos/yuyan-worktrees/基础库-密码公钥核验/库/标准库/数学运算/具体列。豫 | PID 29098 | 退出 0 | 运行 7/24 | 已完成 118
[启动] parse：/Users/zhiboc/repos/yuyan-worktrees/基础库-密码公钥核验/库/标准库/数学运算。豫 | 运行 8/24
[启动] type-check-and-erase：/Users/zhiboc/repos/yuyan-worktrees/基础库-密码公钥核验/库/标准库/数学运算/具体列。豫 | 运行 9/24
[完成] 语法解析：/Users/zhiboc/repos/yuyan-worktrees/基础库-密码公钥核验/库/标准库/数据结构/字符流术。豫 | PID 29098 | 退出 0 | 运行 8/24 | 已完成 119
[完成] 语法解析：/Users/zhiboc/repos/yuyan-worktrees/基础库-密码公钥核验/库/标准库/控制/异步。豫 | PID 29098 | 退出 0 | 运行 7/24 | 已完成 120
[启动] parse：/Users/zhiboc/repos/yuyan-worktrees/基础库-密码公钥核验/库/标准库/控制。豫 | 运行 8/24
[启动] parse：/Users/zhiboc/repos/yuyan-worktrees/基础库-密码公钥核验/库/标准库/网络/异步传输控制协议。豫 | 运行 9/24
[完成] 类型检查：/Users/zhiboc/repos/yuyan-worktrees/基础库-密码公钥核验/库/标准库/数学运算/数组转换。豫 | PID 29098 | 退出 0 | 运行 8/24 | 已完成 121
[启动] type-check-and-erase：/Users/zhiboc/repos/yuyan-worktrees/基础库-密码公钥核验/库/标准库/数据结构/字符流术。豫 | 运行 9/24
[完成] 类型检查：/Users/zhiboc/repos/yuyan-worktrees/基础库-密码公钥核验/库/标准库/数据结构/多态列工具。豫 | PID 29098 | 退出 0 | 运行 8/24 | 已完成 122
[完成] 语法解析：/Users/zhiboc/repos/yuyan-worktrees/基础库-密码公钥核验/库/标准库/网络/异步传输控制协议。豫 | PID 29098 | 退出 0 | 运行 7/24 | 已完成 123
[完成] 语法解析：/Users/zhiboc/repos/yuyan-worktrees/基础库-密码公钥核验/库/标准库/数据结构/字符串术。豫 | PID 29098 | 退出 0 | 运行 6/24 | 已完成 124
[启动] parse：/Users/zhiboc/repos/yuyan-worktrees/基础库-密码公钥核验/库/标准库/操作系统/子进程。豫 | 运行 7/24
[启动] parse：/Users/zhiboc/repos/yuyan-worktrees/基础库-密码公钥核验/库/标准库/数据结构/特殊字符。豫 | 运行 8/24
[启动] parse：/Users/zhiboc/repos/yuyan-worktrees/基础库-密码公钥核验/库/标准库/数据结构/对子术。豫 | 运行 9/24
[启动] type-check-and-erase：/Users/zhiboc/repos/yuyan-worktrees/基础库-密码公钥核验/库/标准库/数据结构/字符串术。豫 | 运行 10/24
[完成] 类型检查：/Users/zhiboc/repos/yuyan-worktrees/基础库-密码公钥核验/库/标准库/数学运算/具体列。豫 | PID 29098 | 退出 0 | 运行 9/24 | 已完成 125
[完成] 语法解析：/Users/zhiboc/repos/yuyan-worktrees/基础库-密码公钥核验/库/标准库/数学运算。豫 | PID 29098 | 退出 0 | 运行 8/24 | 已完成 126
[启动] type-check-and-erase：/Users/zhiboc/repos/yuyan-worktrees/基础库-密码公钥核验/库/标准库/数学运算。豫 | 运行 9/24
[完成] 语法解析：/Users/zhiboc/repos/yuyan-worktrees/基础库-密码公钥核验/库/标准库/操作系统/文件系统。豫 | PID 29098 | 退出 0 | 运行 8/24 | 已完成 127
[完成] 类型检查：/Users/zhiboc/repos/yuyan-worktrees/基础库-密码公钥核验/库/标准库/宿主带列。接口。豫 | PID 29098 | 退出 0 | 运行 7/24 | 已完成 128
[启动] type-check-and-erase：/Users/zhiboc/repos/yuyan-worktrees/基础库-密码公钥核验/库/标准库/操作系统/命令行参数。豫 | 运行 8/24
[启动] type-check-and-erase：/Users/zhiboc/repos/yuyan-worktrees/基础库-密码公钥核验/库/标准库/控制/异步。豫 | 运行 9/24
[启动] type-check-and-erase：/Users/zhiboc/repos/yuyan-worktrees/基础库-密码公钥核验/库/标准库/操作系统/文件系统。豫 | 运行 10/24
[完成] 语法解析：/Users/zhiboc/repos/yuyan-worktrees/基础库-密码公钥核验/库/标准库/数据结构/特殊字符。豫 | PID 29098 | 退出 0 | 运行 9/24 | 已完成 129
[启动] parse：/Users/zhiboc/repos/yuyan-worktrees/基础库-密码公钥核验/库/标准库/网络/超文本传输协议。豫 | 运行 10/24
[完成] 语法解析：/Users/zhiboc/repos/yuyan-worktrees/基础库-密码公钥核验/库/标准库/操作系统/子进程。豫 | PID 29098 | 退出 0 | 运行 9/24 | 已完成 130
[完成] 语法解析：/Users/zhiboc/repos/yuyan-worktrees/基础库-密码公钥核验/库/标准库/数据结构/对子术。豫 | PID 29098 | 退出 0 | 运行 8/24 | 已完成 131
[启动] parse：/Users/zhiboc/repos/yuyan-worktrees/基础库-密码公钥核验/库/标准库/数据结构/列表搜索。豫 | 运行 9/24
[完成] 类型检查：/Users/zhiboc/repos/yuyan-worktrees/基础库-密码公钥核验/库/标准库/数学运算。豫 | PID 29098 | 退出 0 | 运行 8/24 | 已完成 132
[完成] 类型检查：/Users/zhiboc/repos/yuyan-worktrees/基础库-密码公钥核验/库/标准库/操作系统/命令行参数。豫 | PID 29098 | 退出 0 | 运行 7/24 | 已完成 133
[完成] 类型检查：/Users/zhiboc/repos/yuyan-worktrees/基础库-密码公钥核验/库/标准库/操作系统/文件系统。豫 | PID 29098 | 退出 0 | 运行 6/24 | 已完成 134
[完成] 语法解析：/Users/zhiboc/repos/yuyan-worktrees/基础库-密码公钥核验/库/标准库/数据结构/列表搜索。豫 | PID 29098 | 退出 0 | 运行 5/24 | 已完成 135
[启动] parse：/Users/zhiboc/repos/yuyan-worktrees/基础库-密码公钥核验/库/标准库/数据结构/字典术。豫 | 运行 6/24
[完成] 语法解析：/Users/zhiboc/repos/yuyan-worktrees/基础库-密码公钥核验/库/标准库/数据结构/字典术。豫 | PID 29098 | 退出 0 | 运行 5/24 | 已完成 136
[启动] parse：/Users/zhiboc/repos/yuyan-worktrees/基础库-密码公钥核验/库/标准库/数据结构。豫 | 运行 6/24
[启动] parse：/Users/zhiboc/repos/yuyan-worktrees/基础库-密码公钥核验/库/标准库/豫言标准内核。豫 | 运行 7/24
[完成] 类型检查：/Users/zhiboc/repos/yuyan-worktrees/基础库-密码公钥核验/库/标准库/控制/异步。豫 | PID 29098 | 退出 0 | 运行 6/24 | 已完成 137
[启动] type-check-and-erase：/Users/zhiboc/repos/yuyan-worktrees/基础库-密码公钥核验/库/标准库/网络/异步传输控制协议。豫 | 运行 7/24
[完成] 类型检查：/Users/zhiboc/repos/yuyan-worktrees/基础库-密码公钥核验/库/标准库/数据结构/字符流术。豫 | PID 29098 | 退出 0 | 运行 6/24 | 已完成 138
[完成] 类型检查：/Users/zhiboc/repos/yuyan-worktrees/基础库-密码公钥核验/库/标准库/数据结构/字符串术。豫 | PID 29098 | 退出 0 | 运行 5/24 | 已完成 139
[启动] type-check-and-erase：/Users/zhiboc/repos/yuyan-worktrees/基础库-密码公钥核验/库/标准库/操作系统/子进程。豫 | 运行 6/24
[启动] type-check-and-erase：/Users/zhiboc/repos/yuyan-worktrees/基础库-密码公钥核验/库/标准库/数据结构/特殊字符。豫 | 运行 7/24
[启动] type-check-and-erase：/Users/zhiboc/repos/yuyan-worktrees/基础库-密码公钥核验/库/标准库/数据结构/对子术。豫 | 运行 8/24
[完成] 类型检查：/Users/zhiboc/repos/yuyan-worktrees/基础库-密码公钥核验/库/标准库/网络/异步传输控制协议。豫 | PID 29098 | 退出 0 | 运行 7/24 | 已完成 140
[完成] 语法解析：/Users/zhiboc/repos/yuyan-worktrees/基础库-密码公钥核验/库/标准库/豫言标准内核。豫 | PID 29098 | 退出 0 | 运行 6/24 | 已完成 141
[启动] parse：/Users/zhiboc/repos/yuyan-worktrees/基础库-密码公钥核验/库/标准库/操作系统/路径。豫 | 运行 7/24
[完成] 语法解析：/Users/zhiboc/repos/yuyan-worktrees/基础库-密码公钥核验/库/标准库/数据结构。豫 | PID 29098 | 退出 0 | 运行 6/24 | 已完成 142
[完成] 语法解析：/Users/zhiboc/repos/yuyan-worktrees/基础库-密码公钥核验/库/标准库/网络/超文本传输协议。豫 | PID 29098 | 退出 0 | 运行 5/24 | 已完成 143
[启动] parse：/Users/zhiboc/repos/yuyan-worktrees/基础库-密码公钥核验/库/标准库/网络。豫 | 运行 6/24
[完成] 语法解析：/Users/zhiboc/repos/yuyan-worktrees/基础库-密码公钥核验/库/标准库/控制。豫 | PID 29098 | 退出 0 | 运行 5/24 | 已完成 144
[启动] type-check-and-erase：/Users/zhiboc/repos/yuyan-worktrees/基础库-密码公钥核验/库/标准库/控制。豫 | 运行 6/24
[完成] 类型检查：/Users/zhiboc/repos/yuyan-worktrees/基础库-密码公钥核验/库/标准库/数据结构/对子术。豫 | PID 29098 | 退出 0 | 运行 5/24 | 已完成 145
[启动] type-check-and-erase：/Users/zhiboc/repos/yuyan-worktrees/基础库-密码公钥核验/库/标准库/数据结构/列表搜索。豫 | 运行 6/24
[完成] 类型检查：/Users/zhiboc/repos/yuyan-worktrees/基础库-密码公钥核验/库/标准库/操作系统/子进程。豫 | PID 29098 | 退出 0 | 运行 5/24 | 已完成 146
[完成] 语法解析：/Users/zhiboc/repos/yuyan-worktrees/基础库-密码公钥核验/库/标准库/操作系统/路径。豫 | PID 29098 | 退出 0 | 运行 4/24 | 已完成 147
[启动] parse：/Users/zhiboc/repos/yuyan-worktrees/基础库-密码公钥核验/库/标准库/操作系统。豫 | 运行 5/24
[完成] 类型检查：/Users/zhiboc/repos/yuyan-worktrees/基础库-密码公钥核验/库/标准库/数据结构/特殊字符。豫 | PID 29098 | 退出 0 | 运行 4/24 | 已完成 148
[启动] type-check-and-erase：/Users/zhiboc/repos/yuyan-worktrees/基础库-密码公钥核验/库/标准库/网络/超文本传输协议。豫 | 运行 5/24
[完成] 语法解析：/Users/zhiboc/repos/yuyan-worktrees/基础库-密码公钥核验/库/标准库/网络。豫 | PID 29098 | 退出 0 | 运行 4/24 | 已完成 149
[完成] 类型检查：/Users/zhiboc/repos/yuyan-worktrees/基础库-密码公钥核验/库/标准库/数据结构/列表搜索。豫 | PID 29098 | 退出 0 | 运行 3/24 | 已完成 150
[启动] type-check-and-erase：/Users/zhiboc/repos/yuyan-worktrees/基础库-密码公钥核验/库/标准库/数据结构/字典术。豫 | 运行 4/24
[完成] 语法解析：/Users/zhiboc/repos/yuyan-worktrees/基础库-密码公钥核验/库/标准库/操作系统。豫 | PID 29098 | 退出 0 | 运行 3/24 | 已完成 151
[启动] parse：/Users/zhiboc/repos/yuyan-worktrees/基础库-密码公钥核验/库/标准库/总集。豫 | 运行 4/24
[完成] 类型检查：/Users/zhiboc/repos/yuyan-worktrees/基础库-密码公钥核验/库/标准库/网络/超文本传输协议。豫 | PID 29098 | 退出 0 | 运行 3/24 | 已完成 152
[启动] type-check-and-erase：/Users/zhiboc/repos/yuyan-worktrees/基础库-密码公钥核验/库/标准库/网络。豫 | 运行 4/24
[完成] 类型检查：/Users/zhiboc/repos/yuyan-worktrees/基础库-密码公钥核验/库/标准库/数据结构/字典术。豫 | PID 29098 | 退出 0 | 运行 3/24 | 已完成 153
[启动] type-check-and-erase：/Users/zhiboc/repos/yuyan-worktrees/基础库-密码公钥核验/库/标准库/数据结构。豫 | 运行 4/24
[启动] type-check-and-erase：/Users/zhiboc/repos/yuyan-worktrees/基础库-密码公钥核验/库/标准库/豫言标准内核。豫 | 运行 5/24
[完成] 类型检查：/Users/zhiboc/repos/yuyan-worktrees/基础库-密码公钥核验/库/标准库/网络。豫 | PID 29098 | 退出 0 | 运行 4/24 | 已完成 154
[完成] 类型检查：/Users/zhiboc/repos/yuyan-worktrees/基础库-密码公钥核验/库/标准库/控制。豫 | PID 29098 | 退出 0 | 运行 3/24 | 已完成 155
[完成] 语法解析：/Users/zhiboc/repos/yuyan-worktrees/基础库-密码公钥核验/库/标准库/总集。豫 | PID 29098 | 退出 0 | 运行 2/24 | 已完成 156
[启动] parse：/Users/zhiboc/repos/yuyan-worktrees/基础库-密码公钥核验/库/基础库/密码与安全/密码/定宽RSA。豫 | 运行 3/24
[完成] 语法解析：/Users/zhiboc/repos/yuyan-worktrees/基础库-密码公钥核验/库/基础库/密码与安全/密码/定宽RSA。豫 | PID 29098 | 退出 0 | 运行 2/24 | 已完成 157
[启动] parse：/Users/zhiboc/repos/yuyan-worktrees/基础库-密码公钥核验/库/基础库/密码与安全/密码/公钥。豫 | 运行 3/24
[完成] 类型检查：/Users/zhiboc/repos/yuyan-worktrees/基础库-密码公钥核验/库/标准库/豫言标准内核。豫 | PID 29098 | 退出 0 | 运行 2/24 | 已完成 158
[启动] type-check-and-erase：/Users/zhiboc/repos/yuyan-worktrees/基础库-密码公钥核验/库/标准库/操作系统/路径。豫 | 运行 3/24
[完成] 类型检查：/Users/zhiboc/repos/yuyan-worktrees/基础库-密码公钥核验/库/标准库/数据结构。豫 | PID 29098 | 退出 0 | 运行 2/24 | 已完成 159
[完成] 类型检查：/Users/zhiboc/repos/yuyan-worktrees/基础库-密码公钥核验/库/标准库/操作系统/路径。豫 | PID 29098 | 退出 0 | 运行 1/24 | 已完成 160
[启动] type-check-and-erase：/Users/zhiboc/repos/yuyan-worktrees/基础库-密码公钥核验/库/标准库/操作系统。豫 | 运行 2/24
[完成] 类型检查：/Users/zhiboc/repos/yuyan-worktrees/基础库-密码公钥核验/库/标准库/操作系统。豫 | PID 29098 | 退出 0 | 运行 1/24 | 已完成 161
[启动] type-check-and-erase：/Users/zhiboc/repos/yuyan-worktrees/基础库-密码公钥核验/库/标准库/总集。豫 | 运行 2/24
[完成] 类型检查：/Users/zhiboc/repos/yuyan-worktrees/基础库-密码公钥核验/库/标准库/总集。豫 | PID 29098 | 退出 0 | 运行 1/24 | 已完成 162
[启动] type-check-and-erase：/Users/zhiboc/repos/yuyan-worktrees/基础库-密码公钥核验/库/基础库/密码与安全/密码/定宽RSA。豫 | 运行 2/24
[完成] 类型检查：/Users/zhiboc/repos/yuyan-worktrees/基础库-密码公钥核验/库/基础库/密码与安全/密码/定宽RSA。豫 | PID 29098 | 退出 0 | 运行 1/24 | 已完成 163
[完成] 语法解析：/Users/zhiboc/repos/yuyan-worktrees/基础库-密码公钥核验/库/基础库/密码与安全/密码/公钥。豫 | PID 29098 | 退出 0 | 运行 0/24 | 已完成 164
[启动] type-check-and-erase：/Users/zhiboc/repos/yuyan-worktrees/基础库-密码公钥核验/库/基础库/密码与安全/密码/公钥。豫 | 运行 1/24
[完成] 类型检查：/Users/zhiboc/repos/yuyan-worktrees/基础库-密码公钥核验/库/基础库/密码与安全/密码/公钥。豫 | PID 29098 | 退出 0 | 运行 0/24 | 已完成 165
[启动] exec-gen：/Users/zhiboc/repos/yuyan-worktrees/基础库-密码公钥核验/库/基础库/密码与安全/密码/公钥。豫 | 运行 1/24
[完成] 最终链接：/Users/zhiboc/repos/yuyan-worktrees/基础库-密码公钥核验/库/基础库/密码与安全/密码/公钥。豫 | PID 29098 | 退出 0 | 运行 0/24 | 已完成 166
[2026-10-08 01:02:47] 当前路径：/Users/zhiboc/repos/yuyan-worktrees/基础库-密码公钥核验/yyRSA验证链

[2026-10-08 01:02:48] 当前路径：/Users/zhiboc/repos/yuyan-worktrees/基础库-密码公钥核验/yyRSA验证链
[启动] dependency-analysis：/Users/zhiboc/repos/yuyan-worktrees/基础库-密码公钥核验/库/基础库/密码与安全/密码/口令内存。豫 | 运行 1/24
[完成] 依赖分析：/Users/zhiboc/repos/yuyan-worktrees/基础库-密码公钥核验/库/基础库/密码与安全/密码/口令内存。豫 | PID 29102 | 退出 0 | 运行 0/24 | 已完成 1
[启动] dependency-analysis：/Users/zhiboc/repos/yuyan-worktrees/基础库-密码公钥核验/库/标准库/总集。豫 | 运行 1/24
[启动] dependency-analysis：/Users/zhiboc/repos/yuyan-worktrees/基础库-密码公钥核验/库/标准库/数据结构/整数操作。豫 | 运行 2/24
[启动] dependency-analysis：/Users/zhiboc/repos/yuyan-worktrees/基础库-密码公钥核验/库/基础库/密码与安全/密码/字节。豫 | 运行 3/24
[启动] dependency-analysis：/Users/zhiboc/repos/yuyan-worktrees/基础库-密码公钥核验/库/基础库/密码与安全/密码/派生。豫 | 运行 4/24
[完成] 依赖分析：/Users/zhiboc/repos/yuyan-worktrees/基础库-密码公钥核验/库/标准库/总集。豫 | PID 29102 | 退出 0 | 运行 3/24 | 已完成 2
[启动] dependency-analysis：/Users/zhiboc/repos/yuyan-worktrees/基础库-密码公钥核验/库/标准库/操作系统。豫 | 运行 4/24
[启动] dependency-analysis：/Users/zhiboc/repos/yuyan-worktrees/基础库-密码公钥核验/库/标准库/控制。豫 | 运行 5/24
[启动] dependency-analysis：/Users/zhiboc/repos/yuyan-worktrees/基础库-密码公钥核验/库/标准库/数学运算。豫 | 运行 6/24
[启动] dependency-analysis：/Users/zhiboc/repos/yuyan-worktrees/基础库-密码公钥核验/库/标准库/数据结构。豫 | 运行 7/24
[启动] dependency-analysis：/Users/zhiboc/repos/yuyan-worktrees/基础库-密码公钥核验/库/标准库/输入输出。豫 | 运行 8/24
[启动] dependency-analysis：/Users/zhiboc/repos/yuyan-worktrees/基础库-密码公钥核验/库/标准库/语言核心。豫 | 运行 9/24
[启动] dependency-analysis：/Users/zhiboc/repos/yuyan-worktrees/基础库-密码公钥核验/库/标准库/网络。豫 | 运行 10/24
[启动] dependency-analysis：/Users/zhiboc/repos/yuyan-worktrees/基础库-密码公钥核验/库/标准库/豫言标准内核。豫 | 运行 11/24
[完成] 依赖分析：/Users/zhiboc/repos/yuyan-worktrees/基础库-密码公钥核验/库/标准库/操作系统。豫 | PID 29102 | 退出 0 | 运行 10/24 | 已完成 3
[启动] dependency-analysis：/Users/zhiboc/repos/yuyan-worktrees/基础库-密码公钥核验/库/标准库/操作系统/子进程。豫 | 运行 11/24
[启动] dependency-analysis：/Users/zhiboc/repos/yuyan-worktrees/基础库-密码公钥核验/库/标准库/操作系统/命令行参数。豫 | 运行 12/24
[启动] dependency-analysis：/Users/zhiboc/repos/yuyan-worktrees/基础库-密码公钥核验/库/标准库/操作系统/文件系统。豫 | 运行 13/24
[启动] dependency-analysis：/Users/zhiboc/repos/yuyan-worktrees/基础库-密码公钥核验/库/标准库/操作系统/进程。豫 | 运行 14/24
[启动] dependency-analysis：/Users/zhiboc/repos/yuyan-worktrees/基础库-密码公钥核验/库/标准库/操作系统/时间。豫 | 运行 15/24
[启动] dependency-analysis：/Users/zhiboc/repos/yuyan-worktrees/基础库-密码公钥核验/库/标准库/操作系统/路径。豫 | 运行 16/24
[启动] dependency-analysis：/Users/zhiboc/repos/yuyan-worktrees/基础库-密码公钥核验/库/标准库/操作系统/系统名称。豫 | 运行 17/24
[启动] dependency-analysis：/Users/zhiboc/repos/yuyan-worktrees/基础库-密码公钥核验/库/标准库/操作系统/环境变量。豫 | 运行 18/24
[完成] 依赖分析：/Users/zhiboc/repos/yuyan-worktrees/基础库-密码公钥核验/库/标准库/操作系统/子进程。豫 | PID 29102 | 退出 0 | 运行 17/24 | 已完成 4
[启动] dependency-analysis：/Users/zhiboc/repos/yuyan-worktrees/基础库-密码公钥核验/库/标准库/语言核心/内建类型。豫 | 运行 18/24
[启动] dependency-analysis：/Users/zhiboc/repos/yuyan-worktrees/基础库-密码公钥核验/库/标准库/语言核心/异常。豫 | 运行 19/24
[启动] dependency-analysis：/Users/zhiboc/repos/yuyan-worktrees/基础库-密码公钥核验/库/标准库/数据结构/字符串术。豫 | 运行 20/24
[启动] dependency-analysis：/Users/zhiboc/repos/yuyan-worktrees/基础库-密码公钥核验/库/标准库/数据结构/多态列。豫 | 运行 21/24
[启动] dependency-analysis：/Users/zhiboc/repos/yuyan-worktrees/基础库-密码公钥核验/库/标准库/输入输出/笔。豫 | 运行 22/24
[启动] dependency-analysis：/Users/zhiboc/repos/yuyan-worktrees/基础库-密码公钥核验/库/标准库/宿主带列。接口。豫 | 运行 23/24
[启动] dependency-analysis：/Users/zhiboc/repos/yuyan-worktrees/基础库-密码公钥核验/库/标准库/宿主。接口。豫 | 运行 24/24
[完成] 依赖分析：/Users/zhiboc/repos/yuyan-worktrees/基础库-密码公钥核验/库/标准库/操作系统/时间。豫 | PID 29102 | 退出 0 | 运行 23/24 | 已完成 5
[启动] dependency-analysis：/Users/zhiboc/repos/yuyan-worktrees/基础库-密码公钥核验/库/标准库/数据结构/小数操作。豫 | 运行 24/24
[完成] 依赖分析：/Users/zhiboc/repos/yuyan-worktrees/基础库-密码公钥核验/库/标准库/网络。豫 | PID 29102 | 退出 0 | 运行 23/24 | 已完成 6
[启动] dependency-analysis：/Users/zhiboc/repos/yuyan-worktrees/基础库-密码公钥核验/库/标准库/数学运算/转换。豫 | 运行 24/24
[完成] 依赖分析：/Users/zhiboc/repos/yuyan-worktrees/基础库-密码公钥核验/库/标准库/语言核心。豫 | PID 29102 | 退出 0 | 运行 23/24 | 已完成 7
[启动] dependency-analysis：/Users/zhiboc/repos/yuyan-worktrees/基础库-密码公钥核验/库/标准库/网络/传输控制协议。豫 | 运行 24/24
[完成] 依赖分析：/Users/zhiboc/repos/yuyan-worktrees/基础库-密码公钥核验/库/标准库/输入输出。豫 | PID 29102 | 退出 0 | 运行 23/24 | 已完成 8
[启动] dependency-analysis：/Users/zhiboc/repos/yuyan-worktrees/基础库-密码公钥核验/库/标准库/网络/异步传输控制协议。豫 | 运行 24/24
[完成] 依赖分析：/Users/zhiboc/repos/yuyan-worktrees/基础库-密码公钥核验/库/标准库/数据结构。豫 | PID 29102 | 退出 0 | 运行 23/24 | 已完成 9
[启动] dependency-analysis：/Users/zhiboc/repos/yuyan-worktrees/基础库-密码公钥核验/库/标准库/网络/超文本传输协议。豫 | 运行 24/24
[完成] 依赖分析：/Users/zhiboc/repos/yuyan-worktrees/基础库-密码公钥核验/库/标准库/控制。豫 | PID 29102 | 退出 0 | 运行 23/24 | 已完成 10
[启动] dependency-analysis：/Users/zhiboc/repos/yuyan-worktrees/基础库-密码公钥核验/库/标准库/语言核心/续延。豫 | 运行 24/24
[完成] 依赖分析：/Users/zhiboc/repos/yuyan-worktrees/基础库-密码公钥核验/库/基础库/密码与安全/密码/字节。豫 | PID 29102 | 退出 0 | 运行 23/24 | 已完成 11
[启动] dependency-analysis：/Users/zhiboc/repos/yuyan-worktrees/基础库-密码公钥核验/库/标准库/语言核心/引用。豫 | 运行 24/24
[完成] 依赖分析：/Users/zhiboc/repos/yuyan-worktrees/基础库-密码公钥核验/库/标准库/数据结构/整数操作。豫 | PID 29102 | 退出 0 | 运行 23/24 | 已完成 12
[启动] dependency-analysis：/Users/zhiboc/repos/yuyan-worktrees/基础库-密码公钥核验/库/标准库/语言核心/不安全。豫 | 运行 24/24
[完成] 依赖分析：/Users/zhiboc/repos/yuyan-worktrees/基础库-密码公钥核验/库/标准库/操作系统/路径。豫 | PID 29102 | 退出 0 | 运行 23/24 | 已完成 13
[启动] dependency-analysis：/Users/zhiboc/repos/yuyan-worktrees/基础库-密码公钥核验/库/标准库/语言核心/异步原语。豫 | 运行 24/24
[完成] 依赖分析：/Users/zhiboc/repos/yuyan-worktrees/基础库-密码公钥核验/库/标准库/操作系统/进程。豫 | PID 29102 | 退出 0 | 运行 23/24 | 已完成 14
[启动] dependency-analysis：/Users/zhiboc/repos/yuyan-worktrees/基础库-密码公钥核验/库/标准库/数据结构/多态列工具。豫 | 运行 24/24
[完成] 依赖分析：/Users/zhiboc/repos/yuyan-worktrees/基础库-密码公钥核验/库/标准库/网络/超文本传输协议。豫 | PID 29102 | 退出 0 | 运行 23/24 | 已完成 15
[启动] dependency-analysis：/Users/zhiboc/repos/yuyan-worktrees/基础库-密码公钥核验/库/标准库/数据结构/爻术。豫 | 运行 24/24
[完成] 依赖分析：/Users/zhiboc/repos/yuyan-worktrees/基础库-密码公钥核验/库/标准库/数据结构/多态列。豫 | PID 29102 | 退出 0 | 运行 23/24 | 已完成 16
[启动] dependency-analysis：/Users/zhiboc/repos/yuyan-worktrees/基础库-密码公钥核验/库/标准库/数据结构/字符流术。豫 | 运行 24/24
[完成] 依赖分析：/Users/zhiboc/repos/yuyan-worktrees/基础库-密码公钥核验/库/标准库/数据结构/字符串术。豫 | PID 29102 | 退出 0 | 运行 23/24 | 已完成 17
[启动] dependency-analysis：/Users/zhiboc/repos/yuyan-worktrees/基础库-密码公钥核验/库/标准库/数据结构/特殊字符。豫 | 运行 24/24
[完成] 依赖分析：/Users/zhiboc/repos/yuyan-worktrees/基础库-密码公钥核验/库/标准库/豫言标准内核。豫 | PID 29102 | 退出 0 | 运行 23/24 | 已完成 18
[启动] dependency-analysis：/Users/zhiboc/repos/yuyan-worktrees/基础库-密码公钥核验/库/标准库/数据结构/对子术。豫 | 运行 24/24
[完成] 依赖分析：/Users/zhiboc/repos/yuyan-worktrees/基础库-密码公钥核验/库/基础库/密码与安全/密码/派生。豫 | PID 29102 | 退出 0 | 运行 23/24 | 已完成 19
[启动] dependency-analysis：/Users/zhiboc/repos/yuyan-worktrees/基础库-密码公钥核验/库/标准库/数据结构/字典术。豫 | 运行 24/24
[完成] 依赖分析：/Users/zhiboc/repos/yuyan-worktrees/基础库-密码公钥核验/库/标准库/网络/异步传输控制协议。豫 | PID 29102 | 退出 0 | 运行 23/24 | 已完成 20
[启动] dependency-analysis：/Users/zhiboc/repos/yuyan-worktrees/基础库-密码公钥核验/库/标准库/数据结构/可选值。豫 | 运行 24/24
[完成] 依赖分析：/Users/zhiboc/repos/yuyan-worktrees/基础库-密码公钥核验/库/标准库/数学运算/转换。豫 | PID 29102 | 退出 0 | 运行 23/24 | 已完成 21
[启动] dependency-analysis：/Users/zhiboc/repos/yuyan-worktrees/基础库-密码公钥核验/库/标准库/数据结构/小数术。豫 | 运行 24/24
[完成] 依赖分析：/Users/zhiboc/repos/yuyan-worktrees/基础库-密码公钥核验/库/标准库/输入输出/笔。豫 | PID 29102 | 退出 0 | 运行 23/24 | 已完成 22
[启动] dependency-analysis：/Users/zhiboc/repos/yuyan-worktrees/基础库-密码公钥核验/库/标准库/数据结构/列表搜索。豫 | 运行 24/24
[完成] 依赖分析：/Users/zhiboc/repos/yuyan-worktrees/基础库-密码公钥核验/库/标准库/语言核心/内建类型。豫 | PID 29102 | 退出 0 | 运行 23/24 | 已完成 23
[启动] dependency-analysis：/Users/zhiboc/repos/yuyan-worktrees/基础库-密码公钥核验/库/标准库/数据结构/函数操作。豫 | 运行 24/24
[完成] 依赖分析：/Users/zhiboc/repos/yuyan-worktrees/基础库-密码公钥核验/库/标准库/操作系统/文件系统。豫 | PID 29102 | 退出 0 | 运行 23/24 | 已完成 24
[启动] dependency-analysis：/Users/zhiboc/repos/yuyan-worktrees/基础库-密码公钥核验/库/标准库/数据结构/字节串。豫 | 运行 24/24
[完成] 依赖分析：/Users/zhiboc/repos/yuyan-worktrees/基础库-密码公钥核验/库/标准库/操作系统/命令行参数。豫 | PID 29102 | 退出 0 | 运行 23/24 | 已完成 25
[启动] dependency-analysis：/Users/zhiboc/repos/yuyan-worktrees/基础库-密码公钥核验/库/标准库/数据结构/字节缓冲。豫 | 运行 24/24
[完成] 依赖分析：/Users/zhiboc/repos/yuyan-worktrees/基础库-密码公钥核验/库/标准库/数学运算。豫 | PID 29102 | 退出 0 | 运行 23/24 | 已完成 26
[启动] dependency-analysis：/Users/zhiboc/repos/yuyan-worktrees/基础库-密码公钥核验/库/标准库/控制/惰性求值。豫 | 运行 24/24
[完成] 依赖分析：/Users/zhiboc/repos/yuyan-worktrees/基础库-密码公钥核验/库/标准库/数据结构/字典术。豫 | PID 29102 | 退出 0 | 运行 23/24 | 已完成 27
[启动] dependency-analysis：/Users/zhiboc/repos/yuyan-worktrees/基础库-密码公钥核验/库/标准库/控制/异步。豫 | 运行 24/24
[完成] 依赖分析：/Users/zhiboc/repos/yuyan-worktrees/基础库-密码公钥核验/库/标准库/操作系统/系统名称。豫 | PID 29102 | 退出 0 | 运行 23/24 | 已完成 28
[启动] dependency-analysis：/Users/zhiboc/repos/yuyan-worktrees/基础库-密码公钥核验/库/标准库/语言核心/原语。内建。豫 | 运行 24/24
[完成] 依赖分析：/Users/zhiboc/repos/yuyan-worktrees/基础库-密码公钥核验/库/标准库/语言核心/异步原语。豫 | PID 29102 | 退出 0 | 运行 23/24 | 已完成 29
[启动] dependency-analysis：/Users/zhiboc/repos/yuyan-worktrees/基础库-密码公钥核验/库/标准库/数学运算/数组转换。豫 | 运行 24/24
[完成] 依赖分析：/Users/zhiboc/repos/yuyan-worktrees/基础库-密码公钥核验/库/标准库/语言核心/异常。豫 | PID 29102 | 退出 0 | 运行 23/24 | 已完成 30
[启动] dependency-analysis：/Users/zhiboc/repos/yuyan-worktrees/基础库-密码公钥核验/库/基础库/密码与安全/密码/散列。豫 | 运行 24/24
[完成] 依赖分析：/Users/zhiboc/repos/yuyan-worktrees/基础库-密码公钥核验/库/标准库/控制/惰性求值。豫 | PID 29102 | 退出 0 | 运行 23/24 | 已完成 31
[启动] dependency-analysis：/Users/zhiboc/repos/yuyan-worktrees/基础库-密码公钥核验/库/标准库/数学运算/具体列。豫 | 运行 24/24
[完成] 依赖分析：/Users/zhiboc/repos/yuyan-worktrees/基础库-密码公钥核验/库/标准库/数据结构/小数术。豫 | PID 29102 | 退出 0 | 运行 23/24 | 已完成 32
[启动] dependency-analysis：/Users/zhiboc/repos/yuyan-worktrees/基础库-密码公钥核验/库/标准库/数学运算/随机。豫 | 运行 24/24
[完成] 依赖分析：/Users/zhiboc/repos/yuyan-worktrees/基础库-密码公钥核验/库/标准库/数学运算/数组转换。豫 | PID 29102 | 退出 0 | 运行 23/24 | 已完成 33
[启动] dependency-analysis：/Users/zhiboc/repos/yuyan-worktrees/基础库-密码公钥核验/库/标准库/数学运算/大小。豫 | 运行 24/24
[完成] 依赖分析：/Users/zhiboc/repos/yuyan-worktrees/基础库-密码公钥核验/库/标准库/控制/异步。豫 | PID 29102 | 退出 0 | 运行 23/24 | 已完成 34
[启动] parse：/Users/zhiboc/repos/yuyan-worktrees/基础库-密码公钥核验/库/标准库/语言核心/内建类型。豫 | 运行 24/24
[完成] 依赖分析：/Users/zhiboc/repos/yuyan-worktrees/基础库-密码公钥核验/库/标准库/数据结构/可选值。豫 | PID 29102 | 退出 0 | 运行 23/24 | 已完成 35
[完成] 依赖分析：/Users/zhiboc/repos/yuyan-worktrees/基础库-密码公钥核验/库/标准库/宿主。接口。豫 | PID 29102 | 退出 0 | 运行 22/24 | 已完成 36
[完成] 依赖分析：/Users/zhiboc/repos/yuyan-worktrees/基础库-密码公钥核验/库/标准库/语言核心/原语。内建。豫 | PID 29102 | 退出 0 | 运行 21/24 | 已完成 37
[完成] 依赖分析：/Users/zhiboc/repos/yuyan-worktrees/基础库-密码公钥核验/库/标准库/数据结构/函数操作。豫 | PID 29102 | 退出 0 | 运行 20/24 | 已完成 38
[启动] parse：/Users/zhiboc/repos/yuyan-worktrees/基础库-密码公钥核验/库/标准库/数据结构/函数操作。豫 | 运行 21/24
[完成] 依赖分析：/Users/zhiboc/repos/yuyan-worktrees/基础库-密码公钥核验/库/标准库/语言核心/续延。豫 | PID 29102 | 退出 0 | 运行 20/24 | 已完成 39
[启动] parse：/Users/zhiboc/repos/yuyan-worktrees/基础库-密码公钥核验/库/标准库/语言核心/续延。豫 | 运行 21/24
[完成] 依赖分析：/Users/zhiboc/repos/yuyan-worktrees/基础库-密码公钥核验/库/标准库/数学运算/大小。豫 | PID 29102 | 退出 0 | 运行 20/24 | 已完成 40
[完成] 依赖分析：/Users/zhiboc/repos/yuyan-worktrees/基础库-密码公钥核验/库/标准库/语言核心/不安全。豫 | PID 29102 | 退出 0 | 运行 19/24 | 已完成 41
[完成] 依赖分析：/Users/zhiboc/repos/yuyan-worktrees/基础库-密码公钥核验/库/标准库/数据结构/小数操作。豫 | PID 29102 | 退出 0 | 运行 18/24 | 已完成 42
[完成] 依赖分析：/Users/zhiboc/repos/yuyan-worktrees/基础库-密码公钥核验/库/标准库/语言核心/引用。豫 | PID 29102 | 退出 0 | 运行 17/24 | 已完成 43
[完成] 依赖分析：/Users/zhiboc/repos/yuyan-worktrees/基础库-密码公钥核验/库/标准库/操作系统/环境变量。豫 | PID 29102 | 退出 0 | 运行 16/24 | 已完成 44
[完成] 依赖分析：/Users/zhiboc/repos/yuyan-worktrees/基础库-密码公钥核验/库/标准库/数据结构/字节串。豫 | PID 29102 | 退出 0 | 运行 15/24 | 已完成 45
[完成] 依赖分析：/Users/zhiboc/repos/yuyan-worktrees/基础库-密码公钥核验/库/标准库/数据结构/字符流术。豫 | PID 29102 | 退出 0 | 运行 14/24 | 已完成 46
[完成] 依赖分析：/Users/zhiboc/repos/yuyan-worktrees/基础库-密码公钥核验/库/标准库/数据结构/字节缓冲。豫 | PID 29102 | 退出 0 | 运行 13/24 | 已完成 47
[完成] 依赖分析：/Users/zhiboc/repos/yuyan-worktrees/基础库-密码公钥核验/库/标准库/网络/传输控制协议。豫 | PID 29102 | 退出 0 | 运行 12/24 | 已完成 48
[完成] 依赖分析：/Users/zhiboc/repos/yuyan-worktrees/基础库-密码公钥核验/库/标准库/数据结构/特殊字符。豫 | PID 29102 | 退出 0 | 运行 11/24 | 已完成 49
[完成] 依赖分析：/Users/zhiboc/repos/yuyan-worktrees/基础库-密码公钥核验/库/基础库/密码与安全/密码/散列。豫 | PID 29102 | 退出 0 | 运行 10/24 | 已完成 50
[完成] 依赖分析：/Users/zhiboc/repos/yuyan-worktrees/基础库-密码公钥核验/库/标准库/数学运算/随机。豫 | PID 29102 | 退出 0 | 运行 9/24 | 已完成 51
[完成] 依赖分析：/Users/zhiboc/repos/yuyan-worktrees/基础库-密码公钥核验/库/标准库/数据结构/列表搜索。豫 | PID 29102 | 退出 0 | 运行 8/24 | 已完成 52
[完成] 语法解析：/Users/zhiboc/repos/yuyan-worktrees/基础库-密码公钥核验/库/标准库/数据结构/函数操作。豫 | PID 29102 | 退出 0 | 运行 7/24 | 已完成 53
[启动] type-check-and-erase：/Users/zhiboc/repos/yuyan-worktrees/基础库-密码公钥核验/库/标准库/数据结构/函数操作。豫 | 运行 8/24
[完成] 语法解析：/Users/zhiboc/repos/yuyan-worktrees/基础库-密码公钥核验/库/标准库/语言核心/内建类型。豫 | PID 29102 | 退出 0 | 运行 7/24 | 已完成 54
[启动] parse：/Users/zhiboc/repos/yuyan-worktrees/基础库-密码公钥核验/库/标准库/控制/惰性求值。豫 | 运行 8/24
[启动] parse：/Users/zhiboc/repos/yuyan-worktrees/基础库-密码公钥核验/库/标准库/语言核心/原语。内建。豫 | 运行 9/24
[启动] parse：/Users/zhiboc/repos/yuyan-worktrees/基础库-密码公钥核验/库/标准库/数学运算/大小。豫 | 运行 10/24
[启动] type-check-and-erase：/Users/zhiboc/repos/yuyan-worktrees/基础库-密码公钥核验/库/标准库/语言核心/内建类型。豫 | 运行 11/24
[完成] 依赖分析：/Users/zhiboc/repos/yuyan-worktrees/基础库-密码公钥核验/库/标准库/数学运算/具体列。豫 | PID 29102 | 退出 0 | 运行 10/24 | 已完成 55
[完成] 语法解析：/Users/zhiboc/repos/yuyan-worktrees/基础库-密码公钥核验/库/标准库/控制/惰性求值。豫 | PID 29102 | 退出 0 | 运行 9/24 | 已完成 56
[完成] 语法解析：/Users/zhiboc/repos/yuyan-worktrees/基础库-密码公钥核验/库/标准库/语言核心/原语。内建。豫 | PID 29102 | 退出 0 | 运行 8/24 | 已完成 57
[启动] parse：/Users/zhiboc/repos/yuyan-worktrees/基础库-密码公钥核验/库/标准库/数学运算/转换。豫 | 运行 9/24
[启动] parse：/Users/zhiboc/repos/yuyan-worktrees/基础库-密码公钥核验/库/标准库/语言核心/异步原语。豫 | 运行 10/24
[启动] parse：/Users/zhiboc/repos/yuyan-worktrees/基础库-密码公钥核验/库/标准库/数据结构/小数术。豫 | 运行 11/24
[启动] parse：/Users/zhiboc/repos/yuyan-worktrees/基础库-密码公钥核验/库/标准库/语言核心/不安全。豫 | 运行 12/24
[启动] parse：/Users/zhiboc/repos/yuyan-worktrees/基础库-密码公钥核验/库/标准库/语言核心/引用。豫 | 运行 13/24
[启动] parse：/Users/zhiboc/repos/yuyan-worktrees/基础库-密码公钥核验/库/标准库/数据结构/字节串。豫 | 运行 14/24
[完成] 语法解析：/Users/zhiboc/repos/yuyan-worktrees/基础库-密码公钥核验/库/标准库/数学运算/大小。豫 | PID 29102 | 退出 0 | 运行 13/24 | 已完成 58
[完成] 依赖分析：/Users/zhiboc/repos/yuyan-worktrees/基础库-密码公钥核验/库/标准库/数据结构/多态列工具。豫 | PID 29102 | 退出 0 | 运行 12/24 | 已完成 59
[完成] 语法解析：/Users/zhiboc/repos/yuyan-worktrees/基础库-密码公钥核验/库/标准库/语言核心/续延。豫 | PID 29102 | 退出 0 | 运行 11/24 | 已完成 60
[启动] type-check-and-erase：/Users/zhiboc/repos/yuyan-worktrees/基础库-密码公钥核验/库/标准库/语言核心/续延。豫 | 运行 12/24
[完成] 语法解析：/Users/zhiboc/repos/yuyan-worktrees/基础库-密码公钥核验/库/标准库/数学运算/转换。豫 | PID 29102 | 退出 0 | 运行 11/24 | 已完成 61
[完成] 语法解析：/Users/zhiboc/repos/yuyan-worktrees/基础库-密码公钥核验/库/标准库/语言核心/不安全。豫 | PID 29102 | 退出 0 | 运行 10/24 | 已完成 62
[完成] 语法解析：/Users/zhiboc/repos/yuyan-worktrees/基础库-密码公钥核验/库/标准库/数据结构/小数术。豫 | PID 29102 | 退出 0 | 运行 9/24 | 已完成 63
[完成] 依赖分析：/Users/zhiboc/repos/yuyan-worktrees/基础库-密码公钥核验/库/标准库/数据结构/爻术。豫 | PID 29102 | 退出 0 | 运行 8/24 | 已完成 64
[启动] parse：/Users/zhiboc/repos/yuyan-worktrees/基础库-密码公钥核验/库/标准库/数据结构/爻术。豫 | 运行 9/24
[完成] 类型检查：/Users/zhiboc/repos/yuyan-worktrees/基础库-密码公钥核验/库/标准库/语言核心/续延。豫 | PID 29102 | 退出 0 | 运行 8/24 | 已完成 65
[完成] 语法解析：/Users/zhiboc/repos/yuyan-worktrees/基础库-密码公钥核验/库/标准库/数据结构/字节串。豫 | PID 29102 | 退出 0 | 运行 7/24 | 已完成 66
[启动] parse：/Users/zhiboc/repos/yuyan-worktrees/基础库-密码公钥核验/库/标准库/宿主。接口。豫 | 运行 8/24
[启动] parse：/Users/zhiboc/repos/yuyan-worktrees/基础库-密码公钥核验/库/标准库/数据结构/字节缓冲。豫 | 运行 9/24
[完成] 语法解析：/Users/zhiboc/repos/yuyan-worktrees/基础库-密码公钥核验/库/标准库/数据结构/爻术。豫 | PID 29102 | 退出 0 | 运行 8/24 | 已完成 67
[启动] parse：/Users/zhiboc/repos/yuyan-worktrees/基础库-密码公钥核验/库/标准库/数据结构/整数操作。豫 | 运行 9/24
[完成] 语法解析：/Users/zhiboc/repos/yuyan-worktrees/基础库-密码公钥核验/库/标准库/语言核心/异步原语。豫 | PID 29102 | 退出 0 | 运行 8/24 | 已完成 68
[完成] 类型检查：/Users/zhiboc/repos/yuyan-worktrees/基础库-密码公钥核验/库/标准库/语言核心/内建类型。豫 | PID 29102 | 退出 0 | 运行 7/24 | 已完成 69
[启动] type-check-and-erase：/Users/zhiboc/repos/yuyan-worktrees/基础库-密码公钥核验/库/标准库/控制/惰性求值。豫 | 运行 8/24
[启动] type-check-and-erase：/Users/zhiboc/repos/yuyan-worktrees/基础库-密码公钥核验/库/标准库/语言核心/原语。内建。豫 | 运行 9/24
[启动] type-check-and-erase：/Users/zhiboc/repos/yuyan-worktrees/基础库-密码公钥核验/库/标准库/数学运算/大小。豫 | 运行 10/24
[启动] type-check-and-erase：/Users/zhiboc/repos/yuyan-worktrees/基础库-密码公钥核验/库/标准库/数据结构/爻术。豫 | 运行 11/24
[完成] 语法解析：/Users/zhiboc/repos/yuyan-worktrees/基础库-密码公钥核验/库/标准库/语言核心/引用。豫 | PID 29102 | 退出 0 | 运行 10/24 | 已完成 70
[完成] 语法解析：/Users/zhiboc/repos/yuyan-worktrees/基础库-密码公钥核验/库/标准库/宿主。接口。豫 | PID 29102 | 退出 0 | 运行 9/24 | 已完成 71
[启动] parse：/Users/zhiboc/repos/yuyan-worktrees/基础库-密码公钥核验/库/标准库/操作系统/进程。豫 | 运行 10/24
[启动] parse：/Users/zhiboc/repos/yuyan-worktrees/基础库-密码公钥核验/库/标准库/输入输出/笔。豫 | 运行 11/24
[启动] parse：/Users/zhiboc/repos/yuyan-worktrees/基础库-密码公钥核验/库/标准库/操作系统/系统名称。豫 | 运行 12/24
[启动] parse：/Users/zhiboc/repos/yuyan-worktrees/基础库-密码公钥核验/库/标准库/语言核心/异常。豫 | 运行 13/24
[启动] parse：/Users/zhiboc/repos/yuyan-worktrees/基础库-密码公钥核验/库/标准库/数据结构/小数操作。豫 | 运行 14/24
[启动] parse：/Users/zhiboc/repos/yuyan-worktrees/基础库-密码公钥核验/库/标准库/操作系统/环境变量。豫 | 运行 15/24
[启动] parse：/Users/zhiboc/repos/yuyan-worktrees/基础库-密码公钥核验/库/标准库/数学运算/随机。豫 | 运行 16/24
[完成] 类型检查：/Users/zhiboc/repos/yuyan-worktrees/基础库-密码公钥核验/库/标准库/控制/惰性求值。豫 | PID 29102 | 退出 0 | 运行 15/24 | 已完成 72
[完成] 类型检查：/Users/zhiboc/repos/yuyan-worktrees/基础库-密码公钥核验/库/标准库/数据结构/函数操作。豫 | PID 29102 | 退出 0 | 运行 14/24 | 已完成 73
[完成] 依赖分析：/Users/zhiboc/repos/yuyan-worktrees/基础库-密码公钥核验/库/标准库/宿主带列。接口。豫 | PID 29102 | 退出 0 | 运行 13/24 | 已完成 74
[完成] 类型检查：/Users/zhiboc/repos/yuyan-worktrees/基础库-密码公钥核验/库/标准库/语言核心/原语。内建。豫 | PID 29102 | 退出 0 | 运行 12/24 | 已完成 75
[启动] type-check-and-erase：/Users/zhiboc/repos/yuyan-worktrees/基础库-密码公钥核验/库/标准库/数学运算/转换。豫 | 运行 13/24
[启动] type-check-and-erase：/Users/zhiboc/repos/yuyan-worktrees/基础库-密码公钥核验/库/标准库/语言核心/异步原语。豫 | 运行 14/24
[启动] type-check-and-erase：/Users/zhiboc/repos/yuyan-worktrees/基础库-密码公钥核验/库/标准库/数据结构/小数术。豫 | 运行 15/24
[启动] type-check-and-erase：/Users/zhiboc/repos/yuyan-worktrees/基础库-密码公钥核验/库/标准库/语言核心/不安全。豫 | 运行 16/24
[启动] type-check-and-erase：/Users/zhiboc/repos/yuyan-worktrees/基础库-密码公钥核验/库/标准库/语言核心/引用。豫 | 运行 17/24
[启动] type-check-and-erase：/Users/zhiboc/repos/yuyan-worktrees/基础库-密码公钥核验/库/标准库/数据结构/字节串。豫 | 运行 18/24
[完成] 语法解析：/Users/zhiboc/repos/yuyan-worktrees/基础库-密码公钥核验/库/标准库/输入输出/笔。豫 | PID 29102 | 退出 0 | 运行 17/24 | 已完成 76
[启动] parse：/Users/zhiboc/repos/yuyan-worktrees/基础库-密码公钥核验/库/标准库/输入输出。豫 | 运行 18/24
[完成] 语法解析：/Users/zhiboc/repos/yuyan-worktrees/基础库-密码公钥核验/库/标准库/操作系统/进程。豫 | PID 29102 | 退出 0 | 运行 17/24 | 已完成 77
[完成] 类型检查：/Users/zhiboc/repos/yuyan-worktrees/基础库-密码公钥核验/库/标准库/数学运算/大小。豫 | PID 29102 | 退出 0 | 运行 16/24 | 已完成 78
[完成] 语法解析：/Users/zhiboc/repos/yuyan-worktrees/基础库-密码公钥核验/库/标准库/语言核心/异常。豫 | PID 29102 | 退出 0 | 运行 15/24 | 已完成 79
[启动] parse：/Users/zhiboc/repos/yuyan-worktrees/基础库-密码公钥核验/库/标准库/语言核心。豫 | 运行 16/24
[启动] parse：/Users/zhiboc/repos/yuyan-worktrees/基础库-密码公钥核验/库/标准库/数据结构/可选值。豫 | 运行 17/24
[完成] 类型检查：/Users/zhiboc/repos/yuyan-worktrees/基础库-密码公钥核验/库/标准库/数学运算/转换。豫 | PID 29102 | 退出 0 | 运行 16/24 | 已完成 80
[完成] 语法解析：/Users/zhiboc/repos/yuyan-worktrees/基础库-密码公钥核验/库/标准库/数学运算/随机。豫 | PID 29102 | 退出 0 | 运行 15/24 | 已完成 81
[完成] 语法解析：/Users/zhiboc/repos/yuyan-worktrees/基础库-密码公钥核验/库/标准库/操作系统/环境变量。豫 | PID 29102 | 退出 0 | 运行 14/24 | 已完成 82
[完成] 语法解析：/Users/zhiboc/repos/yuyan-worktrees/基础库-密码公钥核验/库/标准库/操作系统/系统名称。豫 | PID 29102 | 退出 0 | 运行 13/24 | 已完成 83
[完成] 语法解析：/Users/zhiboc/repos/yuyan-worktrees/基础库-密码公钥核验/库/标准库/数据结构/整数操作。豫 | PID 29102 | 退出 0 | 运行 12/24 | 已完成 84
[启动] parse：/Users/zhiboc/repos/yuyan-worktrees/基础库-密码公钥核验/库/标准库/网络/传输控制协议。豫 | 运行 13/24
[完成] 语法解析：/Users/zhiboc/repos/yuyan-worktrees/基础库-密码公钥核验/库/标准库/数据结构/字节缓冲。豫 | PID 29102 | 退出 0 | 运行 12/24 | 已完成 85
[完成] 语法解析：/Users/zhiboc/repos/yuyan-worktrees/基础库-密码公钥核验/库/标准库/输入输出。豫 | PID 29102 | 退出 0 | 运行 11/24 | 已完成 86
[完成] 类型检查：/Users/zhiboc/repos/yuyan-worktrees/基础库-密码公钥核验/库/标准库/数据结构/爻术。豫 | PID 29102 | 退出 0 | 运行 10/24 | 已完成 87
[启动] type-check-and-erase：/Users/zhiboc/repos/yuyan-worktrees/基础库-密码公钥核验/库/标准库/数据结构/整数操作。豫 | 运行 11/24
[完成] 语法解析：/Users/zhiboc/repos/yuyan-worktrees/基础库-密码公钥核验/库/标准库/数据结构/小数操作。豫 | PID 29102 | 退出 0 | 运行 10/24 | 已完成 88
[启动] parse：/Users/zhiboc/repos/yuyan-worktrees/基础库-密码公钥核验/库/标准库/操作系统/时间。豫 | 运行 11/24
[完成] 类型检查：/Users/zhiboc/repos/yuyan-worktrees/基础库-密码公钥核验/库/标准库/语言核心/引用。豫 | PID 29102 | 退出 0 | 运行 10/24 | 已完成 89
[完成] 类型检查：/Users/zhiboc/repos/yuyan-worktrees/基础库-密码公钥核验/库/标准库/数据结构/字节串。豫 | PID 29102 | 退出 0 | 运行 9/24 | 已完成 90
[启动] type-check-and-erase：/Users/zhiboc/repos/yuyan-worktrees/基础库-密码公钥核验/库/标准库/宿主。接口。豫 | 运行 10/24
[启动] type-check-and-erase：/Users/zhiboc/repos/yuyan-worktrees/基础库-密码公钥核验/库/标准库/数据结构/字节缓冲。豫 | 运行 11/24
[完成] 类型检查：/Users/zhiboc/repos/yuyan-worktrees/基础库-密码公钥核验/库/标准库/语言核心/不安全。豫 | PID 29102 | 退出 0 | 运行 10/24 | 已完成 91
[完成] 语法解析：/Users/zhiboc/repos/yuyan-worktrees/基础库-密码公钥核验/库/标准库/操作系统/时间。豫 | PID 29102 | 退出 0 | 运行 9/24 | 已完成 92
[完成] 类型检查：/Users/zhiboc/repos/yuyan-worktrees/基础库-密码公钥核验/库/标准库/语言核心/异步原语。豫 | PID 29102 | 退出 0 | 运行 8/24 | 已完成 93
[完成] 依赖分析：/Users/zhiboc/repos/yuyan-worktrees/基础库-密码公钥核验/库/标准库/数据结构/对子术。豫 | PID 29102 | 退出 0 | 运行 7/24 | 已完成 94
[完成] 语法解析：/Users/zhiboc/repos/yuyan-worktrees/基础库-密码公钥核验/库/标准库/数据结构/可选值。豫 | PID 29102 | 退出 0 | 运行 6/24 | 已完成 95
[启动] parse：/Users/zhiboc/repos/yuyan-worktrees/基础库-密码公钥核验/库/标准库/数据结构/多态列。豫 | 运行 7/24
[完成] 类型检查：/Users/zhiboc/repos/yuyan-worktrees/基础库-密码公钥核验/库/标准库/宿主。接口。豫 | PID 29102 | 退出 0 | 运行 6/24 | 已完成 96
[启动] type-check-and-erase：/Users/zhiboc/repos/yuyan-worktrees/基础库-密码公钥核验/库/标准库/操作系统/进程。豫 | 运行 7/24
[启动] type-check-and-erase：/Users/zhiboc/repos/yuyan-worktrees/基础库-密码公钥核验/库/标准库/输入输出/笔。豫 | 运行 8/24
[启动] type-check-and-erase：/Users/zhiboc/repos/yuyan-worktrees/基础库-密码公钥核验/库/标准库/操作系统/系统名称。豫 | 运行 9/24
[启动] type-check-and-erase：/Users/zhiboc/repos/yuyan-worktrees/基础库-密码公钥核验/库/标准库/语言核心/异常。豫 | 运行 10/24
[启动] type-check-and-erase：/Users/zhiboc/repos/yuyan-worktrees/基础库-密码公钥核验/库/标准库/数据结构/小数操作。豫 | 运行 11/24
[启动] type-check-and-erase：/Users/zhiboc/repos/yuyan-worktrees/基础库-密码公钥核验/库/标准库/操作系统/环境变量。豫 | 运行 12/24
[启动] type-check-and-erase：/Users/zhiboc/repos/yuyan-worktrees/基础库-密码公钥核验/库/标准库/数学运算/随机。豫 | 运行 13/24
[完成] 语法解析：/Users/zhiboc/repos/yuyan-worktrees/基础库-密码公钥核验/库/标准库/语言核心。豫 | PID 29102 | 退出 0 | 运行 12/24 | 已完成 97
[完成] 类型检查：/Users/zhiboc/repos/yuyan-worktrees/基础库-密码公钥核验/库/标准库/数据结构/整数操作。豫 | PID 29102 | 退出 0 | 运行 11/24 | 已完成 98
[完成] 类型检查：/Users/zhiboc/repos/yuyan-worktrees/基础库-密码公钥核验/库/标准库/数据结构/小数术。豫 | PID 29102 | 退出 0 | 运行 10/24 | 已完成 99
[完成] 类型检查：/Users/zhiboc/repos/yuyan-worktrees/基础库-密码公钥核验/库/标准库/输入输出/笔。豫 | PID 29102 | 退出 0 | 运行 9/24 | 已完成 100
[启动] type-check-and-erase：/Users/zhiboc/repos/yuyan-worktrees/基础库-密码公钥核验/库/标准库/输入输出。豫 | 运行 10/24
[完成] 类型检查：/Users/zhiboc/repos/yuyan-worktrees/基础库-密码公钥核验/库/标准库/操作系统/系统名称。豫 | PID 29102 | 退出 0 | 运行 9/24 | 已完成 101
[完成] 类型检查：/Users/zhiboc/repos/yuyan-worktrees/基础库-密码公钥核验/库/标准库/输入输出。豫 | PID 29102 | 退出 0 | 运行 8/24 | 已完成 102
[完成] 语法解析：/Users/zhiboc/repos/yuyan-worktrees/基础库-密码公钥核验/库/标准库/数据结构/多态列。豫 | PID 29102 | 退出 0 | 运行 7/24 | 已完成 103
[启动] parse：/Users/zhiboc/repos/yuyan-worktrees/基础库-密码公钥核验/库/标准库/数学运算/数组转换。豫 | 运行 8/24
[启动] parse：/Users/zhiboc/repos/yuyan-worktrees/基础库-密码公钥核验/库/标准库/数学运算/具体列。豫 | 运行 9/24
[启动] parse：/Users/zhiboc/repos/yuyan-worktrees/基础库-密码公钥核验/库/标准库/数据结构/多态列工具。豫 | 运行 10/24
[启动] parse：/Users/zhiboc/repos/yuyan-worktrees/基础库-密码公钥核验/库/标准库/宿主带列。接口。豫 | 运行 11/24
[完成] 类型检查：/Users/zhiboc/repos/yuyan-worktrees/基础库-密码公钥核验/库/标准库/数学运算/随机。豫 | PID 29102 | 退出 0 | 运行 10/24 | 已完成 104
[完成] 类型检查：/Users/zhiboc/repos/yuyan-worktrees/基础库-密码公钥核验/库/标准库/数据结构/小数操作。豫 | PID 29102 | 退出 0 | 运行 9/24 | 已完成 105
[启动] type-check-and-erase：/Users/zhiboc/repos/yuyan-worktrees/基础库-密码公钥核验/库/标准库/操作系统/时间。豫 | 运行 10/24
[完成] 类型检查：/Users/zhiboc/repos/yuyan-worktrees/基础库-密码公钥核验/库/标准库/数据结构/字节缓冲。豫 | PID 29102 | 退出 0 | 运行 9/24 | 已完成 106
[完成] 类型检查：/Users/zhiboc/repos/yuyan-worktrees/基础库-密码公钥核验/库/标准库/操作系统/进程。豫 | PID 29102 | 退出 0 | 运行 8/24 | 已完成 107
[完成] 语法解析：/Users/zhiboc/repos/yuyan-worktrees/基础库-密码公钥核验/库/标准库/数学运算/具体列。豫 | PID 29102 | 退出 0 | 运行 7/24 | 已完成 108
[完成] 语法解析：/Users/zhiboc/repos/yuyan-worktrees/基础库-密码公钥核验/库/标准库/数学运算/数组转换。豫 | PID 29102 | 退出 0 | 运行 6/24 | 已完成 109
[启动] parse：/Users/zhiboc/repos/yuyan-worktrees/基础库-密码公钥核验/库/标准库/数学运算。豫 | 运行 7/24
[启动] parse：/Users/zhiboc/repos/yuyan-worktrees/基础库-密码公钥核验/库/标准库/数据结构/字符流术。豫 | 运行 8/24
[完成] 语法解析：/Users/zhiboc/repos/yuyan-worktrees/基础库-密码公钥核验/库/标准库/数学运算。豫 | PID 29102 | 退出 0 | 运行 7/24 | 已完成 110
[完成] 类型检查：/Users/zhiboc/repos/yuyan-worktrees/基础库-密码公钥核验/库/标准库/语言核心/异常。豫 | PID 29102 | 退出 0 | 运行 6/24 | 已完成 111
[启动] type-check-and-erase：/Users/zhiboc/repos/yuyan-worktrees/基础库-密码公钥核验/库/标准库/语言核心。豫 | 运行 7/24
[启动] type-check-and-erase：/Users/zhiboc/repos/yuyan-worktrees/基础库-密码公钥核验/库/标准库/数据结构/可选值。豫 | 运行 8/24
[完成] 类型检查：/Users/zhiboc/repos/yuyan-worktrees/基础库-密码公钥核验/库/标准库/操作系统/环境变量。豫 | PID 29102 | 退出 0 | 运行 7/24 | 已完成 112
[完成] 语法解析：/Users/zhiboc/repos/yuyan-worktrees/基础库-密码公钥核验/库/标准库/网络/传输控制协议。豫 | PID 29102 | 退出 0 | 运行 6/24 | 已完成 113
[启动] type-check-and-erase：/Users/zhiboc/repos/yuyan-worktrees/基础库-密码公钥核验/库/标准库/网络/传输控制协议。豫 | 运行 7/24
[完成] 类型检查：/Users/zhiboc/repos/yuyan-worktrees/基础库-密码公钥核验/库/标准库/操作系统/时间。豫 | PID 29102 | 退出 0 | 运行 6/24 | 已完成 114
[完成] 语法解析：/Users/zhiboc/repos/yuyan-worktrees/基础库-密码公钥核验/库/标准库/数据结构/字符流术。豫 | PID 29102 | 退出 0 | 运行 5/24 | 已完成 115
[完成] 类型检查：/Users/zhiboc/repos/yuyan-worktrees/基础库-密码公钥核验/库/标准库/数据结构/可选值。豫 | PID 29102 | 退出 0 | 运行 4/24 | 已完成 116
[启动] type-check-and-erase：/Users/zhiboc/repos/yuyan-worktrees/基础库-密码公钥核验/库/标准库/数据结构/多态列。豫 | 运行 5/24
[完成] 类型检查：/Users/zhiboc/repos/yuyan-worktrees/基础库-密码公钥核验/库/标准库/网络/传输控制协议。豫 | PID 29102 | 退出 0 | 运行 4/24 | 已完成 117
[完成] 类型检查：/Users/zhiboc/repos/yuyan-worktrees/基础库-密码公钥核验/库/标准库/数据结构/多态列。豫 | PID 29102 | 退出 0 | 运行 3/24 | 已完成 118
[启动] type-check-and-erase：/Users/zhiboc/repos/yuyan-worktrees/基础库-密码公钥核验/库/标准库/数学运算/数组转换。豫 | 运行 4/24
[启动] type-check-and-erase：/Users/zhiboc/repos/yuyan-worktrees/基础库-密码公钥核验/库/标准库/数学运算/具体列。豫 | 运行 5/24
[完成] 语法解析：/Users/zhiboc/repos/yuyan-worktrees/基础库-密码公钥核验/库/标准库/宿主带列。接口。豫 | PID 29102 | 退出 0 | 运行 4/24 | 已完成 119
[启动] parse：/Users/zhiboc/repos/yuyan-worktrees/基础库-密码公钥核验/库/标准库/操作系统/文件系统。豫 | 运行 5/24
[启动] parse：/Users/zhiboc/repos/yuyan-worktrees/基础库-密码公钥核验/库/标准库/操作系统/命令行参数。豫 | 运行 6/24
[启动] parse：/Users/zhiboc/repos/yuyan-worktrees/基础库-密码公钥核验/库/标准库/控制/异步。豫 | 运行 7/24
[启动] type-check-and-erase：/Users/zhiboc/repos/yuyan-worktrees/基础库-密码公钥核验/库/标准库/宿主带列。接口。豫 | 运行 8/24
[完成] 语法解析：/Users/zhiboc/repos/yuyan-worktrees/基础库-密码公钥核验/库/标准库/操作系统/命令行参数。豫 | PID 29102 | 退出 0 | 运行 7/24 | 已完成 120
[完成] 类型检查：/Users/zhiboc/repos/yuyan-worktrees/基础库-密码公钥核验/库/标准库/语言核心。豫 | PID 29102 | 退出 0 | 运行 6/24 | 已完成 121
[完成] 类型检查：/Users/zhiboc/repos/yuyan-worktrees/基础库-密码公钥核验/库/标准库/数学运算/数组转换。豫 | PID 29102 | 退出 0 | 运行 5/24 | 已完成 122
[启动] type-check-and-erase：/Users/zhiboc/repos/yuyan-worktrees/基础库-密码公钥核验/库/标准库/数据结构/字符流术。豫 | 运行 6/24
[完成] 语法解析：/Users/zhiboc/repos/yuyan-worktrees/基础库-密码公钥核验/库/标准库/数据结构/多态列工具。豫 | PID 29102 | 退出 0 | 运行 5/24 | 已完成 123
[启动] parse：/Users/zhiboc/repos/yuyan-worktrees/基础库-密码公钥核验/库/标准库/数据结构/字符串术。豫 | 运行 6/24
[启动] type-check-and-erase：/Users/zhiboc/repos/yuyan-worktrees/基础库-密码公钥核验/库/标准库/数据结构/多态列工具。豫 | 运行 7/24
[完成] 类型检查：/Users/zhiboc/repos/yuyan-worktrees/基础库-密码公钥核验/库/标准库/数据结构/字符流术。豫 | PID 29102 | 退出 0 | 运行 6/24 | 已完成 124
[完成] 语法解析：/Users/zhiboc/repos/yuyan-worktrees/基础库-密码公钥核验/库/标准库/控制/异步。豫 | PID 29102 | 退出 0 | 运行 5/24 | 已完成 125
[启动] parse：/Users/zhiboc/repos/yuyan-worktrees/基础库-密码公钥核验/库/标准库/控制。豫 | 运行 6/24
[启动] parse：/Users/zhiboc/repos/yuyan-worktrees/基础库-密码公钥核验/库/标准库/网络/异步传输控制协议。豫 | 运行 7/24
[完成] 类型检查：/Users/zhiboc/repos/yuyan-worktrees/基础库-密码公钥核验/库/标准库/数据结构/多态列工具。豫 | PID 29102 | 退出 0 | 运行 6/24 | 已完成 126
[完成] 类型检查：/Users/zhiboc/repos/yuyan-worktrees/基础库-密码公钥核验/库/标准库/宿主带列。接口。豫 | PID 29102 | 退出 0 | 运行 5/24 | 已完成 127
[启动] type-check-and-erase：/Users/zhiboc/repos/yuyan-worktrees/基础库-密码公钥核验/库/标准库/操作系统/命令行参数。豫 | 运行 6/24
[启动] type-check-and-erase：/Users/zhiboc/repos/yuyan-worktrees/基础库-密码公钥核验/库/标准库/控制/异步。豫 | 运行 7/24
[完成] 类型检查：/Users/zhiboc/repos/yuyan-worktrees/基础库-密码公钥核验/库/标准库/数学运算/具体列。豫 | PID 29102 | 退出 0 | 运行 6/24 | 已完成 128
[启动] type-check-and-erase：/Users/zhiboc/repos/yuyan-worktrees/基础库-密码公钥核验/库/标准库/数学运算。豫 | 运行 7/24
[完成] 语法解析：/Users/zhiboc/repos/yuyan-worktrees/基础库-密码公钥核验/库/标准库/网络/异步传输控制协议。豫 | PID 29102 | 退出 0 | 运行 6/24 | 已完成 129
[完成] 语法解析：/Users/zhiboc/repos/yuyan-worktrees/基础库-密码公钥核验/库/标准库/控制。豫 | PID 29102 | 退出 0 | 运行 5/24 | 已完成 130
[完成] 语法解析：/Users/zhiboc/repos/yuyan-worktrees/基础库-密码公钥核验/库/标准库/操作系统/文件系统。豫 | PID 29102 | 退出 0 | 运行 4/24 | 已完成 131
[启动] type-check-and-erase：/Users/zhiboc/repos/yuyan-worktrees/基础库-密码公钥核验/库/标准库/操作系统/文件系统。豫 | 运行 5/24
[完成] 类型检查：/Users/zhiboc/repos/yuyan-worktrees/基础库-密码公钥核验/库/标准库/操作系统/命令行参数。豫 | PID 29102 | 退出 0 | 运行 4/24 | 已完成 132
[完成] 类型检查：/Users/zhiboc/repos/yuyan-worktrees/基础库-密码公钥核验/库/标准库/数学运算。豫 | PID 29102 | 退出 0 | 运行 3/24 | 已完成 133
[完成] 类型检查：/Users/zhiboc/repos/yuyan-worktrees/基础库-密码公钥核验/库/标准库/控制/异步。豫 | PID 29102 | 退出 0 | 运行 2/24 | 已完成 134
[启动] type-check-and-erase：/Users/zhiboc/repos/yuyan-worktrees/基础库-密码公钥核验/库/标准库/控制。豫 | 运行 3/24
[启动] type-check-and-erase：/Users/zhiboc/repos/yuyan-worktrees/基础库-密码公钥核验/库/标准库/网络/异步传输控制协议。豫 | 运行 4/24
[完成] 类型检查：/Users/zhiboc/repos/yuyan-worktrees/基础库-密码公钥核验/库/标准库/操作系统/文件系统。豫 | PID 29102 | 退出 0 | 运行 3/24 | 已完成 135
[完成] 类型检查：/Users/zhiboc/repos/yuyan-worktrees/基础库-密码公钥核验/库/标准库/控制。豫 | PID 29102 | 退出 0 | 运行 2/24 | 已完成 136
[完成] 类型检查：/Users/zhiboc/repos/yuyan-worktrees/基础库-密码公钥核验/库/标准库/网络/异步传输控制协议。豫 | PID 29102 | 退出 0 | 运行 1/24 | 已完成 137
[完成] 语法解析：/Users/zhiboc/repos/yuyan-worktrees/基础库-密码公钥核验/库/标准库/数据结构/字符串术。豫 | PID 29102 | 退出 0 | 运行 0/24 | 已完成 138
[启动] parse：/Users/zhiboc/repos/yuyan-worktrees/基础库-密码公钥核验/库/标准库/操作系统/子进程。豫 | 运行 1/24
[启动] parse：/Users/zhiboc/repos/yuyan-worktrees/基础库-密码公钥核验/库/标准库/数据结构/特殊字符。豫 | 运行 2/24
[启动] parse：/Users/zhiboc/repos/yuyan-worktrees/基础库-密码公钥核验/库/标准库/数据结构/对子术。豫 | 运行 3/24
[启动] type-check-and-erase：/Users/zhiboc/repos/yuyan-worktrees/基础库-密码公钥核验/库/标准库/数据结构/字符串术。豫 | 运行 4/24
[完成] 语法解析：/Users/zhiboc/repos/yuyan-worktrees/基础库-密码公钥核验/库/标准库/操作系统/子进程。豫 | PID 29102 | 退出 0 | 运行 3/24 | 已完成 139
[完成] 语法解析：/Users/zhiboc/repos/yuyan-worktrees/基础库-密码公钥核验/库/标准库/数据结构/对子术。豫 | PID 29102 | 退出 0 | 运行 2/24 | 已完成 140
[启动] parse：/Users/zhiboc/repos/yuyan-worktrees/基础库-密码公钥核验/库/标准库/数据结构/列表搜索。豫 | 运行 3/24
[完成] 类型检查：/Users/zhiboc/repos/yuyan-worktrees/基础库-密码公钥核验/库/标准库/数据结构/字符串术。豫 | PID 29102 | 退出 0 | 运行 2/24 | 已完成 141
[启动] type-check-and-erase：/Users/zhiboc/repos/yuyan-worktrees/基础库-密码公钥核验/库/标准库/操作系统/子进程。豫 | 运行 3/24
[启动] type-check-and-erase：/Users/zhiboc/repos/yuyan-worktrees/基础库-密码公钥核验/库/标准库/数据结构/对子术。豫 | 运行 4/24
[完成] 语法解析：/Users/zhiboc/repos/yuyan-worktrees/基础库-密码公钥核验/库/标准库/数据结构/列表搜索。豫 | PID 29102 | 退出 0 | 运行 3/24 | 已完成 142
[启动] parse：/Users/zhiboc/repos/yuyan-worktrees/基础库-密码公钥核验/库/标准库/数据结构/字典术。豫 | 运行 4/24
[完成] 语法解析：/Users/zhiboc/repos/yuyan-worktrees/基础库-密码公钥核验/库/标准库/数据结构/特殊字符。豫 | PID 29102 | 退出 0 | 运行 3/24 | 已完成 143
[启动] parse：/Users/zhiboc/repos/yuyan-worktrees/基础库-密码公钥核验/库/标准库/网络/超文本传输协议。豫 | 运行 4/24
[启动] type-check-and-erase：/Users/zhiboc/repos/yuyan-worktrees/基础库-密码公钥核验/库/标准库/数据结构/特殊字符。豫 | 运行 5/24
[完成] 语法解析：/Users/zhiboc/repos/yuyan-worktrees/基础库-密码公钥核验/库/标准库/数据结构/字典术。豫 | PID 29102 | 退出 0 | 运行 4/24 | 已完成 144
[启动] parse：/Users/zhiboc/repos/yuyan-worktrees/基础库-密码公钥核验/库/标准库/数据结构。豫 | 运行 5/24
[启动] parse：/Users/zhiboc/repos/yuyan-worktrees/基础库-密码公钥核验/库/标准库/豫言标准内核。豫 | 运行 6/24
[完成] 类型检查：/Users/zhiboc/repos/yuyan-worktrees/基础库-密码公钥核验/库/标准库/数据结构/对子术。豫 | PID 29102 | 退出 0 | 运行 5/24 | 已完成 145
[启动] type-check-and-erase：/Users/zhiboc/repos/yuyan-worktrees/基础库-密码公钥核验/库/标准库/数据结构/列表搜索。豫 | 运行 6/24
[完成] 语法解析：/Users/zhiboc/repos/yuyan-worktrees/基础库-密码公钥核验/库/标准库/数据结构。豫 | PID 29102 | 退出 0 | 运行 5/24 | 已完成 146
[完成] 类型检查：/Users/zhiboc/repos/yuyan-worktrees/基础库-密码公钥核验/库/标准库/数据结构/列表搜索。豫 | PID 29102 | 退出 0 | 运行 4/24 | 已完成 147
[启动] type-check-and-erase：/Users/zhiboc/repos/yuyan-worktrees/基础库-密码公钥核验/库/标准库/数据结构/字典术。豫 | 运行 5/24
[完成] 语法解析：/Users/zhiboc/repos/yuyan-worktrees/基础库-密码公钥核验/库/标准库/网络/超文本传输协议。豫 | PID 29102 | 退出 0 | 运行 4/24 | 已完成 148
[启动] parse：/Users/zhiboc/repos/yuyan-worktrees/基础库-密码公钥核验/库/标准库/网络。豫 | 运行 5/24
[完成] 语法解析：/Users/zhiboc/repos/yuyan-worktrees/基础库-密码公钥核验/库/标准库/网络。豫 | PID 29102 | 退出 0 | 运行 4/24 | 已完成 149
[完成] 类型检查：/Users/zhiboc/repos/yuyan-worktrees/基础库-密码公钥核验/库/标准库/数据结构/字典术。豫 | PID 29102 | 退出 0 | 运行 3/24 | 已完成 150
[完成] 类型检查：/Users/zhiboc/repos/yuyan-worktrees/基础库-密码公钥核验/库/标准库/操作系统/子进程。豫 | PID 29102 | 退出 0 | 运行 2/24 | 已完成 151
[完成] 语法解析：/Users/zhiboc/repos/yuyan-worktrees/基础库-密码公钥核验/库/标准库/豫言标准内核。豫 | PID 29102 | 退出 0 | 运行 1/24 | 已完成 152
[启动] parse：/Users/zhiboc/repos/yuyan-worktrees/基础库-密码公钥核验/库/标准库/操作系统/路径。豫 | 运行 2/24
[启动] type-check-and-erase：/Users/zhiboc/repos/yuyan-worktrees/基础库-密码公钥核验/库/标准库/豫言标准内核。豫 | 运行 3/24
[完成] 语法解析：/Users/zhiboc/repos/yuyan-worktrees/基础库-密码公钥核验/库/标准库/操作系统/路径。豫 | PID 29102 | 退出 0 | 运行 2/24 | 已完成 153
[启动] parse：/Users/zhiboc/repos/yuyan-worktrees/基础库-密码公钥核验/库/标准库/操作系统。豫 | 运行 3/24
[完成] 语法解析：/Users/zhiboc/repos/yuyan-worktrees/基础库-密码公钥核验/库/标准库/操作系统。豫 | PID 29102 | 退出 0 | 运行 2/24 | 已完成 154
[启动] parse：/Users/zhiboc/repos/yuyan-worktrees/基础库-密码公钥核验/库/标准库/总集。豫 | 运行 3/24
[完成] 类型检查：/Users/zhiboc/repos/yuyan-worktrees/基础库-密码公钥核验/库/标准库/豫言标准内核。豫 | PID 29102 | 退出 0 | 运行 2/24 | 已完成 155
[启动] type-check-and-erase：/Users/zhiboc/repos/yuyan-worktrees/基础库-密码公钥核验/库/标准库/操作系统/路径。豫 | 运行 3/24
[完成] 语法解析：/Users/zhiboc/repos/yuyan-worktrees/基础库-密码公钥核验/库/标准库/总集。豫 | PID 29102 | 退出 0 | 运行 2/24 | 已完成 156
[启动] parse：/Users/zhiboc/repos/yuyan-worktrees/基础库-密码公钥核验/库/基础库/密码与安全/密码/字节。豫 | 运行 3/24
[启动] parse：/Users/zhiboc/repos/yuyan-worktrees/基础库-密码公钥核验/库/基础库/密码与安全/密码/散列。豫 | 运行 4/24
[完成] 类型检查：/Users/zhiboc/repos/yuyan-worktrees/基础库-密码公钥核验/库/标准库/操作系统/路径。豫 | PID 29102 | 退出 0 | 运行 3/24 | 已完成 157
[启动] type-check-and-erase：/Users/zhiboc/repos/yuyan-worktrees/基础库-密码公钥核验/库/标准库/操作系统。豫 | 运行 4/24
[完成] 语法解析：/Users/zhiboc/repos/yuyan-worktrees/基础库-密码公钥核验/库/基础库/密码与安全/密码/散列。豫 | PID 29102 | 退出 0 | 运行 3/24 | 已完成 158
[完成] 类型检查：/Users/zhiboc/repos/yuyan-worktrees/基础库-密码公钥核验/库/标准库/数据结构/特殊字符。豫 | PID 29102 | 退出 0 | 运行 2/24 | 已完成 159
[启动] type-check-and-erase：/Users/zhiboc/repos/yuyan-worktrees/基础库-密码公钥核验/库/标准库/数据结构。豫 | 运行 3/24
[启动] type-check-and-erase：/Users/zhiboc/repos/yuyan-worktrees/基础库-密码公钥核验/库/标准库/网络/超文本传输协议。豫 | 运行 4/24
[完成] 类型检查：/Users/zhiboc/repos/yuyan-worktrees/基础库-密码公钥核验/库/标准库/操作系统。豫 | PID 29102 | 退出 0 | 运行 3/24 | 已完成 160
[完成] 语法解析：/Users/zhiboc/repos/yuyan-worktrees/基础库-密码公钥核验/库/基础库/密码与安全/密码/字节。豫 | PID 29102 | 退出 0 | 运行 2/24 | 已完成 161
[启动] parse：/Users/zhiboc/repos/yuyan-worktrees/基础库-密码公钥核验/库/基础库/密码与安全/密码/派生。豫 | 运行 3/24
[完成] 类型检查：/Users/zhiboc/repos/yuyan-worktrees/基础库-密码公钥核验/库/标准库/网络/超文本传输协议。豫 | PID 29102 | 退出 0 | 运行 2/24 | 已完成 162
[启动] type-check-and-erase：/Users/zhiboc/repos/yuyan-worktrees/基础库-密码公钥核验/库/标准库/网络。豫 | 运行 3/24
[完成] 类型检查：/Users/zhiboc/repos/yuyan-worktrees/基础库-密码公钥核验/库/标准库/数据结构。豫 | PID 29102 | 退出 0 | 运行 2/24 | 已完成 163
[完成] 类型检查：/Users/zhiboc/repos/yuyan-worktrees/基础库-密码公钥核验/库/标准库/网络。豫 | PID 29102 | 退出 0 | 运行 1/24 | 已完成 164
[启动] type-check-and-erase：/Users/zhiboc/repos/yuyan-worktrees/基础库-密码公钥核验/库/标准库/总集。豫 | 运行 2/24
[完成] 语法解析：/Users/zhiboc/repos/yuyan-worktrees/基础库-密码公钥核验/库/基础库/密码与安全/密码/派生。豫 | PID 29102 | 退出 0 | 运行 1/24 | 已完成 165
[启动] parse：/Users/zhiboc/repos/yuyan-worktrees/基础库-密码公钥核验/库/基础库/密码与安全/密码/口令内存。豫 | 运行 2/24
[完成] 类型检查：/Users/zhiboc/repos/yuyan-worktrees/基础库-密码公钥核验/库/标准库/总集。豫 | PID 29102 | 退出 0 | 运行 1/24 | 已完成 166
[启动] type-check-and-erase：/Users/zhiboc/repos/yuyan-worktrees/基础库-密码公钥核验/库/基础库/密码与安全/密码/字节。豫 | 运行 2/24
[启动] type-check-and-erase：/Users/zhiboc/repos/yuyan-worktrees/基础库-密码公钥核验/库/基础库/密码与安全/密码/散列。豫 | 运行 3/24
[完成] 语法解析：/Users/zhiboc/repos/yuyan-worktrees/基础库-密码公钥核验/库/基础库/密码与安全/密码/口令内存。豫 | PID 29102 | 退出 0 | 运行 2/24 | 已完成 167
[完成] 类型检查：/Users/zhiboc/repos/yuyan-worktrees/基础库-密码公钥核验/库/基础库/密码与安全/密码/散列。豫 | PID 29102 | 退出 0 | 运行 1/24 | 已完成 168
[完成] 类型检查：/Users/zhiboc/repos/yuyan-worktrees/基础库-密码公钥核验/库/基础库/密码与安全/密码/字节。豫 | PID 29102 | 退出 0 | 运行 0/24 | 已完成 169
[启动] type-check-and-erase：/Users/zhiboc/repos/yuyan-worktrees/基础库-密码公钥核验/库/基础库/密码与安全/密码/派生。豫 | 运行 1/24
[完成] 类型检查：/Users/zhiboc/repos/yuyan-worktrees/基础库-密码公钥核验/库/基础库/密码与安全/密码/派生。豫 | PID 29102 | 退出 0 | 运行 0/24 | 已完成 170
[启动] type-check-and-erase：/Users/zhiboc/repos/yuyan-worktrees/基础库-密码公钥核验/库/基础库/密码与安全/密码/口令内存。豫 | 运行 1/24
[完成] 类型检查：/Users/zhiboc/repos/yuyan-worktrees/基础库-密码公钥核验/库/基础库/密码与安全/密码/口令内存。豫 | PID 29102 | 退出 0 | 运行 0/24 | 已完成 171
[启动] exec-gen：/Users/zhiboc/repos/yuyan-worktrees/基础库-密码公钥核验/库/基础库/密码与安全/密码/口令内存。豫 | 运行 1/24
[完成] 最终链接：/Users/zhiboc/repos/yuyan-worktrees/基础库-密码公钥核验/库/基础库/密码与安全/密码/口令内存。豫 | PID 29102 | 退出 0 | 运行 0/24 | 已完成 172
[2026-10-08 01:02:49] 当前路径：/Users/zhiboc/repos/yuyan-worktrees/基础库-密码公钥核验/yyRSA验证链

[2026-10-08 01:02:49] 当前路径：/Users/zhiboc/repos/yuyan-worktrees/基础库-密码公钥核验/yyRSA验证链
[启动] dependency-analysis：/Users/zhiboc/repos/yuyan-worktrees/基础库-密码公钥核验/库/基础库/密码与安全/密码/字节。豫 | 运行 1/24
[完成] 依赖分析：/Users/zhiboc/repos/yuyan-worktrees/基础库-密码公钥核验/库/基础库/密码与安全/密码/字节。豫 | PID 29135 | 退出 0 | 运行 0/24 | 已完成 1
[启动] dependency-analysis：/Users/zhiboc/repos/yuyan-worktrees/基础库-密码公钥核验/库/标准库/总集。豫 | 运行 1/24
[启动] dependency-analysis：/Users/zhiboc/repos/yuyan-worktrees/基础库-密码公钥核验/库/标准库/数据结构/整数操作。豫 | 运行 2/24
[完成] 依赖分析：/Users/zhiboc/repos/yuyan-worktrees/基础库-密码公钥核验/库/标准库/总集。豫 | PID 29135 | 退出 0 | 运行 1/24 | 已完成 2
[启动] dependency-analysis：/Users/zhiboc/repos/yuyan-worktrees/基础库-密码公钥核验/库/标准库/操作系统。豫 | 运行 2/24
[启动] dependency-analysis：/Users/zhiboc/repos/yuyan-worktrees/基础库-密码公钥核验/库/标准库/控制。豫 | 运行 3/24
[启动] dependency-analysis：/Users/zhiboc/repos/yuyan-worktrees/基础库-密码公钥核验/库/标准库/数学运算。豫 | 运行 4/24
[启动] dependency-analysis：/Users/zhiboc/repos/yuyan-worktrees/基础库-密码公钥核验/库/标准库/数据结构。豫 | 运行 5/24
[启动] dependency-analysis：/Users/zhiboc/repos/yuyan-worktrees/基础库-密码公钥核验/库/标准库/输入输出。豫 | 运行 6/24
[启动] dependency-analysis：/Users/zhiboc/repos/yuyan-worktrees/基础库-密码公钥核验/库/标准库/语言核心。豫 | 运行 7/24
[启动] dependency-analysis：/Users/zhiboc/repos/yuyan-worktrees/基础库-密码公钥核验/库/标准库/网络。豫 | 运行 8/24
[启动] dependency-analysis：/Users/zhiboc/repos/yuyan-worktrees/基础库-密码公钥核验/库/标准库/豫言标准内核。豫 | 运行 9/24
[完成] 依赖分析：/Users/zhiboc/repos/yuyan-worktrees/基础库-密码公钥核验/库/标准库/操作系统。豫 | PID 29135 | 退出 0 | 运行 8/24 | 已完成 3
[启动] dependency-analysis：/Users/zhiboc/repos/yuyan-worktrees/基础库-密码公钥核验/库/标准库/操作系统/子进程。豫 | 运行 9/24
[启动] dependency-analysis：/Users/zhiboc/repos/yuyan-worktrees/基础库-密码公钥核验/库/标准库/操作系统/命令行参数。豫 | 运行 10/24
[启动] dependency-analysis：/Users/zhiboc/repos/yuyan-worktrees/基础库-密码公钥核验/库/标准库/操作系统/文件系统。豫 | 运行 11/24
[启动] dependency-analysis：/Users/zhiboc/repos/yuyan-worktrees/基础库-密码公钥核验/库/标准库/操作系统/进程。豫 | 运行 12/24
[启动] dependency-analysis：/Users/zhiboc/repos/yuyan-worktrees/基础库-密码公钥核验/库/标准库/操作系统/时间。豫 | 运行 13/24
[启动] dependency-analysis：/Users/zhiboc/repos/yuyan-worktrees/基础库-密码公钥核验/库/标准库/操作系统/路径。豫 | 运行 14/24
[启动] dependency-analysis：/Users/zhiboc/repos/yuyan-worktrees/基础库-密码公钥核验/库/标准库/操作系统/系统名称。豫 | 运行 15/24
[启动] dependency-analysis：/Users/zhiboc/repos/yuyan-worktrees/基础库-密码公钥核验/库/标准库/操作系统/环境变量。豫 | 运行 16/24
[完成] 依赖分析：/Users/zhiboc/repos/yuyan-worktrees/基础库-密码公钥核验/库/标准库/操作系统/文件系统。豫 | PID 29135 | 退出 0 | 运行 15/24 | 已完成 4
[启动] dependency-analysis：/Users/zhiboc/repos/yuyan-worktrees/基础库-密码公钥核验/库/标准库/语言核心/内建类型。豫 | 运行 16/24
[启动] dependency-analysis：/Users/zhiboc/repos/yuyan-worktrees/基础库-密码公钥核验/库/标准库/数据结构/多态列。豫 | 运行 17/24
[启动] dependency-analysis：/Users/zhiboc/repos/yuyan-worktrees/基础库-密码公钥核验/库/标准库/数据结构/字节串。豫 | 运行 18/24
[启动] dependency-analysis：/Users/zhiboc/repos/yuyan-worktrees/基础库-密码公钥核验/库/标准库/宿主。接口。豫 | 运行 19/24
[启动] dependency-analysis：/Users/zhiboc/repos/yuyan-worktrees/基础库-密码公钥核验/库/标准库/宿主带列。接口。豫 | 运行 20/24
[完成] 依赖分析：/Users/zhiboc/repos/yuyan-worktrees/基础库-密码公钥核验/库/标准库/操作系统/子进程。豫 | PID 29135 | 退出 0 | 运行 19/24 | 已完成 5
[启动] dependency-analysis：/Users/zhiboc/repos/yuyan-worktrees/基础库-密码公钥核验/库/标准库/语言核心/异常。豫 | 运行 20/24
[启动] dependency-analysis：/Users/zhiboc/repos/yuyan-worktrees/基础库-密码公钥核验/库/标准库/数据结构/字符串术。豫 | 运行 21/24
[启动] dependency-analysis：/Users/zhiboc/repos/yuyan-worktrees/基础库-密码公钥核验/库/标准库/输入输出/笔。豫 | 运行 22/24
[完成] 依赖分析：/Users/zhiboc/repos/yuyan-worktrees/基础库-密码公钥核验/库/标准库/网络。豫 | PID 29135 | 退出 0 | 运行 21/24 | 已完成 6
[启动] dependency-analysis：/Users/zhiboc/repos/yuyan-worktrees/基础库-密码公钥核验/库/标准库/网络/传输控制协议。豫 | 运行 22/24
[启动] dependency-analysis：/Users/zhiboc/repos/yuyan-worktrees/基础库-密码公钥核验/库/标准库/网络/异步传输控制协议。豫 | 运行 23/24
[启动] dependency-analysis：/Users/zhiboc/repos/yuyan-worktrees/基础库-密码公钥核验/库/标准库/网络/超文本传输协议。豫 | 运行 24/24
[完成] 依赖分析：/Users/zhiboc/repos/yuyan-worktrees/基础库-密码公钥核验/库/标准库/语言核心。豫 | PID 29135 | 退出 0 | 运行 23/24 | 已完成 7
[启动] dependency-analysis：/Users/zhiboc/repos/yuyan-worktrees/基础库-密码公钥核验/库/标准库/语言核心/续延。豫 | 运行 24/24
[完成] 依赖分析：/Users/zhiboc/repos/yuyan-worktrees/基础库-密码公钥核验/库/标准库/输入输出。豫 | PID 29135 | 退出 0 | 运行 23/24 | 已完成 8
[启动] dependency-analysis：/Users/zhiboc/repos/yuyan-worktrees/基础库-密码公钥核验/库/标准库/语言核心/引用。豫 | 运行 24/24
[完成] 依赖分析：/Users/zhiboc/repos/yuyan-worktrees/基础库-密码公钥核验/库/标准库/数学运算。豫 | PID 29135 | 退出 0 | 运行 23/24 | 已完成 9
[启动] dependency-analysis：/Users/zhiboc/repos/yuyan-worktrees/基础库-密码公钥核验/库/标准库/语言核心/不安全。豫 | 运行 24/24
[完成] 依赖分析：/Users/zhiboc/repos/yuyan-worktrees/基础库-密码公钥核验/库/标准库/控制。豫 | PID 29135 | 退出 0 | 运行 23/24 | 已完成 10
[启动] dependency-analysis：/Users/zhiboc/repos/yuyan-worktrees/基础库-密码公钥核验/库/标准库/语言核心/异步原语。豫 | 运行 24/24
[完成] 依赖分析：/Users/zhiboc/repos/yuyan-worktrees/基础库-密码公钥核验/库/标准库/数据结构/整数操作。豫 | PID 29135 | 退出 0 | 运行 23/24 | 已完成 11
[启动] dependency-analysis：/Users/zhiboc/repos/yuyan-worktrees/基础库-密码公钥核验/库/标准库/数学运算/转换。豫 | 运行 24/24
[完成] 依赖分析：/Users/zhiboc/repos/yuyan-worktrees/基础库-密码公钥核验/库/标准库/数据结构/多态列。豫 | PID 29135 | 退出 0 | 运行 23/24 | 已完成 12
[启动] dependency-analysis：/Users/zhiboc/repos/yuyan-worktrees/基础库-密码公钥核验/库/标准库/数学运算/具体列。豫 | 运行 24/24
[完成] 依赖分析：/Users/zhiboc/repos/yuyan-worktrees/基础库-密码公钥核验/库/标准库/数据结构/字节串。豫 | PID 29135 | 退出 0 | 运行 23/24 | 已完成 13
[启动] dependency-analysis：/Users/zhiboc/repos/yuyan-worktrees/基础库-密码公钥核验/库/标准库/数学运算/随机。豫 | 运行 24/24
[完成] 依赖分析：/Users/zhiboc/repos/yuyan-worktrees/基础库-密码公钥核验/库/标准库/宿主带列。接口。豫 | PID 29135 | 退出 0 | 运行 23/24 | 已完成 14
[启动] dependency-analysis：/Users/zhiboc/repos/yuyan-worktrees/基础库-密码公钥核验/库/标准库/数学运算/大小。豫 | 运行 24/24
[完成] 依赖分析：/Users/zhiboc/repos/yuyan-worktrees/基础库-密码公钥核验/库/标准库/语言核心/异常。豫 | PID 29135 | 退出 0 | 运行 23/24 | 已完成 15
[启动] dependency-analysis：/Users/zhiboc/repos/yuyan-worktrees/基础库-密码公钥核验/库/标准库/数学运算/数组转换。豫 | 运行 24/24
[完成] 依赖分析：/Users/zhiboc/repos/yuyan-worktrees/基础库-密码公钥核验/库/标准库/数据结构/字符串术。豫 | PID 29135 | 退出 0 | 运行 23/24 | 已完成 16
[启动] dependency-analysis：/Users/zhiboc/repos/yuyan-worktrees/基础库-密码公钥核验/库/标准库/控制/惰性求值。豫 | 运行 24/24
[完成] 依赖分析：/Users/zhiboc/repos/yuyan-worktrees/基础库-密码公钥核验/库/标准库/网络/异步传输控制协议。豫 | PID 29135 | 退出 0 | 运行 23/24 | 已完成 17
[启动] dependency-analysis：/Users/zhiboc/repos/yuyan-worktrees/基础库-密码公钥核验/库/标准库/控制/异步。豫 | 运行 24/24
[完成] 依赖分析：/Users/zhiboc/repos/yuyan-worktrees/基础库-密码公钥核验/库/标准库/网络/超文本传输协议。豫 | PID 29135 | 退出 0 | 运行 23/24 | 已完成 18
[启动] dependency-analysis：/Users/zhiboc/repos/yuyan-worktrees/基础库-密码公钥核验/库/标准库/语言核心/原语。内建。豫 | 运行 24/24
[完成] 依赖分析：/Users/zhiboc/repos/yuyan-worktrees/基础库-密码公钥核验/库/标准库/语言核心/续延。豫 | PID 29135 | 退出 0 | 运行 23/24 | 已完成 19
[启动] dependency-analysis：/Users/zhiboc/repos/yuyan-worktrees/基础库-密码公钥核验/库/标准库/数据结构/爻术。豫 | 运行 24/24
[完成] 依赖分析：/Users/zhiboc/repos/yuyan-worktrees/基础库-密码公钥核验/库/标准库/语言核心/引用。豫 | PID 29135 | 退出 0 | 运行 23/24 | 已完成 20
[启动] dependency-analysis：/Users/zhiboc/repos/yuyan-worktrees/基础库-密码公钥核验/库/标准库/数据结构/可选值。豫 | 运行 24/24
[完成] 依赖分析：/Users/zhiboc/repos/yuyan-worktrees/基础库-密码公钥核验/库/标准库/语言核心/不安全。豫 | PID 29135 | 退出 0 | 运行 23/24 | 已完成 21
[启动] dependency-analysis：/Users/zhiboc/repos/yuyan-worktrees/基础库-密码公钥核验/库/标准库/数据结构/多态列工具。豫 | 运行 24/24
[完成] 依赖分析：/Users/zhiboc/repos/yuyan-worktrees/基础库-密码公钥核验/库/标准库/语言核心/异步原语。豫 | PID 29135 | 退出 0 | 运行 23/24 | 已完成 22
[启动] dependency-analysis：/Users/zhiboc/repos/yuyan-worktrees/基础库-密码公钥核验/库/标准库/数据结构/特殊字符。豫 | 运行 24/24
[完成] 依赖分析：/Users/zhiboc/repos/yuyan-worktrees/基础库-密码公钥核验/库/标准库/数学运算/转换。豫 | PID 29135 | 退出 0 | 运行 23/24 | 已完成 23
[启动] parse：/Users/zhiboc/repos/yuyan-worktrees/基础库-密码公钥核验/库/标准库/语言核心/续延。豫 | 运行 24/24
[完成] 依赖分析：/Users/zhiboc/repos/yuyan-worktrees/基础库-密码公钥核验/库/标准库/数学运算/大小。豫 | PID 29135 | 退出 0 | 运行 23/24 | 已完成 24
[完成] 依赖分析：/Users/zhiboc/repos/yuyan-worktrees/基础库-密码公钥核验/库/标准库/数学运算/数组转换。豫 | PID 29135 | 退出 0 | 运行 22/24 | 已完成 25
[完成] 依赖分析：/Users/zhiboc/repos/yuyan-worktrees/基础库-密码公钥核验/库/标准库/控制/惰性求值。豫 | PID 29135 | 退出 0 | 运行 21/24 | 已完成 26
[完成] 依赖分析：/Users/zhiboc/repos/yuyan-worktrees/基础库-密码公钥核验/库/标准库/语言核心/原语。内建。豫 | PID 29135 | 退出 0 | 运行 20/24 | 已完成 27
[完成] 依赖分析：/Users/zhiboc/repos/yuyan-worktrees/基础库-密码公钥核验/库/标准库/网络/传输控制协议。豫 | PID 29135 | 退出 0 | 运行 19/24 | 已完成 28
[完成] 依赖分析：/Users/zhiboc/repos/yuyan-worktrees/基础库-密码公钥核验/库/标准库/语言核心/内建类型。豫 | PID 29135 | 退出 0 | 运行 18/24 | 已完成 29
[启动] parse：/Users/zhiboc/repos/yuyan-worktrees/基础库-密码公钥核验/库/标准库/语言核心/内建类型。豫 | 运行 19/24
[完成] 依赖分析：/Users/zhiboc/repos/yuyan-worktrees/基础库-密码公钥核验/库/标准库/操作系统/系统名称。豫 | PID 29135 | 退出 0 | 运行 18/24 | 已完成 30
[完成] 依赖分析：/Users/zhiboc/repos/yuyan-worktrees/基础库-密码公钥核验/库/标准库/操作系统/路径。豫 | PID 29135 | 退出 0 | 运行 17/24 | 已完成 31
[完成] 依赖分析：/Users/zhiboc/repos/yuyan-worktrees/基础库-密码公钥核验/库/标准库/操作系统/时间。豫 | PID 29135 | 退出 0 | 运行 16/24 | 已完成 32
[启动] dependency-analysis：/Users/zhiboc/repos/yuyan-worktrees/基础库-密码公钥核验/库/标准库/数据结构/小数操作。豫 | 运行 17/24
[完成] 依赖分析：/Users/zhiboc/repos/yuyan-worktrees/基础库-密码公钥核验/库/标准库/操作系统/进程。豫 | PID 29135 | 退出 0 | 运行 16/24 | 已完成 33
[完成] 依赖分析：/Users/zhiboc/repos/yuyan-worktrees/基础库-密码公钥核验/库/标准库/操作系统/命令行参数。豫 | PID 29135 | 退出 0 | 运行 15/24 | 已完成 34
[完成] 语法解析：/Users/zhiboc/repos/yuyan-worktrees/基础库-密码公钥核验/库/标准库/语言核心/内建类型。豫 | PID 29135 | 退出 0 | 运行 14/24 | 已完成 35
[启动] parse：/Users/zhiboc/repos/yuyan-worktrees/基础库-密码公钥核验/库/标准库/数学运算/大小。豫 | 运行 15/24
[启动] parse：/Users/zhiboc/repos/yuyan-worktrees/基础库-密码公钥核验/库/标准库/控制/惰性求值。豫 | 运行 16/24
[启动] parse：/Users/zhiboc/repos/yuyan-worktrees/基础库-密码公钥核验/库/标准库/语言核心/原语。内建。豫 | 运行 17/24
[启动] type-check-and-erase：/Users/zhiboc/repos/yuyan-worktrees/基础库-密码公钥核验/库/标准库/语言核心/内建类型。豫 | 运行 18/24
[完成] 依赖分析：/Users/zhiboc/repos/yuyan-worktrees/基础库-密码公钥核验/库/标准库/数据结构/可选值。豫 | PID 29135 | 退出 0 | 运行 17/24 | 已完成 36
[完成] 依赖分析：/Users/zhiboc/repos/yuyan-worktrees/基础库-密码公钥核验/库/标准库/输入输出/笔。豫 | PID 29135 | 退出 0 | 运行 16/24 | 已完成 37
[完成] 依赖分析：/Users/zhiboc/repos/yuyan-worktrees/基础库-密码公钥核验/库/标准库/宿主。接口。豫 | PID 29135 | 退出 0 | 运行 15/24 | 已完成 38
[完成] 依赖分析：/Users/zhiboc/repos/yuyan-worktrees/基础库-密码公钥核验/库/标准库/操作系统/环境变量。豫 | PID 29135 | 退出 0 | 运行 14/24 | 已完成 39
[完成] 依赖分析：/Users/zhiboc/repos/yuyan-worktrees/基础库-密码公钥核验/库/标准库/豫言标准内核。豫 | PID 29135 | 退出 0 | 运行 13/24 | 已完成 40
[启动] dependency-analysis：/Users/zhiboc/repos/yuyan-worktrees/基础库-密码公钥核验/库/标准库/数据结构/小数术。豫 | 运行 14/24
[启动] dependency-analysis：/Users/zhiboc/repos/yuyan-worktrees/基础库-密码公钥核验/库/标准库/数据结构/字典术。豫 | 运行 15/24
[完成] 依赖分析：/Users/zhiboc/repos/yuyan-worktrees/基础库-密码公钥核验/库/标准库/数据结构。豫 | PID 29135 | 退出 0 | 运行 14/24 | 已完成 41
[启动] dependency-analysis：/Users/zhiboc/repos/yuyan-worktrees/基础库-密码公钥核验/库/标准库/数据结构/字符流术。豫 | 运行 15/24
[启动] dependency-analysis：/Users/zhiboc/repos/yuyan-worktrees/基础库-密码公钥核验/库/标准库/数据结构/对子术。豫 | 运行 16/24
[启动] dependency-analysis：/Users/zhiboc/repos/yuyan-worktrees/基础库-密码公钥核验/库/标准库/数据结构/列表搜索。豫 | 运行 17/24
[启动] dependency-analysis：/Users/zhiboc/repos/yuyan-worktrees/基础库-密码公钥核验/库/标准库/数据结构/函数操作。豫 | 运行 18/24
[启动] dependency-analysis：/Users/zhiboc/repos/yuyan-worktrees/基础库-密码公钥核验/库/标准库/数据结构/字节缓冲。豫 | 运行 19/24
[完成] 类型检查：/Users/zhiboc/repos/yuyan-worktrees/基础库-密码公钥核验/库/标准库/语言核心/内建类型。豫 | PID 29135 | 退出 0 | 运行 18/24 | 已完成 42
[完成] 语法解析：/Users/zhiboc/repos/yuyan-worktrees/基础库-密码公钥核验/库/标准库/语言核心/原语。内建。豫 | PID 29135 | 退出 0 | 运行 17/24 | 已完成 43
[启动] parse：/Users/zhiboc/repos/yuyan-worktrees/基础库-密码公钥核验/库/标准库/数据结构/字节串。豫 | 运行 18/24
[启动] parse：/Users/zhiboc/repos/yuyan-worktrees/基础库-密码公钥核验/库/标准库/语言核心/引用。豫 | 运行 19/24
[启动] parse：/Users/zhiboc/repos/yuyan-worktrees/基础库-密码公钥核验/库/标准库/语言核心/不安全。豫 | 运行 20/24
[启动] parse：/Users/zhiboc/repos/yuyan-worktrees/基础库-密码公钥核验/库/标准库/语言核心/异步原语。豫 | 运行 21/24
[启动] parse：/Users/zhiboc/repos/yuyan-worktrees/基础库-密码公钥核验/库/标准库/数学运算/转换。豫 | 运行 22/24
[启动] type-check-and-erase：/Users/zhiboc/repos/yuyan-worktrees/基础库-密码公钥核验/库/标准库/语言核心/原语。内建。豫 | 运行 23/24
[完成] 语法解析：/Users/zhiboc/repos/yuyan-worktrees/基础库-密码公钥核验/库/标准库/控制/惰性求值。豫 | PID 29135 | 退出 0 | 运行 22/24 | 已完成 44
[启动] type-check-and-erase：/Users/zhiboc/repos/yuyan-worktrees/基础库-密码公钥核验/库/标准库/控制/惰性求值。豫 | 运行 23/24
[完成] 依赖分析：/Users/zhiboc/repos/yuyan-worktrees/基础库-密码公钥核验/库/标准库/数据结构/小数操作。豫 | PID 29135 | 退出 0 | 运行 22/24 | 已完成 45
[完成] 语法解析：/Users/zhiboc/repos/yuyan-worktrees/基础库-密码公钥核验/库/标准库/语言核心/续延。豫 | PID 29135 | 退出 0 | 运行 21/24 | 已完成 46
[启动] type-check-and-erase：/Users/zhiboc/repos/yuyan-worktrees/基础库-密码公钥核验/库/标准库/语言核心/续延。豫 | 运行 22/24
[完成] 依赖分析：/Users/zhiboc/repos/yuyan-worktrees/基础库-密码公钥核验/库/标准库/数据结构/特殊字符。豫 | PID 29135 | 退出 0 | 运行 21/24 | 已完成 47
[完成] 依赖分析：/Users/zhiboc/repos/yuyan-worktrees/基础库-密码公钥核验/库/标准库/数据结构/爻术。豫 | PID 29135 | 退出 0 | 运行 20/24 | 已完成 48
[启动] parse：/Users/zhiboc/repos/yuyan-worktrees/基础库-密码公钥核验/库/标准库/数据结构/爻术。豫 | 运行 21/24
[完成] 依赖分析：/Users/zhiboc/repos/yuyan-worktrees/基础库-密码公钥核验/库/标准库/数学运算/随机。豫 | PID 29135 | 退出 0 | 运行 20/24 | 已完成 49
[完成] 语法解析：/Users/zhiboc/repos/yuyan-worktrees/基础库-密码公钥核验/库/标准库/语言核心/引用。豫 | PID 29135 | 退出 0 | 运行 19/24 | 已完成 50
[完成] 语法解析：/Users/zhiboc/repos/yuyan-worktrees/基础库-密码公钥核验/库/标准库/数学运算/转换。豫 | PID 29135 | 退出 0 | 运行 18/24 | 已完成 51
[完成] 语法解析：/Users/zhiboc/repos/yuyan-worktrees/基础库-密码公钥核验/库/标准库/语言核心/不安全。豫 | PID 29135 | 退出 0 | 运行 17/24 | 已完成 52
[完成] 语法解析：/Users/zhiboc/repos/yuyan-worktrees/基础库-密码公钥核验/库/标准库/数据结构/字节串。豫 | PID 29135 | 退出 0 | 运行 16/24 | 已完成 53
[启动] parse：/Users/zhiboc/repos/yuyan-worktrees/基础库-密码公钥核验/库/标准库/宿主。接口。豫 | 运行 17/24
[完成] 依赖分析：/Users/zhiboc/repos/yuyan-worktrees/基础库-密码公钥核验/库/标准库/数据结构/列表搜索。豫 | PID 29135 | 退出 0 | 运行 16/24 | 已完成 54
[完成] 依赖分析：/Users/zhiboc/repos/yuyan-worktrees/基础库-密码公钥核验/库/标准库/数据结构/对子术。豫 | PID 29135 | 退出 0 | 运行 15/24 | 已完成 55
[完成] 依赖分析：/Users/zhiboc/repos/yuyan-worktrees/基础库-密码公钥核验/库/标准库/数据结构/字符流术。豫 | PID 29135 | 退出 0 | 运行 14/24 | 已完成 56
[完成] 依赖分析：/Users/zhiboc/repos/yuyan-worktrees/基础库-密码公钥核验/库/标准库/数据结构/字典术。豫 | PID 29135 | 退出 0 | 运行 13/24 | 已完成 57
[完成] 语法解析：/Users/zhiboc/repos/yuyan-worktrees/基础库-密码公钥核验/库/标准库/数学运算/大小。豫 | PID 29135 | 退出 0 | 运行 12/24 | 已完成 58
[启动] type-check-and-erase：/Users/zhiboc/repos/yuyan-worktrees/基础库-密码公钥核验/库/标准库/数学运算/大小。豫 | 运行 13/24
[完成] 依赖分析：/Users/zhiboc/repos/yuyan-worktrees/基础库-密码公钥核验/库/标准库/数据结构/多态列工具。豫 | PID 29135 | 退出 0 | 运行 12/24 | 已完成 59
[完成] 语法解析：/Users/zhiboc/repos/yuyan-worktrees/基础库-密码公钥核验/库/标准库/数据结构/爻术。豫 | PID 29135 | 退出 0 | 运行 11/24 | 已完成 60
[启动] parse：/Users/zhiboc/repos/yuyan-worktrees/基础库-密码公钥核验/库/标准库/数据结构/整数操作。豫 | 运行 12/24
[启动] type-check-and-erase：/Users/zhiboc/repos/yuyan-worktrees/基础库-密码公钥核验/库/标准库/数据结构/爻术。豫 | 运行 13/24
[完成] 依赖分析：/Users/zhiboc/repos/yuyan-worktrees/基础库-密码公钥核验/库/标准库/数据结构/函数操作。豫 | PID 29135 | 退出 0 | 运行 12/24 | 已完成 61
[启动] parse：/Users/zhiboc/repos/yuyan-worktrees/基础库-密码公钥核验/库/标准库/数据结构/函数操作。豫 | 运行 13/24
[完成] 语法解析：/Users/zhiboc/repos/yuyan-worktrees/基础库-密码公钥核验/库/标准库/宿主。接口。豫 | PID 29135 | 退出 0 | 运行 12/24 | 已完成 62
[启动] parse：/Users/zhiboc/repos/yuyan-worktrees/基础库-密码公钥核验/库/标准库/语言核心/异常。豫 | 运行 13/24
[启动] parse：/Users/zhiboc/repos/yuyan-worktrees/基础库-密码公钥核验/库/标准库/操作系统/系统名称。豫 | 运行 14/24
[启动] parse：/Users/zhiboc/repos/yuyan-worktrees/基础库-密码公钥核验/库/标准库/操作系统/进程。豫 | 运行 15/24
[启动] parse：/Users/zhiboc/repos/yuyan-worktrees/基础库-密码公钥核验/库/标准库/输入输出/笔。豫 | 运行 16/24
[启动] parse：/Users/zhiboc/repos/yuyan-worktrees/基础库-密码公钥核验/库/标准库/操作系统/环境变量。豫 | 运行 17/24
[启动] parse：/Users/zhiboc/repos/yuyan-worktrees/基础库-密码公钥核验/库/标准库/数据结构/小数操作。豫 | 运行 18/24
[启动] parse：/Users/zhiboc/repos/yuyan-worktrees/基础库-密码公钥核验/库/标准库/数学运算/随机。豫 | 运行 19/24
[完成] 类型检查：/Users/zhiboc/repos/yuyan-worktrees/基础库-密码公钥核验/库/标准库/语言核心/续延。豫 | PID 29135 | 退出 0 | 运行 18/24 | 已完成 63
[完成] 语法解析：/Users/zhiboc/repos/yuyan-worktrees/基础库-密码公钥核验/库/标准库/数据结构/函数操作。豫 | PID 29135 | 退出 0 | 运行 17/24 | 已完成 64
[启动] type-check-and-erase：/Users/zhiboc/repos/yuyan-worktrees/基础库-密码公钥核验/库/标准库/数据结构/函数操作。豫 | 运行 18/24
[完成] 语法解析：/Users/zhiboc/repos/yuyan-worktrees/基础库-密码公钥核验/库/标准库/数据结构/整数操作。豫 | PID 29135 | 退出 0 | 运行 17/24 | 已完成 65
[启动] parse：/Users/zhiboc/repos/yuyan-worktrees/基础库-密码公钥核验/库/标准库/网络/传输控制协议。豫 | 运行 18/24
[完成] 依赖分析：/Users/zhiboc/repos/yuyan-worktrees/基础库-密码公钥核验/库/标准库/数学运算/具体列。豫 | PID 29135 | 退出 0 | 运行 17/24 | 已完成 66
[完成] 类型检查：/Users/zhiboc/repos/yuyan-worktrees/基础库-密码公钥核验/库/标准库/数学运算/大小。豫 | PID 29135 | 退出 0 | 运行 16/24 | 已完成 67
[完成] 类型检查：/Users/zhiboc/repos/yuyan-worktrees/基础库-密码公钥核验/库/标准库/控制/惰性求值。豫 | PID 29135 | 退出 0 | 运行 15/24 | 已完成 68
[完成] 依赖分析：/Users/zhiboc/repos/yuyan-worktrees/基础库-密码公钥核验/库/标准库/数据结构/字节缓冲。豫 | PID 29135 | 退出 0 | 运行 14/24 | 已完成 69
[启动] parse：/Users/zhiboc/repos/yuyan-worktrees/基础库-密码公钥核验/库/标准库/数据结构/字节缓冲。豫 | 运行 15/24
[完成] 依赖分析：/Users/zhiboc/repos/yuyan-worktrees/基础库-密码公钥核验/库/标准库/控制/异步。豫 | PID 29135 | 退出 0 | 运行 14/24 | 已完成 70
[完成] 语法解析：/Users/zhiboc/repos/yuyan-worktrees/基础库-密码公钥核验/库/标准库/网络/传输控制协议。豫 | PID 29135 | 退出 0 | 运行 13/24 | 已完成 71
[完成] 类型检查：/Users/zhiboc/repos/yuyan-worktrees/基础库-密码公钥核验/库/标准库/数据结构/函数操作。豫 | PID 29135 | 退出 0 | 运行 12/24 | 已完成 72
[完成] 语法解析：/Users/zhiboc/repos/yuyan-worktrees/基础库-密码公钥核验/库/标准库/输入输出/笔。豫 | PID 29135 | 退出 0 | 运行 11/24 | 已完成 73
[启动] parse：/Users/zhiboc/repos/yuyan-worktrees/基础库-密码公钥核验/库/标准库/输入输出。豫 | 运行 12/24
[完成] 类型检查：/Users/zhiboc/repos/yuyan-worktrees/基础库-密码公钥核验/库/标准库/数据结构/爻术。豫 | PID 29135 | 退出 0 | 运行 11/24 | 已完成 74
[完成] 语法解析：/Users/zhiboc/repos/yuyan-worktrees/基础库-密码公钥核验/库/标准库/操作系统/环境变量。豫 | PID 29135 | 退出 0 | 运行 10/24 | 已完成 75
[完成] 语法解析：/Users/zhiboc/repos/yuyan-worktrees/基础库-密码公钥核验/库/标准库/语言核心/异常。豫 | PID 29135 | 退出 0 | 运行 9/24 | 已完成 76
[启动] parse：/Users/zhiboc/repos/yuyan-worktrees/基础库-密码公钥核验/库/标准库/数据结构/可选值。豫 | 运行 10/24
[完成] 语法解析：/Users/zhiboc/repos/yuyan-worktrees/基础库-密码公钥核验/库/标准库/语言核心/异步原语。豫 | PID 29135 | 退出 0 | 运行 9/24 | 已完成 77
[启动] parse：/Users/zhiboc/repos/yuyan-worktrees/基础库-密码公钥核验/库/标准库/语言核心。豫 | 运行 10/24
[完成] 依赖分析：/Users/zhiboc/repos/yuyan-worktrees/基础库-密码公钥核验/库/标准库/数据结构/小数术。豫 | PID 29135 | 退出 0 | 运行 9/24 | 已完成 78
[启动] parse：/Users/zhiboc/repos/yuyan-worktrees/基础库-密码公钥核验/库/标准库/数据结构/小数术。豫 | 运行 10/24
[完成] 语法解析：/Users/zhiboc/repos/yuyan-worktrees/基础库-密码公钥核验/库/标准库/操作系统/进程。豫 | PID 29135 | 退出 0 | 运行 9/24 | 已完成 79
[完成] 语法解析：/Users/zhiboc/repos/yuyan-worktrees/基础库-密码公钥核验/库/标准库/数据结构/可选值。豫 | PID 29135 | 退出 0 | 运行 8/24 | 已完成 80
[启动] parse：/Users/zhiboc/repos/yuyan-worktrees/基础库-密码公钥核验/库/标准库/数据结构/多态列。豫 | 运行 9/24
[完成] 语法解析：/Users/zhiboc/repos/yuyan-worktrees/基础库-密码公钥核验/库/标准库/数据结构/小数术。豫 | PID 29135 | 退出 0 | 运行 8/24 | 已完成 81
[完成] 语法解析：/Users/zhiboc/repos/yuyan-worktrees/基础库-密码公钥核验/库/标准库/操作系统/系统名称。豫 | PID 29135 | 退出 0 | 运行 7/24 | 已完成 82
[完成] 语法解析：/Users/zhiboc/repos/yuyan-worktrees/基础库-密码公钥核验/库/标准库/数据结构/小数操作。豫 | PID 29135 | 退出 0 | 运行 6/24 | 已完成 83
[启动] parse：/Users/zhiboc/repos/yuyan-worktrees/基础库-密码公钥核验/库/标准库/操作系统/时间。豫 | 运行 7/24
[完成] 语法解析：/Users/zhiboc/repos/yuyan-worktrees/基础库-密码公钥核验/库/标准库/输入输出。豫 | PID 29135 | 退出 0 | 运行 6/24 | 已完成 84
[完成] 语法解析：/Users/zhiboc/repos/yuyan-worktrees/基础库-密码公钥核验/库/标准库/操作系统/时间。豫 | PID 29135 | 退出 0 | 运行 5/24 | 已完成 85
[完成] 类型检查：/Users/zhiboc/repos/yuyan-worktrees/基础库-密码公钥核验/库/标准库/语言核心/原语。内建。豫 | PID 29135 | 退出 0 | 运行 4/24 | 已完成 86
[启动] type-check-and-erase：/Users/zhiboc/repos/yuyan-worktrees/基础库-密码公钥核验/库/标准库/数据结构/整数操作。豫 | 运行 5/24
[启动] type-check-and-erase：/Users/zhiboc/repos/yuyan-worktrees/基础库-密码公钥核验/库/标准库/数据结构/字节串。豫 | 运行 6/24
[启动] type-check-and-erase：/Users/zhiboc/repos/yuyan-worktrees/基础库-密码公钥核验/库/标准库/语言核心/引用。豫 | 运行 7/24
[启动] type-check-and-erase：/Users/zhiboc/repos/yuyan-worktrees/基础库-密码公钥核验/库/标准库/语言核心/不安全。豫 | 运行 8/24
[启动] type-check-and-erase：/Users/zhiboc/repos/yuyan-worktrees/基础库-密码公钥核验/库/标准库/语言核心/异步原语。豫 | 运行 9/24
[启动] type-check-and-erase：/Users/zhiboc/repos/yuyan-worktrees/基础库-密码公钥核验/库/标准库/数学运算/转换。豫 | 运行 10/24
[启动] type-check-and-erase：/Users/zhiboc/repos/yuyan-worktrees/基础库-密码公钥核验/库/标准库/数据结构/小数术。豫 | 运行 11/24
[完成] 语法解析：/Users/zhiboc/repos/yuyan-worktrees/基础库-密码公钥核验/库/标准库/语言核心。豫 | PID 29135 | 退出 0 | 运行 10/24 | 已完成 87
[完成] 类型检查：/Users/zhiboc/repos/yuyan-worktrees/基础库-密码公钥核验/库/标准库/数据结构/整数操作。豫 | PID 29135 | 退出 0 | 运行 9/24 | 已完成 88
[完成] 类型检查：/Users/zhiboc/repos/yuyan-worktrees/基础库-密码公钥核验/库/标准库/语言核心/引用。豫 | PID 29135 | 退出 0 | 运行 8/24 | 已完成 89
[完成] 类型检查：/Users/zhiboc/repos/yuyan-worktrees/基础库-密码公钥核验/库/标准库/数据结构/字节串。豫 | PID 29135 | 退出 0 | 运行 7/24 | 已完成 90
[启动] type-check-and-erase：/Users/zhiboc/repos/yuyan-worktrees/基础库-密码公钥核验/库/标准库/宿主。接口。豫 | 运行 8/24
[完成] 类型检查：/Users/zhiboc/repos/yuyan-worktrees/基础库-密码公钥核验/库/标准库/数据结构/小数术。豫 | PID 29135 | 退出 0 | 运行 7/24 | 已完成 91
[完成] 类型检查：/Users/zhiboc/repos/yuyan-worktrees/基础库-密码公钥核验/库/标准库/宿主。接口。豫 | PID 29135 | 退出 0 | 运行 6/24 | 已完成 92
[启动] type-check-and-erase：/Users/zhiboc/repos/yuyan-worktrees/基础库-密码公钥核验/库/标准库/语言核心/异常。豫 | 运行 7/24
[启动] type-check-and-erase：/Users/zhiboc/repos/yuyan-worktrees/基础库-密码公钥核验/库/标准库/网络/传输控制协议。豫 | 运行 8/24
[启动] type-check-and-erase：/Users/zhiboc/repos/yuyan-worktrees/基础库-密码公钥核验/库/标准库/操作系统/系统名称。豫 | 运行 9/24
[启动] type-check-and-erase：/Users/zhiboc/repos/yuyan-worktrees/基础库-密码公钥核验/库/标准库/操作系统/进程。豫 | 运行 10/24
[启动] type-check-and-erase：/Users/zhiboc/repos/yuyan-worktrees/基础库-密码公钥核验/库/标准库/输入输出/笔。豫 | 运行 11/24
[启动] type-check-and-erase：/Users/zhiboc/repos/yuyan-worktrees/基础库-密码公钥核验/库/标准库/操作系统/环境变量。豫 | 运行 12/24
[启动] type-check-and-erase：/Users/zhiboc/repos/yuyan-worktrees/基础库-密码公钥核验/库/标准库/数据结构/小数操作。豫 | 运行 13/24
[完成] 语法解析：/Users/zhiboc/repos/yuyan-worktrees/基础库-密码公钥核验/库/标准库/数据结构/多态列。豫 | PID 29135 | 退出 0 | 运行 12/24 | 已完成 93
[启动] parse：/Users/zhiboc/repos/yuyan-worktrees/基础库-密码公钥核验/库/标准库/宿主带列。接口。豫 | 运行 13/24
[启动] parse：/Users/zhiboc/repos/yuyan-worktrees/基础库-密码公钥核验/库/标准库/数学运算/数组转换。豫 | 运行 14/24
[启动] parse：/Users/zhiboc/repos/yuyan-worktrees/基础库-密码公钥核验/库/标准库/数据结构/多态列工具。豫 | 运行 15/24
[启动] parse：/Users/zhiboc/repos/yuyan-worktrees/基础库-密码公钥核验/库/标准库/数学运算/具体列。豫 | 运行 16/24
[完成] 类型检查：/Users/zhiboc/repos/yuyan-worktrees/基础库-密码公钥核验/库/标准库/语言核心/异常。豫 | PID 29135 | 退出 0 | 运行 15/24 | 已完成 94
[启动] type-check-and-erase：/Users/zhiboc/repos/yuyan-worktrees/基础库-密码公钥核验/库/标准库/数据结构/可选值。豫 | 运行 16/24
[完成] 类型检查：/Users/zhiboc/repos/yuyan-worktrees/基础库-密码公钥核验/库/标准库/网络/传输控制协议。豫 | PID 29135 | 退出 0 | 运行 15/24 | 已完成 95
[完成] 语法解析：/Users/zhiboc/repos/yuyan-worktrees/基础库-密码公钥核验/库/标准库/数据结构/字节缓冲。豫 | PID 29135 | 退出 0 | 运行 14/24 | 已完成 96
[启动] type-check-and-erase：/Users/zhiboc/repos/yuyan-worktrees/基础库-密码公钥核验/库/标准库/数据结构/字节缓冲。豫 | 运行 15/24
[完成] 类型检查：/Users/zhiboc/repos/yuyan-worktrees/基础库-密码公钥核验/库/标准库/操作系统/系统名称。豫 | PID 29135 | 退出 0 | 运行 14/24 | 已完成 97
[完成] 类型检查：/Users/zhiboc/repos/yuyan-worktrees/基础库-密码公钥核验/库/标准库/语言核心/异步原语。豫 | PID 29135 | 退出 0 | 运行 13/24 | 已完成 98
[完成] 类型检查：/Users/zhiboc/repos/yuyan-worktrees/基础库-密码公钥核验/库/标准库/语言核心/不安全。豫 | PID 29135 | 退出 0 | 运行 12/24 | 已完成 99
[启动] type-check-and-erase：/Users/zhiboc/repos/yuyan-worktrees/基础库-密码公钥核验/库/标准库/语言核心。豫 | 运行 13/24
[完成] 类型检查：/Users/zhiboc/repos/yuyan-worktrees/基础库-密码公钥核验/库/标准库/操作系统/进程。豫 | PID 29135 | 退出 0 | 运行 12/24 | 已完成 100
[完成] 类型检查：/Users/zhiboc/repos/yuyan-worktrees/基础库-密码公钥核验/库/标准库/数据结构/小数操作。豫 | PID 29135 | 退出 0 | 运行 11/24 | 已完成 101
[完成] 类型检查：/Users/zhiboc/repos/yuyan-worktrees/基础库-密码公钥核验/库/标准库/输入输出/笔。豫 | PID 29135 | 退出 0 | 运行 10/24 | 已完成 102
[启动] type-check-and-erase：/Users/zhiboc/repos/yuyan-worktrees/基础库-密码公钥核验/库/标准库/输入输出。豫 | 运行 11/24
[完成] 类型检查：/Users/zhiboc/repos/yuyan-worktrees/基础库-密码公钥核验/库/标准库/操作系统/环境变量。豫 | PID 29135 | 退出 0 | 运行 10/24 | 已完成 103
[完成] 类型检查：/Users/zhiboc/repos/yuyan-worktrees/基础库-密码公钥核验/库/标准库/数据结构/可选值。豫 | PID 29135 | 退出 0 | 运行 9/24 | 已完成 104
[启动] type-check-and-erase：/Users/zhiboc/repos/yuyan-worktrees/基础库-密码公钥核验/库/标准库/数据结构/多态列。豫 | 运行 10/24
[完成] 语法解析：/Users/zhiboc/repos/yuyan-worktrees/基础库-密码公钥核验/库/标准库/数据结构/多态列工具。豫 | PID 29135 | 退出 0 | 运行 9/24 | 已完成 105
[完成] 类型检查：/Users/zhiboc/repos/yuyan-worktrees/基础库-密码公钥核验/库/标准库/语言核心。豫 | PID 29135 | 退出 0 | 运行 8/24 | 已完成 106
[完成] 类型检查：/Users/zhiboc/repos/yuyan-worktrees/基础库-密码公钥核验/库/标准库/数学运算/转换。豫 | PID 29135 | 退出 0 | 运行 7/24 | 已完成 107
[启动] type-check-and-erase：/Users/zhiboc/repos/yuyan-worktrees/基础库-密码公钥核验/库/标准库/操作系统/时间。豫 | 运行 8/24
[完成] 类型检查：/Users/zhiboc/repos/yuyan-worktrees/基础库-密码公钥核验/库/标准库/数据结构/多态列。豫 | PID 29135 | 退出 0 | 运行 7/24 | 已完成 108
[启动] type-check-and-erase：/Users/zhiboc/repos/yuyan-worktrees/基础库-密码公钥核验/库/标准库/数据结构/多态列工具。豫 | 运行 8/24
[完成] 语法解析：/Users/zhiboc/repos/yuyan-worktrees/基础库-密码公钥核验/库/标准库/数学运算/随机。豫 | PID 29135 | 退出 0 | 运行 7/24 | 已完成 109
[启动] type-check-and-erase：/Users/zhiboc/repos/yuyan-worktrees/基础库-密码公钥核验/库/标准库/数学运算/随机。豫 | 运行 8/24
[完成] 类型检查：/Users/zhiboc/repos/yuyan-worktrees/基础库-密码公钥核验/库/标准库/输入输出。豫 | PID 29135 | 退出 0 | 运行 7/24 | 已完成 110
[完成] 类型检查：/Users/zhiboc/repos/yuyan-worktrees/基础库-密码公钥核验/库/标准库/数据结构/多态列工具。豫 | PID 29135 | 退出 0 | 运行 6/24 | 已完成 111
[完成] 类型检查：/Users/zhiboc/repos/yuyan-worktrees/基础库-密码公钥核验/库/标准库/数据结构/字节缓冲。豫 | PID 29135 | 退出 0 | 运行 5/24 | 已完成 112
[完成] 语法解析：/Users/zhiboc/repos/yuyan-worktrees/基础库-密码公钥核验/库/标准库/数学运算/数组转换。豫 | PID 29135 | 退出 0 | 运行 4/24 | 已完成 113
[启动] parse：/Users/zhiboc/repos/yuyan-worktrees/基础库-密码公钥核验/库/标准库/数据结构/字符串术。豫 | 运行 5/24
[启动] parse：/Users/zhiboc/repos/yuyan-worktrees/基础库-密码公钥核验/库/标准库/数据结构/字符流术。豫 | 运行 6/24
[启动] type-check-and-erase：/Users/zhiboc/repos/yuyan-worktrees/基础库-密码公钥核验/库/标准库/数学运算/数组转换。豫 | 运行 7/24
[完成] 类型检查：/Users/zhiboc/repos/yuyan-worktrees/基础库-密码公钥核验/库/标准库/数学运算/随机。豫 | PID 29135 | 退出 0 | 运行 6/24 | 已完成 114
[完成] 语法解析：/Users/zhiboc/repos/yuyan-worktrees/基础库-密码公钥核验/库/标准库/数据结构/字符串术。豫 | PID 29135 | 退出 0 | 运行 5/24 | 已完成 115
[启动] parse：/Users/zhiboc/repos/yuyan-worktrees/基础库-密码公钥核验/库/标准库/数据结构/特殊字符。豫 | 运行 6/24
[启动] parse：/Users/zhiboc/repos/yuyan-worktrees/基础库-密码公钥核验/库/标准库/数据结构/对子术。豫 | 运行 7/24
[完成] 语法解析：/Users/zhiboc/repos/yuyan-worktrees/基础库-密码公钥核验/库/标准库/数据结构/特殊字符。豫 | PID 29135 | 退出 0 | 运行 6/24 | 已完成 116
[启动] parse：/Users/zhiboc/repos/yuyan-worktrees/基础库-密码公钥核验/库/标准库/网络/超文本传输协议。豫 | 运行 7/24
[完成] 语法解析：/Users/zhiboc/repos/yuyan-worktrees/基础库-密码公钥核验/库/标准库/宿主带列。接口。豫 | PID 29135 | 退出 0 | 运行 6/24 | 已完成 117
[启动] parse：/Users/zhiboc/repos/yuyan-worktrees/基础库-密码公钥核验/库/标准库/操作系统/文件系统。豫 | 运行 7/24
[启动] parse：/Users/zhiboc/repos/yuyan-worktrees/基础库-密码公钥核验/库/标准库/操作系统/子进程。豫 | 运行 8/24
[启动] parse：/Users/zhiboc/repos/yuyan-worktrees/基础库-密码公钥核验/库/标准库/操作系统/命令行参数。豫 | 运行 9/24
[启动] parse：/Users/zhiboc/repos/yuyan-worktrees/基础库-密码公钥核验/库/标准库/控制/异步。豫 | 运行 10/24
[启动] type-check-and-erase：/Users/zhiboc/repos/yuyan-worktrees/基础库-密码公钥核验/库/标准库/宿主带列。接口。豫 | 运行 11/24
[完成] 语法解析：/Users/zhiboc/repos/yuyan-worktrees/基础库-密码公钥核验/库/标准库/数学运算/具体列。豫 | PID 29135 | 退出 0 | 运行 10/24 | 已完成 118
[启动] parse：/Users/zhiboc/repos/yuyan-worktrees/基础库-密码公钥核验/库/标准库/数学运算。豫 | 运行 11/24
[启动] type-check-and-erase：/Users/zhiboc/repos/yuyan-worktrees/基础库-密码公钥核验/库/标准库/数学运算/具体列。豫 | 运行 12/24
[完成] 语法解析：/Users/zhiboc/repos/yuyan-worktrees/基础库-密码公钥核验/库/标准库/网络/超文本传输协议。豫 | PID 29135 | 退出 0 | 运行 11/24 | 已完成 119
[完成] 语法解析：/Users/zhiboc/repos/yuyan-worktrees/基础库-密码公钥核验/库/标准库/操作系统/命令行参数。豫 | PID 29135 | 退出 0 | 运行 10/24 | 已完成 120
[完成] 语法解析：/Users/zhiboc/repos/yuyan-worktrees/基础库-密码公钥核验/库/标准库/操作系统/子进程。豫 | PID 29135 | 退出 0 | 运行 9/24 | 已完成 121
[完成] 语法解析：/Users/zhiboc/repos/yuyan-worktrees/基础库-密码公钥核验/库/标准库/控制/异步。豫 | PID 29135 | 退出 0 | 运行 8/24 | 已完成 122
[启动] parse：/Users/zhiboc/repos/yuyan-worktrees/基础库-密码公钥核验/库/标准库/控制。豫 | 运行 9/24
[启动] parse：/Users/zhiboc/repos/yuyan-worktrees/基础库-密码公钥核验/库/标准库/网络/异步传输控制协议。豫 | 运行 10/24
[完成] 语法解析：/Users/zhiboc/repos/yuyan-worktrees/基础库-密码公钥核验/库/标准库/数学运算。豫 | PID 29135 | 退出 0 | 运行 9/24 | 已完成 123
[完成] 类型检查：/Users/zhiboc/repos/yuyan-worktrees/基础库-密码公钥核验/库/标准库/数学运算/数组转换。豫 | PID 29135 | 退出 0 | 运行 8/24 | 已完成 124
[启动] type-check-and-erase：/Users/zhiboc/repos/yuyan-worktrees/基础库-密码公钥核验/库/标准库/数据结构/字符串术。豫 | 运行 9/24
[完成] 语法解析：/Users/zhiboc/repos/yuyan-worktrees/基础库-密码公钥核验/库/标准库/控制。豫 | PID 29135 | 退出 0 | 运行 8/24 | 已完成 125
[完成] 语法解析：/Users/zhiboc/repos/yuyan-worktrees/基础库-密码公钥核验/库/标准库/数据结构/字符流术。豫 | PID 29135 | 退出 0 | 运行 7/24 | 已完成 126
[启动] type-check-and-erase：/Users/zhiboc/repos/yuyan-worktrees/基础库-密码公钥核验/库/标准库/数据结构/字符流术。豫 | 运行 8/24
[完成] 语法解析：/Users/zhiboc/repos/yuyan-worktrees/基础库-密码公钥核验/库/标准库/数据结构/对子术。豫 | PID 29135 | 退出 0 | 运行 7/24 | 已完成 127
[启动] parse：/Users/zhiboc/repos/yuyan-worktrees/基础库-密码公钥核验/库/标准库/数据结构/列表搜索。豫 | 运行 8/24
[完成] 类型检查：/Users/zhiboc/repos/yuyan-worktrees/基础库-密码公钥核验/库/标准库/宿主带列。接口。豫 | PID 29135 | 退出 0 | 运行 7/24 | 已完成 128
[启动] type-check-and-erase：/Users/zhiboc/repos/yuyan-worktrees/基础库-密码公钥核验/库/标准库/操作系统/命令行参数。豫 | 运行 8/24
[完成] 语法解析：/Users/zhiboc/repos/yuyan-worktrees/基础库-密码公钥核验/库/标准库/数据结构/列表搜索。豫 | PID 29135 | 退出 0 | 运行 7/24 | 已完成 129
[启动] parse：/Users/zhiboc/repos/yuyan-worktrees/基础库-密码公钥核验/库/标准库/数据结构/字典术。豫 | 运行 8/24
[完成] 类型检查：/Users/zhiboc/repos/yuyan-worktrees/基础库-密码公钥核验/库/标准库/数据结构/字符流术。豫 | PID 29135 | 退出 0 | 运行 7/24 | 已完成 130
[完成] 语法解析：/Users/zhiboc/repos/yuyan-worktrees/基础库-密码公钥核验/库/标准库/操作系统/文件系统。豫 | PID 29135 | 退出 0 | 运行 6/24 | 已完成 131
[启动] type-check-and-erase：/Users/zhiboc/repos/yuyan-worktrees/基础库-密码公钥核验/库/标准库/操作系统/文件系统。豫 | 运行 7/24
[完成] 语法解析：/Users/zhiboc/repos/yuyan-worktrees/基础库-密码公钥核验/库/标准库/网络/异步传输控制协议。豫 | PID 29135 | 退出 0 | 运行 6/24 | 已完成 132
[启动] parse：/Users/zhiboc/repos/yuyan-worktrees/基础库-密码公钥核验/库/标准库/网络。豫 | 运行 7/24
[完成] 语法解析：/Users/zhiboc/repos/yuyan-worktrees/基础库-密码公钥核验/库/标准库/网络。豫 | PID 29135 | 退出 0 | 运行 6/24 | 已完成 133
[完成] 类型检查：/Users/zhiboc/repos/yuyan-worktrees/基础库-密码公钥核验/库/标准库/操作系统/文件系统。豫 | PID 29135 | 退出 0 | 运行 5/24 | 已完成 134
[完成] 类型检查：/Users/zhiboc/repos/yuyan-worktrees/基础库-密码公钥核验/库/标准库/操作系统/时间。豫 | PID 29135 | 退出 0 | 运行 4/24 | 已完成 135
[启动] type-check-and-erase：/Users/zhiboc/repos/yuyan-worktrees/基础库-密码公钥核验/库/标准库/控制/异步。豫 | 运行 5/24
[完成] 类型检查：/Users/zhiboc/repos/yuyan-worktrees/基础库-密码公钥核验/库/标准库/数学运算/具体列。豫 | PID 29135 | 退出 0 | 运行 4/24 | 已完成 136
[启动] type-check-and-erase：/Users/zhiboc/repos/yuyan-worktrees/基础库-密码公钥核验/库/标准库/数学运算。豫 | 运行 5/24
[完成] 语法解析：/Users/zhiboc/repos/yuyan-worktrees/基础库-密码公钥核验/库/标准库/数据结构/字典术。豫 | PID 29135 | 退出 0 | 运行 4/24 | 已完成 137
[启动] parse：/Users/zhiboc/repos/yuyan-worktrees/基础库-密码公钥核验/库/标准库/豫言标准内核。豫 | 运行 5/24
[启动] parse：/Users/zhiboc/repos/yuyan-worktrees/基础库-密码公钥核验/库/标准库/数据结构。豫 | 运行 6/24
[完成] 类型检查：/Users/zhiboc/repos/yuyan-worktrees/基础库-密码公钥核验/库/标准库/控制/异步。豫 | PID 29135 | 退出 0 | 运行 5/24 | 已完成 138
[启动] type-check-and-erase：/Users/zhiboc/repos/yuyan-worktrees/基础库-密码公钥核验/库/标准库/控制。豫 | 运行 6/24
[启动] type-check-and-erase：/Users/zhiboc/repos/yuyan-worktrees/基础库-密码公钥核验/库/标准库/网络/异步传输控制协议。豫 | 运行 7/24
[完成] 类型检查：/Users/zhiboc/repos/yuyan-worktrees/基础库-密码公钥核验/库/标准库/操作系统/命令行参数。豫 | PID 29135 | 退出 0 | 运行 6/24 | 已完成 139
[完成] 语法解析：/Users/zhiboc/repos/yuyan-worktrees/基础库-密码公钥核验/库/标准库/豫言标准内核。豫 | PID 29135 | 退出 0 | 运行 5/24 | 已完成 140
[启动] parse：/Users/zhiboc/repos/yuyan-worktrees/基础库-密码公钥核验/库/标准库/操作系统/路径。豫 | 运行 6/24
[完成] 类型检查：/Users/zhiboc/repos/yuyan-worktrees/基础库-密码公钥核验/库/标准库/数学运算。豫 | PID 29135 | 退出 0 | 运行 5/24 | 已完成 141
[完成] 类型检查：/Users/zhiboc/repos/yuyan-worktrees/基础库-密码公钥核验/库/标准库/数据结构/字符串术。豫 | PID 29135 | 退出 0 | 运行 4/24 | 已完成 142
[启动] type-check-and-erase：/Users/zhiboc/repos/yuyan-worktrees/基础库-密码公钥核验/库/标准库/操作系统/子进程。豫 | 运行 5/24
[启动] type-check-and-erase：/Users/zhiboc/repos/yuyan-worktrees/基础库-密码公钥核验/库/标准库/数据结构/特殊字符。豫 | 运行 6/24
[启动] type-check-and-erase：/Users/zhiboc/repos/yuyan-worktrees/基础库-密码公钥核验/库/标准库/数据结构/对子术。豫 | 运行 7/24
[完成] 类型检查：/Users/zhiboc/repos/yuyan-worktrees/基础库-密码公钥核验/库/标准库/控制。豫 | PID 29135 | 退出 0 | 运行 6/24 | 已完成 143
[完成] 语法解析：/Users/zhiboc/repos/yuyan-worktrees/基础库-密码公钥核验/库/标准库/数据结构。豫 | PID 29135 | 退出 0 | 运行 5/24 | 已完成 144
[完成] 语法解析：/Users/zhiboc/repos/yuyan-worktrees/基础库-密码公钥核验/库/标准库/操作系统/路径。豫 | PID 29135 | 退出 0 | 运行 4/24 | 已完成 145
[启动] parse：/Users/zhiboc/repos/yuyan-worktrees/基础库-密码公钥核验/库/标准库/操作系统。豫 | 运行 5/24
[完成] 类型检查：/Users/zhiboc/repos/yuyan-worktrees/基础库-密码公钥核验/库/标准库/数据结构/特殊字符。豫 | PID 29135 | 退出 0 | 运行 4/24 | 已完成 146
[启动] type-check-and-erase：/Users/zhiboc/repos/yuyan-worktrees/基础库-密码公钥核验/库/标准库/网络/超文本传输协议。豫 | 运行 5/24
[完成] 类型检查：/Users/zhiboc/repos/yuyan-worktrees/基础库-密码公钥核验/库/标准库/操作系统/子进程。豫 | PID 29135 | 退出 0 | 运行 4/24 | 已完成 147
[完成] 类型检查：/Users/zhiboc/repos/yuyan-worktrees/基础库-密码公钥核验/库/标准库/网络/异步传输控制协议。豫 | PID 29135 | 退出 0 | 运行 3/24 | 已完成 148
[完成] 类型检查：/Users/zhiboc/repos/yuyan-worktrees/基础库-密码公钥核验/库/标准库/网络/超文本传输协议。豫 | PID 29135 | 退出 0 | 运行 2/24 | 已完成 149
[启动] type-check-and-erase：/Users/zhiboc/repos/yuyan-worktrees/基础库-密码公钥核验/库/标准库/网络。豫 | 运行 3/24
[完成] 类型检查：/Users/zhiboc/repos/yuyan-worktrees/基础库-密码公钥核验/库/标准库/数据结构/对子术。豫 | PID 29135 | 退出 0 | 运行 2/24 | 已完成 150
[启动] type-check-and-erase：/Users/zhiboc/repos/yuyan-worktrees/基础库-密码公钥核验/库/标准库/数据结构/列表搜索。豫 | 运行 3/24
[完成] 语法解析：/Users/zhiboc/repos/yuyan-worktrees/基础库-密码公钥核验/库/标准库/操作系统。豫 | PID 29135 | 退出 0 | 运行 2/24 | 已完成 151
[启动] parse：/Users/zhiboc/repos/yuyan-worktrees/基础库-密码公钥核验/库/标准库/总集。豫 | 运行 3/24
[完成] 类型检查：/Users/zhiboc/repos/yuyan-worktrees/基础库-密码公钥核验/库/标准库/网络。豫 | PID 29135 | 退出 0 | 运行 2/24 | 已完成 152
[完成] 语法解析：/Users/zhiboc/repos/yuyan-worktrees/基础库-密码公钥核验/库/标准库/总集。豫 | PID 29135 | 退出 0 | 运行 1/24 | 已完成 153
[启动] parse：/Users/zhiboc/repos/yuyan-worktrees/基础库-密码公钥核验/库/基础库/密码与安全/密码/字节。豫 | 运行 2/24
[完成] 类型检查：/Users/zhiboc/repos/yuyan-worktrees/基础库-密码公钥核验/库/标准库/数据结构/列表搜索。豫 | PID 29135 | 退出 0 | 运行 1/24 | 已完成 154
[启动] type-check-and-erase：/Users/zhiboc/repos/yuyan-worktrees/基础库-密码公钥核验/库/标准库/数据结构/字典术。豫 | 运行 2/24
[完成] 语法解析：/Users/zhiboc/repos/yuyan-worktrees/基础库-密码公钥核验/库/基础库/密码与安全/密码/字节。豫 | PID 29135 | 退出 0 | 运行 1/24 | 已完成 155
[完成] 类型检查：/Users/zhiboc/repos/yuyan-worktrees/基础库-密码公钥核验/库/标准库/数据结构/字典术。豫 | PID 29135 | 退出 0 | 运行 0/24 | 已完成 156
[启动] type-check-and-erase：/Users/zhiboc/repos/yuyan-worktrees/基础库-密码公钥核验/库/标准库/豫言标准内核。豫 | 运行 1/24
[启动] type-check-and-erase：/Users/zhiboc/repos/yuyan-worktrees/基础库-密码公钥核验/库/标准库/数据结构。豫 | 运行 2/24
[完成] 类型检查：/Users/zhiboc/repos/yuyan-worktrees/基础库-密码公钥核验/库/标准库/数据结构。豫 | PID 29135 | 退出 0 | 运行 1/24 | 已完成 157
[完成] 类型检查：/Users/zhiboc/repos/yuyan-worktrees/基础库-密码公钥核验/库/标准库/豫言标准内核。豫 | PID 29135 | 退出 0 | 运行 0/24 | 已完成 158
[启动] type-check-and-erase：/Users/zhiboc/repos/yuyan-worktrees/基础库-密码公钥核验/库/标准库/操作系统/路径。豫 | 运行 1/24
[完成] 类型检查：/Users/zhiboc/repos/yuyan-worktrees/基础库-密码公钥核验/库/标准库/操作系统/路径。豫 | PID 29135 | 退出 0 | 运行 0/24 | 已完成 159
[启动] type-check-and-erase：/Users/zhiboc/repos/yuyan-worktrees/基础库-密码公钥核验/库/标准库/操作系统。豫 | 运行 1/24
[完成] 类型检查：/Users/zhiboc/repos/yuyan-worktrees/基础库-密码公钥核验/库/标准库/操作系统。豫 | PID 29135 | 退出 0 | 运行 0/24 | 已完成 160
[启动] type-check-and-erase：/Users/zhiboc/repos/yuyan-worktrees/基础库-密码公钥核验/库/标准库/总集。豫 | 运行 1/24
[完成] 类型检查：/Users/zhiboc/repos/yuyan-worktrees/基础库-密码公钥核验/库/标准库/总集。豫 | PID 29135 | 退出 0 | 运行 0/24 | 已完成 161
[启动] type-check-and-erase：/Users/zhiboc/repos/yuyan-worktrees/基础库-密码公钥核验/库/基础库/密码与安全/密码/字节。豫 | 运行 1/24
[完成] 类型检查：/Users/zhiboc/repos/yuyan-worktrees/基础库-密码公钥核验/库/基础库/密码与安全/密码/字节。豫 | PID 29135 | 退出 0 | 运行 0/24 | 已完成 162
[启动] exec-gen：/Users/zhiboc/repos/yuyan-worktrees/基础库-密码公钥核验/库/基础库/密码与安全/密码/字节。豫 | 运行 1/24
[完成] 最终链接：/Users/zhiboc/repos/yuyan-worktrees/基础库-密码公钥核验/库/基础库/密码与安全/密码/字节。豫 | PID 29135 | 退出 0 | 运行 0/24 | 已完成 163
[2026-10-08 01:02:50] 当前路径：/Users/zhiboc/repos/yuyan-worktrees/基础库-密码公钥核验/yyRSA验证链

[2026-10-08 01:02:50] 当前路径：/Users/zhiboc/repos/yuyan-worktrees/基础库-密码公钥核验/yyRSA验证链
[启动] dependency-analysis：/Users/zhiboc/repos/yuyan-worktrees/基础库-密码公钥核验/库/基础库/密码与安全/密码/定宽RSA。豫 | 运行 1/24
[完成] 依赖分析：/Users/zhiboc/repos/yuyan-worktrees/基础库-密码公钥核验/库/基础库/密码与安全/密码/定宽RSA。豫 | PID 29139 | 退出 0 | 运行 0/24 | 已完成 1
[启动] dependency-analysis：/Users/zhiboc/repos/yuyan-worktrees/基础库-密码公钥核验/库/标准库/总集。豫 | 运行 1/24
[完成] 依赖分析：/Users/zhiboc/repos/yuyan-worktrees/基础库-密码公钥核验/库/标准库/总集。豫 | PID 29139 | 退出 0 | 运行 0/24 | 已完成 2
[启动] dependency-analysis：/Users/zhiboc/repos/yuyan-worktrees/基础库-密码公钥核验/库/标准库/操作系统。豫 | 运行 1/24
[启动] dependency-analysis：/Users/zhiboc/repos/yuyan-worktrees/基础库-密码公钥核验/库/标准库/控制。豫 | 运行 2/24
[启动] dependency-analysis：/Users/zhiboc/repos/yuyan-worktrees/基础库-密码公钥核验/库/标准库/数学运算。豫 | 运行 3/24
[启动] dependency-analysis：/Users/zhiboc/repos/yuyan-worktrees/基础库-密码公钥核验/库/标准库/数据结构。豫 | 运行 4/24
[启动] dependency-analysis：/Users/zhiboc/repos/yuyan-worktrees/基础库-密码公钥核验/库/标准库/输入输出。豫 | 运行 5/24
[启动] dependency-analysis：/Users/zhiboc/repos/yuyan-worktrees/基础库-密码公钥核验/库/标准库/语言核心。豫 | 运行 6/24
[启动] dependency-analysis：/Users/zhiboc/repos/yuyan-worktrees/基础库-密码公钥核验/库/标准库/网络。豫 | 运行 7/24
[启动] dependency-analysis：/Users/zhiboc/repos/yuyan-worktrees/基础库-密码公钥核验/库/标准库/豫言标准内核。豫 | 运行 8/24
[完成] 依赖分析：/Users/zhiboc/repos/yuyan-worktrees/基础库-密码公钥核验/库/标准库/操作系统。豫 | PID 29139 | 退出 0 | 运行 7/24 | 已完成 3
[启动] dependency-analysis：/Users/zhiboc/repos/yuyan-worktrees/基础库-密码公钥核验/库/标准库/操作系统/子进程。豫 | 运行 8/24
[启动] dependency-analysis：/Users/zhiboc/repos/yuyan-worktrees/基础库-密码公钥核验/库/标准库/操作系统/命令行参数。豫 | 运行 9/24
[启动] dependency-analysis：/Users/zhiboc/repos/yuyan-worktrees/基础库-密码公钥核验/库/标准库/操作系统/文件系统。豫 | 运行 10/24
[启动] dependency-analysis：/Users/zhiboc/repos/yuyan-worktrees/基础库-密码公钥核验/库/标准库/操作系统/进程。豫 | 运行 11/24
[启动] dependency-analysis：/Users/zhiboc/repos/yuyan-worktrees/基础库-密码公钥核验/库/标准库/操作系统/时间。豫 | 运行 12/24
[启动] dependency-analysis：/Users/zhiboc/repos/yuyan-worktrees/基础库-密码公钥核验/库/标准库/操作系统/路径。豫 | 运行 13/24
[启动] dependency-analysis：/Users/zhiboc/repos/yuyan-worktrees/基础库-密码公钥核验/库/标准库/操作系统/系统名称。豫 | 运行 14/24
[启动] dependency-analysis：/Users/zhiboc/repos/yuyan-worktrees/基础库-密码公钥核验/库/标准库/操作系统/环境变量。豫 | 运行 15/24
[完成] 依赖分析：/Users/zhiboc/repos/yuyan-worktrees/基础库-密码公钥核验/库/标准库/数据结构。豫 | PID 29139 | 退出 0 | 运行 14/24 | 已完成 4
[启动] dependency-analysis：/Users/zhiboc/repos/yuyan-worktrees/基础库-密码公钥核验/库/标准库/数据结构/多态列。豫 | 运行 15/24
[启动] dependency-analysis：/Users/zhiboc/repos/yuyan-worktrees/基础库-密码公钥核验/库/标准库/数据结构/多态列工具。豫 | 运行 16/24
[启动] dependency-analysis：/Users/zhiboc/repos/yuyan-worktrees/基础库-密码公钥核验/库/标准库/数据结构/爻术。豫 | 运行 17/24
[启动] dependency-analysis：/Users/zhiboc/repos/yuyan-worktrees/基础库-密码公钥核验/库/标准库/数据结构/字符串术。豫 | 运行 18/24
[启动] dependency-analysis：/Users/zhiboc/repos/yuyan-worktrees/基础库-密码公钥核验/库/标准库/数据结构/字符流术。豫 | 运行 19/24
[启动] dependency-analysis：/Users/zhiboc/repos/yuyan-worktrees/基础库-密码公钥核验/库/标准库/数据结构/整数操作。豫 | 运行 20/24
[启动] dependency-analysis：/Users/zhiboc/repos/yuyan-worktrees/基础库-密码公钥核验/库/标准库/数据结构/特殊字符。豫 | 运行 21/24
[启动] dependency-analysis：/Users/zhiboc/repos/yuyan-worktrees/基础库-密码公钥核验/库/标准库/数据结构/对子术。豫 | 运行 22/24
[启动] dependency-analysis：/Users/zhiboc/repos/yuyan-worktrees/基础库-密码公钥核验/库/标准库/数据结构/字典术。豫 | 运行 23/24
[启动] dependency-analysis：/Users/zhiboc/repos/yuyan-worktrees/基础库-密码公钥核验/库/标准库/数据结构/可选值。豫 | 运行 24/24
[完成] 依赖分析：/Users/zhiboc/repos/yuyan-worktrees/基础库-密码公钥核验/库/标准库/数据结构/爻术。豫 | PID 29139 | 退出 0 | 运行 23/24 | 已完成 5
[启动] dependency-analysis：/Users/zhiboc/repos/yuyan-worktrees/基础库-密码公钥核验/库/标准库/数据结构/小数操作。豫 | 运行 24/24
[完成] 依赖分析：/Users/zhiboc/repos/yuyan-worktrees/基础库-密码公钥核验/库/标准库/数据结构/多态列。豫 | PID 29139 | 退出 0 | 运行 23/24 | 已完成 6
[启动] dependency-analysis：/Users/zhiboc/repos/yuyan-worktrees/基础库-密码公钥核验/库/标准库/数据结构/小数术。豫 | 运行 24/24
[完成] 依赖分析：/Users/zhiboc/repos/yuyan-worktrees/基础库-密码公钥核验/库/标准库/操作系统/子进程。豫 | PID 29139 | 退出 0 | 运行 23/24 | 已完成 7
[启动] dependency-analysis：/Users/zhiboc/repos/yuyan-worktrees/基础库-密码公钥核验/库/标准库/数据结构/列表搜索。豫 | 运行 24/24
[完成] 依赖分析：/Users/zhiboc/repos/yuyan-worktrees/基础库-密码公钥核验/库/标准库/输入输出。豫 | PID 29139 | 退出 0 | 运行 23/24 | 已完成 8
[启动] dependency-analysis：/Users/zhiboc/repos/yuyan-worktrees/基础库-密码公钥核验/库/标准库/数据结构/函数操作。豫 | 运行 24/24
[完成] 依赖分析：/Users/zhiboc/repos/yuyan-worktrees/基础库-密码公钥核验/库/标准库/数学运算。豫 | PID 29139 | 退出 0 | 运行 23/24 | 已完成 9
[启动] dependency-analysis：/Users/zhiboc/repos/yuyan-worktrees/基础库-密码公钥核验/库/标准库/数据结构/字节串。豫 | 运行 24/24
[完成] 依赖分析：/Users/zhiboc/repos/yuyan-worktrees/基础库-密码公钥核验/库/标准库/控制。豫 | PID 29139 | 退出 0 | 运行 23/24 | 已完成 10
[启动] dependency-analysis：/Users/zhiboc/repos/yuyan-worktrees/基础库-密码公钥核验/库/标准库/数据结构/字节缓冲。豫 | 运行 24/24
[完成] 依赖分析：/Users/zhiboc/repos/yuyan-worktrees/基础库-密码公钥核验/库/标准库/数据结构/小数术。豫 | PID 29139 | 退出 0 | 运行 23/24 | 已完成 11
[启动] dependency-analysis：/Users/zhiboc/repos/yuyan-worktrees/基础库-密码公钥核验/库/标准库/语言核心/内建类型。豫 | 运行 24/24
[完成] 依赖分析：/Users/zhiboc/repos/yuyan-worktrees/基础库-密码公钥核验/库/标准库/数据结构/列表搜索。豫 | PID 29139 | 退出 0 | 运行 23/24 | 已完成 12
[启动] dependency-analysis：/Users/zhiboc/repos/yuyan-worktrees/基础库-密码公钥核验/库/标准库/语言核心/异常。豫 | 运行 24/24
[完成] 依赖分析：/Users/zhiboc/repos/yuyan-worktrees/基础库-密码公钥核验/库/标准库/数据结构/字节串。豫 | PID 29139 | 退出 0 | 运行 23/24 | 已完成 13
[启动] dependency-analysis：/Users/zhiboc/repos/yuyan-worktrees/基础库-密码公钥核验/库/标准库/输入输出/笔。豫 | 运行 24/24
[完成] 依赖分析：/Users/zhiboc/repos/yuyan-worktrees/基础库-密码公钥核验/库/标准库/数据结构/可选值。豫 | PID 29139 | 退出 0 | 运行 23/24 | 已完成 14
[启动] dependency-analysis：/Users/zhiboc/repos/yuyan-worktrees/基础库-密码公钥核验/库/标准库/语言核心/续延。豫 | 运行 24/24
[完成] 依赖分析：/Users/zhiboc/repos/yuyan-worktrees/基础库-密码公钥核验/库/标准库/数据结构/整数操作。豫 | PID 29139 | 退出 0 | 运行 23/24 | 已完成 15
[启动] dependency-analysis：/Users/zhiboc/repos/yuyan-worktrees/基础库-密码公钥核验/库/标准库/宿主带列。接口。豫 | 运行 24/24
[完成] 依赖分析：/Users/zhiboc/repos/yuyan-worktrees/基础库-密码公钥核验/库/标准库/操作系统/命令行参数。豫 | PID 29139 | 退出 0 | 运行 23/24 | 已完成 16
[启动] dependency-analysis：/Users/zhiboc/repos/yuyan-worktrees/基础库-密码公钥核验/库/标准库/宿主。接口。豫 | 运行 24/24
[完成] 依赖分析：/Users/zhiboc/repos/yuyan-worktrees/基础库-密码公钥核验/库/标准库/豫言标准内核。豫 | PID 29139 | 退出 0 | 运行 23/24 | 已完成 17
[启动] dependency-analysis：/Users/zhiboc/repos/yuyan-worktrees/基础库-密码公钥核验/库/标准库/数学运算/转换。豫 | 运行 24/24
[完成] 依赖分析：/Users/zhiboc/repos/yuyan-worktrees/基础库-密码公钥核验/库/标准库/输入输出/笔。豫 | PID 29139 | 退出 0 | 运行 23/24 | 已完成 18
[启动] dependency-analysis：/Users/zhiboc/repos/yuyan-worktrees/基础库-密码公钥核验/库/标准库/数学运算/具体列。豫 | 运行 24/24
[完成] 依赖分析：/Users/zhiboc/repos/yuyan-worktrees/基础库-密码公钥核验/库/标准库/语言核心/异常。豫 | PID 29139 | 退出 0 | 运行 23/24 | 已完成 19
[启动] dependency-analysis：/Users/zhiboc/repos/yuyan-worktrees/基础库-密码公钥核验/库/标准库/数学运算/随机。豫 | 运行 24/24
[完成] 依赖分析：/Users/zhiboc/repos/yuyan-worktrees/基础库-密码公钥核验/库/标准库/语言核心/内建类型。豫 | PID 29139 | 退出 0 | 运行 23/24 | 已完成 20
[启动] dependency-analysis：/Users/zhiboc/repos/yuyan-worktrees/基础库-密码公钥核验/库/标准库/数学运算/大小。豫 | 运行 24/24
[完成] 依赖分析：/Users/zhiboc/repos/yuyan-worktrees/基础库-密码公钥核验/库/标准库/操作系统/文件系统。豫 | PID 29139 | 退出 0 | 运行 23/24 | 已完成 21
[启动] dependency-analysis：/Users/zhiboc/repos/yuyan-worktrees/基础库-密码公钥核验/库/标准库/数学运算/数组转换。豫 | 运行 24/24
[完成] 依赖分析：/Users/zhiboc/repos/yuyan-worktrees/基础库-密码公钥核验/库/标准库/网络。豫 | PID 29139 | 退出 0 | 运行 23/24 | 已完成 22
[启动] dependency-analysis：/Users/zhiboc/repos/yuyan-worktrees/基础库-密码公钥核验/库/标准库/控制/惰性求值。豫 | 运行 24/24
[完成] 依赖分析：/Users/zhiboc/repos/yuyan-worktrees/基础库-密码公钥核验/库/标准库/语言核心。豫 | PID 29139 | 退出 0 | 运行 23/24 | 已完成 23
[启动] dependency-analysis：/Users/zhiboc/repos/yuyan-worktrees/基础库-密码公钥核验/库/标准库/控制/异步。豫 | 运行 24/24
[完成] 依赖分析：/Users/zhiboc/repos/yuyan-worktrees/基础库-密码公钥核验/库/标准库/数学运算/数组转换。豫 | PID 29139 | 退出 0 | 运行 23/24 | 已完成 24
[启动] dependency-analysis：/Users/zhiboc/repos/yuyan-worktrees/基础库-密码公钥核验/库/标准库/语言核心/原语。内建。豫 | 运行 24/24
[完成] 依赖分析：/Users/zhiboc/repos/yuyan-worktrees/基础库-密码公钥核验/库/标准库/数学运算/随机。豫 | PID 29139 | 退出 0 | 运行 23/24 | 已完成 25
[启动] dependency-analysis：/Users/zhiboc/repos/yuyan-worktrees/基础库-密码公钥核验/库/标准库/语言核心/异步原语。豫 | 运行 24/24
[完成] 依赖分析：/Users/zhiboc/repos/yuyan-worktrees/基础库-密码公钥核验/库/标准库/数学运算/具体列。豫 | PID 29139 | 退出 0 | 运行 23/24 | 已完成 26
[启动] dependency-analysis：/Users/zhiboc/repos/yuyan-worktrees/基础库-密码公钥核验/库/标准库/语言核心/引用。豫 | 运行 24/24
[完成] 依赖分析：/Users/zhiboc/repos/yuyan-worktrees/基础库-密码公钥核验/库/标准库/宿主。接口。豫 | PID 29139 | 退出 0 | 运行 23/24 | 已完成 27
[启动] dependency-analysis：/Users/zhiboc/repos/yuyan-worktrees/基础库-密码公钥核验/库/标准库/网络/传输控制协议。豫 | 运行 24/24
[完成] 依赖分析：/Users/zhiboc/repos/yuyan-worktrees/基础库-密码公钥核验/库/标准库/宿主带列。接口。豫 | PID 29139 | 退出 0 | 运行 23/24 | 已完成 28
[启动] dependency-analysis：/Users/zhiboc/repos/yuyan-worktrees/基础库-密码公钥核验/库/标准库/网络/异步传输控制协议。豫 | 运行 24/24
[完成] 依赖分析：/Users/zhiboc/repos/yuyan-worktrees/基础库-密码公钥核验/库/标准库/数据结构/函数操作。豫 | PID 29139 | 退出 0 | 运行 23/24 | 已完成 29
[启动] dependency-analysis：/Users/zhiboc/repos/yuyan-worktrees/基础库-密码公钥核验/库/标准库/网络/超文本传输协议。豫 | 运行 24/24
[完成] 依赖分析：/Users/zhiboc/repos/yuyan-worktrees/基础库-密码公钥核验/库/标准库/数据结构/小数操作。豫 | PID 29139 | 退出 0 | 运行 23/24 | 已完成 30
[启动] dependency-analysis：/Users/zhiboc/repos/yuyan-worktrees/基础库-密码公钥核验/库/标准库/语言核心/不安全。豫 | 运行 24/24
[完成] 依赖分析：/Users/zhiboc/repos/yuyan-worktrees/基础库-密码公钥核验/库/标准库/语言核心/原语。内建。豫 | PID 29139 | 退出 0 | 运行 23/24 | 已完成 31
[启动] parse：/Users/zhiboc/repos/yuyan-worktrees/基础库-密码公钥核验/库/标准库/语言核心/内建类型。豫 | 运行 24/24
[完成] 依赖分析：/Users/zhiboc/repos/yuyan-worktrees/基础库-密码公钥核验/库/标准库/语言核心/异步原语。豫 | PID 29139 | 退出 0 | 运行 23/24 | 已完成 32
[启动] parse：/Users/zhiboc/repos/yuyan-worktrees/基础库-密码公钥核验/库/标准库/数据结构/函数操作。豫 | 运行 24/24
[完成] 依赖分析：/Users/zhiboc/repos/yuyan-worktrees/基础库-密码公钥核验/库/标准库/语言核心/引用。豫 | PID 29139 | 退出 0 | 运行 23/24 | 已完成 33
[完成] 依赖分析：/Users/zhiboc/repos/yuyan-worktrees/基础库-密码公钥核验/库/标准库/数据结构/字节缓冲。豫 | PID 29139 | 退出 0 | 运行 22/24 | 已完成 34
[完成] 依赖分析：/Users/zhiboc/repos/yuyan-worktrees/基础库-密码公钥核验/库/标准库/网络/异步传输控制协议。豫 | PID 29139 | 退出 0 | 运行 21/24 | 已完成 35
[完成] 依赖分析：/Users/zhiboc/repos/yuyan-worktrees/基础库-密码公钥核验/库/标准库/网络/传输控制协议。豫 | PID 29139 | 退出 0 | 运行 20/24 | 已完成 36
[完成] 语法解析：/Users/zhiboc/repos/yuyan-worktrees/基础库-密码公钥核验/库/标准库/数据结构/函数操作。豫 | PID 29139 | 退出 0 | 运行 19/24 | 已完成 37
[启动] type-check-and-erase：/Users/zhiboc/repos/yuyan-worktrees/基础库-密码公钥核验/库/标准库/数据结构/函数操作。豫 | 运行 20/24
[完成] 依赖分析：/Users/zhiboc/repos/yuyan-worktrees/基础库-密码公钥核验/库/标准库/数学运算/大小。豫 | PID 29139 | 退出 0 | 运行 19/24 | 已完成 38
[完成] 依赖分析：/Users/zhiboc/repos/yuyan-worktrees/基础库-密码公钥核验/库/标准库/操作系统/路径。豫 | PID 29139 | 退出 0 | 运行 18/24 | 已完成 39
[完成] 依赖分析：/Users/zhiboc/repos/yuyan-worktrees/基础库-密码公钥核验/库/标准库/操作系统/进程。豫 | PID 29139 | 退出 0 | 运行 17/24 | 已完成 40
[完成] 依赖分析：/Users/zhiboc/repos/yuyan-worktrees/基础库-密码公钥核验/库/标准库/操作系统/时间。豫 | PID 29139 | 退出 0 | 运行 16/24 | 已完成 41
[完成] 依赖分析：/Users/zhiboc/repos/yuyan-worktrees/基础库-密码公钥核验/库/标准库/操作系统/系统名称。豫 | PID 29139 | 退出 0 | 运行 15/24 | 已完成 42
[完成] 依赖分析：/Users/zhiboc/repos/yuyan-worktrees/基础库-密码公钥核验/库/标准库/数据结构/字符流术。豫 | PID 29139 | 退出 0 | 运行 14/24 | 已完成 43
[完成] 依赖分析：/Users/zhiboc/repos/yuyan-worktrees/基础库-密码公钥核验/库/标准库/数据结构/字符串术。豫 | PID 29139 | 退出 0 | 运行 13/24 | 已完成 44
[完成] 依赖分析：/Users/zhiboc/repos/yuyan-worktrees/基础库-密码公钥核验/库/标准库/操作系统/环境变量。豫 | PID 29139 | 退出 0 | 运行 12/24 | 已完成 45
[完成] 依赖分析：/Users/zhiboc/repos/yuyan-worktrees/基础库-密码公钥核验/库/标准库/数据结构/多态列工具。豫 | PID 29139 | 退出 0 | 运行 11/24 | 已完成 46
[完成] 类型检查：/Users/zhiboc/repos/yuyan-worktrees/基础库-密码公钥核验/库/标准库/数据结构/函数操作。豫 | PID 29139 | 退出 0 | 运行 10/24 | 已完成 47
[完成] 依赖分析：/Users/zhiboc/repos/yuyan-worktrees/基础库-密码公钥核验/库/标准库/数据结构/字典术。豫 | PID 29139 | 退出 0 | 运行 9/24 | 已完成 48
[完成] 依赖分析：/Users/zhiboc/repos/yuyan-worktrees/基础库-密码公钥核验/库/标准库/语言核心/续延。豫 | PID 29139 | 退出 0 | 运行 8/24 | 已完成 49
[启动] parse：/Users/zhiboc/repos/yuyan-worktrees/基础库-密码公钥核验/库/标准库/语言核心/续延。豫 | 运行 9/24
[完成] 依赖分析：/Users/zhiboc/repos/yuyan-worktrees/基础库-密码公钥核验/库/标准库/数据结构/对子术。豫 | PID 29139 | 退出 0 | 运行 8/24 | 已完成 50
[完成] 依赖分析：/Users/zhiboc/repos/yuyan-worktrees/基础库-密码公钥核验/库/标准库/控制/异步。豫 | PID 29139 | 退出 0 | 运行 7/24 | 已完成 51
[完成] 依赖分析：/Users/zhiboc/repos/yuyan-worktrees/基础库-密码公钥核验/库/标准库/网络/超文本传输协议。豫 | PID 29139 | 退出 0 | 运行 6/24 | 已完成 52
[完成] 依赖分析：/Users/zhiboc/repos/yuyan-worktrees/基础库-密码公钥核验/库/标准库/控制/惰性求值。豫 | PID 29139 | 退出 0 | 运行 5/24 | 已完成 53
[完成] 语法解析：/Users/zhiboc/repos/yuyan-worktrees/基础库-密码公钥核验/库/标准库/语言核心/内建类型。豫 | PID 29139 | 退出 0 | 运行 4/24 | 已完成 54
[启动] parse：/Users/zhiboc/repos/yuyan-worktrees/基础库-密码公钥核验/库/标准库/数据结构/爻术。豫 | 运行 5/24
[启动] parse：/Users/zhiboc/repos/yuyan-worktrees/基础库-密码公钥核验/库/标准库/语言核心/原语。内建。豫 | 运行 6/24
[启动] parse：/Users/zhiboc/repos/yuyan-worktrees/基础库-密码公钥核验/库/标准库/数学运算/大小。豫 | 运行 7/24
[启动] parse：/Users/zhiboc/repos/yuyan-worktrees/基础库-密码公钥核验/库/标准库/控制/惰性求值。豫 | 运行 8/24
[启动] type-check-and-erase：/Users/zhiboc/repos/yuyan-worktrees/基础库-密码公钥核验/库/标准库/语言核心/内建类型。豫 | 运行 9/24
[完成] 语法解析：/Users/zhiboc/repos/yuyan-worktrees/基础库-密码公钥核验/库/标准库/语言核心/续延。豫 | PID 29139 | 退出 0 | 运行 8/24 | 已完成 55
[启动] type-check-and-erase：/Users/zhiboc/repos/yuyan-worktrees/基础库-密码公钥核验/库/标准库/语言核心/续延。豫 | 运行 9/24
[完成] 依赖分析：/Users/zhiboc/repos/yuyan-worktrees/基础库-密码公钥核验/库/标准库/语言核心/不安全。豫 | PID 29139 | 退出 0 | 运行 8/24 | 已完成 56
[完成] 语法解析：/Users/zhiboc/repos/yuyan-worktrees/基础库-密码公钥核验/库/标准库/数据结构/爻术。豫 | PID 29139 | 退出 0 | 运行 7/24 | 已完成 57
[完成] 语法解析：/Users/zhiboc/repos/yuyan-worktrees/基础库-密码公钥核验/库/标准库/语言核心/原语。内建。豫 | PID 29139 | 退出 0 | 运行 6/24 | 已完成 58
[启动] parse：/Users/zhiboc/repos/yuyan-worktrees/基础库-密码公钥核验/库/标准库/数据结构/小数术。豫 | 运行 7/24
[启动] parse：/Users/zhiboc/repos/yuyan-worktrees/基础库-密码公钥核验/库/标准库/数据结构/字节串。豫 | 运行 8/24
[启动] parse：/Users/zhiboc/repos/yuyan-worktrees/基础库-密码公钥核验/库/标准库/数据结构/整数操作。豫 | 运行 9/24
[启动] parse：/Users/zhiboc/repos/yuyan-worktrees/基础库-密码公钥核验/库/标准库/语言核心/异步原语。豫 | 运行 10/24
[启动] parse：/Users/zhiboc/repos/yuyan-worktrees/基础库-密码公钥核验/库/标准库/语言核心/引用。豫 | 运行 11/24
[启动] parse：/Users/zhiboc/repos/yuyan-worktrees/基础库-密码公钥核验/库/标准库/语言核心/不安全。豫 | 运行 12/24
[完成] 类型检查：/Users/zhiboc/repos/yuyan-worktrees/基础库-密码公钥核验/库/标准库/语言核心/续延。豫 | PID 29139 | 退出 0 | 运行 11/24 | 已完成 59
[完成] 语法解析：/Users/zhiboc/repos/yuyan-worktrees/基础库-密码公钥核验/库/标准库/数学运算/大小。豫 | PID 29139 | 退出 0 | 运行 10/24 | 已完成 60
[完成] 依赖分析：/Users/zhiboc/repos/yuyan-worktrees/基础库-密码公钥核验/库/标准库/数据结构/特殊字符。豫 | PID 29139 | 退出 0 | 运行 9/24 | 已完成 61
[完成] 语法解析：/Users/zhiboc/repos/yuyan-worktrees/基础库-密码公钥核验/库/标准库/语言核心/异步原语。豫 | PID 29139 | 退出 0 | 运行 8/24 | 已完成 62
[完成] 语法解析：/Users/zhiboc/repos/yuyan-worktrees/基础库-密码公钥核验/库/标准库/数据结构/小数术。豫 | PID 29139 | 退出 0 | 运行 7/24 | 已完成 63
[完成] 语法解析：/Users/zhiboc/repos/yuyan-worktrees/基础库-密码公钥核验/库/标准库/语言核心/不安全。豫 | PID 29139 | 退出 0 | 运行 6/24 | 已完成 64
[完成] 语法解析：/Users/zhiboc/repos/yuyan-worktrees/基础库-密码公钥核验/库/标准库/控制/惰性求值。豫 | PID 29139 | 退出 0 | 运行 5/24 | 已完成 65
[完成] 类型检查：/Users/zhiboc/repos/yuyan-worktrees/基础库-密码公钥核验/库/标准库/语言核心/内建类型。豫 | PID 29139 | 退出 0 | 运行 4/24 | 已完成 66
[启动] type-check-and-erase：/Users/zhiboc/repos/yuyan-worktrees/基础库-密码公钥核验/库/标准库/数据结构/爻术。豫 | 运行 5/24
[启动] type-check-and-erase：/Users/zhiboc/repos/yuyan-worktrees/基础库-密码公钥核验/库/标准库/语言核心/原语。内建。豫 | 运行 6/24
[启动] type-check-and-erase：/Users/zhiboc/repos/yuyan-worktrees/基础库-密码公钥核验/库/标准库/数学运算/大小。豫 | 运行 7/24
[启动] type-check-and-erase：/Users/zhiboc/repos/yuyan-worktrees/基础库-密码公钥核验/库/标准库/控制/惰性求值。豫 | 运行 8/24
[完成] 类型检查：/Users/zhiboc/repos/yuyan-worktrees/基础库-密码公钥核验/库/标准库/数据结构/爻术。豫 | PID 29139 | 退出 0 | 运行 7/24 | 已完成 67
[完成] 语法解析：/Users/zhiboc/repos/yuyan-worktrees/基础库-密码公钥核验/库/标准库/数据结构/字节串。豫 | PID 29139 | 退出 0 | 运行 6/24 | 已完成 68
[启动] parse：/Users/zhiboc/repos/yuyan-worktrees/基础库-密码公钥核验/库/标准库/宿主。接口。豫 | 运行 7/24
[启动] parse：/Users/zhiboc/repos/yuyan-worktrees/基础库-密码公钥核验/库/标准库/数据结构/字节缓冲。豫 | 运行 8/24
[完成] 语法解析：/Users/zhiboc/repos/yuyan-worktrees/基础库-密码公钥核验/库/标准库/数据结构/整数操作。豫 | PID 29139 | 退出 0 | 运行 7/24 | 已完成 69
[完成] 语法解析：/Users/zhiboc/repos/yuyan-worktrees/基础库-密码公钥核验/库/标准库/数据结构/字节缓冲。豫 | PID 29139 | 退出 0 | 运行 6/24 | 已完成 70
[完成] 类型检查：/Users/zhiboc/repos/yuyan-worktrees/基础库-密码公钥核验/库/标准库/语言核心/原语。内建。豫 | PID 29139 | 退出 0 | 运行 5/24 | 已完成 71
[启动] type-check-and-erase：/Users/zhiboc/repos/yuyan-worktrees/基础库-密码公钥核验/库/标准库/数据结构/小数术。豫 | 运行 6/24
[启动] type-check-and-erase：/Users/zhiboc/repos/yuyan-worktrees/基础库-密码公钥核验/库/标准库/数据结构/字节串。豫 | 运行 7/24
[启动] type-check-and-erase：/Users/zhiboc/repos/yuyan-worktrees/基础库-密码公钥核验/库/标准库/数据结构/整数操作。豫 | 运行 8/24
[启动] type-check-and-erase：/Users/zhiboc/repos/yuyan-worktrees/基础库-密码公钥核验/库/标准库/语言核心/异步原语。豫 | 运行 9/24
[启动] type-check-and-erase：/Users/zhiboc/repos/yuyan-worktrees/基础库-密码公钥核验/库/标准库/语言核心/不安全。豫 | 运行 10/24
[完成] 依赖分析：/Users/zhiboc/repos/yuyan-worktrees/基础库-密码公钥核验/库/标准库/数学运算/转换。豫 | PID 29139 | 退出 0 | 运行 9/24 | 已完成 72
[启动] parse：/Users/zhiboc/repos/yuyan-worktrees/基础库-密码公钥核验/库/标准库/数学运算/转换。豫 | 运行 10/24
[完成] 类型检查：/Users/zhiboc/repos/yuyan-worktrees/基础库-密码公钥核验/库/标准库/数据结构/小数术。豫 | PID 29139 | 退出 0 | 运行 9/24 | 已完成 73
[完成] 类型检查：/Users/zhiboc/repos/yuyan-worktrees/基础库-密码公钥核验/库/标准库/数据结构/字节串。豫 | PID 29139 | 退出 0 | 运行 8/24 | 已完成 74
[启动] type-check-and-erase：/Users/zhiboc/repos/yuyan-worktrees/基础库-密码公钥核验/库/标准库/数据结构/字节缓冲。豫 | 运行 9/24
[完成] 类型检查：/Users/zhiboc/repos/yuyan-worktrees/基础库-密码公钥核验/库/标准库/语言核心/不安全。豫 | PID 29139 | 退出 0 | 运行 8/24 | 已完成 75
[完成] 类型检查：/Users/zhiboc/repos/yuyan-worktrees/基础库-密码公钥核验/库/标准库/数学运算/大小。豫 | PID 29139 | 退出 0 | 运行 7/24 | 已完成 76
[完成] 类型检查：/Users/zhiboc/repos/yuyan-worktrees/基础库-密码公钥核验/库/标准库/数据结构/整数操作。豫 | PID 29139 | 退出 0 | 运行 6/24 | 已完成 77
[完成] 类型检查：/Users/zhiboc/repos/yuyan-worktrees/基础库-密码公钥核验/库/标准库/控制/惰性求值。豫 | PID 29139 | 退出 0 | 运行 5/24 | 已完成 78
[完成] 语法解析：/Users/zhiboc/repos/yuyan-worktrees/基础库-密码公钥核验/库/标准库/宿主。接口。豫 | PID 29139 | 退出 0 | 运行 4/24 | 已完成 79
[启动] parse：/Users/zhiboc/repos/yuyan-worktrees/基础库-密码公钥核验/库/标准库/输入输出/笔。豫 | 运行 5/24
[启动] parse：/Users/zhiboc/repos/yuyan-worktrees/基础库-密码公钥核验/库/标准库/语言核心/异常。豫 | 运行 6/24
[启动] parse：/Users/zhiboc/repos/yuyan-worktrees/基础库-密码公钥核验/库/标准库/数学运算/随机。豫 | 运行 7/24
[启动] parse：/Users/zhiboc/repos/yuyan-worktrees/基础库-密码公钥核验/库/标准库/数据结构/小数操作。豫 | 运行 8/24
[启动] parse：/Users/zhiboc/repos/yuyan-worktrees/基础库-密码公钥核验/库/标准库/网络/传输控制协议。豫 | 运行 9/24
[启动] parse：/Users/zhiboc/repos/yuyan-worktrees/基础库-密码公钥核验/库/标准库/操作系统/进程。豫 | 运行 10/24
[启动] parse：/Users/zhiboc/repos/yuyan-worktrees/基础库-密码公钥核验/库/标准库/操作系统/系统名称。豫 | 运行 11/24
[启动] parse：/Users/zhiboc/repos/yuyan-worktrees/基础库-密码公钥核验/库/标准库/操作系统/环境变量。豫 | 运行 12/24
[启动] type-check-and-erase：/Users/zhiboc/repos/yuyan-worktrees/基础库-密码公钥核验/库/标准库/宿主。接口。豫 | 运行 13/24
[完成] 类型检查：/Users/zhiboc/repos/yuyan-worktrees/基础库-密码公钥核验/库/标准库/数据结构/字节缓冲。豫 | PID 29139 | 退出 0 | 运行 12/24 | 已完成 80
[完成] 类型检查：/Users/zhiboc/repos/yuyan-worktrees/基础库-密码公钥核验/库/标准库/语言核心/异步原语。豫 | PID 29139 | 退出 0 | 运行 11/24 | 已完成 81
[完成] 语法解析：/Users/zhiboc/repos/yuyan-worktrees/基础库-密码公钥核验/库/标准库/输入输出/笔。豫 | PID 29139 | 退出 0 | 运行 10/24 | 已完成 82
[启动] parse：/Users/zhiboc/repos/yuyan-worktrees/基础库-密码公钥核验/库/标准库/输入输出。豫 | 运行 11/24
[完成] 语法解析：/Users/zhiboc/repos/yuyan-worktrees/基础库-密码公钥核验/库/标准库/操作系统/环境变量。豫 | PID 29139 | 退出 0 | 运行 10/24 | 已完成 83
[完成] 语法解析：/Users/zhiboc/repos/yuyan-worktrees/基础库-密码公钥核验/库/标准库/操作系统/进程。豫 | PID 29139 | 退出 0 | 运行 9/24 | 已完成 84
[完成] 语法解析：/Users/zhiboc/repos/yuyan-worktrees/基础库-密码公钥核验/库/标准库/语言核心/异常。豫 | PID 29139 | 退出 0 | 运行 8/24 | 已完成 85
[启动] parse：/Users/zhiboc/repos/yuyan-worktrees/基础库-密码公钥核验/库/标准库/数据结构/可选值。豫 | 运行 9/24
[完成] 语法解析：/Users/zhiboc/repos/yuyan-worktrees/基础库-密码公钥核验/库/标准库/数据结构/小数操作。豫 | PID 29139 | 退出 0 | 运行 8/24 | 已完成 86
[完成] 语法解析：/Users/zhiboc/repos/yuyan-worktrees/基础库-密码公钥核验/库/标准库/网络/传输控制协议。豫 | PID 29139 | 退出 0 | 运行 7/24 | 已完成 87
[完成] 语法解析：/Users/zhiboc/repos/yuyan-worktrees/基础库-密码公钥核验/库/标准库/语言核心/引用。豫 | PID 29139 | 退出 0 | 运行 6/24 | 已完成 88
[启动] parse：/Users/zhiboc/repos/yuyan-worktrees/基础库-密码公钥核验/库/标准库/语言核心。豫 | 运行 7/24
[启动] type-check-and-erase：/Users/zhiboc/repos/yuyan-worktrees/基础库-密码公钥核验/库/标准库/语言核心/引用。豫 | 运行 8/24
[完成] 类型检查：/Users/zhiboc/repos/yuyan-worktrees/基础库-密码公钥核验/库/标准库/宿主。接口。豫 | PID 29139 | 退出 0 | 运行 7/24 | 已完成 89
[启动] type-check-and-erase：/Users/zhiboc/repos/yuyan-worktrees/基础库-密码公钥核验/库/标准库/输入输出/笔。豫 | 运行 8/24
[启动] type-check-and-erase：/Users/zhiboc/repos/yuyan-worktrees/基础库-密码公钥核验/库/标准库/语言核心/异常。豫 | 运行 9/24
[启动] type-check-and-erase：/Users/zhiboc/repos/yuyan-worktrees/基础库-密码公钥核验/库/标准库/数据结构/小数操作。豫 | 运行 10/24
[启动] type-check-and-erase：/Users/zhiboc/repos/yuyan-worktrees/基础库-密码公钥核验/库/标准库/网络/传输控制协议。豫 | 运行 11/24
[启动] type-check-and-erase：/Users/zhiboc/repos/yuyan-worktrees/基础库-密码公钥核验/库/标准库/操作系统/进程。豫 | 运行 12/24
[启动] type-check-and-erase：/Users/zhiboc/repos/yuyan-worktrees/基础库-密码公钥核验/库/标准库/操作系统/环境变量。豫 | 运行 13/24
[完成] 类型检查：/Users/zhiboc/repos/yuyan-worktrees/基础库-密码公钥核验/库/标准库/语言核心/引用。豫 | PID 29139 | 退出 0 | 运行 12/24 | 已完成 90
[完成] 语法解析：/Users/zhiboc/repos/yuyan-worktrees/基础库-密码公钥核验/库/标准库/数学运算/转换。豫 | PID 29139 | 退出 0 | 运行 11/24 | 已完成 91
[启动] parse：/Users/zhiboc/repos/yuyan-worktrees/基础库-密码公钥核验/库/标准库/操作系统/时间。豫 | 运行 12/24
[启动] type-check-and-erase：/Users/zhiboc/repos/yuyan-worktrees/基础库-密码公钥核验/库/标准库/数学运算/转换。豫 | 运行 13/24
[完成] 类型检查：/Users/zhiboc/repos/yuyan-worktrees/基础库-密码公钥核验/库/标准库/语言核心/异常。豫 | PID 29139 | 退出 0 | 运行 12/24 | 已完成 92
[完成] 语法解析：/Users/zhiboc/repos/yuyan-worktrees/基础库-密码公钥核验/库/标准库/输入输出。豫 | PID 29139 | 退出 0 | 运行 11/24 | 已完成 93
[完成] 语法解析：/Users/zhiboc/repos/yuyan-worktrees/基础库-密码公钥核验/库/标准库/数学运算/随机。豫 | PID 29139 | 退出 0 | 运行 10/24 | 已完成 94
[启动] type-check-and-erase：/Users/zhiboc/repos/yuyan-worktrees/基础库-密码公钥核验/库/标准库/数学运算/随机。豫 | 运行 11/24
[完成] 语法解析：/Users/zhiboc/repos/yuyan-worktrees/基础库-密码公钥核验/库/标准库/操作系统/时间。豫 | PID 29139 | 退出 0 | 运行 10/24 | 已完成 95
[完成] 语法解析：/Users/zhiboc/repos/yuyan-worktrees/基础库-密码公钥核验/库/标准库/数据结构/可选值。豫 | PID 29139 | 退出 0 | 运行 9/24 | 已完成 96
[启动] parse：/Users/zhiboc/repos/yuyan-worktrees/基础库-密码公钥核验/库/标准库/数据结构/多态列。豫 | 运行 10/24
[启动] type-check-and-erase：/Users/zhiboc/repos/yuyan-worktrees/基础库-密码公钥核验/库/标准库/数据结构/可选值。豫 | 运行 11/24
[完成] 类型检查：/Users/zhiboc/repos/yuyan-worktrees/基础库-密码公钥核验/库/标准库/数据结构/小数操作。豫 | PID 29139 | 退出 0 | 运行 10/24 | 已完成 97
[完成] 类型检查：/Users/zhiboc/repos/yuyan-worktrees/基础库-密码公钥核验/库/标准库/数学运算/转换。豫 | PID 29139 | 退出 0 | 运行 9/24 | 已完成 98
[启动] type-check-and-erase：/Users/zhiboc/repos/yuyan-worktrees/基础库-密码公钥核验/库/标准库/操作系统/时间。豫 | 运行 10/24
[完成] 类型检查：/Users/zhiboc/repos/yuyan-worktrees/基础库-密码公钥核验/库/标准库/数学运算/随机。豫 | PID 29139 | 退出 0 | 运行 9/24 | 已完成 99
[完成] 类型检查：/Users/zhiboc/repos/yuyan-worktrees/基础库-密码公钥核验/库/标准库/操作系统/进程。豫 | PID 29139 | 退出 0 | 运行 8/24 | 已完成 100
[完成] 语法解析：/Users/zhiboc/repos/yuyan-worktrees/基础库-密码公钥核验/库/标准库/数据结构/多态列。豫 | PID 29139 | 退出 0 | 运行 7/24 | 已完成 101
[启动] parse：/Users/zhiboc/repos/yuyan-worktrees/基础库-密码公钥核验/库/标准库/数学运算/数组转换。豫 | 运行 8/24
[启动] parse：/Users/zhiboc/repos/yuyan-worktrees/基础库-密码公钥核验/库/标准库/数学运算/具体列。豫 | 运行 9/24
[启动] parse：/Users/zhiboc/repos/yuyan-worktrees/基础库-密码公钥核验/库/标准库/宿主带列。接口。豫 | 运行 10/24
[启动] parse：/Users/zhiboc/repos/yuyan-worktrees/基础库-密码公钥核验/库/标准库/数据结构/多态列工具。豫 | 运行 11/24
[完成] 语法解析：/Users/zhiboc/repos/yuyan-worktrees/基础库-密码公钥核验/库/标准库/语言核心。豫 | PID 29139 | 退出 0 | 运行 10/24 | 已完成 102
[启动] type-check-and-erase：/Users/zhiboc/repos/yuyan-worktrees/基础库-密码公钥核验/库/标准库/语言核心。豫 | 运行 11/24
[完成] 类型检查：/Users/zhiboc/repos/yuyan-worktrees/基础库-密码公钥核验/库/标准库/数据结构/可选值。豫 | PID 29139 | 退出 0 | 运行 10/24 | 已完成 103
[完成] 语法解析：/Users/zhiboc/repos/yuyan-worktrees/基础库-密码公钥核验/库/标准库/数学运算/具体列。豫 | PID 29139 | 退出 0 | 运行 9/24 | 已完成 104
[完成] 类型检查：/Users/zhiboc/repos/yuyan-worktrees/基础库-密码公钥核验/库/标准库/操作系统/时间。豫 | PID 29139 | 退出 0 | 运行 8/24 | 已完成 105
[完成] 语法解析：/Users/zhiboc/repos/yuyan-worktrees/基础库-密码公钥核验/库/标准库/数学运算/数组转换。豫 | PID 29139 | 退出 0 | 运行 7/24 | 已完成 106
[启动] parse：/Users/zhiboc/repos/yuyan-worktrees/基础库-密码公钥核验/库/标准库/数学运算。豫 | 运行 8/24
[启动] parse：/Users/zhiboc/repos/yuyan-worktrees/基础库-密码公钥核验/库/标准库/数据结构/字符流术。豫 | 运行 9/24
[完成] 类型检查：/Users/zhiboc/repos/yuyan-worktrees/基础库-密码公钥核验/库/标准库/网络/传输控制协议。豫 | PID 29139 | 退出 0 | 运行 8/24 | 已完成 107
[完成] 语法解析：/Users/zhiboc/repos/yuyan-worktrees/基础库-密码公钥核验/库/标准库/数学运算。豫 | PID 29139 | 退出 0 | 运行 7/24 | 已完成 108
[完成] 类型检查：/Users/zhiboc/repos/yuyan-worktrees/基础库-密码公钥核验/库/标准库/操作系统/环境变量。豫 | PID 29139 | 退出 0 | 运行 6/24 | 已完成 109
[完成] 语法解析：/Users/zhiboc/repos/yuyan-worktrees/基础库-密码公钥核验/库/标准库/数据结构/多态列工具。豫 | PID 29139 | 退出 0 | 运行 5/24 | 已完成 110
[启动] parse：/Users/zhiboc/repos/yuyan-worktrees/基础库-密码公钥核验/库/标准库/数据结构/字符串术。豫 | 运行 6/24
[完成] 类型检查：/Users/zhiboc/repos/yuyan-worktrees/基础库-密码公钥核验/库/标准库/输入输出/笔。豫 | PID 29139 | 退出 0 | 运行 5/24 | 已完成 111
[启动] type-check-and-erase：/Users/zhiboc/repos/yuyan-worktrees/基础库-密码公钥核验/库/标准库/数据结构/多态列。豫 | 运行 6/24
[启动] type-check-and-erase：/Users/zhiboc/repos/yuyan-worktrees/基础库-密码公钥核验/库/标准库/输入输出。豫 | 运行 7/24
[完成] 语法解析：/Users/zhiboc/repos/yuyan-worktrees/基础库-密码公钥核验/库/标准库/宿主带列。接口。豫 | PID 29139 | 退出 0 | 运行 6/24 | 已完成 112
[启动] parse：/Users/zhiboc/repos/yuyan-worktrees/基础库-密码公钥核验/库/标准库/操作系统/命令行参数。豫 | 运行 7/24
[启动] parse：/Users/zhiboc/repos/yuyan-worktrees/基础库-密码公钥核验/库/标准库/操作系统/文件系统。豫 | 运行 8/24
[启动] parse：/Users/zhiboc/repos/yuyan-worktrees/基础库-密码公钥核验/库/标准库/控制/异步。豫 | 运行 9/24
[完成] 语法解析：/Users/zhiboc/repos/yuyan-worktrees/基础库-密码公钥核验/库/标准库/数据结构/字符串术。豫 | PID 29139 | 退出 0 | 运行 8/24 | 已完成 113
[启动] parse：/Users/zhiboc/repos/yuyan-worktrees/基础库-密码公钥核验/库/标准库/操作系统/子进程。豫 | 运行 9/24
[启动] parse：/Users/zhiboc/repos/yuyan-worktrees/基础库-密码公钥核验/库/标准库/数据结构/对子术。豫 | 运行 10/24
[启动] parse：/Users/zhiboc/repos/yuyan-worktrees/基础库-密码公钥核验/库/标准库/数据结构/特殊字符。豫 | 运行 11/24
[完成] 语法解析：/Users/zhiboc/repos/yuyan-worktrees/基础库-密码公钥核验/库/标准库/操作系统/系统名称。豫 | PID 29139 | 退出 0 | 运行 10/24 | 已完成 114
[启动] type-check-and-erase：/Users/zhiboc/repos/yuyan-worktrees/基础库-密码公钥核验/库/标准库/操作系统/系统名称。豫 | 运行 11/24
[完成] 类型检查：/Users/zhiboc/repos/yuyan-worktrees/基础库-密码公钥核验/库/标准库/输入输出。豫 | PID 29139 | 退出 0 | 运行 10/24 | 已完成 115
[完成] 语法解析：/Users/zhiboc/repos/yuyan-worktrees/基础库-密码公钥核验/库/标准库/数据结构/对子术。豫 | PID 29139 | 退出 0 | 运行 9/24 | 已完成 116
[启动] parse：/Users/zhiboc/repos/yuyan-worktrees/基础库-密码公钥核验/库/标准库/数据结构/列表搜索。豫 | 运行 10/24
[完成] 语法解析：/Users/zhiboc/repos/yuyan-worktrees/基础库-密码公钥核验/库/标准库/操作系统/命令行参数。豫 | PID 29139 | 退出 0 | 运行 9/24 | 已完成 117
[完成] 语法解析：/Users/zhiboc/repos/yuyan-worktrees/基础库-密码公钥核验/库/标准库/操作系统/子进程。豫 | PID 29139 | 退出 0 | 运行 8/24 | 已完成 118
[完成] 类型检查：/Users/zhiboc/repos/yuyan-worktrees/基础库-密码公钥核验/库/标准库/数据结构/多态列。豫 | PID 29139 | 退出 0 | 运行 7/24 | 已完成 119
[启动] type-check-and-erase：/Users/zhiboc/repos/yuyan-worktrees/基础库-密码公钥核验/库/标准库/数学运算/数组转换。豫 | 运行 8/24
[启动] type-check-and-erase：/Users/zhiboc/repos/yuyan-worktrees/基础库-密码公钥核验/库/标准库/数学运算/具体列。豫 | 运行 9/24
[启动] type-check-and-erase：/Users/zhiboc/repos/yuyan-worktrees/基础库-密码公钥核验/库/标准库/宿主带列。接口。豫 | 运行 10/24
[启动] type-check-and-erase：/Users/zhiboc/repos/yuyan-worktrees/基础库-密码公钥核验/库/标准库/数据结构/多态列工具。豫 | 运行 11/24
[完成] 语法解析：/Users/zhiboc/repos/yuyan-worktrees/基础库-密码公钥核验/库/标准库/数据结构/列表搜索。豫 | PID 29139 | 退出 0 | 运行 10/24 | 已完成 120
[启动] parse：/Users/zhiboc/repos/yuyan-worktrees/基础库-密码公钥核验/库/标准库/数据结构/字典术。豫 | 运行 11/24
[完成] 类型检查：/Users/zhiboc/repos/yuyan-worktrees/基础库-密码公钥核验/库/标准库/数学运算/数组转换。豫 | PID 29139 | 退出 0 | 运行 10/24 | 已完成 121
[完成] 语法解析：/Users/zhiboc/repos/yuyan-worktrees/基础库-密码公钥核验/库/标准库/数据结构/特殊字符。豫 | PID 29139 | 退出 0 | 运行 9/24 | 已完成 122
[启动] parse：/Users/zhiboc/repos/yuyan-worktrees/基础库-密码公钥核验/库/标准库/网络/超文本传输协议。豫 | 运行 10/24
[完成] 类型检查：/Users/zhiboc/repos/yuyan-worktrees/基础库-密码公钥核验/库/标准库/宿主带列。接口。豫 | PID 29139 | 退出 0 | 运行 9/24 | 已完成 123
[启动] type-check-and-erase：/Users/zhiboc/repos/yuyan-worktrees/基础库-密码公钥核验/库/标准库/操作系统/命令行参数。豫 | 运行 10/24
[完成] 类型检查：/Users/zhiboc/repos/yuyan-worktrees/基础库-密码公钥核验/库/标准库/操作系统/系统名称。豫 | PID 29139 | 退出 0 | 运行 9/24 | 已完成 124
[完成] 类型检查：/Users/zhiboc/repos/yuyan-worktrees/基础库-密码公钥核验/库/标准库/语言核心。豫 | PID 29139 | 退出 0 | 运行 8/24 | 已完成 125
[完成] 类型检查：/Users/zhiboc/repos/yuyan-worktrees/基础库-密码公钥核验/库/标准库/数据结构/多态列工具。豫 | PID 29139 | 退出 0 | 运行 7/24 | 已完成 126
[启动] type-check-and-erase：/Users/zhiboc/repos/yuyan-worktrees/基础库-密码公钥核验/库/标准库/数据结构/字符串术。豫 | 运行 8/24
[完成] 语法解析：/Users/zhiboc/repos/yuyan-worktrees/基础库-密码公钥核验/库/标准库/数据结构/字符流术。豫 | PID 29139 | 退出 0 | 运行 7/24 | 已完成 127
[启动] type-check-and-erase：/Users/zhiboc/repos/yuyan-worktrees/基础库-密码公钥核验/库/标准库/数据结构/字符流术。豫 | 运行 8/24
[完成] 类型检查：/Users/zhiboc/repos/yuyan-worktrees/基础库-密码公钥核验/库/标准库/数学运算/具体列。豫 | PID 29139 | 退出 0 | 运行 7/24 | 已完成 128
[启动] type-check-and-erase：/Users/zhiboc/repos/yuyan-worktrees/基础库-密码公钥核验/库/标准库/数学运算。豫 | 运行 8/24
[完成] 语法解析：/Users/zhiboc/repos/yuyan-worktrees/基础库-密码公钥核验/库/标准库/控制/异步。豫 | PID 29139 | 退出 0 | 运行 7/24 | 已完成 129
[启动] parse：/Users/zhiboc/repos/yuyan-worktrees/基础库-密码公钥核验/库/标准库/控制。豫 | 运行 8/24
[启动] parse：/Users/zhiboc/repos/yuyan-worktrees/基础库-密码公钥核验/库/标准库/网络/异步传输控制协议。豫 | 运行 9/24
[启动] type-check-and-erase：/Users/zhiboc/repos/yuyan-worktrees/基础库-密码公钥核验/库/标准库/控制/异步。豫 | 运行 10/24
[完成] 语法解析：/Users/zhiboc/repos/yuyan-worktrees/基础库-密码公钥核验/库/标准库/操作系统/文件系统。豫 | PID 29139 | 退出 0 | 运行 9/24 | 已完成 130
[启动] type-check-and-erase：/Users/zhiboc/repos/yuyan-worktrees/基础库-密码公钥核验/库/标准库/操作系统/文件系统。豫 | 运行 10/24
[完成] 语法解析：/Users/zhiboc/repos/yuyan-worktrees/基础库-密码公钥核验/库/标准库/网络/超文本传输协议。豫 | PID 29139 | 退出 0 | 运行 9/24 | 已完成 131
[完成] 类型检查：/Users/zhiboc/repos/yuyan-worktrees/基础库-密码公钥核验/库/标准库/数学运算。豫 | PID 29139 | 退出 0 | 运行 8/24 | 已完成 132
[完成] 语法解析：/Users/zhiboc/repos/yuyan-worktrees/基础库-密码公钥核验/库/标准库/控制。豫 | PID 29139 | 退出 0 | 运行 7/24 | 已完成 133
[完成] 类型检查：/Users/zhiboc/repos/yuyan-worktrees/基础库-密码公钥核验/库/标准库/数据结构/字符流术。豫 | PID 29139 | 退出 0 | 运行 6/24 | 已完成 134
[完成] 类型检查：/Users/zhiboc/repos/yuyan-worktrees/基础库-密码公钥核验/库/标准库/控制/异步。豫 | PID 29139 | 退出 0 | 运行 5/24 | 已完成 135
[启动] type-check-and-erase：/Users/zhiboc/repos/yuyan-worktrees/基础库-密码公钥核验/库/标准库/控制。豫 | 运行 6/24
[完成] 类型检查：/Users/zhiboc/repos/yuyan-worktrees/基础库-密码公钥核验/库/标准库/数据结构/字符串术。豫 | PID 29139 | 退出 0 | 运行 5/24 | 已完成 136
[启动] type-check-and-erase：/Users/zhiboc/repos/yuyan-worktrees/基础库-密码公钥核验/库/标准库/操作系统/子进程。豫 | 运行 6/24
[启动] type-check-and-erase：/Users/zhiboc/repos/yuyan-worktrees/基础库-密码公钥核验/库/标准库/数据结构/对子术。豫 | 运行 7/24
[启动] type-check-and-erase：/Users/zhiboc/repos/yuyan-worktrees/基础库-密码公钥核验/库/标准库/数据结构/特殊字符。豫 | 运行 8/24
[完成] 语法解析：/Users/zhiboc/repos/yuyan-worktrees/基础库-密码公钥核验/库/标准库/网络/异步传输控制协议。豫 | PID 29139 | 退出 0 | 运行 7/24 | 已完成 137
[启动] parse：/Users/zhiboc/repos/yuyan-worktrees/基础库-密码公钥核验/库/标准库/网络。豫 | 运行 8/24
[启动] type-check-and-erase：/Users/zhiboc/repos/yuyan-worktrees/基础库-密码公钥核验/库/标准库/网络/异步传输控制协议。豫 | 运行 9/24
[完成] 类型检查：/Users/zhiboc/repos/yuyan-worktrees/基础库-密码公钥核验/库/标准库/操作系统/命令行参数。豫 | PID 29139 | 退出 0 | 运行 8/24 | 已完成 138
[完成] 类型检查：/Users/zhiboc/repos/yuyan-worktrees/基础库-密码公钥核验/库/标准库/控制。豫 | PID 29139 | 退出 0 | 运行 7/24 | 已完成 139
[完成] 类型检查：/Users/zhiboc/repos/yuyan-worktrees/基础库-密码公钥核验/库/标准库/数据结构/对子术。豫 | PID 29139 | 退出 0 | 运行 6/24 | 已完成 140
[启动] type-check-and-erase：/Users/zhiboc/repos/yuyan-worktrees/基础库-密码公钥核验/库/标准库/数据结构/列表搜索。豫 | 运行 7/24
[完成] 类型检查：/Users/zhiboc/repos/yuyan-worktrees/基础库-密码公钥核验/库/标准库/操作系统/子进程。豫 | PID 29139 | 退出 0 | 运行 6/24 | 已完成 141
[完成] 类型检查：/Users/zhiboc/repos/yuyan-worktrees/基础库-密码公钥核验/库/标准库/网络/异步传输控制协议。豫 | PID 29139 | 退出 0 | 运行 5/24 | 已完成 142
[完成] 类型检查：/Users/zhiboc/repos/yuyan-worktrees/基础库-密码公钥核验/库/标准库/数据结构/列表搜索。豫 | PID 29139 | 退出 0 | 运行 4/24 | 已完成 143
[完成] 语法解析：/Users/zhiboc/repos/yuyan-worktrees/基础库-密码公钥核验/库/标准库/数据结构/字典术。豫 | PID 29139 | 退出 0 | 运行 3/24 | 已完成 144
[启动] parse：/Users/zhiboc/repos/yuyan-worktrees/基础库-密码公钥核验/库/标准库/数据结构。豫 | 运行 4/24
[启动] parse：/Users/zhiboc/repos/yuyan-worktrees/基础库-密码公钥核验/库/标准库/豫言标准内核。豫 | 运行 5/24
[启动] type-check-and-erase：/Users/zhiboc/repos/yuyan-worktrees/基础库-密码公钥核验/库/标准库/数据结构/字典术。豫 | 运行 6/24
[完成] 语法解析：/Users/zhiboc/repos/yuyan-worktrees/基础库-密码公钥核验/库/标准库/数据结构。豫 | PID 29139 | 退出 0 | 运行 5/24 | 已完成 145
[完成] 类型检查：/Users/zhiboc/repos/yuyan-worktrees/基础库-密码公钥核验/库/标准库/数据结构/特殊字符。豫 | PID 29139 | 退出 0 | 运行 4/24 | 已完成 146
[启动] type-check-and-erase：/Users/zhiboc/repos/yuyan-worktrees/基础库-密码公钥核验/库/标准库/网络/超文本传输协议。豫 | 运行 5/24
[完成] 语法解析：/Users/zhiboc/repos/yuyan-worktrees/基础库-密码公钥核验/库/标准库/网络。豫 | PID 29139 | 退出 0 | 运行 4/24 | 已完成 147
[完成] 语法解析：/Users/zhiboc/repos/yuyan-worktrees/基础库-密码公钥核验/库/标准库/豫言标准内核。豫 | PID 29139 | 退出 0 | 运行 3/24 | 已完成 148
[启动] parse：/Users/zhiboc/repos/yuyan-worktrees/基础库-密码公钥核验/库/标准库/操作系统/路径。豫 | 运行 4/24
[完成] 语法解析：/Users/zhiboc/repos/yuyan-worktrees/基础库-密码公钥核验/库/标准库/操作系统/路径。豫 | PID 29139 | 退出 0 | 运行 3/24 | 已完成 149
[启动] parse：/Users/zhiboc/repos/yuyan-worktrees/基础库-密码公钥核验/库/标准库/操作系统。豫 | 运行 4/24
[完成] 语法解析：/Users/zhiboc/repos/yuyan-worktrees/基础库-密码公钥核验/库/标准库/操作系统。豫 | PID 29139 | 退出 0 | 运行 3/24 | 已完成 150
[启动] parse：/Users/zhiboc/repos/yuyan-worktrees/基础库-密码公钥核验/库/标准库/总集。豫 | 运行 4/24
[完成] 类型检查：/Users/zhiboc/repos/yuyan-worktrees/基础库-密码公钥核验/库/标准库/操作系统/文件系统。豫 | PID 29139 | 退出 0 | 运行 3/24 | 已完成 151
[完成] 语法解析：/Users/zhiboc/repos/yuyan-worktrees/基础库-密码公钥核验/库/标准库/总集。豫 | PID 29139 | 退出 0 | 运行 2/24 | 已完成 152
[启动] parse：/Users/zhiboc/repos/yuyan-worktrees/基础库-密码公钥核验/库/基础库/密码与安全/密码/定宽RSA。豫 | 运行 3/24
[完成] 类型检查：/Users/zhiboc/repos/yuyan-worktrees/基础库-密码公钥核验/库/标准库/数据结构/字典术。豫 | PID 29139 | 退出 0 | 运行 2/24 | 已完成 153
[启动] type-check-and-erase：/Users/zhiboc/repos/yuyan-worktrees/基础库-密码公钥核验/库/标准库/数据结构。豫 | 运行 3/24
[启动] type-check-and-erase：/Users/zhiboc/repos/yuyan-worktrees/基础库-密码公钥核验/库/标准库/豫言标准内核。豫 | 运行 4/24
[完成] 类型检查：/Users/zhiboc/repos/yuyan-worktrees/基础库-密码公钥核验/库/标准库/网络/超文本传输协议。豫 | PID 29139 | 退出 0 | 运行 3/24 | 已完成 154
[启动] type-check-and-erase：/Users/zhiboc/repos/yuyan-worktrees/基础库-密码公钥核验/库/标准库/网络。豫 | 运行 4/24
[完成] 语法解析：/Users/zhiboc/repos/yuyan-worktrees/基础库-密码公钥核验/库/基础库/密码与安全/密码/定宽RSA。豫 | PID 29139 | 退出 0 | 运行 3/24 | 已完成 155
[完成] 类型检查：/Users/zhiboc/repos/yuyan-worktrees/基础库-密码公钥核验/库/标准库/网络。豫 | PID 29139 | 退出 0 | 运行 2/24 | 已完成 156
[完成] 类型检查：/Users/zhiboc/repos/yuyan-worktrees/基础库-密码公钥核验/库/标准库/数据结构。豫 | PID 29139 | 退出 0 | 运行 1/24 | 已完成 157
[完成] 类型检查：/Users/zhiboc/repos/yuyan-worktrees/基础库-密码公钥核验/库/标准库/豫言标准内核。豫 | PID 29139 | 退出 0 | 运行 0/24 | 已完成 158
[启动] type-check-and-erase：/Users/zhiboc/repos/yuyan-worktrees/基础库-密码公钥核验/库/标准库/操作系统/路径。豫 | 运行 1/24
[完成] 类型检查：/Users/zhiboc/repos/yuyan-worktrees/基础库-密码公钥核验/库/标准库/操作系统/路径。豫 | PID 29139 | 退出 0 | 运行 0/24 | 已完成 159
[启动] type-check-and-erase：/Users/zhiboc/repos/yuyan-worktrees/基础库-密码公钥核验/库/标准库/操作系统。豫 | 运行 1/24
[完成] 类型检查：/Users/zhiboc/repos/yuyan-worktrees/基础库-密码公钥核验/库/标准库/操作系统。豫 | PID 29139 | 退出 0 | 运行 0/24 | 已完成 160
[启动] type-check-and-erase：/Users/zhiboc/repos/yuyan-worktrees/基础库-密码公钥核验/库/标准库/总集。豫 | 运行 1/24
[完成] 类型检查：/Users/zhiboc/repos/yuyan-worktrees/基础库-密码公钥核验/库/标准库/总集。豫 | PID 29139 | 退出 0 | 运行 0/24 | 已完成 161
[启动] type-check-and-erase：/Users/zhiboc/repos/yuyan-worktrees/基础库-密码公钥核验/库/基础库/密码与安全/密码/定宽RSA。豫 | 运行 1/24
[完成] 类型检查：/Users/zhiboc/repos/yuyan-worktrees/基础库-密码公钥核验/库/基础库/密码与安全/密码/定宽RSA。豫 | PID 29139 | 退出 0 | 运行 0/24 | 已完成 162
[启动] exec-gen：/Users/zhiboc/repos/yuyan-worktrees/基础库-密码公钥核验/库/基础库/密码与安全/密码/定宽RSA。豫 | 运行 1/24
[完成] 最终链接：/Users/zhiboc/repos/yuyan-worktrees/基础库-密码公钥核验/库/基础库/密码与安全/密码/定宽RSA。豫 | PID 29139 | 退出 0 | 运行 0/24 | 已完成 163
[2026-10-08 01:02:51] 当前路径：/Users/zhiboc/repos/yuyan-worktrees/基础库-密码公钥核验/yyRSA验证链

[2026-10-08 01:02:51] 当前路径：/Users/zhiboc/repos/yuyan-worktrees/基础库-密码公钥核验/yyRSA验证链
[启动] dependency-analysis：/Users/zhiboc/repos/yuyan-worktrees/基础库-密码公钥核验/库/基础库/密码与安全/密码/宽字散列。豫 | 运行 1/24
[完成] 依赖分析：/Users/zhiboc/repos/yuyan-worktrees/基础库-密码公钥核验/库/基础库/密码与安全/密码/宽字散列。豫 | PID 29147 | 退出 0 | 运行 0/24 | 已完成 1
[启动] dependency-analysis：/Users/zhiboc/repos/yuyan-worktrees/基础库-密码公钥核验/库/标准库/总集。豫 | 运行 1/24
[启动] dependency-analysis：/Users/zhiboc/repos/yuyan-worktrees/基础库-密码公钥核验/库/基础库/密码与安全/密码/散列。豫 | 运行 2/24
[完成] 依赖分析：/Users/zhiboc/repos/yuyan-worktrees/基础库-密码公钥核验/库/标准库/总集。豫 | PID 29147 | 退出 0 | 运行 1/24 | 已完成 2
[启动] dependency-analysis：/Users/zhiboc/repos/yuyan-worktrees/基础库-密码公钥核验/库/标准库/操作系统。豫 | 运行 2/24
[启动] dependency-analysis：/Users/zhiboc/repos/yuyan-worktrees/基础库-密码公钥核验/库/标准库/控制。豫 | 运行 3/24
[启动] dependency-analysis：/Users/zhiboc/repos/yuyan-worktrees/基础库-密码公钥核验/库/标准库/数学运算。豫 | 运行 4/24
[启动] dependency-analysis：/Users/zhiboc/repos/yuyan-worktrees/基础库-密码公钥核验/库/标准库/数据结构。豫 | 运行 5/24
[启动] dependency-analysis：/Users/zhiboc/repos/yuyan-worktrees/基础库-密码公钥核验/库/标准库/输入输出。豫 | 运行 6/24
[启动] dependency-analysis：/Users/zhiboc/repos/yuyan-worktrees/基础库-密码公钥核验/库/标准库/语言核心。豫 | 运行 7/24
[启动] dependency-analysis：/Users/zhiboc/repos/yuyan-worktrees/基础库-密码公钥核验/库/标准库/网络。豫 | 运行 8/24
[启动] dependency-analysis：/Users/zhiboc/repos/yuyan-worktrees/基础库-密码公钥核验/库/标准库/豫言标准内核。豫 | 运行 9/24
[完成] 依赖分析：/Users/zhiboc/repos/yuyan-worktrees/基础库-密码公钥核验/库/标准库/操作系统。豫 | PID 29147 | 退出 0 | 运行 8/24 | 已完成 3
[启动] dependency-analysis：/Users/zhiboc/repos/yuyan-worktrees/基础库-密码公钥核验/库/标准库/操作系统/子进程。豫 | 运行 9/24
[启动] dependency-analysis：/Users/zhiboc/repos/yuyan-worktrees/基础库-密码公钥核验/库/标准库/操作系统/命令行参数。豫 | 运行 10/24
[启动] dependency-analysis：/Users/zhiboc/repos/yuyan-worktrees/基础库-密码公钥核验/库/标准库/操作系统/文件系统。豫 | 运行 11/24
[启动] dependency-analysis：/Users/zhiboc/repos/yuyan-worktrees/基础库-密码公钥核验/库/标准库/操作系统/进程。豫 | 运行 12/24
[启动] dependency-analysis：/Users/zhiboc/repos/yuyan-worktrees/基础库-密码公钥核验/库/标准库/操作系统/时间。豫 | 运行 13/24
[启动] dependency-analysis：/Users/zhiboc/repos/yuyan-worktrees/基础库-密码公钥核验/库/标准库/操作系统/路径。豫 | 运行 14/24
[启动] dependency-analysis：/Users/zhiboc/repos/yuyan-worktrees/基础库-密码公钥核验/库/标准库/操作系统/系统名称。豫 | 运行 15/24
[启动] dependency-analysis：/Users/zhiboc/repos/yuyan-worktrees/基础库-密码公钥核验/库/标准库/操作系统/环境变量。豫 | 运行 16/24
[完成] 依赖分析：/Users/zhiboc/repos/yuyan-worktrees/基础库-密码公钥核验/库/标准库/输入输出。豫 | PID 29147 | 退出 0 | 运行 15/24 | 已完成 4
[启动] dependency-analysis：/Users/zhiboc/repos/yuyan-worktrees/基础库-密码公钥核验/库/标准库/输入输出/笔。豫 | 运行 16/24
[完成] 依赖分析：/Users/zhiboc/repos/yuyan-worktrees/基础库-密码公钥核验/库/标准库/语言核心。豫 | PID 29147 | 退出 0 | 运行 15/24 | 已完成 5
[启动] dependency-analysis：/Users/zhiboc/repos/yuyan-worktrees/基础库-密码公钥核验/库/标准库/语言核心/内建类型。豫 | 运行 16/24
[启动] dependency-analysis：/Users/zhiboc/repos/yuyan-worktrees/基础库-密码公钥核验/库/标准库/语言核心/续延。豫 | 运行 17/24
[启动] dependency-analysis：/Users/zhiboc/repos/yuyan-worktrees/基础库-密码公钥核验/库/标准库/语言核心/异常。豫 | 运行 18/24
[启动] dependency-analysis：/Users/zhiboc/repos/yuyan-worktrees/基础库-密码公钥核验/库/标准库/语言核心/引用。豫 | 运行 19/24
[启动] dependency-analysis：/Users/zhiboc/repos/yuyan-worktrees/基础库-密码公钥核验/库/标准库/语言核心/不安全。豫 | 运行 20/24
[启动] dependency-analysis：/Users/zhiboc/repos/yuyan-worktrees/基础库-密码公钥核验/库/标准库/语言核心/异步原语。豫 | 运行 21/24
[完成] 依赖分析：/Users/zhiboc/repos/yuyan-worktrees/基础库-密码公钥核验/库/标准库/网络。豫 | PID 29147 | 退出 0 | 运行 20/24 | 已完成 6
[启动] dependency-analysis：/Users/zhiboc/repos/yuyan-worktrees/基础库-密码公钥核验/库/标准库/网络/传输控制协议。豫 | 运行 21/24
[启动] dependency-analysis：/Users/zhiboc/repos/yuyan-worktrees/基础库-密码公钥核验/库/标准库/网络/异步传输控制协议。豫 | 运行 22/24
[启动] dependency-analysis：/Users/zhiboc/repos/yuyan-worktrees/基础库-密码公钥核验/库/标准库/网络/超文本传输协议。豫 | 运行 23/24
[完成] 依赖分析：/Users/zhiboc/repos/yuyan-worktrees/基础库-密码公钥核验/库/标准库/豫言标准内核。豫 | PID 29147 | 退出 0 | 运行 22/24 | 已完成 7
[启动] dependency-analysis：/Users/zhiboc/repos/yuyan-worktrees/基础库-密码公钥核验/库/标准库/数据结构/多态列。豫 | 运行 23/24
[启动] dependency-analysis：/Users/zhiboc/repos/yuyan-worktrees/基础库-密码公钥核验/库/标准库/数据结构/多态列工具。豫 | 运行 24/24
[完成] 依赖分析：/Users/zhiboc/repos/yuyan-worktrees/基础库-密码公钥核验/库/标准库/操作系统/子进程。豫 | PID 29147 | 退出 0 | 运行 23/24 | 已完成 8
[启动] dependency-analysis：/Users/zhiboc/repos/yuyan-worktrees/基础库-密码公钥核验/库/标准库/数据结构/字符串术。豫 | 运行 24/24
[完成] 依赖分析：/Users/zhiboc/repos/yuyan-worktrees/基础库-密码公钥核验/库/标准库/操作系统/文件系统。豫 | PID 29147 | 退出 0 | 运行 23/24 | 已完成 9
[启动] dependency-analysis：/Users/zhiboc/repos/yuyan-worktrees/基础库-密码公钥核验/库/标准库/数据结构/爻术。豫 | 运行 24/24
[完成] 依赖分析：/Users/zhiboc/repos/yuyan-worktrees/基础库-密码公钥核验/库/标准库/操作系统/进程。豫 | PID 29147 | 退出 0 | 运行 23/24 | 已完成 10
[启动] dependency-analysis：/Users/zhiboc/repos/yuyan-worktrees/基础库-密码公钥核验/库/标准库/数据结构/整数操作。豫 | 运行 24/24
[完成] 依赖分析：/Users/zhiboc/repos/yuyan-worktrees/基础库-密码公钥核验/库/标准库/操作系统/时间。豫 | PID 29147 | 退出 0 | 运行 23/24 | 已完成 11
[启动] dependency-analysis：/Users/zhiboc/repos/yuyan-worktrees/基础库-密码公钥核验/库/标准库/数据结构/小数术。豫 | 运行 24/24
[完成] 依赖分析：/Users/zhiboc/repos/yuyan-worktrees/基础库-密码公钥核验/库/标准库/操作系统/路径。豫 | PID 29147 | 退出 0 | 运行 23/24 | 已完成 12
[启动] dependency-analysis：/Users/zhiboc/repos/yuyan-worktrees/基础库-密码公钥核验/库/标准库/数据结构/可选值。豫 | 运行 24/24
[完成] 依赖分析：/Users/zhiboc/repos/yuyan-worktrees/基础库-密码公钥核验/库/标准库/语言核心/续延。豫 | PID 29147 | 退出 0 | 运行 23/24 | 已完成 13
[启动] dependency-analysis：/Users/zhiboc/repos/yuyan-worktrees/基础库-密码公钥核验/库/标准库/数据结构/字典术。豫 | 运行 24/24
[完成] 依赖分析：/Users/zhiboc/repos/yuyan-worktrees/基础库-密码公钥核验/库/标准库/语言核心/异常。豫 | PID 29147 | 退出 0 | 运行 23/24 | 已完成 14
[启动] dependency-analysis：/Users/zhiboc/repos/yuyan-worktrees/基础库-密码公钥核验/库/标准库/控制/惰性求值。豫 | 运行 24/24
[完成] 依赖分析：/Users/zhiboc/repos/yuyan-worktrees/基础库-密码公钥核验/库/标准库/语言核心/引用。豫 | PID 29147 | 退出 0 | 运行 23/24 | 已完成 15
[启动] dependency-analysis：/Users/zhiboc/repos/yuyan-worktrees/基础库-密码公钥核验/库/标准库/宿主带列。接口。豫 | 运行 24/24
[完成] 依赖分析：/Users/zhiboc/repos/yuyan-worktrees/基础库-密码公钥核验/库/标准库/语言核心/不安全。豫 | PID 29147 | 退出 0 | 运行 23/24 | 已完成 16
[启动] dependency-analysis：/Users/zhiboc/repos/yuyan-worktrees/基础库-密码公钥核验/库/标准库/宿主。接口。豫 | 运行 24/24
[完成] 依赖分析：/Users/zhiboc/repos/yuyan-worktrees/基础库-密码公钥核验/库/标准库/语言核心/异步原语。豫 | PID 29147 | 退出 0 | 运行 23/24 | 已完成 17
[启动] dependency-analysis：/Users/zhiboc/repos/yuyan-worktrees/基础库-密码公钥核验/库/标准库/数据结构/字节串。豫 | 运行 24/24
[完成] 依赖分析：/Users/zhiboc/repos/yuyan-worktrees/基础库-密码公钥核验/库/标准库/网络/异步传输控制协议。豫 | PID 29147 | 退出 0 | 运行 23/24 | 已完成 18
[启动] dependency-analysis：/Users/zhiboc/repos/yuyan-worktrees/基础库-密码公钥核验/库/标准库/数据结构/小数操作。豫 | 运行 24/24
[完成] 依赖分析：/Users/zhiboc/repos/yuyan-worktrees/基础库-密码公钥核验/库/标准库/语言核心/内建类型。豫 | PID 29147 | 退出 0 | 运行 23/24 | 已完成 19
[启动] dependency-analysis：/Users/zhiboc/repos/yuyan-worktrees/基础库-密码公钥核验/库/标准库/数学运算/转换。豫 | 运行 24/24
[完成] 依赖分析：/Users/zhiboc/repos/yuyan-worktrees/基础库-密码公钥核验/库/标准库/输入输出/笔。豫 | PID 29147 | 退出 0 | 运行 23/24 | 已完成 20
[启动] dependency-analysis：/Users/zhiboc/repos/yuyan-worktrees/基础库-密码公钥核验/库/标准库/语言核心/原语。内建。豫 | 运行 24/24
[完成] 依赖分析：/Users/zhiboc/repos/yuyan-worktrees/基础库-密码公钥核验/库/标准库/操作系统/系统名称。豫 | PID 29147 | 退出 0 | 运行 23/24 | 已完成 21
[启动] dependency-analysis：/Users/zhiboc/repos/yuyan-worktrees/基础库-密码公钥核验/库/标准库/控制/异步。豫 | 运行 24/24
[完成] 依赖分析：/Users/zhiboc/repos/yuyan-worktrees/基础库-密码公钥核验/库/标准库/数据结构。豫 | PID 29147 | 退出 0 | 运行 23/24 | 已完成 22
[启动] dependency-analysis：/Users/zhiboc/repos/yuyan-worktrees/基础库-密码公钥核验/库/标准库/数据结构/字符流术。豫 | 运行 24/24
[完成] 依赖分析：/Users/zhiboc/repos/yuyan-worktrees/基础库-密码公钥核验/库/标准库/数学运算。豫 | PID 29147 | 退出 0 | 运行 23/24 | 已完成 23
[启动] dependency-analysis：/Users/zhiboc/repos/yuyan-worktrees/基础库-密码公钥核验/库/标准库/数据结构/特殊字符。豫 | 运行 24/24
[完成] 依赖分析：/Users/zhiboc/repos/yuyan-worktrees/基础库-密码公钥核验/库/标准库/控制。豫 | PID 29147 | 退出 0 | 运行 23/24 | 已完成 24
[启动] dependency-analysis：/Users/zhiboc/repos/yuyan-worktrees/基础库-密码公钥核验/库/标准库/数据结构/对子术。豫 | 运行 24/24
[完成] 依赖分析：/Users/zhiboc/repos/yuyan-worktrees/基础库-密码公钥核验/库/基础库/密码与安全/密码/散列。豫 | PID 29147 | 退出 0 | 运行 23/24 | 已完成 25
[启动] dependency-analysis：/Users/zhiboc/repos/yuyan-worktrees/基础库-密码公钥核验/库/标准库/数据结构/列表搜索。豫 | 运行 24/24
[完成] 依赖分析：/Users/zhiboc/repos/yuyan-worktrees/基础库-密码公钥核验/库/标准库/宿主带列。接口。豫 | PID 29147 | 退出 0 | 运行 23/24 | 已完成 26
[启动] dependency-analysis：/Users/zhiboc/repos/yuyan-worktrees/基础库-密码公钥核验/库/标准库/数据结构/函数操作。豫 | 运行 24/24
[完成] 依赖分析：/Users/zhiboc/repos/yuyan-worktrees/基础库-密码公钥核验/库/标准库/数据结构/字典术。豫 | PID 29147 | 退出 0 | 运行 23/24 | 已完成 27
[启动] dependency-analysis：/Users/zhiboc/repos/yuyan-worktrees/基础库-密码公钥核验/库/标准库/数据结构/字节缓冲。豫 | 运行 24/24
[完成] 依赖分析：/Users/zhiboc/repos/yuyan-worktrees/基础库-密码公钥核验/库/标准库/数据结构/多态列。豫 | PID 29147 | 退出 0 | 运行 23/24 | 已完成 28
[启动] dependency-analysis：/Users/zhiboc/repos/yuyan-worktrees/基础库-密码公钥核验/库/标准库/数学运算/具体列。豫 | 运行 24/24
[完成] 依赖分析：/Users/zhiboc/repos/yuyan-worktrees/基础库-密码公钥核验/库/标准库/网络/超文本传输协议。豫 | PID 29147 | 退出 0 | 运行 23/24 | 已完成 29
[启动] dependency-analysis：/Users/zhiboc/repos/yuyan-worktrees/基础库-密码公钥核验/库/标准库/数学运算/随机。豫 | 运行 24/24
[完成] 依赖分析：/Users/zhiboc/repos/yuyan-worktrees/基础库-密码公钥核验/库/标准库/网络/传输控制协议。豫 | PID 29147 | 退出 0 | 运行 23/24 | 已完成 30
[启动] dependency-analysis：/Users/zhiboc/repos/yuyan-worktrees/基础库-密码公钥核验/库/标准库/数学运算/大小。豫 | 运行 24/24
[完成] 依赖分析：/Users/zhiboc/repos/yuyan-worktrees/基础库-密码公钥核验/库/标准库/数据结构/列表搜索。豫 | PID 29147 | 退出 0 | 运行 23/24 | 已完成 31
[启动] dependency-analysis：/Users/zhiboc/repos/yuyan-worktrees/基础库-密码公钥核验/库/标准库/数学运算/数组转换。豫 | 运行 24/24
[完成] 依赖分析：/Users/zhiboc/repos/yuyan-worktrees/基础库-密码公钥核验/库/标准库/数据结构/对子术。豫 | PID 29147 | 退出 0 | 运行 23/24 | 已完成 32
[启动] parse：/Users/zhiboc/repos/yuyan-worktrees/基础库-密码公钥核验/库/标准库/语言核心/续延。豫 | 运行 24/24
[完成] 依赖分析：/Users/zhiboc/repos/yuyan-worktrees/基础库-密码公钥核验/库/标准库/数学运算/转换。豫 | PID 29147 | 退出 0 | 运行 23/24 | 已完成 33
[启动] parse：/Users/zhiboc/repos/yuyan-worktrees/基础库-密码公钥核验/库/标准库/语言核心/内建类型。豫 | 运行 24/24
[完成] 依赖分析：/Users/zhiboc/repos/yuyan-worktrees/基础库-密码公钥核验/库/标准库/数据结构/小数术。豫 | PID 29147 | 退出 0 | 运行 23/24 | 已完成 34
[完成] 依赖分析：/Users/zhiboc/repos/yuyan-worktrees/基础库-密码公钥核验/库/标准库/数据结构/字节串。豫 | PID 29147 | 退出 0 | 运行 22/24 | 已完成 35
[完成] 依赖分析：/Users/zhiboc/repos/yuyan-worktrees/基础库-密码公钥核验/库/标准库/控制/惰性求值。豫 | PID 29147 | 退出 0 | 运行 21/24 | 已完成 36
[完成] 依赖分析：/Users/zhiboc/repos/yuyan-worktrees/基础库-密码公钥核验/库/标准库/数据结构/可选值。豫 | PID 29147 | 退出 0 | 运行 20/24 | 已完成 37
[完成] 依赖分析：/Users/zhiboc/repos/yuyan-worktrees/基础库-密码公钥核验/库/标准库/数据结构/多态列工具。豫 | PID 29147 | 退出 0 | 运行 19/24 | 已完成 38
[完成] 依赖分析：/Users/zhiboc/repos/yuyan-worktrees/基础库-密码公钥核验/库/标准库/数学运算/具体列。豫 | PID 29147 | 退出 0 | 运行 18/24 | 已完成 39
[完成] 依赖分析：/Users/zhiboc/repos/yuyan-worktrees/基础库-密码公钥核验/库/标准库/数据结构/特殊字符。豫 | PID 29147 | 退出 0 | 运行 17/24 | 已完成 40
[完成] 依赖分析：/Users/zhiboc/repos/yuyan-worktrees/基础库-密码公钥核验/库/标准库/数学运算/大小。豫 | PID 29147 | 退出 0 | 运行 16/24 | 已完成 41
[完成] 语法解析：/Users/zhiboc/repos/yuyan-worktrees/基础库-密码公钥核验/库/标准库/语言核心/内建类型。豫 | PID 29147 | 退出 0 | 运行 15/24 | 已完成 42
[启动] parse：/Users/zhiboc/repos/yuyan-worktrees/基础库-密码公钥核验/库/标准库/控制/惰性求值。豫 | 运行 16/24
[启动] parse：/Users/zhiboc/repos/yuyan-worktrees/基础库-密码公钥核验/库/标准库/数学运算/大小。豫 | 运行 17/24
[启动] type-check-and-erase：/Users/zhiboc/repos/yuyan-worktrees/基础库-密码公钥核验/库/标准库/语言核心/内建类型。豫 | 运行 18/24
[完成] 依赖分析：/Users/zhiboc/repos/yuyan-worktrees/基础库-密码公钥核验/库/标准库/数据结构/函数操作。豫 | PID 29147 | 退出 0 | 运行 17/24 | 已完成 43
[启动] parse：/Users/zhiboc/repos/yuyan-worktrees/基础库-密码公钥核验/库/标准库/数据结构/函数操作。豫 | 运行 18/24
[完成] 语法解析：/Users/zhiboc/repos/yuyan-worktrees/基础库-密码公钥核验/库/标准库/控制/惰性求值。豫 | PID 29147 | 退出 0 | 运行 17/24 | 已完成 44
[完成] 依赖分析：/Users/zhiboc/repos/yuyan-worktrees/基础库-密码公钥核验/库/标准库/宿主。接口。豫 | PID 29147 | 退出 0 | 运行 16/24 | 已完成 45
[完成] 类型检查：/Users/zhiboc/repos/yuyan-worktrees/基础库-密码公钥核验/库/标准库/语言核心/内建类型。豫 | PID 29147 | 退出 0 | 运行 15/24 | 已完成 46
[启动] type-check-and-erase：/Users/zhiboc/repos/yuyan-worktrees/基础库-密码公钥核验/库/标准库/控制/惰性求值。豫 | 运行 16/24
[完成] 语法解析：/Users/zhiboc/repos/yuyan-worktrees/基础库-密码公钥核验/库/标准库/数据结构/函数操作。豫 | PID 29147 | 退出 0 | 运行 15/24 | 已完成 47
[启动] type-check-and-erase：/Users/zhiboc/repos/yuyan-worktrees/基础库-密码公钥核验/库/标准库/数据结构/函数操作。豫 | 运行 16/24
[完成] 依赖分析：/Users/zhiboc/repos/yuyan-worktrees/基础库-密码公钥核验/库/标准库/操作系统/命令行参数。豫 | PID 29147 | 退出 0 | 运行 15/24 | 已完成 48
[完成] 类型检查：/Users/zhiboc/repos/yuyan-worktrees/基础库-密码公钥核验/库/标准库/控制/惰性求值。豫 | PID 29147 | 退出 0 | 运行 14/24 | 已完成 49
[完成] 依赖分析：/Users/zhiboc/repos/yuyan-worktrees/基础库-密码公钥核验/库/标准库/数据结构/整数操作。豫 | PID 29147 | 退出 0 | 运行 13/24 | 已完成 50
[完成] 依赖分析：/Users/zhiboc/repos/yuyan-worktrees/基础库-密码公钥核验/库/标准库/数据结构/爻术。豫 | PID 29147 | 退出 0 | 运行 12/24 | 已完成 51
[启动] parse：/Users/zhiboc/repos/yuyan-worktrees/基础库-密码公钥核验/库/标准库/数据结构/爻术。豫 | 运行 13/24
[完成] 依赖分析：/Users/zhiboc/repos/yuyan-worktrees/基础库-密码公钥核验/库/标准库/数据结构/小数操作。豫 | PID 29147 | 退出 0 | 运行 12/24 | 已完成 52
[完成] 依赖分析：/Users/zhiboc/repos/yuyan-worktrees/基础库-密码公钥核验/库/标准库/数据结构/字符串术。豫 | PID 29147 | 退出 0 | 运行 11/24 | 已完成 53
[完成] 语法解析：/Users/zhiboc/repos/yuyan-worktrees/基础库-密码公钥核验/库/标准库/数据结构/爻术。豫 | PID 29147 | 退出 0 | 运行 10/24 | 已完成 54
[启动] type-check-and-erase：/Users/zhiboc/repos/yuyan-worktrees/基础库-密码公钥核验/库/标准库/数据结构/爻术。豫 | 运行 11/24
[完成] 语法解析：/Users/zhiboc/repos/yuyan-worktrees/基础库-密码公钥核验/库/标准库/语言核心/续延。豫 | PID 29147 | 退出 0 | 运行 10/24 | 已完成 55
[启动] type-check-and-erase：/Users/zhiboc/repos/yuyan-worktrees/基础库-密码公钥核验/库/标准库/语言核心/续延。豫 | 运行 11/24
[完成] 依赖分析：/Users/zhiboc/repos/yuyan-worktrees/基础库-密码公钥核验/库/标准库/数学运算/数组转换。豫 | PID 29147 | 退出 0 | 运行 10/24 | 已完成 56
[完成] 依赖分析：/Users/zhiboc/repos/yuyan-worktrees/基础库-密码公钥核验/库/标准库/数据结构/字符流术。豫 | PID 29147 | 退出 0 | 运行 9/24 | 已完成 57
[完成] 依赖分析：/Users/zhiboc/repos/yuyan-worktrees/基础库-密码公钥核验/库/标准库/数学运算/随机。豫 | PID 29147 | 退出 0 | 运行 8/24 | 已完成 58
[完成] 依赖分析：/Users/zhiboc/repos/yuyan-worktrees/基础库-密码公钥核验/库/标准库/数据结构/字节缓冲。豫 | PID 29147 | 退出 0 | 运行 7/24 | 已完成 59
[完成] 类型检查：/Users/zhiboc/repos/yuyan-worktrees/基础库-密码公钥核验/库/标准库/语言核心/续延。豫 | PID 29147 | 退出 0 | 运行 6/24 | 已完成 60
[完成] 类型检查：/Users/zhiboc/repos/yuyan-worktrees/基础库-密码公钥核验/库/标准库/数据结构/爻术。豫 | PID 29147 | 退出 0 | 运行 5/24 | 已完成 61
[完成] 类型检查：/Users/zhiboc/repos/yuyan-worktrees/基础库-密码公钥核验/库/标准库/数据结构/函数操作。豫 | PID 29147 | 退出 0 | 运行 4/24 | 已完成 62
[完成] 依赖分析：/Users/zhiboc/repos/yuyan-worktrees/基础库-密码公钥核验/库/标准库/语言核心/原语。内建。豫 | PID 29147 | 退出 0 | 运行 3/24 | 已完成 63
[启动] parse：/Users/zhiboc/repos/yuyan-worktrees/基础库-密码公钥核验/库/标准库/语言核心/原语。内建。豫 | 运行 4/24
[完成] 依赖分析：/Users/zhiboc/repos/yuyan-worktrees/基础库-密码公钥核验/库/标准库/控制/异步。豫 | PID 29147 | 退出 0 | 运行 3/24 | 已完成 64
[完成] 依赖分析：/Users/zhiboc/repos/yuyan-worktrees/基础库-密码公钥核验/库/标准库/操作系统/环境变量。豫 | PID 29147 | 退出 0 | 运行 2/24 | 已完成 65
[完成] 语法解析：/Users/zhiboc/repos/yuyan-worktrees/基础库-密码公钥核验/库/标准库/数学运算/大小。豫 | PID 29147 | 退出 0 | 运行 1/24 | 已完成 66
[启动] type-check-and-erase：/Users/zhiboc/repos/yuyan-worktrees/基础库-密码公钥核验/库/标准库/数学运算/大小。豫 | 运行 2/24
[完成] 类型检查：/Users/zhiboc/repos/yuyan-worktrees/基础库-密码公钥核验/库/标准库/数学运算/大小。豫 | PID 29147 | 退出 0 | 运行 1/24 | 已完成 67
[完成] 语法解析：/Users/zhiboc/repos/yuyan-worktrees/基础库-密码公钥核验/库/标准库/语言核心/原语。内建。豫 | PID 29147 | 退出 0 | 运行 0/24 | 已完成 68
[启动] parse：/Users/zhiboc/repos/yuyan-worktrees/基础库-密码公钥核验/库/标准库/语言核心/引用。豫 | 运行 1/24
[启动] parse：/Users/zhiboc/repos/yuyan-worktrees/基础库-密码公钥核验/库/标准库/语言核心/不安全。豫 | 运行 2/24
[启动] parse：/Users/zhiboc/repos/yuyan-worktrees/基础库-密码公钥核验/库/标准库/语言核心/异步原语。豫 | 运行 3/24
[启动] parse：/Users/zhiboc/repos/yuyan-worktrees/基础库-密码公钥核验/库/标准库/数学运算/转换。豫 | 运行 4/24
[启动] parse：/Users/zhiboc/repos/yuyan-worktrees/基础库-密码公钥核验/库/标准库/数据结构/小数术。豫 | 运行 5/24
[启动] parse：/Users/zhiboc/repos/yuyan-worktrees/基础库-密码公钥核验/库/标准库/数据结构/字节串。豫 | 运行 6/24
[启动] parse：/Users/zhiboc/repos/yuyan-worktrees/基础库-密码公钥核验/库/标准库/数据结构/整数操作。豫 | 运行 7/24
[启动] type-check-and-erase：/Users/zhiboc/repos/yuyan-worktrees/基础库-密码公钥核验/库/标准库/语言核心/原语。内建。豫 | 运行 8/24
[完成] 语法解析：/Users/zhiboc/repos/yuyan-worktrees/基础库-密码公钥核验/库/标准库/数学运算/转换。豫 | PID 29147 | 退出 0 | 运行 7/24 | 已完成 69
[完成] 语法解析：/Users/zhiboc/repos/yuyan-worktrees/基础库-密码公钥核验/库/标准库/语言核心/不安全。豫 | PID 29147 | 退出 0 | 运行 6/24 | 已完成 70
[完成] 语法解析：/Users/zhiboc/repos/yuyan-worktrees/基础库-密码公钥核验/库/标准库/语言核心/引用。豫 | PID 29147 | 退出 0 | 运行 5/24 | 已完成 71
[完成] 语法解析：/Users/zhiboc/repos/yuyan-worktrees/基础库-密码公钥核验/库/标准库/数据结构/整数操作。豫 | PID 29147 | 退出 0 | 运行 4/24 | 已完成 72
[完成] 语法解析：/Users/zhiboc/repos/yuyan-worktrees/基础库-密码公钥核验/库/标准库/数据结构/小数术。豫 | PID 29147 | 退出 0 | 运行 3/24 | 已完成 73
[完成] 类型检查：/Users/zhiboc/repos/yuyan-worktrees/基础库-密码公钥核验/库/标准库/语言核心/原语。内建。豫 | PID 29147 | 退出 0 | 运行 2/24 | 已完成 74
[启动] type-check-and-erase：/Users/zhiboc/repos/yuyan-worktrees/基础库-密码公钥核验/库/标准库/语言核心/引用。豫 | 运行 3/24
[启动] type-check-and-erase：/Users/zhiboc/repos/yuyan-worktrees/基础库-密码公钥核验/库/标准库/语言核心/不安全。豫 | 运行 4/24
[启动] type-check-and-erase：/Users/zhiboc/repos/yuyan-worktrees/基础库-密码公钥核验/库/标准库/数学运算/转换。豫 | 运行 5/24
[启动] type-check-and-erase：/Users/zhiboc/repos/yuyan-worktrees/基础库-密码公钥核验/库/标准库/数据结构/小数术。豫 | 运行 6/24
[启动] type-check-and-erase：/Users/zhiboc/repos/yuyan-worktrees/基础库-密码公钥核验/库/标准库/数据结构/整数操作。豫 | 运行 7/24
[完成] 类型检查：/Users/zhiboc/repos/yuyan-worktrees/基础库-密码公钥核验/库/标准库/语言核心/引用。豫 | PID 29147 | 退出 0 | 运行 6/24 | 已完成 75
[完成] 类型检查：/Users/zhiboc/repos/yuyan-worktrees/基础库-密码公钥核验/库/标准库/数学运算/转换。豫 | PID 29147 | 退出 0 | 运行 5/24 | 已完成 76
[完成] 语法解析：/Users/zhiboc/repos/yuyan-worktrees/基础库-密码公钥核验/库/标准库/数据结构/字节串。豫 | PID 29147 | 退出 0 | 运行 4/24 | 已完成 77
[启动] parse：/Users/zhiboc/repos/yuyan-worktrees/基础库-密码公钥核验/库/标准库/宿主。接口。豫 | 运行 5/24
[启动] parse：/Users/zhiboc/repos/yuyan-worktrees/基础库-密码公钥核验/库/标准库/数据结构/字节缓冲。豫 | 运行 6/24
[启动] type-check-and-erase：/Users/zhiboc/repos/yuyan-worktrees/基础库-密码公钥核验/库/标准库/数据结构/字节串。豫 | 运行 7/24
[完成] 类型检查：/Users/zhiboc/repos/yuyan-worktrees/基础库-密码公钥核验/库/标准库/数据结构/整数操作。豫 | PID 29147 | 退出 0 | 运行 6/24 | 已完成 78
[完成] 语法解析：/Users/zhiboc/repos/yuyan-worktrees/基础库-密码公钥核验/库/标准库/语言核心/异步原语。豫 | PID 29147 | 退出 0 | 运行 5/24 | 已完成 79
[启动] type-check-and-erase：/Users/zhiboc/repos/yuyan-worktrees/基础库-密码公钥核验/库/标准库/语言核心/异步原语。豫 | 运行 6/24
[完成] 语法解析：/Users/zhiboc/repos/yuyan-worktrees/基础库-密码公钥核验/库/标准库/数据结构/字节缓冲。豫 | PID 29147 | 退出 0 | 运行 5/24 | 已完成 80
[完成] 类型检查：/Users/zhiboc/repos/yuyan-worktrees/基础库-密码公钥核验/库/标准库/语言核心/异步原语。豫 | PID 29147 | 退出 0 | 运行 4/24 | 已完成 81
[完成] 类型检查：/Users/zhiboc/repos/yuyan-worktrees/基础库-密码公钥核验/库/标准库/语言核心/不安全。豫 | PID 29147 | 退出 0 | 运行 3/24 | 已完成 82
[完成] 类型检查：/Users/zhiboc/repos/yuyan-worktrees/基础库-密码公钥核验/库/标准库/数据结构/小数术。豫 | PID 29147 | 退出 0 | 运行 2/24 | 已完成 83
[完成] 类型检查：/Users/zhiboc/repos/yuyan-worktrees/基础库-密码公钥核验/库/标准库/数据结构/字节串。豫 | PID 29147 | 退出 0 | 运行 1/24 | 已完成 84
[启动] type-check-and-erase：/Users/zhiboc/repos/yuyan-worktrees/基础库-密码公钥核验/库/标准库/数据结构/字节缓冲。豫 | 运行 2/24
[完成] 类型检查：/Users/zhiboc/repos/yuyan-worktrees/基础库-密码公钥核验/库/标准库/数据结构/字节缓冲。豫 | PID 29147 | 退出 0 | 运行 1/24 | 已完成 85
[完成] 语法解析：/Users/zhiboc/repos/yuyan-worktrees/基础库-密码公钥核验/库/标准库/宿主。接口。豫 | PID 29147 | 退出 0 | 运行 0/24 | 已完成 86
[启动] parse：/Users/zhiboc/repos/yuyan-worktrees/基础库-密码公钥核验/库/标准库/操作系统/进程。豫 | 运行 1/24
[启动] parse：/Users/zhiboc/repos/yuyan-worktrees/基础库-密码公钥核验/库/标准库/语言核心/异常。豫 | 运行 2/24
[启动] parse：/Users/zhiboc/repos/yuyan-worktrees/基础库-密码公钥核验/库/标准库/输入输出/笔。豫 | 运行 3/24
[启动] parse：/Users/zhiboc/repos/yuyan-worktrees/基础库-密码公钥核验/库/标准库/操作系统/系统名称。豫 | 运行 4/24
[启动] parse：/Users/zhiboc/repos/yuyan-worktrees/基础库-密码公钥核验/库/标准库/网络/传输控制协议。豫 | 运行 5/24
[启动] parse：/Users/zhiboc/repos/yuyan-worktrees/基础库-密码公钥核验/库/标准库/数据结构/小数操作。豫 | 运行 6/24
[启动] parse：/Users/zhiboc/repos/yuyan-worktrees/基础库-密码公钥核验/库/标准库/数学运算/随机。豫 | 运行 7/24
[启动] parse：/Users/zhiboc/repos/yuyan-worktrees/基础库-密码公钥核验/库/标准库/操作系统/环境变量。豫 | 运行 8/24
[启动] type-check-and-erase：/Users/zhiboc/repos/yuyan-worktrees/基础库-密码公钥核验/库/标准库/宿主。接口。豫 | 运行 9/24
[完成] 语法解析：/Users/zhiboc/repos/yuyan-worktrees/基础库-密码公钥核验/库/标准库/操作系统/系统名称。豫 | PID 29147 | 退出 0 | 运行 8/24 | 已完成 87
[完成] 语法解析：/Users/zhiboc/repos/yuyan-worktrees/基础库-密码公钥核验/库/标准库/输入输出/笔。豫 | PID 29147 | 退出 0 | 运行 7/24 | 已完成 88
[启动] parse：/Users/zhiboc/repos/yuyan-worktrees/基础库-密码公钥核验/库/标准库/输入输出。豫 | 运行 8/24
[完成] 语法解析：/Users/zhiboc/repos/yuyan-worktrees/基础库-密码公钥核验/库/标准库/语言核心/异常。豫 | PID 29147 | 退出 0 | 运行 7/24 | 已完成 89
[启动] parse：/Users/zhiboc/repos/yuyan-worktrees/基础库-密码公钥核验/库/标准库/语言核心。豫 | 运行 8/24
[启动] parse：/Users/zhiboc/repos/yuyan-worktrees/基础库-密码公钥核验/库/标准库/数据结构/可选值。豫 | 运行 9/24
[完成] 语法解析：/Users/zhiboc/repos/yuyan-worktrees/基础库-密码公钥核验/库/标准库/数据结构/小数操作。豫 | PID 29147 | 退出 0 | 运行 8/24 | 已完成 90
[启动] parse：/Users/zhiboc/repos/yuyan-worktrees/基础库-密码公钥核验/库/标准库/操作系统/时间。豫 | 运行 9/24
[完成] 语法解析：/Users/zhiboc/repos/yuyan-worktrees/基础库-密码公钥核验/库/标准库/输入输出。豫 | PID 29147 | 退出 0 | 运行 8/24 | 已完成 91
[完成] 语法解析：/Users/zhiboc/repos/yuyan-worktrees/基础库-密码公钥核验/库/标准库/操作系统/环境变量。豫 | PID 29147 | 退出 0 | 运行 7/24 | 已完成 92
[完成] 类型检查：/Users/zhiboc/repos/yuyan-worktrees/基础库-密码公钥核验/库/标准库/宿主。接口。豫 | PID 29147 | 退出 0 | 运行 6/24 | 已完成 93
[启动] type-check-and-erase：/Users/zhiboc/repos/yuyan-worktrees/基础库-密码公钥核验/库/标准库/语言核心/异常。豫 | 运行 7/24
[启动] type-check-and-erase：/Users/zhiboc/repos/yuyan-worktrees/基础库-密码公钥核验/库/标准库/输入输出/笔。豫 | 运行 8/24
[启动] type-check-and-erase：/Users/zhiboc/repos/yuyan-worktrees/基础库-密码公钥核验/库/标准库/操作系统/系统名称。豫 | 运行 9/24
[启动] type-check-and-erase：/Users/zhiboc/repos/yuyan-worktrees/基础库-密码公钥核验/库/标准库/数据结构/小数操作。豫 | 运行 10/24
[启动] type-check-and-erase：/Users/zhiboc/repos/yuyan-worktrees/基础库-密码公钥核验/库/标准库/操作系统/环境变量。豫 | 运行 11/24
[完成] 语法解析：/Users/zhiboc/repos/yuyan-worktrees/基础库-密码公钥核验/库/标准库/操作系统/时间。豫 | PID 29147 | 退出 0 | 运行 10/24 | 已完成 94
[完成] 语法解析：/Users/zhiboc/repos/yuyan-worktrees/基础库-密码公钥核验/库/标准库/语言核心。豫 | PID 29147 | 退出 0 | 运行 9/24 | 已完成 95
[完成] 语法解析：/Users/zhiboc/repos/yuyan-worktrees/基础库-密码公钥核验/库/标准库/数据结构/可选值。豫 | PID 29147 | 退出 0 | 运行 8/24 | 已完成 96
[启动] parse：/Users/zhiboc/repos/yuyan-worktrees/基础库-密码公钥核验/库/标准库/数据结构/多态列。豫 | 运行 9/24
[完成] 类型检查：/Users/zhiboc/repos/yuyan-worktrees/基础库-密码公钥核验/库/标准库/数据结构/小数操作。豫 | PID 29147 | 退出 0 | 运行 8/24 | 已完成 97
[启动] type-check-and-erase：/Users/zhiboc/repos/yuyan-worktrees/基础库-密码公钥核验/库/标准库/操作系统/时间。豫 | 运行 9/24
[完成] 类型检查：/Users/zhiboc/repos/yuyan-worktrees/基础库-密码公钥核验/库/标准库/操作系统/系统名称。豫 | PID 29147 | 退出 0 | 运行 8/24 | 已完成 98
[完成] 语法解析：/Users/zhiboc/repos/yuyan-worktrees/基础库-密码公钥核验/库/标准库/数学运算/随机。豫 | PID 29147 | 退出 0 | 运行 7/24 | 已完成 99
[启动] type-check-and-erase：/Users/zhiboc/repos/yuyan-worktrees/基础库-密码公钥核验/库/标准库/数学运算/随机。豫 | 运行 8/24
[完成] 语法解析：/Users/zhiboc/repos/yuyan-worktrees/基础库-密码公钥核验/库/标准库/网络/传输控制协议。豫 | PID 29147 | 退出 0 | 运行 7/24 | 已完成 100
[启动] type-check-and-erase：/Users/zhiboc/repos/yuyan-worktrees/基础库-密码公钥核验/库/标准库/网络/传输控制协议。豫 | 运行 8/24
[完成] 语法解析：/Users/zhiboc/repos/yuyan-worktrees/基础库-密码公钥核验/库/标准库/操作系统/进程。豫 | PID 29147 | 退出 0 | 运行 7/24 | 已完成 101
[启动] type-check-and-erase：/Users/zhiboc/repos/yuyan-worktrees/基础库-密码公钥核验/库/标准库/操作系统/进程。豫 | 运行 8/24
[完成] 类型检查：/Users/zhiboc/repos/yuyan-worktrees/基础库-密码公钥核验/库/标准库/操作系统/环境变量。豫 | PID 29147 | 退出 0 | 运行 7/24 | 已完成 102
[完成] 类型检查：/Users/zhiboc/repos/yuyan-worktrees/基础库-密码公钥核验/库/标准库/操作系统/时间。豫 | PID 29147 | 退出 0 | 运行 6/24 | 已完成 103
[完成] 类型检查：/Users/zhiboc/repos/yuyan-worktrees/基础库-密码公钥核验/库/标准库/数学运算/随机。豫 | PID 29147 | 退出 0 | 运行 5/24 | 已完成 104
[完成] 类型检查：/Users/zhiboc/repos/yuyan-worktrees/基础库-密码公钥核验/库/标准库/操作系统/进程。豫 | PID 29147 | 退出 0 | 运行 4/24 | 已完成 105
[完成] 类型检查：/Users/zhiboc/repos/yuyan-worktrees/基础库-密码公钥核验/库/标准库/网络/传输控制协议。豫 | PID 29147 | 退出 0 | 运行 3/24 | 已完成 106
[完成] 类型检查：/Users/zhiboc/repos/yuyan-worktrees/基础库-密码公钥核验/库/标准库/输入输出/笔。豫 | PID 29147 | 退出 0 | 运行 2/24 | 已完成 107
[启动] type-check-and-erase：/Users/zhiboc/repos/yuyan-worktrees/基础库-密码公钥核验/库/标准库/输入输出。豫 | 运行 3/24
[完成] 语法解析：/Users/zhiboc/repos/yuyan-worktrees/基础库-密码公钥核验/库/标准库/数据结构/多态列。豫 | PID 29147 | 退出 0 | 运行 2/24 | 已完成 108
[启动] parse：/Users/zhiboc/repos/yuyan-worktrees/基础库-密码公钥核验/库/标准库/宿主带列。接口。豫 | 运行 3/24
[启动] parse：/Users/zhiboc/repos/yuyan-worktrees/基础库-密码公钥核验/库/标准库/数据结构/多态列工具。豫 | 运行 4/24
[启动] parse：/Users/zhiboc/repos/yuyan-worktrees/基础库-密码公钥核验/库/标准库/数学运算/具体列。豫 | 运行 5/24
[启动] parse：/Users/zhiboc/repos/yuyan-worktrees/基础库-密码公钥核验/库/标准库/数学运算/数组转换。豫 | 运行 6/24
[完成] 类型检查：/Users/zhiboc/repos/yuyan-worktrees/基础库-密码公钥核验/库/标准库/语言核心/异常。豫 | PID 29147 | 退出 0 | 运行 5/24 | 已完成 109
[启动] type-check-and-erase：/Users/zhiboc/repos/yuyan-worktrees/基础库-密码公钥核验/库/标准库/语言核心。豫 | 运行 6/24
[启动] type-check-and-erase：/Users/zhiboc/repos/yuyan-worktrees/基础库-密码公钥核验/库/标准库/数据结构/可选值。豫 | 运行 7/24
[完成] 类型检查：/Users/zhiboc/repos/yuyan-worktrees/基础库-密码公钥核验/库/标准库/输入输出。豫 | PID 29147 | 退出 0 | 运行 6/24 | 已完成 110
[完成] 语法解析：/Users/zhiboc/repos/yuyan-worktrees/基础库-密码公钥核验/库/标准库/数据结构/多态列工具。豫 | PID 29147 | 退出 0 | 运行 5/24 | 已完成 111
[完成] 语法解析：/Users/zhiboc/repos/yuyan-worktrees/基础库-密码公钥核验/库/标准库/数学运算/具体列。豫 | PID 29147 | 退出 0 | 运行 4/24 | 已完成 112
[完成] 语法解析：/Users/zhiboc/repos/yuyan-worktrees/基础库-密码公钥核验/库/标准库/宿主带列。接口。豫 | PID 29147 | 退出 0 | 运行 3/24 | 已完成 113
[启动] parse：/Users/zhiboc/repos/yuyan-worktrees/基础库-密码公钥核验/库/标准库/操作系统/文件系统。豫 | 运行 4/24
[启动] parse：/Users/zhiboc/repos/yuyan-worktrees/基础库-密码公钥核验/库/标准库/操作系统/命令行参数。豫 | 运行 5/24
[启动] parse：/Users/zhiboc/repos/yuyan-worktrees/基础库-密码公钥核验/库/标准库/控制/异步。豫 | 运行 6/24
[完成] 语法解析：/Users/zhiboc/repos/yuyan-worktrees/基础库-密码公钥核验/库/标准库/数学运算/数组转换。豫 | PID 29147 | 退出 0 | 运行 5/24 | 已完成 114
[启动] parse：/Users/zhiboc/repos/yuyan-worktrees/基础库-密码公钥核验/库/标准库/数学运算。豫 | 运行 6/24
[启动] parse：/Users/zhiboc/repos/yuyan-worktrees/基础库-密码公钥核验/库/标准库/数据结构/字符串术。豫 | 运行 7/24
[启动] parse：/Users/zhiboc/repos/yuyan-worktrees/基础库-密码公钥核验/库/标准库/数据结构/字符流术。豫 | 运行 8/24
[完成] 类型检查：/Users/zhiboc/repos/yuyan-worktrees/基础库-密码公钥核验/库/标准库/语言核心。豫 | PID 29147 | 退出 0 | 运行 7/24 | 已完成 115
[完成] 语法解析：/Users/zhiboc/repos/yuyan-worktrees/基础库-密码公钥核验/库/标准库/控制/异步。豫 | PID 29147 | 退出 0 | 运行 6/24 | 已完成 116
[启动] parse：/Users/zhiboc/repos/yuyan-worktrees/基础库-密码公钥核验/库/标准库/网络/异步传输控制协议。豫 | 运行 7/24
[启动] parse：/Users/zhiboc/repos/yuyan-worktrees/基础库-密码公钥核验/库/标准库/控制。豫 | 运行 8/24
[完成] 语法解析：/Users/zhiboc/repos/yuyan-worktrees/基础库-密码公钥核验/库/标准库/操作系统/文件系统。豫 | PID 29147 | 退出 0 | 运行 7/24 | 已完成 117
[完成] 语法解析：/Users/zhiboc/repos/yuyan-worktrees/基础库-密码公钥核验/库/标准库/数学运算。豫 | PID 29147 | 退出 0 | 运行 6/24 | 已完成 118
[完成] 语法解析：/Users/zhiboc/repos/yuyan-worktrees/基础库-密码公钥核验/库/标准库/操作系统/命令行参数。豫 | PID 29147 | 退出 0 | 运行 5/24 | 已完成 119
[完成] 语法解析：/Users/zhiboc/repos/yuyan-worktrees/基础库-密码公钥核验/库/标准库/网络/异步传输控制协议。豫 | PID 29147 | 退出 0 | 运行 4/24 | 已完成 120
[完成] 语法解析：/Users/zhiboc/repos/yuyan-worktrees/基础库-密码公钥核验/库/标准库/数据结构/字符串术。豫 | PID 29147 | 退出 0 | 运行 3/24 | 已完成 121
[启动] parse：/Users/zhiboc/repos/yuyan-worktrees/基础库-密码公钥核验/库/标准库/操作系统/子进程。豫 | 运行 4/24
[启动] parse：/Users/zhiboc/repos/yuyan-worktrees/基础库-密码公钥核验/库/标准库/数据结构/对子术。豫 | 运行 5/24
[启动] parse：/Users/zhiboc/repos/yuyan-worktrees/基础库-密码公钥核验/库/标准库/数据结构/特殊字符。豫 | 运行 6/24
[完成] 类型检查：/Users/zhiboc/repos/yuyan-worktrees/基础库-密码公钥核验/库/标准库/数据结构/可选值。豫 | PID 29147 | 退出 0 | 运行 5/24 | 已完成 122
[启动] type-check-and-erase：/Users/zhiboc/repos/yuyan-worktrees/基础库-密码公钥核验/库/标准库/数据结构/多态列。豫 | 运行 6/24
[完成] 语法解析：/Users/zhiboc/repos/yuyan-worktrees/基础库-密码公钥核验/库/标准库/数据结构/对子术。豫 | PID 29147 | 退出 0 | 运行 5/24 | 已完成 123
[启动] parse：/Users/zhiboc/repos/yuyan-worktrees/基础库-密码公钥核验/库/标准库/数据结构/列表搜索。豫 | 运行 6/24
[完成] 语法解析：/Users/zhiboc/repos/yuyan-worktrees/基础库-密码公钥核验/库/标准库/控制。豫 | PID 29147 | 退出 0 | 运行 5/24 | 已完成 124
[完成] 类型检查：/Users/zhiboc/repos/yuyan-worktrees/基础库-密码公钥核验/库/标准库/数据结构/多态列。豫 | PID 29147 | 退出 0 | 运行 4/24 | 已完成 125
[启动] type-check-and-erase：/Users/zhiboc/repos/yuyan-worktrees/基础库-密码公钥核验/库/标准库/宿主带列。接口。豫 | 运行 5/24
[启动] type-check-and-erase：/Users/zhiboc/repos/yuyan-worktrees/基础库-密码公钥核验/库/标准库/数据结构/多态列工具。豫 | 运行 6/24
[启动] type-check-and-erase：/Users/zhiboc/repos/yuyan-worktrees/基础库-密码公钥核验/库/标准库/数学运算/具体列。豫 | 运行 7/24
[启动] type-check-and-erase：/Users/zhiboc/repos/yuyan-worktrees/基础库-密码公钥核验/库/标准库/数学运算/数组转换。豫 | 运行 8/24
[完成] 语法解析：/Users/zhiboc/repos/yuyan-worktrees/基础库-密码公钥核验/库/标准库/数据结构/特殊字符。豫 | PID 29147 | 退出 0 | 运行 7/24 | 已完成 126
[启动] parse：/Users/zhiboc/repos/yuyan-worktrees/基础库-密码公钥核验/库/标准库/网络/超文本传输协议。豫 | 运行 8/24
[完成] 语法解析：/Users/zhiboc/repos/yuyan-worktrees/基础库-密码公钥核验/库/标准库/数据结构/字符流术。豫 | PID 29147 | 退出 0 | 运行 7/24 | 已完成 127
[完成] 语法解析：/Users/zhiboc/repos/yuyan-worktrees/基础库-密码公钥核验/库/标准库/网络/超文本传输协议。豫 | PID 29147 | 退出 0 | 运行 6/24 | 已完成 128
[启动] parse：/Users/zhiboc/repos/yuyan-worktrees/基础库-密码公钥核验/库/标准库/网络。豫 | 运行 7/24
[完成] 语法解析：/Users/zhiboc/repos/yuyan-worktrees/基础库-密码公钥核验/库/标准库/数据结构/列表搜索。豫 | PID 29147 | 退出 0 | 运行 6/24 | 已完成 129
[启动] parse：/Users/zhiboc/repos/yuyan-worktrees/基础库-密码公钥核验/库/标准库/数据结构/字典术。豫 | 运行 7/24
[完成] 类型检查：/Users/zhiboc/repos/yuyan-worktrees/基础库-密码公钥核验/库/标准库/数据结构/多态列工具。豫 | PID 29147 | 退出 0 | 运行 6/24 | 已完成 130
[完成] 语法解析：/Users/zhiboc/repos/yuyan-worktrees/基础库-密码公钥核验/库/标准库/操作系统/子进程。豫 | PID 29147 | 退出 0 | 运行 5/24 | 已完成 131
[完成] 语法解析：/Users/zhiboc/repos/yuyan-worktrees/基础库-密码公钥核验/库/标准库/网络。豫 | PID 29147 | 退出 0 | 运行 4/24 | 已完成 132
[完成] 语法解析：/Users/zhiboc/repos/yuyan-worktrees/基础库-密码公钥核验/库/标准库/数据结构/字典术。豫 | PID 29147 | 退出 0 | 运行 3/24 | 已完成 133
[启动] parse：/Users/zhiboc/repos/yuyan-worktrees/基础库-密码公钥核验/库/标准库/豫言标准内核。豫 | 运行 4/24
[启动] parse：/Users/zhiboc/repos/yuyan-worktrees/基础库-密码公钥核验/库/标准库/数据结构。豫 | 运行 5/24
[完成] 类型检查：/Users/zhiboc/repos/yuyan-worktrees/基础库-密码公钥核验/库/标准库/数学运算/数组转换。豫 | PID 29147 | 退出 0 | 运行 4/24 | 已完成 134
[启动] type-check-and-erase：/Users/zhiboc/repos/yuyan-worktrees/基础库-密码公钥核验/库/标准库/数据结构/字符串术。豫 | 运行 5/24
[启动] type-check-and-erase：/Users/zhiboc/repos/yuyan-worktrees/基础库-密码公钥核验/库/标准库/数据结构/字符流术。豫 | 运行 6/24
[完成] 语法解析：/Users/zhiboc/repos/yuyan-worktrees/基础库-密码公钥核验/库/标准库/豫言标准内核。豫 | PID 29147 | 退出 0 | 运行 5/24 | 已完成 135
[启动] parse：/Users/zhiboc/repos/yuyan-worktrees/基础库-密码公钥核验/库/标准库/操作系统/路径。豫 | 运行 6/24
[完成] 语法解析：/Users/zhiboc/repos/yuyan-worktrees/基础库-密码公钥核验/库/标准库/操作系统/路径。豫 | PID 29147 | 退出 0 | 运行 5/24 | 已完成 136
[启动] parse：/Users/zhiboc/repos/yuyan-worktrees/基础库-密码公钥核验/库/标准库/操作系统。豫 | 运行 6/24
[完成] 类型检查：/Users/zhiboc/repos/yuyan-worktrees/基础库-密码公钥核验/库/标准库/数据结构/字符流术。豫 | PID 29147 | 退出 0 | 运行 5/24 | 已完成 137
[完成] 语法解析：/Users/zhiboc/repos/yuyan-worktrees/基础库-密码公钥核验/库/标准库/操作系统。豫 | PID 29147 | 退出 0 | 运行 4/24 | 已完成 138
[完成] 语法解析：/Users/zhiboc/repos/yuyan-worktrees/基础库-密码公钥核验/库/标准库/数据结构。豫 | PID 29147 | 退出 0 | 运行 3/24 | 已完成 139
[启动] parse：/Users/zhiboc/repos/yuyan-worktrees/基础库-密码公钥核验/库/标准库/总集。豫 | 运行 4/24
[完成] 类型检查：/Users/zhiboc/repos/yuyan-worktrees/基础库-密码公钥核验/库/标准库/宿主带列。接口。豫 | PID 29147 | 退出 0 | 运行 3/24 | 已完成 140
[启动] type-check-and-erase：/Users/zhiboc/repos/yuyan-worktrees/基础库-密码公钥核验/库/标准库/操作系统/文件系统。豫 | 运行 4/24
[启动] type-check-and-erase：/Users/zhiboc/repos/yuyan-worktrees/基础库-密码公钥核验/库/标准库/操作系统/命令行参数。豫 | 运行 5/24
[启动] type-check-and-erase：/Users/zhiboc/repos/yuyan-worktrees/基础库-密码公钥核验/库/标准库/控制/异步。豫 | 运行 6/24
[完成] 类型检查：/Users/zhiboc/repos/yuyan-worktrees/基础库-密码公钥核验/库/标准库/数学运算/具体列。豫 | PID 29147 | 退出 0 | 运行 5/24 | 已完成 141
[启动] type-check-and-erase：/Users/zhiboc/repos/yuyan-worktrees/基础库-密码公钥核验/库/标准库/数学运算。豫 | 运行 6/24
[完成] 类型检查：/Users/zhiboc/repos/yuyan-worktrees/基础库-密码公钥核验/库/标准库/操作系统/文件系统。豫 | PID 29147 | 退出 0 | 运行 5/24 | 已完成 142
[完成] 类型检查：/Users/zhiboc/repos/yuyan-worktrees/基础库-密码公钥核验/库/标准库/数学运算。豫 | PID 29147 | 退出 0 | 运行 4/24 | 已完成 143
[完成] 类型检查：/Users/zhiboc/repos/yuyan-worktrees/基础库-密码公钥核验/库/标准库/数据结构/字符串术。豫 | PID 29147 | 退出 0 | 运行 3/24 | 已完成 144
[启动] type-check-and-erase：/Users/zhiboc/repos/yuyan-worktrees/基础库-密码公钥核验/库/标准库/操作系统/子进程。豫 | 运行 4/24
[启动] type-check-and-erase：/Users/zhiboc/repos/yuyan-worktrees/基础库-密码公钥核验/库/标准库/数据结构/对子术。豫 | 运行 5/24
[启动] type-check-and-erase：/Users/zhiboc/repos/yuyan-worktrees/基础库-密码公钥核验/库/标准库/数据结构/特殊字符。豫 | 运行 6/24
[完成] 类型检查：/Users/zhiboc/repos/yuyan-worktrees/基础库-密码公钥核验/库/标准库/数据结构/特殊字符。豫 | PID 29147 | 退出 0 | 运行 5/24 | 已完成 145
[启动] type-check-and-erase：/Users/zhiboc/repos/yuyan-worktrees/基础库-密码公钥核验/库/标准库/网络/超文本传输协议。豫 | 运行 6/24
[完成] 类型检查：/Users/zhiboc/repos/yuyan-worktrees/基础库-密码公钥核验/库/标准库/操作系统/子进程。豫 | PID 29147 | 退出 0 | 运行 5/24 | 已完成 146
[完成] 语法解析：/Users/zhiboc/repos/yuyan-worktrees/基础库-密码公钥核验/库/标准库/总集。豫 | PID 29147 | 退出 0 | 运行 4/24 | 已完成 147
[启动] parse：/Users/zhiboc/repos/yuyan-worktrees/基础库-密码公钥核验/库/基础库/密码与安全/密码/散列。豫 | 运行 5/24
[完成] 语法解析：/Users/zhiboc/repos/yuyan-worktrees/基础库-密码公钥核验/库/基础库/密码与安全/密码/散列。豫 | PID 29147 | 退出 0 | 运行 4/24 | 已完成 148
[启动] parse：/Users/zhiboc/repos/yuyan-worktrees/基础库-密码公钥核验/库/基础库/密码与安全/密码/宽字散列。豫 | 运行 5/24
[完成] 类型检查：/Users/zhiboc/repos/yuyan-worktrees/基础库-密码公钥核验/库/标准库/网络/超文本传输协议。豫 | PID 29147 | 退出 0 | 运行 4/24 | 已完成 149
[完成] 类型检查：/Users/zhiboc/repos/yuyan-worktrees/基础库-密码公钥核验/库/标准库/操作系统/命令行参数。豫 | PID 29147 | 退出 0 | 运行 3/24 | 已完成 150
[完成] 语法解析：/Users/zhiboc/repos/yuyan-worktrees/基础库-密码公钥核验/库/基础库/密码与安全/密码/宽字散列。豫 | PID 29147 | 退出 0 | 运行 2/24 | 已完成 151
[完成] 类型检查：/Users/zhiboc/repos/yuyan-worktrees/基础库-密码公钥核验/库/标准库/控制/异步。豫 | PID 29147 | 退出 0 | 运行 1/24 | 已完成 152
[启动] type-check-and-erase：/Users/zhiboc/repos/yuyan-worktrees/基础库-密码公钥核验/库/标准库/网络/异步传输控制协议。豫 | 运行 2/24
[启动] type-check-and-erase：/Users/zhiboc/repos/yuyan-worktrees/基础库-密码公钥核验/库/标准库/控制。豫 | 运行 3/24
[完成] 类型检查：/Users/zhiboc/repos/yuyan-worktrees/基础库-密码公钥核验/库/标准库/网络/异步传输控制协议。豫 | PID 29147 | 退出 0 | 运行 2/24 | 已完成 153
[启动] type-check-and-erase：/Users/zhiboc/repos/yuyan-worktrees/基础库-密码公钥核验/库/标准库/网络。豫 | 运行 3/24
[完成] 类型检查：/Users/zhiboc/repos/yuyan-worktrees/基础库-密码公钥核验/库/标准库/网络。豫 | PID 29147 | 退出 0 | 运行 2/24 | 已完成 154
[完成] 类型检查：/Users/zhiboc/repos/yuyan-worktrees/基础库-密码公钥核验/库/标准库/数据结构/对子术。豫 | PID 29147 | 退出 0 | 运行 1/24 | 已完成 155
[启动] type-check-and-erase：/Users/zhiboc/repos/yuyan-worktrees/基础库-密码公钥核验/库/标准库/数据结构/列表搜索。豫 | 运行 2/24
[完成] 类型检查：/Users/zhiboc/repos/yuyan-worktrees/基础库-密码公钥核验/库/标准库/数据结构/列表搜索。豫 | PID 29147 | 退出 0 | 运行 1/24 | 已完成 156
[启动] type-check-and-erase：/Users/zhiboc/repos/yuyan-worktrees/基础库-密码公钥核验/库/标准库/数据结构/字典术。豫 | 运行 2/24
[完成] 类型检查：/Users/zhiboc/repos/yuyan-worktrees/基础库-密码公钥核验/库/标准库/控制。豫 | PID 29147 | 退出 0 | 运行 1/24 | 已完成 157
[完成] 类型检查：/Users/zhiboc/repos/yuyan-worktrees/基础库-密码公钥核验/库/标准库/数据结构/字典术。豫 | PID 29147 | 退出 0 | 运行 0/24 | 已完成 158
[启动] type-check-and-erase：/Users/zhiboc/repos/yuyan-worktrees/基础库-密码公钥核验/库/标准库/豫言标准内核。豫 | 运行 1/24
[启动] type-check-and-erase：/Users/zhiboc/repos/yuyan-worktrees/基础库-密码公钥核验/库/标准库/数据结构。豫 | 运行 2/24
[完成] 类型检查：/Users/zhiboc/repos/yuyan-worktrees/基础库-密码公钥核验/库/标准库/豫言标准内核。豫 | PID 29147 | 退出 0 | 运行 1/24 | 已完成 159
[启动] type-check-and-erase：/Users/zhiboc/repos/yuyan-worktrees/基础库-密码公钥核验/库/标准库/操作系统/路径。豫 | 运行 2/24
[完成] 类型检查：/Users/zhiboc/repos/yuyan-worktrees/基础库-密码公钥核验/库/标准库/操作系统/路径。豫 | PID 29147 | 退出 0 | 运行 1/24 | 已完成 160
[启动] type-check-and-erase：/Users/zhiboc/repos/yuyan-worktrees/基础库-密码公钥核验/库/标准库/操作系统。豫 | 运行 2/24
[完成] 类型检查：/Users/zhiboc/repos/yuyan-worktrees/基础库-密码公钥核验/库/标准库/数据结构。豫 | PID 29147 | 退出 0 | 运行 1/24 | 已完成 161
[完成] 类型检查：/Users/zhiboc/repos/yuyan-worktrees/基础库-密码公钥核验/库/标准库/操作系统。豫 | PID 29147 | 退出 0 | 运行 0/24 | 已完成 162
[启动] type-check-and-erase：/Users/zhiboc/repos/yuyan-worktrees/基础库-密码公钥核验/库/标准库/总集。豫 | 运行 1/24
[完成] 类型检查：/Users/zhiboc/repos/yuyan-worktrees/基础库-密码公钥核验/库/标准库/总集。豫 | PID 29147 | 退出 0 | 运行 0/24 | 已完成 163
[启动] type-check-and-erase：/Users/zhiboc/repos/yuyan-worktrees/基础库-密码公钥核验/库/基础库/密码与安全/密码/散列。豫 | 运行 1/24
[完成] 类型检查：/Users/zhiboc/repos/yuyan-worktrees/基础库-密码公钥核验/库/基础库/密码与安全/密码/散列。豫 | PID 29147 | 退出 0 | 运行 0/24 | 已完成 164
[启动] type-check-and-erase：/Users/zhiboc/repos/yuyan-worktrees/基础库-密码公钥核验/库/基础库/密码与安全/密码/宽字散列。豫 | 运行 1/24
[完成] 类型检查：/Users/zhiboc/repos/yuyan-worktrees/基础库-密码公钥核验/库/基础库/密码与安全/密码/宽字散列。豫 | PID 29147 | 退出 0 | 运行 0/24 | 已完成 165
[启动] exec-gen：/Users/zhiboc/repos/yuyan-worktrees/基础库-密码公钥核验/库/基础库/密码与安全/密码/宽字散列。豫 | 运行 1/24
[完成] 最终链接：/Users/zhiboc/repos/yuyan-worktrees/基础库-密码公钥核验/库/基础库/密码与安全/密码/宽字散列。豫 | PID 29147 | 退出 0 | 运行 0/24 | 已完成 166
[2026-10-08 01:02:52] 当前路径：/Users/zhiboc/repos/yuyan-worktrees/基础库-密码公钥核验/yyRSA验证链

[2026-10-08 01:02:52] 当前路径：/Users/zhiboc/repos/yuyan-worktrees/基础库-密码公钥核验/yyRSA验证链
[启动] dependency-analysis：/Users/zhiboc/repos/yuyan-worktrees/基础库-密码公钥核验/库/基础库/密码与安全/密码/对称。豫 | 运行 1/24
[完成] 依赖分析：/Users/zhiboc/repos/yuyan-worktrees/基础库-密码公钥核验/库/基础库/密码与安全/密码/对称。豫 | PID 29151 | 退出 0 | 运行 0/24 | 已完成 1
[启动] dependency-analysis：/Users/zhiboc/repos/yuyan-worktrees/基础库-密码公钥核验/库/标准库/总集。豫 | 运行 1/24
[启动] dependency-analysis：/Users/zhiboc/repos/yuyan-worktrees/基础库-密码公钥核验/库/标准库/数据结构/整数操作。豫 | 运行 2/24
[启动] dependency-analysis：/Users/zhiboc/repos/yuyan-worktrees/基础库-密码公钥核验/库/标准库/数据结构/字节串。豫 | 运行 3/24
[启动] dependency-analysis：/Users/zhiboc/repos/yuyan-worktrees/基础库-密码公钥核验/库/标准库/数学运算/安全随机。豫 | 运行 4/24
[完成] 依赖分析：/Users/zhiboc/repos/yuyan-worktrees/基础库-密码公钥核验/库/标准库/总集。豫 | PID 29151 | 退出 0 | 运行 3/24 | 已完成 2
[启动] dependency-analysis：/Users/zhiboc/repos/yuyan-worktrees/基础库-密码公钥核验/库/标准库/操作系统。豫 | 运行 4/24
[启动] dependency-analysis：/Users/zhiboc/repos/yuyan-worktrees/基础库-密码公钥核验/库/标准库/控制。豫 | 运行 5/24
[启动] dependency-analysis：/Users/zhiboc/repos/yuyan-worktrees/基础库-密码公钥核验/库/标准库/数学运算。豫 | 运行 6/24
[启动] dependency-analysis：/Users/zhiboc/repos/yuyan-worktrees/基础库-密码公钥核验/库/标准库/数据结构。豫 | 运行 7/24
[启动] dependency-analysis：/Users/zhiboc/repos/yuyan-worktrees/基础库-密码公钥核验/库/标准库/输入输出。豫 | 运行 8/24
[启动] dependency-analysis：/Users/zhiboc/repos/yuyan-worktrees/基础库-密码公钥核验/库/标准库/语言核心。豫 | 运行 9/24
[启动] dependency-analysis：/Users/zhiboc/repos/yuyan-worktrees/基础库-密码公钥核验/库/标准库/网络。豫 | 运行 10/24
[启动] dependency-analysis：/Users/zhiboc/repos/yuyan-worktrees/基础库-密码公钥核验/库/标准库/豫言标准内核。豫 | 运行 11/24
[完成] 依赖分析：/Users/zhiboc/repos/yuyan-worktrees/基础库-密码公钥核验/库/标准库/操作系统。豫 | PID 29151 | 退出 0 | 运行 10/24 | 已完成 3
[启动] dependency-analysis：/Users/zhiboc/repos/yuyan-worktrees/基础库-密码公钥核验/库/标准库/操作系统/子进程。豫 | 运行 11/24
[启动] dependency-analysis：/Users/zhiboc/repos/yuyan-worktrees/基础库-密码公钥核验/库/标准库/操作系统/命令行参数。豫 | 运行 12/24
[启动] dependency-analysis：/Users/zhiboc/repos/yuyan-worktrees/基础库-密码公钥核验/库/标准库/操作系统/文件系统。豫 | 运行 13/24
[启动] dependency-analysis：/Users/zhiboc/repos/yuyan-worktrees/基础库-密码公钥核验/库/标准库/操作系统/进程。豫 | 运行 14/24
[启动] dependency-analysis：/Users/zhiboc/repos/yuyan-worktrees/基础库-密码公钥核验/库/标准库/操作系统/时间。豫 | 运行 15/24
[启动] dependency-analysis：/Users/zhiboc/repos/yuyan-worktrees/基础库-密码公钥核验/库/标准库/操作系统/路径。豫 | 运行 16/24
[启动] dependency-analysis：/Users/zhiboc/repos/yuyan-worktrees/基础库-密码公钥核验/库/标准库/操作系统/系统名称。豫 | 运行 17/24
[启动] dependency-analysis：/Users/zhiboc/repos/yuyan-worktrees/基础库-密码公钥核验/库/标准库/操作系统/环境变量。豫 | 运行 18/24
[完成] 依赖分析：/Users/zhiboc/repos/yuyan-worktrees/基础库-密码公钥核验/库/标准库/操作系统/子进程。豫 | PID 29151 | 退出 0 | 运行 17/24 | 已完成 4
[启动] dependency-analysis：/Users/zhiboc/repos/yuyan-worktrees/基础库-密码公钥核验/库/标准库/语言核心/内建类型。豫 | 运行 18/24
[启动] dependency-analysis：/Users/zhiboc/repos/yuyan-worktrees/基础库-密码公钥核验/库/标准库/语言核心/异常。豫 | 运行 19/24
[启动] dependency-analysis：/Users/zhiboc/repos/yuyan-worktrees/基础库-密码公钥核验/库/标准库/数据结构/字符串术。豫 | 运行 20/24
[启动] dependency-analysis：/Users/zhiboc/repos/yuyan-worktrees/基础库-密码公钥核验/库/标准库/数据结构/多态列。豫 | 运行 21/24
[启动] dependency-analysis：/Users/zhiboc/repos/yuyan-worktrees/基础库-密码公钥核验/库/标准库/输入输出/笔。豫 | 运行 22/24
[启动] dependency-analysis：/Users/zhiboc/repos/yuyan-worktrees/基础库-密码公钥核验/库/标准库/宿主带列。接口。豫 | 运行 23/24
[启动] dependency-analysis：/Users/zhiboc/repos/yuyan-worktrees/基础库-密码公钥核验/库/标准库/宿主。接口。豫 | 运行 24/24
[完成] 依赖分析：/Users/zhiboc/repos/yuyan-worktrees/基础库-密码公钥核验/库/标准库/操作系统/命令行参数。豫 | PID 29151 | 退出 0 | 运行 23/24 | 已完成 5
[完成] 依赖分析：/Users/zhiboc/repos/yuyan-worktrees/基础库-密码公钥核验/库/标准库/操作系统/环境变量。豫 | PID 29151 | 退出 0 | 运行 22/24 | 已完成 6
[完成] 依赖分析：/Users/zhiboc/repos/yuyan-worktrees/基础库-密码公钥核验/库/标准库/宿主带列。接口。豫 | PID 29151 | 退出 0 | 运行 21/24 | 已完成 7
[完成] 依赖分析：/Users/zhiboc/repos/yuyan-worktrees/基础库-密码公钥核验/库/标准库/数据结构。豫 | PID 29151 | 退出 0 | 运行 20/24 | 已完成 8
[启动] dependency-analysis：/Users/zhiboc/repos/yuyan-worktrees/基础库-密码公钥核验/库/标准库/数据结构/多态列工具。豫 | 运行 21/24
[启动] dependency-analysis：/Users/zhiboc/repos/yuyan-worktrees/基础库-密码公钥核验/库/标准库/数据结构/爻术。豫 | 运行 22/24
[启动] dependency-analysis：/Users/zhiboc/repos/yuyan-worktrees/基础库-密码公钥核验/库/标准库/数据结构/字符流术。豫 | 运行 23/24
[启动] dependency-analysis：/Users/zhiboc/repos/yuyan-worktrees/基础库-密码公钥核验/库/标准库/数据结构/特殊字符。豫 | 运行 24/24
[完成] 依赖分析：/Users/zhiboc/repos/yuyan-worktrees/基础库-密码公钥核验/库/标准库/数学运算。豫 | PID 29151 | 退出 0 | 运行 23/24 | 已完成 9
[启动] dependency-analysis：/Users/zhiboc/repos/yuyan-worktrees/基础库-密码公钥核验/库/标准库/数据结构/对子术。豫 | 运行 24/24
[完成] 依赖分析：/Users/zhiboc/repos/yuyan-worktrees/基础库-密码公钥核验/库/标准库/控制。豫 | PID 29151 | 退出 0 | 运行 23/24 | 已完成 10
[启动] dependency-analysis：/Users/zhiboc/repos/yuyan-worktrees/基础库-密码公钥核验/库/标准库/数据结构/字典术。豫 | 运行 24/24
[完成] 依赖分析：/Users/zhiboc/repos/yuyan-worktrees/基础库-密码公钥核验/库/标准库/数学运算/安全随机。豫 | PID 29151 | 退出 0 | 运行 23/24 | 已完成 11
[启动] dependency-analysis：/Users/zhiboc/repos/yuyan-worktrees/基础库-密码公钥核验/库/标准库/数据结构/可选值。豫 | 运行 24/24
[完成] 依赖分析：/Users/zhiboc/repos/yuyan-worktrees/基础库-密码公钥核验/库/标准库/数据结构/整数操作。豫 | PID 29151 | 退出 0 | 运行 23/24 | 已完成 12
[启动] dependency-analysis：/Users/zhiboc/repos/yuyan-worktrees/基础库-密码公钥核验/库/标准库/数据结构/小数操作。豫 | 运行 24/24
[完成] 依赖分析：/Users/zhiboc/repos/yuyan-worktrees/基础库-密码公钥核验/库/标准库/数据结构/多态列工具。豫 | PID 29151 | 退出 0 | 运行 23/24 | 已完成 13
[启动] dependency-analysis：/Users/zhiboc/repos/yuyan-worktrees/基础库-密码公钥核验/库/标准库/数据结构/小数术。豫 | 运行 24/24
[完成] 依赖分析：/Users/zhiboc/repos/yuyan-worktrees/基础库-密码公钥核验/库/标准库/豫言标准内核。豫 | PID 29151 | 退出 0 | 运行 23/24 | 已完成 14
[启动] dependency-analysis：/Users/zhiboc/repos/yuyan-worktrees/基础库-密码公钥核验/库/标准库/数据结构/列表搜索。豫 | 运行 24/24
[完成] 依赖分析：/Users/zhiboc/repos/yuyan-worktrees/基础库-密码公钥核验/库/标准库/网络。豫 | PID 29151 | 退出 0 | 运行 23/24 | 已完成 15
[启动] dependency-analysis：/Users/zhiboc/repos/yuyan-worktrees/基础库-密码公钥核验/库/标准库/数据结构/函数操作。豫 | 运行 24/24
[完成] 依赖分析：/Users/zhiboc/repos/yuyan-worktrees/基础库-密码公钥核验/库/标准库/输入输出。豫 | PID 29151 | 退出 0 | 运行 23/24 | 已完成 16
[启动] dependency-analysis：/Users/zhiboc/repos/yuyan-worktrees/基础库-密码公钥核验/库/标准库/数据结构/字节缓冲。豫 | 运行 24/24
[完成] 依赖分析：/Users/zhiboc/repos/yuyan-worktrees/基础库-密码公钥核验/库/标准库/数据结构/字节串。豫 | PID 29151 | 退出 0 | 运行 23/24 | 已完成 17
[启动] dependency-analysis：/Users/zhiboc/repos/yuyan-worktrees/基础库-密码公钥核验/库/标准库/数学运算/转换。豫 | 运行 24/24
[完成] 依赖分析：/Users/zhiboc/repos/yuyan-worktrees/基础库-密码公钥核验/库/标准库/数据结构/列表搜索。豫 | PID 29151 | 退出 0 | 运行 23/24 | 已完成 18
[启动] dependency-analysis：/Users/zhiboc/repos/yuyan-worktrees/基础库-密码公钥核验/库/标准库/数学运算/具体列。豫 | 运行 24/24
[完成] 依赖分析：/Users/zhiboc/repos/yuyan-worktrees/基础库-密码公钥核验/库/标准库/数据结构/函数操作。豫 | PID 29151 | 退出 0 | 运行 23/24 | 已完成 19
[启动] dependency-analysis：/Users/zhiboc/repos/yuyan-worktrees/基础库-密码公钥核验/库/标准库/数学运算/随机。豫 | 运行 24/24
[完成] 依赖分析：/Users/zhiboc/repos/yuyan-worktrees/基础库-密码公钥核验/库/标准库/数据结构/字节缓冲。豫 | PID 29151 | 退出 0 | 运行 23/24 | 已完成 20
[启动] dependency-analysis：/Users/zhiboc/repos/yuyan-worktrees/基础库-密码公钥核验/库/标准库/数学运算/大小。豫 | 运行 24/24
[完成] 依赖分析：/Users/zhiboc/repos/yuyan-worktrees/基础库-密码公钥核验/库/标准库/数据结构/小数术。豫 | PID 29151 | 退出 0 | 运行 23/24 | 已完成 21
[启动] dependency-analysis：/Users/zhiboc/repos/yuyan-worktrees/基础库-密码公钥核验/库/标准库/数学运算/数组转换。豫 | 运行 24/24
[完成] 依赖分析：/Users/zhiboc/repos/yuyan-worktrees/基础库-密码公钥核验/库/标准库/数据结构/小数操作。豫 | PID 29151 | 退出 0 | 运行 23/24 | 已完成 22
[启动] dependency-analysis：/Users/zhiboc/repos/yuyan-worktrees/基础库-密码公钥核验/库/标准库/控制/惰性求值。豫 | 运行 24/24
[完成] 依赖分析：/Users/zhiboc/repos/yuyan-worktrees/基础库-密码公钥核验/库/标准库/数据结构/可选值。豫 | PID 29151 | 退出 0 | 运行 23/24 | 已完成 23
[启动] dependency-analysis：/Users/zhiboc/repos/yuyan-worktrees/基础库-密码公钥核验/库/标准库/控制/异步。豫 | 运行 24/24
[完成] 依赖分析：/Users/zhiboc/repos/yuyan-worktrees/基础库-密码公钥核验/库/标准库/数据结构/爻术。豫 | PID 29151 | 退出 0 | 运行 23/24 | 已完成 24
[启动] dependency-analysis：/Users/zhiboc/repos/yuyan-worktrees/基础库-密码公钥核验/库/标准库/语言核心/原语。内建。豫 | 运行 24/24
[完成] 依赖分析：/Users/zhiboc/repos/yuyan-worktrees/基础库-密码公钥核验/库/标准库/数据结构/字符串术。豫 | PID 29151 | 退出 0 | 运行 23/24 | 已完成 25
[启动] dependency-analysis：/Users/zhiboc/repos/yuyan-worktrees/基础库-密码公钥核验/库/标准库/语言核心/引用。豫 | 运行 24/24
[完成] 依赖分析：/Users/zhiboc/repos/yuyan-worktrees/基础库-密码公钥核验/库/标准库/语言核心/异常。豫 | PID 29151 | 退出 0 | 运行 23/24 | 已完成 26
[启动] dependency-analysis：/Users/zhiboc/repos/yuyan-worktrees/基础库-密码公钥核验/库/标准库/语言核心/续延。豫 | 运行 24/24
[完成] 依赖分析：/Users/zhiboc/repos/yuyan-worktrees/基础库-密码公钥核验/库/标准库/控制/惰性求值。豫 | PID 29151 | 退出 0 | 运行 23/24 | 已完成 27
[启动] dependency-analysis：/Users/zhiboc/repos/yuyan-worktrees/基础库-密码公钥核验/库/标准库/语言核心/异步原语。豫 | 运行 24/24
[完成] 依赖分析：/Users/zhiboc/repos/yuyan-worktrees/基础库-密码公钥核验/库/标准库/数学运算/大小。豫 | PID 29151 | 退出 0 | 运行 23/24 | 已完成 28
[启动] dependency-analysis：/Users/zhiboc/repos/yuyan-worktrees/基础库-密码公钥核验/库/标准库/网络/传输控制协议。豫 | 运行 24/24
[完成] 依赖分析：/Users/zhiboc/repos/yuyan-worktrees/基础库-密码公钥核验/库/标准库/数学运算/随机。豫 | PID 29151 | 退出 0 | 运行 23/24 | 已完成 29
[启动] dependency-analysis：/Users/zhiboc/repos/yuyan-worktrees/基础库-密码公钥核验/库/标准库/网络/异步传输控制协议。豫 | 运行 24/24
[完成] 依赖分析：/Users/zhiboc/repos/yuyan-worktrees/基础库-密码公钥核验/库/标准库/数据结构/字符流术。豫 | PID 29151 | 退出 0 | 运行 23/24 | 已完成 30
[启动] dependency-analysis：/Users/zhiboc/repos/yuyan-worktrees/基础库-密码公钥核验/库/标准库/网络/超文本传输协议。豫 | 运行 24/24
[完成] 依赖分析：/Users/zhiboc/repos/yuyan-worktrees/基础库-密码公钥核验/库/标准库/语言核心/异步原语。豫 | PID 29151 | 退出 0 | 运行 23/24 | 已完成 31
[启动] parse：/Users/zhiboc/repos/yuyan-worktrees/基础库-密码公钥核验/库/标准库/数据结构/函数操作。豫 | 运行 24/24
[完成] 依赖分析：/Users/zhiboc/repos/yuyan-worktrees/基础库-密码公钥核验/库/标准库/控制/异步。豫 | PID 29151 | 退出 0 | 运行 23/24 | 已完成 32
[完成] 依赖分析：/Users/zhiboc/repos/yuyan-worktrees/基础库-密码公钥核验/库/标准库/操作系统/文件系统。豫 | PID 29151 | 退出 0 | 运行 22/24 | 已完成 33
[完成] 依赖分析：/Users/zhiboc/repos/yuyan-worktrees/基础库-密码公钥核验/库/标准库/数据结构/特殊字符。豫 | PID 29151 | 退出 0 | 运行 21/24 | 已完成 34
[完成] 依赖分析：/Users/zhiboc/repos/yuyan-worktrees/基础库-密码公钥核验/库/标准库/语言核心/内建类型。豫 | PID 29151 | 退出 0 | 运行 20/24 | 已完成 35
[启动] parse：/Users/zhiboc/repos/yuyan-worktrees/基础库-密码公钥核验/库/标准库/语言核心/内建类型。豫 | 运行 21/24
[完成] 依赖分析：/Users/zhiboc/repos/yuyan-worktrees/基础库-密码公钥核验/库/标准库/数学运算/具体列。豫 | PID 29151 | 退出 0 | 运行 20/24 | 已完成 36
[完成] 依赖分析：/Users/zhiboc/repos/yuyan-worktrees/基础库-密码公钥核验/库/标准库/数学运算/数组转换。豫 | PID 29151 | 退出 0 | 运行 19/24 | 已完成 37
[完成] 依赖分析：/Users/zhiboc/repos/yuyan-worktrees/基础库-密码公钥核验/库/标准库/语言核心/原语。内建。豫 | PID 29151 | 退出 0 | 运行 18/24 | 已完成 38
[完成] 依赖分析：/Users/zhiboc/repos/yuyan-worktrees/基础库-密码公钥核验/库/标准库/语言核心/引用。豫 | PID 29151 | 退出 0 | 运行 17/24 | 已完成 39
[完成] 依赖分析：/Users/zhiboc/repos/yuyan-worktrees/基础库-密码公钥核验/库/标准库/语言核心。豫 | PID 29151 | 退出 0 | 运行 16/24 | 已完成 40
[启动] dependency-analysis：/Users/zhiboc/repos/yuyan-worktrees/基础库-密码公钥核验/库/标准库/语言核心/不安全。豫 | 运行 17/24
[完成] 依赖分析：/Users/zhiboc/repos/yuyan-worktrees/基础库-密码公钥核验/库/标准库/数据结构/多态列。豫 | PID 29151 | 退出 0 | 运行 16/24 | 已完成 41
[完成] 依赖分析：/Users/zhiboc/repos/yuyan-worktrees/基础库-密码公钥核验/库/标准库/操作系统/时间。豫 | PID 29151 | 退出 0 | 运行 15/24 | 已完成 42
[完成] 依赖分析：/Users/zhiboc/repos/yuyan-worktrees/基础库-密码公钥核验/库/标准库/操作系统/路径。豫 | PID 29151 | 退出 0 | 运行 14/24 | 已完成 43
[完成] 依赖分析：/Users/zhiboc/repos/yuyan-worktrees/基础库-密码公钥核验/库/标准库/输入输出/笔。豫 | PID 29151 | 退出 0 | 运行 13/24 | 已完成 44
[完成] 依赖分析：/Users/zhiboc/repos/yuyan-worktrees/基础库-密码公钥核验/库/标准库/语言核心/不安全。豫 | PID 29151 | 退出 0 | 运行 12/24 | 已完成 45
[完成] 语法解析：/Users/zhiboc/repos/yuyan-worktrees/基础库-密码公钥核验/库/标准库/语言核心/内建类型。豫 | PID 29151 | 退出 0 | 运行 11/24 | 已完成 46
[启动] parse：/Users/zhiboc/repos/yuyan-worktrees/基础库-密码公钥核验/库/标准库/数据结构/爻术。豫 | 运行 12/24
[启动] parse：/Users/zhiboc/repos/yuyan-worktrees/基础库-密码公钥核验/库/标准库/控制/惰性求值。豫 | 运行 13/24
[启动] parse：/Users/zhiboc/repos/yuyan-worktrees/基础库-密码公钥核验/库/标准库/数学运算/大小。豫 | 运行 14/24
[启动] parse：/Users/zhiboc/repos/yuyan-worktrees/基础库-密码公钥核验/库/标准库/语言核心/原语。内建。豫 | 运行 15/24
[启动] type-check-and-erase：/Users/zhiboc/repos/yuyan-worktrees/基础库-密码公钥核验/库/标准库/语言核心/内建类型。豫 | 运行 16/24
[完成] 依赖分析：/Users/zhiboc/repos/yuyan-worktrees/基础库-密码公钥核验/库/标准库/数学运算/转换。豫 | PID 29151 | 退出 0 | 运行 15/24 | 已完成 47
[完成] 依赖分析：/Users/zhiboc/repos/yuyan-worktrees/基础库-密码公钥核验/库/标准库/数据结构/字典术。豫 | PID 29151 | 退出 0 | 运行 14/24 | 已完成 48
[完成] 依赖分析：/Users/zhiboc/repos/yuyan-worktrees/基础库-密码公钥核验/库/标准库/操作系统/进程。豫 | PID 29151 | 退出 0 | 运行 13/24 | 已完成 49
[完成] 语法解析：/Users/zhiboc/repos/yuyan-worktrees/基础库-密码公钥核验/库/标准库/数据结构/函数操作。豫 | PID 29151 | 退出 0 | 运行 12/24 | 已完成 50
[启动] type-check-and-erase：/Users/zhiboc/repos/yuyan-worktrees/基础库-密码公钥核验/库/标准库/数据结构/函数操作。豫 | 运行 13/24
[完成] 依赖分析：/Users/zhiboc/repos/yuyan-worktrees/基础库-密码公钥核验/库/标准库/宿主。接口。豫 | PID 29151 | 退出 0 | 运行 12/24 | 已完成 51
[完成] 依赖分析：/Users/zhiboc/repos/yuyan-worktrees/基础库-密码公钥核验/库/标准库/网络/异步传输控制协议。豫 | PID 29151 | 退出 0 | 运行 11/24 | 已完成 52
[完成] 语法解析：/Users/zhiboc/repos/yuyan-worktrees/基础库-密码公钥核验/库/标准库/控制/惰性求值。豫 | PID 29151 | 退出 0 | 运行 10/24 | 已完成 53
[完成] 依赖分析：/Users/zhiboc/repos/yuyan-worktrees/基础库-密码公钥核验/库/标准库/操作系统/系统名称。豫 | PID 29151 | 退出 0 | 运行 9/24 | 已完成 54
[完成] 依赖分析：/Users/zhiboc/repos/yuyan-worktrees/基础库-密码公钥核验/库/标准库/网络/超文本传输协议。豫 | PID 29151 | 退出 0 | 运行 8/24 | 已完成 55
[完成] 类型检查：/Users/zhiboc/repos/yuyan-worktrees/基础库-密码公钥核验/库/标准库/数据结构/函数操作。豫 | PID 29151 | 退出 0 | 运行 7/24 | 已完成 56
[完成] 依赖分析：/Users/zhiboc/repos/yuyan-worktrees/基础库-密码公钥核验/库/标准库/数据结构/对子术。豫 | PID 29151 | 退出 0 | 运行 6/24 | 已完成 57
[完成] 语法解析：/Users/zhiboc/repos/yuyan-worktrees/基础库-密码公钥核验/库/标准库/数据结构/爻术。豫 | PID 29151 | 退出 0 | 运行 5/24 | 已完成 58
[完成] 依赖分析：/Users/zhiboc/repos/yuyan-worktrees/基础库-密码公钥核验/库/标准库/语言核心/续延。豫 | PID 29151 | 退出 0 | 运行 4/24 | 已完成 59
[启动] parse：/Users/zhiboc/repos/yuyan-worktrees/基础库-密码公钥核验/库/标准库/语言核心/续延。豫 | 运行 5/24
[完成] 语法解析：/Users/zhiboc/repos/yuyan-worktrees/基础库-密码公钥核验/库/标准库/语言核心/续延。豫 | PID 29151 | 退出 0 | 运行 4/24 | 已完成 60
[启动] type-check-and-erase：/Users/zhiboc/repos/yuyan-worktrees/基础库-密码公钥核验/库/标准库/语言核心/续延。豫 | 运行 5/24
[完成] 类型检查：/Users/zhiboc/repos/yuyan-worktrees/基础库-密码公钥核验/库/标准库/语言核心/续延。豫 | PID 29151 | 退出 0 | 运行 4/24 | 已完成 61
[完成] 依赖分析：/Users/zhiboc/repos/yuyan-worktrees/基础库-密码公钥核验/库/标准库/网络/传输控制协议。豫 | PID 29151 | 退出 0 | 运行 3/24 | 已完成 62
[完成] 类型检查：/Users/zhiboc/repos/yuyan-worktrees/基础库-密码公钥核验/库/标准库/语言核心/内建类型。豫 | PID 29151 | 退出 0 | 运行 2/24 | 已完成 63
[启动] type-check-and-erase：/Users/zhiboc/repos/yuyan-worktrees/基础库-密码公钥核验/库/标准库/数据结构/爻术。豫 | 运行 3/24
[启动] type-check-and-erase：/Users/zhiboc/repos/yuyan-worktrees/基础库-密码公钥核验/库/标准库/控制/惰性求值。豫 | 运行 4/24
[完成] 类型检查：/Users/zhiboc/repos/yuyan-worktrees/基础库-密码公钥核验/库/标准库/数据结构/爻术。豫 | PID 29151 | 退出 0 | 运行 3/24 | 已完成 64
[完成] 类型检查：/Users/zhiboc/repos/yuyan-worktrees/基础库-密码公钥核验/库/标准库/控制/惰性求值。豫 | PID 29151 | 退出 0 | 运行 2/24 | 已完成 65
[完成] 语法解析：/Users/zhiboc/repos/yuyan-worktrees/基础库-密码公钥核验/库/标准库/语言核心/原语。内建。豫 | PID 29151 | 退出 0 | 运行 1/24 | 已完成 66
[启动] parse：/Users/zhiboc/repos/yuyan-worktrees/基础库-密码公钥核验/库/标准库/数据结构/整数操作。豫 | 运行 2/24
[启动] parse：/Users/zhiboc/repos/yuyan-worktrees/基础库-密码公钥核验/库/标准库/数据结构/字节串。豫 | 运行 3/24
[启动] parse：/Users/zhiboc/repos/yuyan-worktrees/基础库-密码公钥核验/库/标准库/数据结构/小数术。豫 | 运行 4/24
[启动] parse：/Users/zhiboc/repos/yuyan-worktrees/基础库-密码公钥核验/库/标准库/语言核心/异步原语。豫 | 运行 5/24
[启动] parse：/Users/zhiboc/repos/yuyan-worktrees/基础库-密码公钥核验/库/标准库/语言核心/引用。豫 | 运行 6/24
[启动] parse：/Users/zhiboc/repos/yuyan-worktrees/基础库-密码公钥核验/库/标准库/语言核心/不安全。豫 | 运行 7/24
[启动] parse：/Users/zhiboc/repos/yuyan-worktrees/基础库-密码公钥核验/库/标准库/数学运算/转换。豫 | 运行 8/24
[启动] type-check-and-erase：/Users/zhiboc/repos/yuyan-worktrees/基础库-密码公钥核验/库/标准库/语言核心/原语。内建。豫 | 运行 9/24
[完成] 语法解析：/Users/zhiboc/repos/yuyan-worktrees/基础库-密码公钥核验/库/标准库/数据结构/字节串。豫 | PID 29151 | 退出 0 | 运行 8/24 | 已完成 67
[启动] parse：/Users/zhiboc/repos/yuyan-worktrees/基础库-密码公钥核验/库/标准库/数据结构/字节缓冲。豫 | 运行 9/24
[启动] parse：/Users/zhiboc/repos/yuyan-worktrees/基础库-密码公钥核验/库/标准库/宿主。接口。豫 | 运行 10/24
[完成] 语法解析：/Users/zhiboc/repos/yuyan-worktrees/基础库-密码公钥核验/库/标准库/语言核心/引用。豫 | PID 29151 | 退出 0 | 运行 9/24 | 已完成 68
[完成] 语法解析：/Users/zhiboc/repos/yuyan-worktrees/基础库-密码公钥核验/库/标准库/语言核心/不安全。豫 | PID 29151 | 退出 0 | 运行 8/24 | 已完成 69
[完成] 类型检查：/Users/zhiboc/repos/yuyan-worktrees/基础库-密码公钥核验/库/标准库/语言核心/原语。内建。豫 | PID 29151 | 退出 0 | 运行 7/24 | 已完成 70
[启动] type-check-and-erase：/Users/zhiboc/repos/yuyan-worktrees/基础库-密码公钥核验/库/标准库/数据结构/字节串。豫 | 运行 8/24
[启动] type-check-and-erase：/Users/zhiboc/repos/yuyan-worktrees/基础库-密码公钥核验/库/标准库/语言核心/引用。豫 | 运行 9/24
[启动] type-check-and-erase：/Users/zhiboc/repos/yuyan-worktrees/基础库-密码公钥核验/库/标准库/语言核心/不安全。豫 | 运行 10/24
[完成] 语法解析：/Users/zhiboc/repos/yuyan-worktrees/基础库-密码公钥核验/库/标准库/宿主。接口。豫 | PID 29151 | 退出 0 | 运行 9/24 | 已完成 71
[启动] parse：/Users/zhiboc/repos/yuyan-worktrees/基础库-密码公钥核验/库/标准库/操作系统/环境变量。豫 | 运行 10/24
[启动] parse：/Users/zhiboc/repos/yuyan-worktrees/基础库-密码公钥核验/库/标准库/数学运算/安全随机。豫 | 运行 11/24
[启动] parse：/Users/zhiboc/repos/yuyan-worktrees/基础库-密码公钥核验/库/标准库/数据结构/小数操作。豫 | 运行 12/24
[启动] parse：/Users/zhiboc/repos/yuyan-worktrees/基础库-密码公钥核验/库/标准库/语言核心/异常。豫 | 运行 13/24
[启动] parse：/Users/zhiboc/repos/yuyan-worktrees/基础库-密码公钥核验/库/标准库/数学运算/随机。豫 | 运行 14/24
[启动] parse：/Users/zhiboc/repos/yuyan-worktrees/基础库-密码公钥核验/库/标准库/输入输出/笔。豫 | 运行 15/24
[启动] parse：/Users/zhiboc/repos/yuyan-worktrees/基础库-密码公钥核验/库/标准库/操作系统/进程。豫 | 运行 16/24
[启动] parse：/Users/zhiboc/repos/yuyan-worktrees/基础库-密码公钥核验/库/标准库/操作系统/系统名称。豫 | 运行 17/24
[完成] 语法解析：/Users/zhiboc/repos/yuyan-worktrees/基础库-密码公钥核验/库/标准库/数学运算/大小。豫 | PID 29151 | 退出 0 | 运行 16/24 | 已完成 72
[启动] type-check-and-erase：/Users/zhiboc/repos/yuyan-worktrees/基础库-密码公钥核验/库/标准库/数学运算/大小。豫 | 运行 17/24
[完成] 语法解析：/Users/zhiboc/repos/yuyan-worktrees/基础库-密码公钥核验/库/标准库/操作系统/环境变量。豫 | PID 29151 | 退出 0 | 运行 16/24 | 已完成 73
[完成] 语法解析：/Users/zhiboc/repos/yuyan-worktrees/基础库-密码公钥核验/库/标准库/语言核心/异步原语。豫 | PID 29151 | 退出 0 | 运行 15/24 | 已完成 74
[启动] type-check-and-erase：/Users/zhiboc/repos/yuyan-worktrees/基础库-密码公钥核验/库/标准库/语言核心/异步原语。豫 | 运行 16/24
[完成] 语法解析：/Users/zhiboc/repos/yuyan-worktrees/基础库-密码公钥核验/库/标准库/数学运算/转换。豫 | PID 29151 | 退出 0 | 运行 15/24 | 已完成 75
[启动] type-check-and-erase：/Users/zhiboc/repos/yuyan-worktrees/基础库-密码公钥核验/库/标准库/数学运算/转换。豫 | 运行 16/24
[完成] 语法解析：/Users/zhiboc/repos/yuyan-worktrees/基础库-密码公钥核验/库/标准库/数据结构/小数术。豫 | PID 29151 | 退出 0 | 运行 15/24 | 已完成 76
[启动] type-check-and-erase：/Users/zhiboc/repos/yuyan-worktrees/基础库-密码公钥核验/库/标准库/数据结构/小数术。豫 | 运行 16/24
[完成] 语法解析：/Users/zhiboc/repos/yuyan-worktrees/基础库-密码公钥核验/库/标准库/数据结构/整数操作。豫 | PID 29151 | 退出 0 | 运行 15/24 | 已完成 77
[启动] parse：/Users/zhiboc/repos/yuyan-worktrees/基础库-密码公钥核验/库/标准库/网络/传输控制协议。豫 | 运行 16/24
[启动] type-check-and-erase：/Users/zhiboc/repos/yuyan-worktrees/基础库-密码公钥核验/库/标准库/数据结构/整数操作。豫 | 运行 17/24
[完成] 语法解析：/Users/zhiboc/repos/yuyan-worktrees/基础库-密码公钥核验/库/标准库/操作系统/进程。豫 | PID 29151 | 退出 0 | 运行 16/24 | 已完成 78
[完成] 语法解析：/Users/zhiboc/repos/yuyan-worktrees/基础库-密码公钥核验/库/标准库/数据结构/小数操作。豫 | PID 29151 | 退出 0 | 运行 15/24 | 已完成 79
[启动] parse：/Users/zhiboc/repos/yuyan-worktrees/基础库-密码公钥核验/库/标准库/操作系统/时间。豫 | 运行 16/24
[完成] 语法解析：/Users/zhiboc/repos/yuyan-worktrees/基础库-密码公钥核验/库/标准库/语言核心/异常。豫 | PID 29151 | 退出 0 | 运行 15/24 | 已完成 80
[启动] parse：/Users/zhiboc/repos/yuyan-worktrees/基础库-密码公钥核验/库/标准库/数据结构/可选值。豫 | 运行 16/24
[启动] parse：/Users/zhiboc/repos/yuyan-worktrees/基础库-密码公钥核验/库/标准库/语言核心。豫 | 运行 17/24
[完成] 语法解析：/Users/zhiboc/repos/yuyan-worktrees/基础库-密码公钥核验/库/标准库/操作系统/系统名称。豫 | PID 29151 | 退出 0 | 运行 16/24 | 已完成 81
[完成] 语法解析：/Users/zhiboc/repos/yuyan-worktrees/基础库-密码公钥核验/库/标准库/输入输出/笔。豫 | PID 29151 | 退出 0 | 运行 15/24 | 已完成 82
[启动] parse：/Users/zhiboc/repos/yuyan-worktrees/基础库-密码公钥核验/库/标准库/输入输出。豫 | 运行 16/24
[完成] 类型检查：/Users/zhiboc/repos/yuyan-worktrees/基础库-密码公钥核验/库/标准库/数据结构/字节串。豫 | PID 29151 | 退出 0 | 运行 15/24 | 已完成 83
[启动] type-check-and-erase：/Users/zhiboc/repos/yuyan-worktrees/基础库-密码公钥核验/库/标准库/宿主。接口。豫 | 运行 16/24
[完成] 语法解析：/Users/zhiboc/repos/yuyan-worktrees/基础库-密码公钥核验/库/标准库/操作系统/时间。豫 | PID 29151 | 退出 0 | 运行 15/24 | 已完成 84
[完成] 语法解析：/Users/zhiboc/repos/yuyan-worktrees/基础库-密码公钥核验/库/标准库/数据结构/字节缓冲。豫 | PID 29151 | 退出 0 | 运行 14/24 | 已完成 85
[启动] type-check-and-erase：/Users/zhiboc/repos/yuyan-worktrees/基础库-密码公钥核验/库/标准库/数据结构/字节缓冲。豫 | 运行 15/24
[完成] 类型检查：/Users/zhiboc/repos/yuyan-worktrees/基础库-密码公钥核验/库/标准库/数据结构/整数操作。豫 | PID 29151 | 退出 0 | 运行 14/24 | 已完成 86
[完成] 语法解析：/Users/zhiboc/repos/yuyan-worktrees/基础库-密码公钥核验/库/标准库/输入输出。豫 | PID 29151 | 退出 0 | 运行 13/24 | 已完成 87
[完成] 类型检查：/Users/zhiboc/repos/yuyan-worktrees/基础库-密码公钥核验/库/标准库/数据结构/字节缓冲。豫 | PID 29151 | 退出 0 | 运行 12/24 | 已完成 88
[完成] 类型检查：/Users/zhiboc/repos/yuyan-worktrees/基础库-密码公钥核验/库/标准库/语言核心/不安全。豫 | PID 29151 | 退出 0 | 运行 11/24 | 已完成 89
[完成] 类型检查：/Users/zhiboc/repos/yuyan-worktrees/基础库-密码公钥核验/库/标准库/语言核心/引用。豫 | PID 29151 | 退出 0 | 运行 10/24 | 已完成 90
[完成] 类型检查：/Users/zhiboc/repos/yuyan-worktrees/基础库-密码公钥核验/库/标准库/数学运算/转换。豫 | PID 29151 | 退出 0 | 运行 9/24 | 已完成 91
[完成] 语法解析：/Users/zhiboc/repos/yuyan-worktrees/基础库-密码公钥核验/库/标准库/数学运算/安全随机。豫 | PID 29151 | 退出 0 | 运行 8/24 | 已完成 92
[完成] 类型检查：/Users/zhiboc/repos/yuyan-worktrees/基础库-密码公钥核验/库/标准库/数据结构/小数术。豫 | PID 29151 | 退出 0 | 运行 7/24 | 已完成 93
[完成] 语法解析：/Users/zhiboc/repos/yuyan-worktrees/基础库-密码公钥核验/库/标准库/网络/传输控制协议。豫 | PID 29151 | 退出 0 | 运行 6/24 | 已完成 94
[完成] 类型检查：/Users/zhiboc/repos/yuyan-worktrees/基础库-密码公钥核验/库/标准库/数学运算/大小。豫 | PID 29151 | 退出 0 | 运行 5/24 | 已完成 95
[完成] 语法解析：/Users/zhiboc/repos/yuyan-worktrees/基础库-密码公钥核验/库/标准库/数据结构/可选值。豫 | PID 29151 | 退出 0 | 运行 4/24 | 已完成 96
[启动] parse：/Users/zhiboc/repos/yuyan-worktrees/基础库-密码公钥核验/库/标准库/数据结构/多态列。豫 | 运行 5/24
[完成] 语法解析：/Users/zhiboc/repos/yuyan-worktrees/基础库-密码公钥核验/库/标准库/语言核心。豫 | PID 29151 | 退出 0 | 运行 4/24 | 已完成 97
[完成] 类型检查：/Users/zhiboc/repos/yuyan-worktrees/基础库-密码公钥核验/库/标准库/宿主。接口。豫 | PID 29151 | 退出 0 | 运行 3/24 | 已完成 98
[启动] type-check-and-erase：/Users/zhiboc/repos/yuyan-worktrees/基础库-密码公钥核验/库/标准库/操作系统/环境变量。豫 | 运行 4/24
[启动] type-check-and-erase：/Users/zhiboc/repos/yuyan-worktrees/基础库-密码公钥核验/库/标准库/数学运算/安全随机。豫 | 运行 5/24
[启动] type-check-and-erase：/Users/zhiboc/repos/yuyan-worktrees/基础库-密码公钥核验/库/标准库/数据结构/小数操作。豫 | 运行 6/24
[启动] type-check-and-erase：/Users/zhiboc/repos/yuyan-worktrees/基础库-密码公钥核验/库/标准库/语言核心/异常。豫 | 运行 7/24
[启动] type-check-and-erase：/Users/zhiboc/repos/yuyan-worktrees/基础库-密码公钥核验/库/标准库/输入输出/笔。豫 | 运行 8/24
[启动] type-check-and-erase：/Users/zhiboc/repos/yuyan-worktrees/基础库-密码公钥核验/库/标准库/操作系统/进程。豫 | 运行 9/24
[启动] type-check-and-erase：/Users/zhiboc/repos/yuyan-worktrees/基础库-密码公钥核验/库/标准库/操作系统/系统名称。豫 | 运行 10/24
[启动] type-check-and-erase：/Users/zhiboc/repos/yuyan-worktrees/基础库-密码公钥核验/库/标准库/网络/传输控制协议。豫 | 运行 11/24
[完成] 语法解析：/Users/zhiboc/repos/yuyan-worktrees/基础库-密码公钥核验/库/标准库/数据结构/多态列。豫 | PID 29151 | 退出 0 | 运行 10/24 | 已完成 99
[启动] parse：/Users/zhiboc/repos/yuyan-worktrees/基础库-密码公钥核验/库/标准库/宿主带列。接口。豫 | 运行 11/24
[启动] parse：/Users/zhiboc/repos/yuyan-worktrees/基础库-密码公钥核验/库/标准库/数据结构/多态列工具。豫 | 运行 12/24
[启动] parse：/Users/zhiboc/repos/yuyan-worktrees/基础库-密码公钥核验/库/标准库/数学运算/具体列。豫 | 运行 13/24
[启动] parse：/Users/zhiboc/repos/yuyan-worktrees/基础库-密码公钥核验/库/标准库/数学运算/数组转换。豫 | 运行 14/24
[完成] 类型检查：/Users/zhiboc/repos/yuyan-worktrees/基础库-密码公钥核验/库/标准库/输入输出/笔。豫 | PID 29151 | 退出 0 | 运行 13/24 | 已完成 100
[启动] type-check-and-erase：/Users/zhiboc/repos/yuyan-worktrees/基础库-密码公钥核验/库/标准库/输入输出。豫 | 运行 14/24
[完成] 类型检查：/Users/zhiboc/repos/yuyan-worktrees/基础库-密码公钥核验/库/标准库/操作系统/环境变量。豫 | PID 29151 | 退出 0 | 运行 13/24 | 已完成 101
[完成] 类型检查：/Users/zhiboc/repos/yuyan-worktrees/基础库-密码公钥核验/库/标准库/语言核心/异步原语。豫 | PID 29151 | 退出 0 | 运行 12/24 | 已完成 102
[完成] 类型检查：/Users/zhiboc/repos/yuyan-worktrees/基础库-密码公钥核验/库/标准库/语言核心/异常。豫 | PID 29151 | 退出 0 | 运行 11/24 | 已完成 103
[启动] type-check-and-erase：/Users/zhiboc/repos/yuyan-worktrees/基础库-密码公钥核验/库/标准库/数据结构/可选值。豫 | 运行 12/24
[启动] type-check-and-erase：/Users/zhiboc/repos/yuyan-worktrees/基础库-密码公钥核验/库/标准库/语言核心。豫 | 运行 13/24
[完成] 语法解析：/Users/zhiboc/repos/yuyan-worktrees/基础库-密码公钥核验/库/标准库/数学运算/随机。豫 | PID 29151 | 退出 0 | 运行 12/24 | 已完成 104
[启动] type-check-and-erase：/Users/zhiboc/repos/yuyan-worktrees/基础库-密码公钥核验/库/标准库/数学运算/随机。豫 | 运行 13/24
[完成] 语法解析：/Users/zhiboc/repos/yuyan-worktrees/基础库-密码公钥核验/库/标准库/数据结构/多态列工具。豫 | PID 29151 | 退出 0 | 运行 12/24 | 已完成 105
[完成] 语法解析：/Users/zhiboc/repos/yuyan-worktrees/基础库-密码公钥核验/库/标准库/数学运算/数组转换。豫 | PID 29151 | 退出 0 | 运行 11/24 | 已完成 106
[启动] parse：/Users/zhiboc/repos/yuyan-worktrees/基础库-密码公钥核验/库/标准库/数据结构/字符串术。豫 | 运行 12/24
[启动] parse：/Users/zhiboc/repos/yuyan-worktrees/基础库-密码公钥核验/库/标准库/数据结构/字符流术。豫 | 运行 13/24
[完成] 类型检查：/Users/zhiboc/repos/yuyan-worktrees/基础库-密码公钥核验/库/标准库/网络/传输控制协议。豫 | PID 29151 | 退出 0 | 运行 12/24 | 已完成 107
[完成] 类型检查：/Users/zhiboc/repos/yuyan-worktrees/基础库-密码公钥核验/库/标准库/数据结构/可选值。豫 | PID 29151 | 退出 0 | 运行 11/24 | 已完成 108
[启动] type-check-and-erase：/Users/zhiboc/repos/yuyan-worktrees/基础库-密码公钥核验/库/标准库/数据结构/多态列。豫 | 运行 12/24
[完成] 类型检查：/Users/zhiboc/repos/yuyan-worktrees/基础库-密码公钥核验/库/标准库/语言核心。豫 | PID 29151 | 退出 0 | 运行 11/24 | 已完成 109
[完成] 语法解析：/Users/zhiboc/repos/yuyan-worktrees/基础库-密码公钥核验/库/标准库/数据结构/字符串术。豫 | PID 29151 | 退出 0 | 运行 10/24 | 已完成 110
[启动] parse：/Users/zhiboc/repos/yuyan-worktrees/基础库-密码公钥核验/库/标准库/数据结构/特殊字符。豫 | 运行 11/24
[启动] parse：/Users/zhiboc/repos/yuyan-worktrees/基础库-密码公钥核验/库/标准库/数据结构/对子术。豫 | 运行 12/24
[完成] 类型检查：/Users/zhiboc/repos/yuyan-worktrees/基础库-密码公钥核验/库/标准库/数据结构/小数操作。豫 | PID 29151 | 退出 0 | 运行 11/24 | 已完成 111
[启动] type-check-and-erase：/Users/zhiboc/repos/yuyan-worktrees/基础库-密码公钥核验/库/标准库/操作系统/时间。豫 | 运行 12/24
[完成] 类型检查：/Users/zhiboc/repos/yuyan-worktrees/基础库-密码公钥核验/库/标准库/数据结构/多态列。豫 | PID 29151 | 退出 0 | 运行 11/24 | 已完成 112
[启动] type-check-and-erase：/Users/zhiboc/repos/yuyan-worktrees/基础库-密码公钥核验/库/标准库/数据结构/多态列工具。豫 | 运行 12/24
[启动] type-check-and-erase：/Users/zhiboc/repos/yuyan-worktrees/基础库-密码公钥核验/库/标准库/数学运算/数组转换。豫 | 运行 13/24
[完成] 语法解析：/Users/zhiboc/repos/yuyan-worktrees/基础库-密码公钥核验/库/标准库/数据结构/特殊字符。豫 | PID 29151 | 退出 0 | 运行 12/24 | 已完成 113
[启动] parse：/Users/zhiboc/repos/yuyan-worktrees/基础库-密码公钥核验/库/标准库/网络/超文本传输协议。豫 | 运行 13/24
[完成] 类型检查：/Users/zhiboc/repos/yuyan-worktrees/基础库-密码公钥核验/库/标准库/操作系统/时间。豫 | PID 29151 | 退出 0 | 运行 12/24 | 已完成 114
[完成] 语法解析：/Users/zhiboc/repos/yuyan-worktrees/基础库-密码公钥核验/库/标准库/宿主带列。接口。豫 | PID 29151 | 退出 0 | 运行 11/24 | 已完成 115
[启动] parse：/Users/zhiboc/repos/yuyan-worktrees/基础库-密码公钥核验/库/标准库/操作系统/子进程。豫 | 运行 12/24
[启动] parse：/Users/zhiboc/repos/yuyan-worktrees/基础库-密码公钥核验/库/标准库/操作系统/命令行参数。豫 | 运行 13/24
[启动] parse：/Users/zhiboc/repos/yuyan-worktrees/基础库-密码公钥核验/库/标准库/控制/异步。豫 | 运行 14/24
[启动] parse：/Users/zhiboc/repos/yuyan-worktrees/基础库-密码公钥核验/库/标准库/操作系统/文件系统。豫 | 运行 15/24
[启动] type-check-and-erase：/Users/zhiboc/repos/yuyan-worktrees/基础库-密码公钥核验/库/标准库/宿主带列。接口。豫 | 运行 16/24
[完成] 类型检查：/Users/zhiboc/repos/yuyan-worktrees/基础库-密码公钥核验/库/标准库/数据结构/多态列工具。豫 | PID 29151 | 退出 0 | 运行 15/24 | 已完成 116
[完成] 语法解析：/Users/zhiboc/repos/yuyan-worktrees/基础库-密码公钥核验/库/标准库/数据结构/对子术。豫 | PID 29151 | 退出 0 | 运行 14/24 | 已完成 117
[启动] parse：/Users/zhiboc/repos/yuyan-worktrees/基础库-密码公钥核验/库/标准库/数据结构/列表搜索。豫 | 运行 15/24
[完成] 语法解析：/Users/zhiboc/repos/yuyan-worktrees/基础库-密码公钥核验/库/标准库/数据结构/字符流术。豫 | PID 29151 | 退出 0 | 运行 14/24 | 已完成 118
[完成] 类型检查：/Users/zhiboc/repos/yuyan-worktrees/基础库-密码公钥核验/库/标准库/输入输出。豫 | PID 29151 | 退出 0 | 运行 13/24 | 已完成 119
[完成] 类型检查：/Users/zhiboc/repos/yuyan-worktrees/基础库-密码公钥核验/库/标准库/操作系统/系统名称。豫 | PID 29151 | 退出 0 | 运行 12/24 | 已完成 120
[完成] 语法解析：/Users/zhiboc/repos/yuyan-worktrees/基础库-密码公钥核验/库/标准库/数据结构/列表搜索。豫 | PID 29151 | 退出 0 | 运行 11/24 | 已完成 121
[启动] parse：/Users/zhiboc/repos/yuyan-worktrees/基础库-密码公钥核验/库/标准库/数据结构/字典术。豫 | 运行 12/24
[完成] 类型检查：/Users/zhiboc/repos/yuyan-worktrees/基础库-密码公钥核验/库/标准库/数学运算/数组转换。豫 | PID 29151 | 退出 0 | 运行 11/24 | 已完成 122
[启动] type-check-and-erase：/Users/zhiboc/repos/yuyan-worktrees/基础库-密码公钥核验/库/标准库/数据结构/字符串术。豫 | 运行 12/24
[启动] type-check-and-erase：/Users/zhiboc/repos/yuyan-worktrees/基础库-密码公钥核验/库/标准库/数据结构/字符流术。豫 | 运行 13/24
[完成] 语法解析：/Users/zhiboc/repos/yuyan-worktrees/基础库-密码公钥核验/库/标准库/操作系统/子进程。豫 | PID 29151 | 退出 0 | 运行 12/24 | 已完成 123
[完成] 语法解析：/Users/zhiboc/repos/yuyan-worktrees/基础库-密码公钥核验/库/标准库/数学运算/具体列。豫 | PID 29151 | 退出 0 | 运行 11/24 | 已完成 124
[启动] parse：/Users/zhiboc/repos/yuyan-worktrees/基础库-密码公钥核验/库/标准库/数学运算。豫 | 运行 12/24
[启动] type-check-and-erase：/Users/zhiboc/repos/yuyan-worktrees/基础库-密码公钥核验/库/标准库/数学运算/具体列。豫 | 运行 13/24
[完成] 语法解析：/Users/zhiboc/repos/yuyan-worktrees/基础库-密码公钥核验/库/标准库/数据结构/字典术。豫 | PID 29151 | 退出 0 | 运行 12/24 | 已完成 125
[启动] parse：/Users/zhiboc/repos/yuyan-worktrees/基础库-密码公钥核验/库/标准库/数据结构。豫 | 运行 13/24
[启动] parse：/Users/zhiboc/repos/yuyan-worktrees/基础库-密码公钥核验/库/标准库/豫言标准内核。豫 | 运行 14/24
[完成] 语法解析：/Users/zhiboc/repos/yuyan-worktrees/基础库-密码公钥核验/库/标准库/数学运算。豫 | PID 29151 | 退出 0 | 运行 13/24 | 已完成 126
[完成] 类型检查：/Users/zhiboc/repos/yuyan-worktrees/基础库-密码公钥核验/库/标准库/数据结构/字符流术。豫 | PID 29151 | 退出 0 | 运行 12/24 | 已完成 127
[完成] 类型检查：/Users/zhiboc/repos/yuyan-worktrees/基础库-密码公钥核验/库/标准库/数据结构/字符串术。豫 | PID 29151 | 退出 0 | 运行 11/24 | 已完成 128
[启动] type-check-and-erase：/Users/zhiboc/repos/yuyan-worktrees/基础库-密码公钥核验/库/标准库/数据结构/特殊字符。豫 | 运行 12/24
[启动] type-check-and-erase：/Users/zhiboc/repos/yuyan-worktrees/基础库-密码公钥核验/库/标准库/数据结构/对子术。豫 | 运行 13/24
[完成] 类型检查：/Users/zhiboc/repos/yuyan-worktrees/基础库-密码公钥核验/库/标准库/数学运算/具体列。豫 | PID 29151 | 退出 0 | 运行 12/24 | 已完成 129
[完成] 语法解析：/Users/zhiboc/repos/yuyan-worktrees/基础库-密码公钥核验/库/标准库/网络/超文本传输协议。豫 | PID 29151 | 退出 0 | 运行 11/24 | 已完成 130
[完成] 类型检查：/Users/zhiboc/repos/yuyan-worktrees/基础库-密码公钥核验/库/标准库/操作系统/进程。豫 | PID 29151 | 退出 0 | 运行 10/24 | 已完成 131
[完成] 类型检查：/Users/zhiboc/repos/yuyan-worktrees/基础库-密码公钥核验/库/标准库/数学运算/随机。豫 | PID 29151 | 退出 0 | 运行 9/24 | 已完成 132
[启动] type-check-and-erase：/Users/zhiboc/repos/yuyan-worktrees/基础库-密码公钥核验/库/标准库/数学运算。豫 | 运行 10/24
[完成] 语法解析：/Users/zhiboc/repos/yuyan-worktrees/基础库-密码公钥核验/库/标准库/控制/异步。豫 | PID 29151 | 退出 0 | 运行 9/24 | 已完成 133
[启动] parse：/Users/zhiboc/repos/yuyan-worktrees/基础库-密码公钥核验/库/标准库/控制。豫 | 运行 10/24
[启动] parse：/Users/zhiboc/repos/yuyan-worktrees/基础库-密码公钥核验/库/标准库/网络/异步传输控制协议。豫 | 运行 11/24
[完成] 语法解析：/Users/zhiboc/repos/yuyan-worktrees/基础库-密码公钥核验/库/标准库/操作系统/文件系统。豫 | PID 29151 | 退出 0 | 运行 10/24 | 已完成 134
[完成] 语法解析：/Users/zhiboc/repos/yuyan-worktrees/基础库-密码公钥核验/库/标准库/操作系统/命令行参数。豫 | PID 29151 | 退出 0 | 运行 9/24 | 已完成 135
[完成] 类型检查：/Users/zhiboc/repos/yuyan-worktrees/基础库-密码公钥核验/库/标准库/数学运算。豫 | PID 29151 | 退出 0 | 运行 8/24 | 已完成 136
[完成] 语法解析：/Users/zhiboc/repos/yuyan-worktrees/基础库-密码公钥核验/库/标准库/控制。豫 | PID 29151 | 退出 0 | 运行 7/24 | 已完成 137
[完成] 语法解析：/Users/zhiboc/repos/yuyan-worktrees/基础库-密码公钥核验/库/标准库/数据结构。豫 | PID 29151 | 退出 0 | 运行 6/24 | 已完成 138
[完成] 语法解析：/Users/zhiboc/repos/yuyan-worktrees/基础库-密码公钥核验/库/标准库/网络/异步传输控制协议。豫 | PID 29151 | 退出 0 | 运行 5/24 | 已完成 139
[启动] parse：/Users/zhiboc/repos/yuyan-worktrees/基础库-密码公钥核验/库/标准库/网络。豫 | 运行 6/24
[完成] 语法解析：/Users/zhiboc/repos/yuyan-worktrees/基础库-密码公钥核验/库/标准库/网络。豫 | PID 29151 | 退出 0 | 运行 5/24 | 已完成 140
[完成] 类型检查：/Users/zhiboc/repos/yuyan-worktrees/基础库-密码公钥核验/库/标准库/数据结构/对子术。豫 | PID 29151 | 退出 0 | 运行 4/24 | 已完成 141
[启动] type-check-and-erase：/Users/zhiboc/repos/yuyan-worktrees/基础库-密码公钥核验/库/标准库/数据结构/列表搜索。豫 | 运行 5/24
[完成] 类型检查：/Users/zhiboc/repos/yuyan-worktrees/基础库-密码公钥核验/库/标准库/数据结构/特殊字符。豫 | PID 29151 | 退出 0 | 运行 4/24 | 已完成 142
[启动] type-check-and-erase：/Users/zhiboc/repos/yuyan-worktrees/基础库-密码公钥核验/库/标准库/网络/超文本传输协议。豫 | 运行 5/24
[完成] 类型检查：/Users/zhiboc/repos/yuyan-worktrees/基础库-密码公钥核验/库/标准库/数学运算/安全随机。豫 | PID 29151 | 退出 0 | 运行 4/24 | 已完成 143
[完成] 类型检查：/Users/zhiboc/repos/yuyan-worktrees/基础库-密码公钥核验/库/标准库/数据结构/列表搜索。豫 | PID 29151 | 退出 0 | 运行 3/24 | 已完成 144
[启动] type-check-and-erase：/Users/zhiboc/repos/yuyan-worktrees/基础库-密码公钥核验/库/标准库/数据结构/字典术。豫 | 运行 4/24
[完成] 类型检查：/Users/zhiboc/repos/yuyan-worktrees/基础库-密码公钥核验/库/标准库/网络/超文本传输协议。豫 | PID 29151 | 退出 0 | 运行 3/24 | 已完成 145
[完成] 类型检查：/Users/zhiboc/repos/yuyan-worktrees/基础库-密码公钥核验/库/标准库/数据结构/字典术。豫 | PID 29151 | 退出 0 | 运行 2/24 | 已完成 146
[启动] type-check-and-erase：/Users/zhiboc/repos/yuyan-worktrees/基础库-密码公钥核验/库/标准库/数据结构。豫 | 运行 3/24
[完成] 语法解析：/Users/zhiboc/repos/yuyan-worktrees/基础库-密码公钥核验/库/标准库/豫言标准内核。豫 | PID 29151 | 退出 0 | 运行 2/24 | 已完成 147
[启动] parse：/Users/zhiboc/repos/yuyan-worktrees/基础库-密码公钥核验/库/标准库/操作系统/路径。豫 | 运行 3/24
[启动] type-check-and-erase：/Users/zhiboc/repos/yuyan-worktrees/基础库-密码公钥核验/库/标准库/豫言标准内核。豫 | 运行 4/24
[完成] 类型检查：/Users/zhiboc/repos/yuyan-worktrees/基础库-密码公钥核验/库/标准库/数据结构。豫 | PID 29151 | 退出 0 | 运行 3/24 | 已完成 148
[完成] 类型检查：/Users/zhiboc/repos/yuyan-worktrees/基础库-密码公钥核验/库/标准库/豫言标准内核。豫 | PID 29151 | 退出 0 | 运行 2/24 | 已完成 149
[完成] 类型检查：/Users/zhiboc/repos/yuyan-worktrees/基础库-密码公钥核验/库/标准库/宿主带列。接口。豫 | PID 29151 | 退出 0 | 运行 1/24 | 已完成 150
[启动] type-check-and-erase：/Users/zhiboc/repos/yuyan-worktrees/基础库-密码公钥核验/库/标准库/操作系统/子进程。豫 | 运行 2/24
[启动] type-check-and-erase：/Users/zhiboc/repos/yuyan-worktrees/基础库-密码公钥核验/库/标准库/操作系统/命令行参数。豫 | 运行 3/24
[启动] type-check-and-erase：/Users/zhiboc/repos/yuyan-worktrees/基础库-密码公钥核验/库/标准库/控制/异步。豫 | 运行 4/24
[启动] type-check-and-erase：/Users/zhiboc/repos/yuyan-worktrees/基础库-密码公钥核验/库/标准库/操作系统/文件系统。豫 | 运行 5/24
[完成] 类型检查：/Users/zhiboc/repos/yuyan-worktrees/基础库-密码公钥核验/库/标准库/操作系统/子进程。豫 | PID 29151 | 退出 0 | 运行 4/24 | 已完成 151
[完成] 类型检查：/Users/zhiboc/repos/yuyan-worktrees/基础库-密码公钥核验/库/标准库/操作系统/命令行参数。豫 | PID 29151 | 退出 0 | 运行 3/24 | 已完成 152
[完成] 语法解析：/Users/zhiboc/repos/yuyan-worktrees/基础库-密码公钥核验/库/标准库/操作系统/路径。豫 | PID 29151 | 退出 0 | 运行 2/24 | 已完成 153
[启动] parse：/Users/zhiboc/repos/yuyan-worktrees/基础库-密码公钥核验/库/标准库/操作系统。豫 | 运行 3/24
[启动] type-check-and-erase：/Users/zhiboc/repos/yuyan-worktrees/基础库-密码公钥核验/库/标准库/操作系统/路径。豫 | 运行 4/24
[完成] 类型检查：/Users/zhiboc/repos/yuyan-worktrees/基础库-密码公钥核验/库/标准库/控制/异步。豫 | PID 29151 | 退出 0 | 运行 3/24 | 已完成 154
[启动] type-check-and-erase：/Users/zhiboc/repos/yuyan-worktrees/基础库-密码公钥核验/库/标准库/控制。豫 | 运行 4/24
[启动] type-check-and-erase：/Users/zhiboc/repos/yuyan-worktrees/基础库-密码公钥核验/库/标准库/网络/异步传输控制协议。豫 | 运行 5/24
[完成] 类型检查：/Users/zhiboc/repos/yuyan-worktrees/基础库-密码公钥核验/库/标准库/控制。豫 | PID 29151 | 退出 0 | 运行 4/24 | 已完成 155
[完成] 类型检查：/Users/zhiboc/repos/yuyan-worktrees/基础库-密码公钥核验/库/标准库/操作系统/路径。豫 | PID 29151 | 退出 0 | 运行 3/24 | 已完成 156
[完成] 类型检查：/Users/zhiboc/repos/yuyan-worktrees/基础库-密码公钥核验/库/标准库/操作系统/文件系统。豫 | PID 29151 | 退出 0 | 运行 2/24 | 已完成 157
[完成] 类型检查：/Users/zhiboc/repos/yuyan-worktrees/基础库-密码公钥核验/库/标准库/网络/异步传输控制协议。豫 | PID 29151 | 退出 0 | 运行 1/24 | 已完成 158
[启动] type-check-and-erase：/Users/zhiboc/repos/yuyan-worktrees/基础库-密码公钥核验/库/标准库/网络。豫 | 运行 2/24
[完成] 语法解析：/Users/zhiboc/repos/yuyan-worktrees/基础库-密码公钥核验/库/标准库/操作系统。豫 | PID 29151 | 退出 0 | 运行 1/24 | 已完成 159
[启动] parse：/Users/zhiboc/repos/yuyan-worktrees/基础库-密码公钥核验/库/标准库/总集。豫 | 运行 2/24
[启动] type-check-and-erase：/Users/zhiboc/repos/yuyan-worktrees/基础库-密码公钥核验/库/标准库/操作系统。豫 | 运行 3/24
[完成] 语法解析：/Users/zhiboc/repos/yuyan-worktrees/基础库-密码公钥核验/库/标准库/总集。豫 | PID 29151 | 退出 0 | 运行 2/24 | 已完成 160
[启动] parse：/Users/zhiboc/repos/yuyan-worktrees/基础库-密码公钥核验/库/基础库/密码与安全/密码/对称。豫 | 运行 3/24
[完成] 类型检查：/Users/zhiboc/repos/yuyan-worktrees/基础库-密码公钥核验/库/标准库/网络。豫 | PID 29151 | 退出 0 | 运行 2/24 | 已完成 161
[完成] 类型检查：/Users/zhiboc/repos/yuyan-worktrees/基础库-密码公钥核验/库/标准库/操作系统。豫 | PID 29151 | 退出 0 | 运行 1/24 | 已完成 162
[启动] type-check-and-erase：/Users/zhiboc/repos/yuyan-worktrees/基础库-密码公钥核验/库/标准库/总集。豫 | 运行 2/24
[完成] 类型检查：/Users/zhiboc/repos/yuyan-worktrees/基础库-密码公钥核验/库/标准库/总集。豫 | PID 29151 | 退出 0 | 运行 1/24 | 已完成 163
[完成] 语法解析：/Users/zhiboc/repos/yuyan-worktrees/基础库-密码公钥核验/库/基础库/密码与安全/密码/对称。豫 | PID 29151 | 退出 0 | 运行 0/24 | 已完成 164
[启动] type-check-and-erase：/Users/zhiboc/repos/yuyan-worktrees/基础库-密码公钥核验/库/基础库/密码与安全/密码/对称。豫 | 运行 1/24
[完成] 类型检查：/Users/zhiboc/repos/yuyan-worktrees/基础库-密码公钥核验/库/基础库/密码与安全/密码/对称。豫 | PID 29151 | 退出 0 | 运行 0/24 | 已完成 165
[启动] exec-gen：/Users/zhiboc/repos/yuyan-worktrees/基础库-密码公钥核验/库/基础库/密码与安全/密码/对称。豫 | 运行 1/24
[完成] 最终链接：/Users/zhiboc/repos/yuyan-worktrees/基础库-密码公钥核验/库/基础库/密码与安全/密码/对称。豫 | PID 29151 | 退出 0 | 运行 0/24 | 已完成 166
[2026-10-08 01:02:53] 当前路径：/Users/zhiboc/repos/yuyan-worktrees/基础库-密码公钥核验/yyRSA验证链

[2026-10-08 01:02:53] 当前路径：/Users/zhiboc/repos/yuyan-worktrees/基础库-密码公钥核验/yyRSA验证链
[启动] dependency-analysis：/Users/zhiboc/repos/yuyan-worktrees/基础库-密码公钥核验/库/基础库/密码与安全/密码/总集。豫 | 运行 1/24
[完成] 依赖分析：/Users/zhiboc/repos/yuyan-worktrees/基础库-密码公钥核验/库/基础库/密码与安全/密码/总集。豫 | PID 29169 | 退出 0 | 运行 0/24 | 已完成 1
[启动] dependency-analysis：/Users/zhiboc/repos/yuyan-worktrees/基础库-密码公钥核验/库/基础库/密码与安全/密码/字节。豫 | 运行 1/24
[启动] dependency-analysis：/Users/zhiboc/repos/yuyan-worktrees/基础库-密码公钥核验/库/基础库/密码与安全/密码/散列。豫 | 运行 2/24
[启动] dependency-analysis：/Users/zhiboc/repos/yuyan-worktrees/基础库-密码公钥核验/库/基础库/密码与安全/密码/派生。豫 | 运行 3/24
[启动] dependency-analysis：/Users/zhiboc/repos/yuyan-worktrees/基础库-密码公钥核验/库/基础库/密码与安全/密码/通用派生。豫 | 运行 4/24
[启动] dependency-analysis：/Users/zhiboc/repos/yuyan-worktrees/基础库-密码公钥核验/库/基础库/密码与安全/密码/宽字散列。豫 | 运行 5/24
[启动] dependency-analysis：/Users/zhiboc/repos/yuyan-worktrees/基础库-密码公钥核验/库/基础库/密码与安全/密码/海绵散列。豫 | 运行 6/24
[启动] dependency-analysis：/Users/zhiboc/repos/yuyan-worktrees/基础库-密码公钥核验/库/基础库/密码与安全/密码/BLAKE散列。豫 | 运行 7/24
[启动] dependency-analysis：/Users/zhiboc/repos/yuyan-worktrees/基础库-密码公钥核验/库/基础库/密码与安全/密码/口令内存。豫 | 运行 8/24
[启动] dependency-analysis：/Users/zhiboc/repos/yuyan-worktrees/基础库-密码公钥核验/库/基础库/密码与安全/密码/对称。豫 | 运行 9/24
[启动] dependency-analysis：/Users/zhiboc/repos/yuyan-worktrees/基础库-密码公钥核验/库/基础库/密码与安全/密码/认证。豫 | 运行 10/24
[启动] dependency-analysis：/Users/zhiboc/repos/yuyan-worktrees/基础库-密码公钥核验/库/基础库/密码与安全/密码/AES。豫 | 运行 11/24
[启动] dependency-analysis：/Users/zhiboc/repos/yuyan-worktrees/基础库-密码公钥核验/库/基础库/密码与安全/密码/曲线。豫 | 运行 12/24
[启动] dependency-analysis：/Users/zhiboc/repos/yuyan-worktrees/基础库-密码公钥核验/库/基础库/密码与安全/密码/爱德曲线。豫 | 运行 13/24
[启动] dependency-analysis：/Users/zhiboc/repos/yuyan-worktrees/基础库-密码公钥核验/库/基础库/密码与安全/密码/爱德签名。豫 | 运行 14/24
[启动] dependency-analysis：/Users/zhiboc/repos/yuyan-worktrees/基础库-密码公钥核验/库/基础库/密码与安全/密码/爱德验签。豫 | 运行 15/24
[启动] dependency-analysis：/Users/zhiboc/repos/yuyan-worktrees/基础库-密码公钥核验/库/基础库/密码与安全/密码/公钥。豫 | 运行 16/24
[完成] 依赖分析：/Users/zhiboc/repos/yuyan-worktrees/基础库-密码公钥核验/库/基础库/密码与安全/密码/字节。豫 | PID 29169 | 退出 0 | 运行 15/24 | 已完成 2
[启动] dependency-analysis：/Users/zhiboc/repos/yuyan-worktrees/基础库-密码公钥核验/库/标准库/总集。豫 | 运行 16/24
[启动] dependency-analysis：/Users/zhiboc/repos/yuyan-worktrees/基础库-密码公钥核验/库/标准库/数据结构/整数操作。豫 | 运行 17/24
[完成] 依赖分析：/Users/zhiboc/repos/yuyan-worktrees/基础库-密码公钥核验/库/基础库/密码与安全/密码/宽字散列。豫 | PID 29169 | 退出 0 | 运行 16/24 | 已完成 3
[完成] 依赖分析：/Users/zhiboc/repos/yuyan-worktrees/基础库-密码公钥核验/库/基础库/密码与安全/密码/BLAKE散列。豫 | PID 29169 | 退出 0 | 运行 15/24 | 已完成 4
[完成] 依赖分析：/Users/zhiboc/repos/yuyan-worktrees/基础库-密码公钥核验/库/基础库/密码与安全/密码/口令内存。豫 | PID 29169 | 退出 0 | 运行 14/24 | 已完成 5
[完成] 依赖分析：/Users/zhiboc/repos/yuyan-worktrees/基础库-密码公钥核验/库/基础库/密码与安全/密码/对称。豫 | PID 29169 | 退出 0 | 运行 13/24 | 已完成 6
[启动] dependency-analysis：/Users/zhiboc/repos/yuyan-worktrees/基础库-密码公钥核验/库/标准库/数据结构/字节串。豫 | 运行 14/24
[启动] dependency-analysis：/Users/zhiboc/repos/yuyan-worktrees/基础库-密码公钥核验/库/标准库/数学运算/安全随机。豫 | 运行 15/24
[完成] 依赖分析：/Users/zhiboc/repos/yuyan-worktrees/基础库-密码公钥核验/库/基础库/密码与安全/密码/AES。豫 | PID 29169 | 退出 0 | 运行 14/24 | 已完成 7
[完成] 依赖分析：/Users/zhiboc/repos/yuyan-worktrees/基础库-密码公钥核验/库/基础库/密码与安全/密码/爱德曲线。豫 | PID 29169 | 退出 0 | 运行 13/24 | 已完成 8
[完成] 依赖分析：/Users/zhiboc/repos/yuyan-worktrees/基础库-密码公钥核验/库/基础库/密码与安全/密码/爱德验签。豫 | PID 29169 | 退出 0 | 运行 12/24 | 已完成 9
[完成] 依赖分析：/Users/zhiboc/repos/yuyan-worktrees/基础库-密码公钥核验/库/基础库/密码与安全/密码/公钥。豫 | PID 29169 | 退出 0 | 运行 11/24 | 已完成 10
[启动] dependency-analysis：/Users/zhiboc/repos/yuyan-worktrees/基础库-密码公钥核验/库/基础库/密码与安全/密码/定宽RSA。豫 | 运行 12/24
[完成] 依赖分析：/Users/zhiboc/repos/yuyan-worktrees/基础库-密码公钥核验/库/标准库/总集。豫 | PID 29169 | 退出 0 | 运行 11/24 | 已完成 11
[启动] dependency-analysis：/Users/zhiboc/repos/yuyan-worktrees/基础库-密码公钥核验/库/标准库/操作系统。豫 | 运行 12/24
[启动] dependency-analysis：/Users/zhiboc/repos/yuyan-worktrees/基础库-密码公钥核验/库/标准库/控制。豫 | 运行 13/24
[启动] dependency-analysis：/Users/zhiboc/repos/yuyan-worktrees/基础库-密码公钥核验/库/标准库/数学运算。豫 | 运行 14/24
[启动] dependency-analysis：/Users/zhiboc/repos/yuyan-worktrees/基础库-密码公钥核验/库/标准库/数据结构。豫 | 运行 15/24
[启动] dependency-analysis：/Users/zhiboc/repos/yuyan-worktrees/基础库-密码公钥核验/库/标准库/输入输出。豫 | 运行 16/24
[启动] dependency-analysis：/Users/zhiboc/repos/yuyan-worktrees/基础库-密码公钥核验/库/标准库/语言核心。豫 | 运行 17/24
[启动] dependency-analysis：/Users/zhiboc/repos/yuyan-worktrees/基础库-密码公钥核验/库/标准库/网络。豫 | 运行 18/24
[启动] dependency-analysis：/Users/zhiboc/repos/yuyan-worktrees/基础库-密码公钥核验/库/标准库/豫言标准内核。豫 | 运行 19/24
[完成] 依赖分析：/Users/zhiboc/repos/yuyan-worktrees/基础库-密码公钥核验/库/标准库/数据结构/整数操作。豫 | PID 29169 | 退出 0 | 运行 18/24 | 已完成 12
[启动] dependency-analysis：/Users/zhiboc/repos/yuyan-worktrees/基础库-密码公钥核验/库/标准库/语言核心/内建类型。豫 | 运行 19/24
[启动] dependency-analysis：/Users/zhiboc/repos/yuyan-worktrees/基础库-密码公钥核验/库/标准库/语言核心/原语。内建。豫 | 运行 20/24
[启动] dependency-analysis：/Users/zhiboc/repos/yuyan-worktrees/基础库-密码公钥核验/库/标准库/数据结构/爻术。豫 | 运行 21/24
[完成] 依赖分析：/Users/zhiboc/repos/yuyan-worktrees/基础库-密码公钥核验/库/标准库/数据结构/字节串。豫 | PID 29169 | 退出 0 | 运行 20/24 | 已完成 13
[完成] 依赖分析：/Users/zhiboc/repos/yuyan-worktrees/基础库-密码公钥核验/库/标准库/数学运算/安全随机。豫 | PID 29169 | 退出 0 | 运行 19/24 | 已完成 14
[启动] dependency-analysis：/Users/zhiboc/repos/yuyan-worktrees/基础库-密码公钥核验/库/标准库/宿主。接口。豫 | 运行 20/24
[完成] 依赖分析：/Users/zhiboc/repos/yuyan-worktrees/基础库-密码公钥核验/库/基础库/密码与安全/密码/定宽RSA。豫 | PID 29169 | 退出 0 | 运行 19/24 | 已完成 15
[完成] 依赖分析：/Users/zhiboc/repos/yuyan-worktrees/基础库-密码公钥核验/库/标准库/操作系统。豫 | PID 29169 | 退出 0 | 运行 18/24 | 已完成 16
[启动] dependency-analysis：/Users/zhiboc/repos/yuyan-worktrees/基础库-密码公钥核验/库/标准库/操作系统/子进程。豫 | 运行 19/24
[启动] dependency-analysis：/Users/zhiboc/repos/yuyan-worktrees/基础库-密码公钥核验/库/标准库/操作系统/命令行参数。豫 | 运行 20/24
[启动] dependency-analysis：/Users/zhiboc/repos/yuyan-worktrees/基础库-密码公钥核验/库/标准库/操作系统/文件系统。豫 | 运行 21/24
[启动] dependency-analysis：/Users/zhiboc/repos/yuyan-worktrees/基础库-密码公钥核验/库/标准库/操作系统/进程。豫 | 运行 22/24
[启动] dependency-analysis：/Users/zhiboc/repos/yuyan-worktrees/基础库-密码公钥核验/库/标准库/操作系统/时间。豫 | 运行 23/24
[启动] dependency-analysis：/Users/zhiboc/repos/yuyan-worktrees/基础库-密码公钥核验/库/标准库/操作系统/路径。豫 | 运行 24/24
[完成] 依赖分析：/Users/zhiboc/repos/yuyan-worktrees/基础库-密码公钥核验/库/标准库/控制。豫 | PID 29169 | 退出 0 | 运行 23/24 | 已完成 17
[启动] dependency-analysis：/Users/zhiboc/repos/yuyan-worktrees/基础库-密码公钥核验/库/标准库/操作系统/系统名称。豫 | 运行 24/24
[完成] 依赖分析：/Users/zhiboc/repos/yuyan-worktrees/基础库-密码公钥核验/库/标准库/数学运算。豫 | PID 29169 | 退出 0 | 运行 23/24 | 已完成 18
[启动] dependency-analysis：/Users/zhiboc/repos/yuyan-worktrees/基础库-密码公钥核验/库/标准库/操作系统/环境变量。豫 | 运行 24/24
[完成] 依赖分析：/Users/zhiboc/repos/yuyan-worktrees/基础库-密码公钥核验/库/标准库/数据结构。豫 | PID 29169 | 退出 0 | 运行 23/24 | 已完成 19
[启动] dependency-analysis：/Users/zhiboc/repos/yuyan-worktrees/基础库-密码公钥核验/库/标准库/控制/惰性求值。豫 | 运行 24/24
[完成] 依赖分析：/Users/zhiboc/repos/yuyan-worktrees/基础库-密码公钥核验/库/标准库/输入输出。豫 | PID 29169 | 退出 0 | 运行 23/24 | 已完成 20
[启动] dependency-analysis：/Users/zhiboc/repos/yuyan-worktrees/基础库-密码公钥核验/库/标准库/控制/异步。豫 | 运行 24/24
[完成] 依赖分析：/Users/zhiboc/repos/yuyan-worktrees/基础库-密码公钥核验/库/标准库/语言核心。豫 | PID 29169 | 退出 0 | 运行 23/24 | 已完成 21
[启动] dependency-analysis：/Users/zhiboc/repos/yuyan-worktrees/基础库-密码公钥核验/库/标准库/数学运算/转换。豫 | 运行 24/24
[完成] 依赖分析：/Users/zhiboc/repos/yuyan-worktrees/基础库-密码公钥核验/库/标准库/网络。豫 | PID 29169 | 退出 0 | 运行 23/24 | 已完成 22
[启动] dependency-analysis：/Users/zhiboc/repos/yuyan-worktrees/基础库-密码公钥核验/库/标准库/数学运算/具体列。豫 | 运行 24/24
[完成] 依赖分析：/Users/zhiboc/repos/yuyan-worktrees/基础库-密码公钥核验/库/标准库/豫言标准内核。豫 | PID 29169 | 退出 0 | 运行 23/24 | 已完成 23
[启动] dependency-analysis：/Users/zhiboc/repos/yuyan-worktrees/基础库-密码公钥核验/库/标准库/数学运算/随机。豫 | 运行 24/24
[完成] 依赖分析：/Users/zhiboc/repos/yuyan-worktrees/基础库-密码公钥核验/库/标准库/语言核心/内建类型。豫 | PID 29169 | 退出 0 | 运行 23/24 | 已完成 24
[启动] dependency-analysis：/Users/zhiboc/repos/yuyan-worktrees/基础库-密码公钥核验/库/标准库/数学运算/大小。豫 | 运行 24/24
[完成] 依赖分析：/Users/zhiboc/repos/yuyan-worktrees/基础库-密码公钥核验/库/标准库/语言核心/原语。内建。豫 | PID 29169 | 退出 0 | 运行 23/24 | 已完成 25
[启动] dependency-analysis：/Users/zhiboc/repos/yuyan-worktrees/基础库-密码公钥核验/库/标准库/数学运算/数组转换。豫 | 运行 24/24
[完成] 依赖分析：/Users/zhiboc/repos/yuyan-worktrees/基础库-密码公钥核验/库/标准库/数据结构/爻术。豫 | PID 29169 | 退出 0 | 运行 23/24 | 已完成 26
[启动] dependency-analysis：/Users/zhiboc/repos/yuyan-worktrees/基础库-密码公钥核验/库/标准库/数据结构/多态列。豫 | 运行 24/24
[完成] 依赖分析：/Users/zhiboc/repos/yuyan-worktrees/基础库-密码公钥核验/库/标准库/宿主。接口。豫 | PID 29169 | 退出 0 | 运行 23/24 | 已完成 27
[启动] dependency-analysis：/Users/zhiboc/repos/yuyan-worktrees/基础库-密码公钥核验/库/标准库/数据结构/多态列工具。豫 | 运行 24/24
[完成] 依赖分析：/Users/zhiboc/repos/yuyan-worktrees/基础库-密码公钥核验/库/标准库/操作系统/子进程。豫 | PID 29169 | 退出 0 | 运行 23/24 | 已完成 28
[启动] dependency-analysis：/Users/zhiboc/repos/yuyan-worktrees/基础库-密码公钥核验/库/标准库/数据结构/字符串术。豫 | 运行 24/24
[完成] 依赖分析：/Users/zhiboc/repos/yuyan-worktrees/基础库-密码公钥核验/库/标准库/操作系统/文件系统。豫 | PID 29169 | 退出 0 | 运行 23/24 | 已完成 29
[启动] dependency-analysis：/Users/zhiboc/repos/yuyan-worktrees/基础库-密码公钥核验/库/标准库/数据结构/字符流术。豫 | 运行 24/24
[完成] 依赖分析：/Users/zhiboc/repos/yuyan-worktrees/基础库-密码公钥核验/库/标准库/操作系统/进程。豫 | PID 29169 | 退出 0 | 运行 23/24 | 已完成 30
[启动] dependency-analysis：/Users/zhiboc/repos/yuyan-worktrees/基础库-密码公钥核验/库/标准库/数据结构/特殊字符。豫 | 运行 24/24
[完成] 依赖分析：/Users/zhiboc/repos/yuyan-worktrees/基础库-密码公钥核验/库/标准库/操作系统/时间。豫 | PID 29169 | 退出 0 | 运行 23/24 | 已完成 31
[启动] dependency-analysis：/Users/zhiboc/repos/yuyan-worktrees/基础库-密码公钥核验/库/标准库/数据结构/对子术。豫 | 运行 24/24
[完成] 依赖分析：/Users/zhiboc/repos/yuyan-worktrees/基础库-密码公钥核验/库/标准库/操作系统/路径。豫 | PID 29169 | 退出 0 | 运行 23/24 | 已完成 32
[启动] dependency-analysis：/Users/zhiboc/repos/yuyan-worktrees/基础库-密码公钥核验/库/标准库/数据结构/字典术。豫 | 运行 24/24
[完成] 依赖分析：/Users/zhiboc/repos/yuyan-worktrees/基础库-密码公钥核验/库/标准库/操作系统/系统名称。豫 | PID 29169 | 退出 0 | 运行 23/24 | 已完成 33
[启动] dependency-analysis：/Users/zhiboc/repos/yuyan-worktrees/基础库-密码公钥核验/库/标准库/数据结构/可选值。豫 | 运行 24/24
[完成] 依赖分析：/Users/zhiboc/repos/yuyan-worktrees/基础库-密码公钥核验/库/标准库/操作系统/环境变量。豫 | PID 29169 | 退出 0 | 运行 23/24 | 已完成 34
[启动] dependency-analysis：/Users/zhiboc/repos/yuyan-worktrees/基础库-密码公钥核验/库/标准库/数据结构/小数操作。豫 | 运行 24/24
[完成] 依赖分析：/Users/zhiboc/repos/yuyan-worktrees/基础库-密码公钥核验/库/标准库/控制/惰性求值。豫 | PID 29169 | 退出 0 | 运行 23/24 | 已完成 35
[启动] dependency-analysis：/Users/zhiboc/repos/yuyan-worktrees/基础库-密码公钥核验/库/标准库/数据结构/小数术。豫 | 运行 24/24
[完成] 依赖分析：/Users/zhiboc/repos/yuyan-worktrees/基础库-密码公钥核验/库/标准库/控制/异步。豫 | PID 29169 | 退出 0 | 运行 23/24 | 已完成 36
[启动] dependency-analysis：/Users/zhiboc/repos/yuyan-worktrees/基础库-密码公钥核验/库/标准库/数据结构/列表搜索。豫 | 运行 24/24
[完成] 依赖分析：/Users/zhiboc/repos/yuyan-worktrees/基础库-密码公钥核验/库/标准库/数学运算/转换。豫 | PID 29169 | 退出 0 | 运行 23/24 | 已完成 37
[启动] dependency-analysis：/Users/zhiboc/repos/yuyan-worktrees/基础库-密码公钥核验/库/标准库/数据结构/函数操作。豫 | 运行 24/24
[完成] 依赖分析：/Users/zhiboc/repos/yuyan-worktrees/基础库-密码公钥核验/库/标准库/数学运算/随机。豫 | PID 29169 | 退出 0 | 运行 23/24 | 已完成 38
[启动] dependency-analysis：/Users/zhiboc/repos/yuyan-worktrees/基础库-密码公钥核验/库/标准库/数据结构/字节缓冲。豫 | 运行 24/24
[完成] 依赖分析：/Users/zhiboc/repos/yuyan-worktrees/基础库-密码公钥核验/库/标准库/数学运算/大小。豫 | PID 29169 | 退出 0 | 运行 23/24 | 已完成 39
[启动] dependency-analysis：/Users/zhiboc/repos/yuyan-worktrees/基础库-密码公钥核验/库/标准库/输入输出/笔。豫 | 运行 24/24
[完成] 依赖分析：/Users/zhiboc/repos/yuyan-worktrees/基础库-密码公钥核验/库/标准库/数据结构/多态列。豫 | PID 29169 | 退出 0 | 运行 23/24 | 已完成 40
[启动] dependency-analysis：/Users/zhiboc/repos/yuyan-worktrees/基础库-密码公钥核验/库/标准库/语言核心/续延。豫 | 运行 24/24
[完成] 依赖分析：/Users/zhiboc/repos/yuyan-worktrees/基础库-密码公钥核验/库/标准库/数据结构/多态列工具。豫 | PID 29169 | 退出 0 | 运行 23/24 | 已完成 41
[启动] dependency-analysis：/Users/zhiboc/repos/yuyan-worktrees/基础库-密码公钥核验/库/标准库/语言核心/异常。豫 | 运行 24/24
[完成] 依赖分析：/Users/zhiboc/repos/yuyan-worktrees/基础库-密码公钥核验/库/标准库/数据结构/字符串术。豫 | PID 29169 | 退出 0 | 运行 23/24 | 已完成 42
[启动] dependency-analysis：/Users/zhiboc/repos/yuyan-worktrees/基础库-密码公钥核验/库/标准库/语言核心/引用。豫 | 运行 24/24
[完成] 依赖分析：/Users/zhiboc/repos/yuyan-worktrees/基础库-密码公钥核验/库/标准库/数据结构/字符流术。豫 | PID 29169 | 退出 0 | 运行 23/24 | 已完成 43
[启动] dependency-analysis：/Users/zhiboc/repos/yuyan-worktrees/基础库-密码公钥核验/库/标准库/语言核心/不安全。豫 | 运行 24/24
[完成] 依赖分析：/Users/zhiboc/repos/yuyan-worktrees/基础库-密码公钥核验/库/标准库/数据结构/特殊字符。豫 | PID 29169 | 退出 0 | 运行 23/24 | 已完成 44
[启动] dependency-analysis：/Users/zhiboc/repos/yuyan-worktrees/基础库-密码公钥核验/库/标准库/语言核心/异步原语。豫 | 运行 24/24
[完成] 依赖分析：/Users/zhiboc/repos/yuyan-worktrees/基础库-密码公钥核验/库/标准库/数据结构/对子术。豫 | PID 29169 | 退出 0 | 运行 23/24 | 已完成 45
[启动] dependency-analysis：/Users/zhiboc/repos/yuyan-worktrees/基础库-密码公钥核验/库/标准库/网络/传输控制协议。豫 | 运行 24/24
[完成] 依赖分析：/Users/zhiboc/repos/yuyan-worktrees/基础库-密码公钥核验/库/标准库/数据结构/字典术。豫 | PID 29169 | 退出 0 | 运行 23/24 | 已完成 46
[启动] dependency-analysis：/Users/zhiboc/repos/yuyan-worktrees/基础库-密码公钥核验/库/标准库/网络/异步传输控制协议。豫 | 运行 24/24
[完成] 依赖分析：/Users/zhiboc/repos/yuyan-worktrees/基础库-密码公钥核验/库/标准库/数据结构/可选值。豫 | PID 29169 | 退出 0 | 运行 23/24 | 已完成 47
[启动] dependency-analysis：/Users/zhiboc/repos/yuyan-worktrees/基础库-密码公钥核验/库/标准库/网络/超文本传输协议。豫 | 运行 24/24
[完成] 依赖分析：/Users/zhiboc/repos/yuyan-worktrees/基础库-密码公钥核验/库/标准库/数据结构/小数操作。豫 | PID 29169 | 退出 0 | 运行 23/24 | 已完成 48
[启动] dependency-analysis：/Users/zhiboc/repos/yuyan-worktrees/基础库-密码公钥核验/库/标准库/宿主带列。接口。豫 | 运行 24/24
[完成] 依赖分析：/Users/zhiboc/repos/yuyan-worktrees/基础库-密码公钥核验/库/标准库/数据结构/列表搜索。豫 | PID 29169 | 退出 0 | 运行 23/24 | 已完成 49
[启动] parse：/Users/zhiboc/repos/yuyan-worktrees/基础库-密码公钥核验/库/标准库/语言核心/内建类型。豫 | 运行 24/24
[完成] 依赖分析：/Users/zhiboc/repos/yuyan-worktrees/基础库-密码公钥核验/库/标准库/数据结构/函数操作。豫 | PID 29169 | 退出 0 | 运行 23/24 | 已完成 50
[启动] parse：/Users/zhiboc/repos/yuyan-worktrees/基础库-密码公钥核验/库/标准库/数据结构/函数操作。豫 | 运行 24/24
[完成] 依赖分析：/Users/zhiboc/repos/yuyan-worktrees/基础库-密码公钥核验/库/标准库/数据结构/字节缓冲。豫 | PID 29169 | 退出 0 | 运行 23/24 | 已完成 51
[完成] 依赖分析：/Users/zhiboc/repos/yuyan-worktrees/基础库-密码公钥核验/库/标准库/输入输出/笔。豫 | PID 29169 | 退出 0 | 运行 22/24 | 已完成 52
[完成] 依赖分析：/Users/zhiboc/repos/yuyan-worktrees/基础库-密码公钥核验/库/标准库/语言核心/续延。豫 | PID 29169 | 退出 0 | 运行 21/24 | 已完成 53
[启动] parse：/Users/zhiboc/repos/yuyan-worktrees/基础库-密码公钥核验/库/标准库/语言核心/续延。豫 | 运行 22/24
[完成] 依赖分析：/Users/zhiboc/repos/yuyan-worktrees/基础库-密码公钥核验/库/标准库/语言核心/异步原语。豫 | PID 29169 | 退出 0 | 运行 21/24 | 已完成 54
[完成] 依赖分析：/Users/zhiboc/repos/yuyan-worktrees/基础库-密码公钥核验/库/标准库/网络/传输控制协议。豫 | PID 29169 | 退出 0 | 运行 20/24 | 已完成 55
[完成] 依赖分析：/Users/zhiboc/repos/yuyan-worktrees/基础库-密码公钥核验/库/标准库/网络/异步传输控制协议。豫 | PID 29169 | 退出 0 | 运行 19/24 | 已完成 56
[完成] 依赖分析：/Users/zhiboc/repos/yuyan-worktrees/基础库-密码公钥核验/库/标准库/宿主带列。接口。豫 | PID 29169 | 退出 0 | 运行 18/24 | 已完成 57
[完成] 依赖分析：/Users/zhiboc/repos/yuyan-worktrees/基础库-密码公钥核验/库/标准库/语言核心/不安全。豫 | PID 29169 | 退出 0 | 运行 17/24 | 已完成 58
[完成] 依赖分析：/Users/zhiboc/repos/yuyan-worktrees/基础库-密码公钥核验/库/标准库/语言核心/引用。豫 | PID 29169 | 退出 0 | 运行 16/24 | 已完成 59
[完成] 依赖分析：/Users/zhiboc/repos/yuyan-worktrees/基础库-密码公钥核验/库/标准库/语言核心/异常。豫 | PID 29169 | 退出 0 | 运行 15/24 | 已完成 60
[完成] 依赖分析：/Users/zhiboc/repos/yuyan-worktrees/基础库-密码公钥核验/库/标准库/数据结构/小数术。豫 | PID 29169 | 退出 0 | 运行 14/24 | 已完成 61
[完成] 依赖分析：/Users/zhiboc/repos/yuyan-worktrees/基础库-密码公钥核验/库/标准库/数学运算/数组转换。豫 | PID 29169 | 退出 0 | 运行 13/24 | 已完成 62
[完成] 依赖分析：/Users/zhiboc/repos/yuyan-worktrees/基础库-密码公钥核验/库/标准库/数学运算/具体列。豫 | PID 29169 | 退出 0 | 运行 12/24 | 已完成 63
[完成] 依赖分析：/Users/zhiboc/repos/yuyan-worktrees/基础库-密码公钥核验/库/标准库/操作系统/命令行参数。豫 | PID 29169 | 退出 0 | 运行 11/24 | 已完成 64
[完成] 依赖分析：/Users/zhiboc/repos/yuyan-worktrees/基础库-密码公钥核验/库/基础库/密码与安全/密码/爱德签名。豫 | PID 29169 | 退出 0 | 运行 10/24 | 已完成 65
[完成] 依赖分析：/Users/zhiboc/repos/yuyan-worktrees/基础库-密码公钥核验/库/基础库/密码与安全/密码/曲线。豫 | PID 29169 | 退出 0 | 运行 9/24 | 已完成 66
[完成] 依赖分析：/Users/zhiboc/repos/yuyan-worktrees/基础库-密码公钥核验/库/基础库/密码与安全/密码/认证。豫 | PID 29169 | 退出 0 | 运行 8/24 | 已完成 67
[完成] 依赖分析：/Users/zhiboc/repos/yuyan-worktrees/基础库-密码公钥核验/库/基础库/密码与安全/密码/海绵散列。豫 | PID 29169 | 退出 0 | 运行 7/24 | 已完成 68
[完成] 依赖分析：/Users/zhiboc/repos/yuyan-worktrees/基础库-密码公钥核验/库/基础库/密码与安全/密码/通用派生。豫 | PID 29169 | 退出 0 | 运行 6/24 | 已完成 69
[完成] 依赖分析：/Users/zhiboc/repos/yuyan-worktrees/基础库-密码公钥核验/库/基础库/密码与安全/密码/派生。豫 | PID 29169 | 退出 0 | 运行 5/24 | 已完成 70
[完成] 依赖分析：/Users/zhiboc/repos/yuyan-worktrees/基础库-密码公钥核验/库/基础库/密码与安全/密码/散列。豫 | PID 29169 | 退出 0 | 运行 4/24 | 已完成 71
[完成] 语法解析：/Users/zhiboc/repos/yuyan-worktrees/基础库-密码公钥核验/库/标准库/语言核心/续延。豫 | PID 29169 | 退出 0 | 运行 3/24 | 已完成 72
[启动] type-check-and-erase：/Users/zhiboc/repos/yuyan-worktrees/基础库-密码公钥核验/库/标准库/语言核心/续延。豫 | 运行 4/24
[完成] 语法解析：/Users/zhiboc/repos/yuyan-worktrees/基础库-密码公钥核验/库/标准库/数据结构/函数操作。豫 | PID 29169 | 退出 0 | 运行 3/24 | 已完成 73
[启动] type-check-and-erase：/Users/zhiboc/repos/yuyan-worktrees/基础库-密码公钥核验/库/标准库/数据结构/函数操作。豫 | 运行 4/24
[完成] 语法解析：/Users/zhiboc/repos/yuyan-worktrees/基础库-密码公钥核验/库/标准库/语言核心/内建类型。豫 | PID 29169 | 退出 0 | 运行 3/24 | 已完成 74
[启动] parse：/Users/zhiboc/repos/yuyan-worktrees/基础库-密码公钥核验/库/标准库/语言核心/原语。内建。豫 | 运行 4/24
[启动] parse：/Users/zhiboc/repos/yuyan-worktrees/基础库-密码公钥核验/库/标准库/数据结构/爻术。豫 | 运行 5/24
[启动] parse：/Users/zhiboc/repos/yuyan-worktrees/基础库-密码公钥核验/库/标准库/控制/惰性求值。豫 | 运行 6/24
[启动] parse：/Users/zhiboc/repos/yuyan-worktrees/基础库-密码公钥核验/库/标准库/数学运算/大小。豫 | 运行 7/24
[启动] type-check-and-erase：/Users/zhiboc/repos/yuyan-worktrees/基础库-密码公钥核验/库/标准库/语言核心/内建类型。豫 | 运行 8/24
[完成] 类型检查：/Users/zhiboc/repos/yuyan-worktrees/基础库-密码公钥核验/库/标准库/语言核心/续延。豫 | PID 29169 | 退出 0 | 运行 7/24 | 已完成 75
[完成] 语法解析：/Users/zhiboc/repos/yuyan-worktrees/基础库-密码公钥核验/库/标准库/语言核心/原语。内建。豫 | PID 29169 | 退出 0 | 运行 6/24 | 已完成 76
[启动] parse：/Users/zhiboc/repos/yuyan-worktrees/基础库-密码公钥核验/库/标准库/数据结构/字节串。豫 | 运行 7/24
[启动] parse：/Users/zhiboc/repos/yuyan-worktrees/基础库-密码公钥核验/库/标准库/数学运算/转换。豫 | 运行 8/24
[启动] parse：/Users/zhiboc/repos/yuyan-worktrees/基础库-密码公钥核验/库/标准库/语言核心/异步原语。豫 | 运行 9/24
[启动] parse：/Users/zhiboc/repos/yuyan-worktrees/基础库-密码公钥核验/库/标准库/语言核心/不安全。豫 | 运行 10/24
[启动] parse：/Users/zhiboc/repos/yuyan-worktrees/基础库-密码公钥核验/库/标准库/语言核心/引用。豫 | 运行 11/24
[启动] parse：/Users/zhiboc/repos/yuyan-worktrees/基础库-密码公钥核验/库/标准库/数据结构/小数术。豫 | 运行 12/24
[完成] 类型检查：/Users/zhiboc/repos/yuyan-worktrees/基础库-密码公钥核验/库/标准库/数据结构/函数操作。豫 | PID 29169 | 退出 0 | 运行 11/24 | 已完成 77
[完成] 类型检查：/Users/zhiboc/repos/yuyan-worktrees/基础库-密码公钥核验/库/标准库/语言核心/内建类型。豫 | PID 29169 | 退出 0 | 运行 10/24 | 已完成 78
[启动] type-check-and-erase：/Users/zhiboc/repos/yuyan-worktrees/基础库-密码公钥核验/库/标准库/语言核心/原语。内建。豫 | 运行 11/24
[完成] 语法解析：/Users/zhiboc/repos/yuyan-worktrees/基础库-密码公钥核验/库/标准库/数学运算/大小。豫 | PID 29169 | 退出 0 | 运行 10/24 | 已完成 79
[启动] type-check-and-erase：/Users/zhiboc/repos/yuyan-worktrees/基础库-密码公钥核验/库/标准库/数学运算/大小。豫 | 运行 11/24
[完成] 语法解析：/Users/zhiboc/repos/yuyan-worktrees/基础库-密码公钥核验/库/标准库/控制/惰性求值。豫 | PID 29169 | 退出 0 | 运行 10/24 | 已完成 80
[启动] type-check-and-erase：/Users/zhiboc/repos/yuyan-worktrees/基础库-密码公钥核验/库/标准库/控制/惰性求值。豫 | 运行 11/24
[完成] 依赖分析：/Users/zhiboc/repos/yuyan-worktrees/基础库-密码公钥核验/库/标准库/网络/超文本传输协议。豫 | PID 29169 | 退出 0 | 运行 10/24 | 已完成 81
[完成] 语法解析：/Users/zhiboc/repos/yuyan-worktrees/基础库-密码公钥核验/库/标准库/数据结构/字节串。豫 | PID 29169 | 退出 0 | 运行 9/24 | 已完成 82
[启动] parse：/Users/zhiboc/repos/yuyan-worktrees/基础库-密码公钥核验/库/标准库/宿主。接口。豫 | 运行 10/24
[启动] parse：/Users/zhiboc/repos/yuyan-worktrees/基础库-密码公钥核验/库/标准库/数据结构/字节缓冲。豫 | 运行 11/24
[完成] 类型检查：/Users/zhiboc/repos/yuyan-worktrees/基础库-密码公钥核验/库/标准库/数学运算/大小。豫 | PID 29169 | 退出 0 | 运行 10/24 | 已完成 83
[完成] 语法解析：/Users/zhiboc/repos/yuyan-worktrees/基础库-密码公钥核验/库/标准库/语言核心/不安全。豫 | PID 29169 | 退出 0 | 运行 9/24 | 已完成 84
[完成] 语法解析：/Users/zhiboc/repos/yuyan-worktrees/基础库-密码公钥核验/库/标准库/语言核心/异步原语。豫 | PID 29169 | 退出 0 | 运行 8/24 | 已完成 85
[完成] 语法解析：/Users/zhiboc/repos/yuyan-worktrees/基础库-密码公钥核验/库/标准库/数据结构/爻术。豫 | PID 29169 | 退出 0 | 运行 7/24 | 已完成 86
[启动] parse：/Users/zhiboc/repos/yuyan-worktrees/基础库-密码公钥核验/库/标准库/数据结构/整数操作。豫 | 运行 8/24
[启动] type-check-and-erase：/Users/zhiboc/repos/yuyan-worktrees/基础库-密码公钥核验/库/标准库/数据结构/爻术。豫 | 运行 9/24
[完成] 语法解析：/Users/zhiboc/repos/yuyan-worktrees/基础库-密码公钥核验/库/标准库/数据结构/字节缓冲。豫 | PID 29169 | 退出 0 | 运行 8/24 | 已完成 87
[完成] 语法解析：/Users/zhiboc/repos/yuyan-worktrees/基础库-密码公钥核验/库/标准库/宿主。接口。豫 | PID 29169 | 退出 0 | 运行 7/24 | 已完成 88
[启动] parse：/Users/zhiboc/repos/yuyan-worktrees/基础库-密码公钥核验/库/标准库/数学运算/安全随机。豫 | 运行 8/24
[启动] parse：/Users/zhiboc/repos/yuyan-worktrees/基础库-密码公钥核验/库/标准库/操作系统/进程。豫 | 运行 9/24
[启动] parse：/Users/zhiboc/repos/yuyan-worktrees/基础库-密码公钥核验/库/标准库/操作系统/系统名称。豫 | 运行 10/24
[启动] parse：/Users/zhiboc/repos/yuyan-worktrees/基础库-密码公钥核验/库/标准库/操作系统/环境变量。豫 | 运行 11/24
[启动] parse：/Users/zhiboc/repos/yuyan-worktrees/基础库-密码公钥核验/库/标准库/数学运算/随机。豫 | 运行 12/24
[启动] parse：/Users/zhiboc/repos/yuyan-worktrees/基础库-密码公钥核验/库/标准库/数据结构/小数操作。豫 | 运行 13/24
[启动] parse：/Users/zhiboc/repos/yuyan-worktrees/基础库-密码公钥核验/库/标准库/输入输出/笔。豫 | 运行 14/24
[启动] parse：/Users/zhiboc/repos/yuyan-worktrees/基础库-密码公钥核验/库/标准库/语言核心/异常。豫 | 运行 15/24
[完成] 类型检查：/Users/zhiboc/repos/yuyan-worktrees/基础库-密码公钥核验/库/标准库/控制/惰性求值。豫 | PID 29169 | 退出 0 | 运行 14/24 | 已完成 89
[完成] 类型检查：/Users/zhiboc/repos/yuyan-worktrees/基础库-密码公钥核验/库/标准库/语言核心/原语。内建。豫 | PID 29169 | 退出 0 | 运行 13/24 | 已完成 90
[启动] type-check-and-erase：/Users/zhiboc/repos/yuyan-worktrees/基础库-密码公钥核验/库/标准库/数据结构/字节串。豫 | 运行 14/24
[启动] type-check-and-erase：/Users/zhiboc/repos/yuyan-worktrees/基础库-密码公钥核验/库/标准库/语言核心/异步原语。豫 | 运行 15/24
[启动] type-check-and-erase：/Users/zhiboc/repos/yuyan-worktrees/基础库-密码公钥核验/库/标准库/语言核心/不安全。豫 | 运行 16/24
[完成] 语法解析：/Users/zhiboc/repos/yuyan-worktrees/基础库-密码公钥核验/库/标准库/数学运算/安全随机。豫 | PID 29169 | 退出 0 | 运行 15/24 | 已完成 91
[完成] 语法解析：/Users/zhiboc/repos/yuyan-worktrees/基础库-密码公钥核验/库/标准库/操作系统/进程。豫 | PID 29169 | 退出 0 | 运行 14/24 | 已完成 92
[完成] 语法解析：/Users/zhiboc/repos/yuyan-worktrees/基础库-密码公钥核验/库/标准库/操作系统/环境变量。豫 | PID 29169 | 退出 0 | 运行 13/24 | 已完成 93
[完成] 语法解析：/Users/zhiboc/repos/yuyan-worktrees/基础库-密码公钥核验/库/标准库/数学运算/随机。豫 | PID 29169 | 退出 0 | 运行 12/24 | 已完成 94
[完成] 语法解析：/Users/zhiboc/repos/yuyan-worktrees/基础库-密码公钥核验/库/标准库/语言核心/异常。豫 | PID 29169 | 退出 0 | 运行 11/24 | 已完成 95
[启动] parse：/Users/zhiboc/repos/yuyan-worktrees/基础库-密码公钥核验/库/标准库/数据结构/可选值。豫 | 运行 12/24
[完成] 语法解析：/Users/zhiboc/repos/yuyan-worktrees/基础库-密码公钥核验/库/标准库/操作系统/系统名称。豫 | PID 29169 | 退出 0 | 运行 11/24 | 已完成 96
[完成] 类型检查：/Users/zhiboc/repos/yuyan-worktrees/基础库-密码公钥核验/库/标准库/数据结构/爻术。豫 | PID 29169 | 退出 0 | 运行 10/24 | 已完成 97
[完成] 语法解析：/Users/zhiboc/repos/yuyan-worktrees/基础库-密码公钥核验/库/标准库/数据结构/整数操作。豫 | PID 29169 | 退出 0 | 运行 9/24 | 已完成 98
[启动] parse：/Users/zhiboc/repos/yuyan-worktrees/基础库-密码公钥核验/库/标准库/网络/传输控制协议。豫 | 运行 10/24
[启动] type-check-and-erase：/Users/zhiboc/repos/yuyan-worktrees/基础库-密码公钥核验/库/标准库/数据结构/整数操作。豫 | 运行 11/24
[完成] 语法解析：/Users/zhiboc/repos/yuyan-worktrees/基础库-密码公钥核验/库/标准库/数据结构/小数术。豫 | PID 29169 | 退出 0 | 运行 10/24 | 已完成 99
[启动] type-check-and-erase：/Users/zhiboc/repos/yuyan-worktrees/基础库-密码公钥核验/库/标准库/数据结构/小数术。豫 | 运行 11/24
[完成] 语法解析：/Users/zhiboc/repos/yuyan-worktrees/基础库-密码公钥核验/库/标准库/语言核心/引用。豫 | PID 29169 | 退出 0 | 运行 10/24 | 已完成 100
[启动] parse：/Users/zhiboc/repos/yuyan-worktrees/基础库-密码公钥核验/库/标准库/语言核心。豫 | 运行 11/24
[启动] type-check-and-erase：/Users/zhiboc/repos/yuyan-worktrees/基础库-密码公钥核验/库/标准库/语言核心/引用。豫 | 运行 12/24
[完成] 语法解析：/Users/zhiboc/repos/yuyan-worktrees/基础库-密码公钥核验/库/标准库/数学运算/转换。豫 | PID 29169 | 退出 0 | 运行 11/24 | 已完成 101
[启动] type-check-and-erase：/Users/zhiboc/repos/yuyan-worktrees/基础库-密码公钥核验/库/标准库/数学运算/转换。豫 | 运行 12/24
[完成] 语法解析：/Users/zhiboc/repos/yuyan-worktrees/基础库-密码公钥核验/库/标准库/网络/传输控制协议。豫 | PID 29169 | 退出 0 | 运行 11/24 | 已完成 102
[完成] 类型检查：/Users/zhiboc/repos/yuyan-worktrees/基础库-密码公钥核验/库/标准库/数据结构/整数操作。豫 | PID 29169 | 退出 0 | 运行 10/24 | 已完成 103
[完成] 语法解析：/Users/zhiboc/repos/yuyan-worktrees/基础库-密码公钥核验/库/标准库/数据结构/可选值。豫 | PID 29169 | 退出 0 | 运行 9/24 | 已完成 104
[完成] 类型检查：/Users/zhiboc/repos/yuyan-worktrees/基础库-密码公钥核验/库/标准库/语言核心/不安全。豫 | PID 29169 | 退出 0 | 运行 8/24 | 已完成 105
[完成] 类型检查：/Users/zhiboc/repos/yuyan-worktrees/基础库-密码公钥核验/库/标准库/语言核心/异步原语。豫 | PID 29169 | 退出 0 | 运行 7/24 | 已完成 106
[完成] 语法解析：/Users/zhiboc/repos/yuyan-worktrees/基础库-密码公钥核验/库/标准库/输入输出/笔。豫 | PID 29169 | 退出 0 | 运行 6/24 | 已完成 107
[启动] parse：/Users/zhiboc/repos/yuyan-worktrees/基础库-密码公钥核验/库/标准库/输入输出。豫 | 运行 7/24
[启动] parse：/Users/zhiboc/repos/yuyan-worktrees/基础库-密码公钥核验/库/标准库/数据结构/多态列。豫 | 运行 8/24
[完成] 类型检查：/Users/zhiboc/repos/yuyan-worktrees/基础库-密码公钥核验/库/标准库/数学运算/转换。豫 | PID 29169 | 退出 0 | 运行 7/24 | 已完成 108
[完成] 类型检查：/Users/zhiboc/repos/yuyan-worktrees/基础库-密码公钥核验/库/标准库/语言核心/引用。豫 | PID 29169 | 退出 0 | 运行 6/24 | 已完成 109
[完成] 语法解析：/Users/zhiboc/repos/yuyan-worktrees/基础库-密码公钥核验/库/标准库/语言核心。豫 | PID 29169 | 退出 0 | 运行 5/24 | 已完成 110
[完成] 类型检查：/Users/zhiboc/repos/yuyan-worktrees/基础库-密码公钥核验/库/标准库/数据结构/字节串。豫 | PID 29169 | 退出 0 | 运行 4/24 | 已完成 111
[启动] type-check-and-erase：/Users/zhiboc/repos/yuyan-worktrees/基础库-密码公钥核验/库/标准库/宿主。接口。豫 | 运行 5/24
[启动] type-check-and-erase：/Users/zhiboc/repos/yuyan-worktrees/基础库-密码公钥核验/库/标准库/数据结构/字节缓冲。豫 | 运行 6/24
[完成] 语法解析：/Users/zhiboc/repos/yuyan-worktrees/基础库-密码公钥核验/库/标准库/数据结构/小数操作。豫 | PID 29169 | 退出 0 | 运行 5/24 | 已完成 112
[启动] parse：/Users/zhiboc/repos/yuyan-worktrees/基础库-密码公钥核验/库/标准库/操作系统/时间。豫 | 运行 6/24
[完成] 语法解析：/Users/zhiboc/repos/yuyan-worktrees/基础库-密码公钥核验/库/标准库/数据结构/多态列。豫 | PID 29169 | 退出 0 | 运行 5/24 | 已完成 113
[启动] parse：/Users/zhiboc/repos/yuyan-worktrees/基础库-密码公钥核验/库/标准库/数据结构/多态列工具。豫 | 运行 6/24
[启动] parse：/Users/zhiboc/repos/yuyan-worktrees/基础库-密码公钥核验/库/标准库/宿主带列。接口。豫 | 运行 7/24
[启动] parse：/Users/zhiboc/repos/yuyan-worktrees/基础库-密码公钥核验/库/标准库/数学运算/数组转换。豫 | 运行 8/24
[启动] parse：/Users/zhiboc/repos/yuyan-worktrees/基础库-密码公钥核验/库/标准库/数学运算/具体列。豫 | 运行 9/24
[完成] 语法解析：/Users/zhiboc/repos/yuyan-worktrees/基础库-密码公钥核验/库/标准库/输入输出。豫 | PID 29169 | 退出 0 | 运行 8/24 | 已完成 114
[完成] 类型检查：/Users/zhiboc/repos/yuyan-worktrees/基础库-密码公钥核验/库/标准库/数据结构/小数术。豫 | PID 29169 | 退出 0 | 运行 7/24 | 已完成 115
[完成] 语法解析：/Users/zhiboc/repos/yuyan-worktrees/基础库-密码公钥核验/库/标准库/操作系统/时间。豫 | PID 29169 | 退出 0 | 运行 6/24 | 已完成 116
[完成] 类型检查：/Users/zhiboc/repos/yuyan-worktrees/基础库-密码公钥核验/库/标准库/宿主。接口。豫 | PID 29169 | 退出 0 | 运行 5/24 | 已完成 117
[启动] type-check-and-erase：/Users/zhiboc/repos/yuyan-worktrees/基础库-密码公钥核验/库/标准库/数学运算/安全随机。豫 | 运行 6/24
[启动] type-check-and-erase：/Users/zhiboc/repos/yuyan-worktrees/基础库-密码公钥核验/库/标准库/操作系统/进程。豫 | 运行 7/24
[启动] type-check-and-erase：/Users/zhiboc/repos/yuyan-worktrees/基础库-密码公钥核验/库/标准库/操作系统/系统名称。豫 | 运行 8/24
[启动] type-check-and-erase：/Users/zhiboc/repos/yuyan-worktrees/基础库-密码公钥核验/库/标准库/操作系统/环境变量。豫 | 运行 9/24
[启动] type-check-and-erase：/Users/zhiboc/repos/yuyan-worktrees/基础库-密码公钥核验/库/标准库/数学运算/随机。豫 | 运行 10/24
[启动] type-check-and-erase：/Users/zhiboc/repos/yuyan-worktrees/基础库-密码公钥核验/库/标准库/数据结构/小数操作。豫 | 运行 11/24
[启动] type-check-and-erase：/Users/zhiboc/repos/yuyan-worktrees/基础库-密码公钥核验/库/标准库/输入输出/笔。豫 | 运行 12/24
[启动] type-check-and-erase：/Users/zhiboc/repos/yuyan-worktrees/基础库-密码公钥核验/库/标准库/网络/传输控制协议。豫 | 运行 13/24
[启动] type-check-and-erase：/Users/zhiboc/repos/yuyan-worktrees/基础库-密码公钥核验/库/标准库/语言核心/异常。豫 | 运行 14/24
[完成] 类型检查：/Users/zhiboc/repos/yuyan-worktrees/基础库-密码公钥核验/库/标准库/数学运算/安全随机。豫 | PID 29169 | 退出 0 | 运行 13/24 | 已完成 118
[完成] 类型检查：/Users/zhiboc/repos/yuyan-worktrees/基础库-密码公钥核验/库/标准库/操作系统/进程。豫 | PID 29169 | 退出 0 | 运行 12/24 | 已完成 119
[完成] 类型检查：/Users/zhiboc/repos/yuyan-worktrees/基础库-密码公钥核验/库/标准库/操作系统/系统名称。豫 | PID 29169 | 退出 0 | 运行 11/24 | 已完成 120
[完成] 类型检查：/Users/zhiboc/repos/yuyan-worktrees/基础库-密码公钥核验/库/标准库/输入输出/笔。豫 | PID 29169 | 退出 0 | 运行 10/24 | 已完成 121
[启动] type-check-and-erase：/Users/zhiboc/repos/yuyan-worktrees/基础库-密码公钥核验/库/标准库/输入输出。豫 | 运行 11/24
[完成] 语法解析：/Users/zhiboc/repos/yuyan-worktrees/基础库-密码公钥核验/库/标准库/数学运算/具体列。豫 | PID 29169 | 退出 0 | 运行 10/24 | 已完成 122
[完成] 语法解析：/Users/zhiboc/repos/yuyan-worktrees/基础库-密码公钥核验/库/标准库/数学运算/数组转换。豫 | PID 29169 | 退出 0 | 运行 9/24 | 已完成 123
[启动] parse：/Users/zhiboc/repos/yuyan-worktrees/基础库-密码公钥核验/库/标准库/数学运算。豫 | 运行 10/24
[启动] parse：/Users/zhiboc/repos/yuyan-worktrees/基础库-密码公钥核验/库/标准库/数据结构/字符流术。豫 | 运行 11/24
[完成] 语法解析：/Users/zhiboc/repos/yuyan-worktrees/基础库-密码公钥核验/库/标准库/数据结构/多态列工具。豫 | PID 29169 | 退出 0 | 运行 10/24 | 已完成 124
[启动] parse：/Users/zhiboc/repos/yuyan-worktrees/基础库-密码公钥核验/库/标准库/数据结构/字符串术。豫 | 运行 11/24
[完成] 类型检查：/Users/zhiboc/repos/yuyan-worktrees/基础库-密码公钥核验/库/标准库/数据结构/字节缓冲。豫 | PID 29169 | 退出 0 | 运行 10/24 | 已完成 125
[完成] 类型检查：/Users/zhiboc/repos/yuyan-worktrees/基础库-密码公钥核验/库/标准库/输入输出。豫 | PID 29169 | 退出 0 | 运行 9/24 | 已完成 126
[完成] 语法解析：/Users/zhiboc/repos/yuyan-worktrees/基础库-密码公钥核验/库/标准库/数学运算。豫 | PID 29169 | 退出 0 | 运行 8/24 | 已完成 127
[完成] 类型检查：/Users/zhiboc/repos/yuyan-worktrees/基础库-密码公钥核验/库/标准库/语言核心/异常。豫 | PID 29169 | 退出 0 | 运行 7/24 | 已完成 128
[启动] type-check-and-erase：/Users/zhiboc/repos/yuyan-worktrees/基础库-密码公钥核验/库/标准库/语言核心。豫 | 运行 8/24
[启动] type-check-and-erase：/Users/zhiboc/repos/yuyan-worktrees/基础库-密码公钥核验/库/标准库/数据结构/可选值。豫 | 运行 9/24
[完成] 类型检查：/Users/zhiboc/repos/yuyan-worktrees/基础库-密码公钥核验/库/标准库/网络/传输控制协议。豫 | PID 29169 | 退出 0 | 运行 8/24 | 已完成 129
[完成] 类型检查：/Users/zhiboc/repos/yuyan-worktrees/基础库-密码公钥核验/库/标准库/数学运算/随机。豫 | PID 29169 | 退出 0 | 运行 7/24 | 已完成 130
[完成] 类型检查：/Users/zhiboc/repos/yuyan-worktrees/基础库-密码公钥核验/库/标准库/操作系统/环境变量。豫 | PID 29169 | 退出 0 | 运行 6/24 | 已完成 131
[完成] 语法解析：/Users/zhiboc/repos/yuyan-worktrees/基础库-密码公钥核验/库/标准库/宿主带列。接口。豫 | PID 29169 | 退出 0 | 运行 5/24 | 已完成 132
[启动] parse：/Users/zhiboc/repos/yuyan-worktrees/基础库-密码公钥核验/库/标准库/操作系统/文件系统。豫 | 运行 6/24
[启动] parse：/Users/zhiboc/repos/yuyan-worktrees/基础库-密码公钥核验/库/标准库/控制/异步。豫 | 运行 7/24
[启动] parse：/Users/zhiboc/repos/yuyan-worktrees/基础库-密码公钥核验/库/标准库/操作系统/命令行参数。豫 | 运行 8/24
[完成] 语法解析：/Users/zhiboc/repos/yuyan-worktrees/基础库-密码公钥核验/库/标准库/数据结构/字符串术。豫 | PID 29169 | 退出 0 | 运行 7/24 | 已完成 133
[启动] parse：/Users/zhiboc/repos/yuyan-worktrees/基础库-密码公钥核验/库/标准库/操作系统/子进程。豫 | 运行 8/24
[启动] parse：/Users/zhiboc/repos/yuyan-worktrees/基础库-密码公钥核验/库/标准库/数据结构/特殊字符。豫 | 运行 9/24
[启动] parse：/Users/zhiboc/repos/yuyan-worktrees/基础库-密码公钥核验/库/标准库/数据结构/对子术。豫 | 运行 10/24
[完成] 类型检查：/Users/zhiboc/repos/yuyan-worktrees/基础库-密码公钥核验/库/标准库/数据结构/小数操作。豫 | PID 29169 | 退出 0 | 运行 9/24 | 已完成 134
[启动] type-check-and-erase：/Users/zhiboc/repos/yuyan-worktrees/基础库-密码公钥核验/库/标准库/操作系统/时间。豫 | 运行 10/24
[完成] 类型检查：/Users/zhiboc/repos/yuyan-worktrees/基础库-密码公钥核验/库/标准库/语言核心。豫 | PID 29169 | 退出 0 | 运行 9/24 | 已完成 135
[完成] 语法解析：/Users/zhiboc/repos/yuyan-worktrees/基础库-密码公钥核验/库/标准库/控制/异步。豫 | PID 29169 | 退出 0 | 运行 8/24 | 已完成 136
[启动] parse：/Users/zhiboc/repos/yuyan-worktrees/基础库-密码公钥核验/库/标准库/控制。豫 | 运行 9/24
[启动] parse：/Users/zhiboc/repos/yuyan-worktrees/基础库-密码公钥核验/库/标准库/网络/异步传输控制协议。豫 | 运行 10/24
[完成] 语法解析：/Users/zhiboc/repos/yuyan-worktrees/基础库-密码公钥核验/库/标准库/操作系统/子进程。豫 | PID 29169 | 退出 0 | 运行 9/24 | 已完成 137
[完成] 语法解析：/Users/zhiboc/repos/yuyan-worktrees/基础库-密码公钥核验/库/标准库/操作系统/命令行参数。豫 | PID 29169 | 退出 0 | 运行 8/24 | 已完成 138
[完成] 类型检查：/Users/zhiboc/repos/yuyan-worktrees/基础库-密码公钥核验/库/标准库/数据结构/可选值。豫 | PID 29169 | 退出 0 | 运行 7/24 | 已完成 139
[启动] type-check-and-erase：/Users/zhiboc/repos/yuyan-worktrees/基础库-密码公钥核验/库/标准库/数据结构/多态列。豫 | 运行 8/24
[完成] 语法解析：/Users/zhiboc/repos/yuyan-worktrees/基础库-密码公钥核验/库/标准库/数据结构/字符流术。豫 | PID 29169 | 退出 0 | 运行 7/24 | 已完成 140
[完成] 语法解析：/Users/zhiboc/repos/yuyan-worktrees/基础库-密码公钥核验/库/标准库/网络/异步传输控制协议。豫 | PID 29169 | 退出 0 | 运行 6/24 | 已完成 141
[完成] 语法解析：/Users/zhiboc/repos/yuyan-worktrees/基础库-密码公钥核验/库/标准库/控制。豫 | PID 29169 | 退出 0 | 运行 5/24 | 已完成 142
[完成] 语法解析：/Users/zhiboc/repos/yuyan-worktrees/基础库-密码公钥核验/库/标准库/数据结构/特殊字符。豫 | PID 29169 | 退出 0 | 运行 4/24 | 已完成 143
[启动] parse：/Users/zhiboc/repos/yuyan-worktrees/基础库-密码公钥核验/库/标准库/网络/超文本传输协议。豫 | 运行 5/24
[完成] 语法解析：/Users/zhiboc/repos/yuyan-worktrees/基础库-密码公钥核验/库/标准库/操作系统/文件系统。豫 | PID 29169 | 退出 0 | 运行 4/24 | 已完成 144
[完成] 类型检查：/Users/zhiboc/repos/yuyan-worktrees/基础库-密码公钥核验/库/标准库/操作系统/时间。豫 | PID 29169 | 退出 0 | 运行 3/24 | 已完成 145
[完成] 语法解析：/Users/zhiboc/repos/yuyan-worktrees/基础库-密码公钥核验/库/标准库/网络/超文本传输协议。豫 | PID 29169 | 退出 0 | 运行 2/24 | 已完成 146
[启动] parse：/Users/zhiboc/repos/yuyan-worktrees/基础库-密码公钥核验/库/标准库/网络。豫 | 运行 3/24
[完成] 语法解析：/Users/zhiboc/repos/yuyan-worktrees/基础库-密码公钥核验/库/标准库/网络。豫 | PID 29169 | 退出 0 | 运行 2/24 | 已完成 147
[完成] 语法解析：/Users/zhiboc/repos/yuyan-worktrees/基础库-密码公钥核验/库/标准库/数据结构/对子术。豫 | PID 29169 | 退出 0 | 运行 1/24 | 已完成 148
[启动] parse：/Users/zhiboc/repos/yuyan-worktrees/基础库-密码公钥核验/库/标准库/数据结构/列表搜索。豫 | 运行 2/24
[完成] 类型检查：/Users/zhiboc/repos/yuyan-worktrees/基础库-密码公钥核验/库/标准库/数据结构/多态列。豫 | PID 29169 | 退出 0 | 运行 1/24 | 已完成 149
[启动] type-check-and-erase：/Users/zhiboc/repos/yuyan-worktrees/基础库-密码公钥核验/库/标准库/数据结构/多态列工具。豫 | 运行 2/24
[启动] type-check-and-erase：/Users/zhiboc/repos/yuyan-worktrees/基础库-密码公钥核验/库/标准库/宿主带列。接口。豫 | 运行 3/24
[启动] type-check-and-erase：/Users/zhiboc/repos/yuyan-worktrees/基础库-密码公钥核验/库/标准库/数学运算/数组转换。豫 | 运行 4/24
[启动] type-check-and-erase：/Users/zhiboc/repos/yuyan-worktrees/基础库-密码公钥核验/库/标准库/数学运算/具体列。豫 | 运行 5/24
[完成] 语法解析：/Users/zhiboc/repos/yuyan-worktrees/基础库-密码公钥核验/库/标准库/数据结构/列表搜索。豫 | PID 29169 | 退出 0 | 运行 4/24 | 已完成 150
[启动] parse：/Users/zhiboc/repos/yuyan-worktrees/基础库-密码公钥核验/库/标准库/数据结构/字典术。豫 | 运行 5/24
[完成] 类型检查：/Users/zhiboc/repos/yuyan-worktrees/基础库-密码公钥核验/库/标准库/数据结构/多态列工具。豫 | PID 29169 | 退出 0 | 运行 4/24 | 已完成 151
[完成] 类型检查：/Users/zhiboc/repos/yuyan-worktrees/基础库-密码公钥核验/库/标准库/数学运算/数组转换。豫 | PID 29169 | 退出 0 | 运行 3/24 | 已完成 152
[启动] type-check-and-erase：/Users/zhiboc/repos/yuyan-worktrees/基础库-密码公钥核验/库/标准库/数据结构/字符串术。豫 | 运行 4/24
[启动] type-check-and-erase：/Users/zhiboc/repos/yuyan-worktrees/基础库-密码公钥核验/库/标准库/数据结构/字符流术。豫 | 运行 5/24
[完成] 类型检查：/Users/zhiboc/repos/yuyan-worktrees/基础库-密码公钥核验/库/标准库/数学运算/具体列。豫 | PID 29169 | 退出 0 | 运行 4/24 | 已完成 153
[启动] type-check-and-erase：/Users/zhiboc/repos/yuyan-worktrees/基础库-密码公钥核验/库/标准库/数学运算。豫 | 运行 5/24
[完成] 类型检查：/Users/zhiboc/repos/yuyan-worktrees/基础库-密码公钥核验/库/标准库/宿主带列。接口。豫 | PID 29169 | 退出 0 | 运行 4/24 | 已完成 154
[启动] type-check-and-erase：/Users/zhiboc/repos/yuyan-worktrees/基础库-密码公钥核验/库/标准库/操作系统/文件系统。豫 | 运行 5/24
[启动] type-check-and-erase：/Users/zhiboc/repos/yuyan-worktrees/基础库-密码公钥核验/库/标准库/控制/异步。豫 | 运行 6/24
[启动] type-check-and-erase：/Users/zhiboc/repos/yuyan-worktrees/基础库-密码公钥核验/库/标准库/操作系统/命令行参数。豫 | 运行 7/24
[完成] 类型检查：/Users/zhiboc/repos/yuyan-worktrees/基础库-密码公钥核验/库/标准库/数据结构/字符流术。豫 | PID 29169 | 退出 0 | 运行 6/24 | 已完成 155
[完成] 类型检查：/Users/zhiboc/repos/yuyan-worktrees/基础库-密码公钥核验/库/标准库/操作系统/命令行参数。豫 | PID 29169 | 退出 0 | 运行 5/24 | 已完成 156
[完成] 语法解析：/Users/zhiboc/repos/yuyan-worktrees/基础库-密码公钥核验/库/标准库/数据结构/字典术。豫 | PID 29169 | 退出 0 | 运行 4/24 | 已完成 157
[启动] parse：/Users/zhiboc/repos/yuyan-worktrees/基础库-密码公钥核验/库/标准库/数据结构。豫 | 运行 5/24
[启动] parse：/Users/zhiboc/repos/yuyan-worktrees/基础库-密码公钥核验/库/标准库/豫言标准内核。豫 | 运行 6/24
[完成] 类型检查：/Users/zhiboc/repos/yuyan-worktrees/基础库-密码公钥核验/库/标准库/数学运算。豫 | PID 29169 | 退出 0 | 运行 5/24 | 已完成 158
[完成] 类型检查：/Users/zhiboc/repos/yuyan-worktrees/基础库-密码公钥核验/库/标准库/控制/异步。豫 | PID 29169 | 退出 0 | 运行 4/24 | 已完成 159
[启动] type-check-and-erase：/Users/zhiboc/repos/yuyan-worktrees/基础库-密码公钥核验/库/标准库/控制。豫 | 运行 5/24
[启动] type-check-and-erase：/Users/zhiboc/repos/yuyan-worktrees/基础库-密码公钥核验/库/标准库/网络/异步传输控制协议。豫 | 运行 6/24
[完成] 语法解析：/Users/zhiboc/repos/yuyan-worktrees/基础库-密码公钥核验/库/标准库/豫言标准内核。豫 | PID 29169 | 退出 0 | 运行 5/24 | 已完成 160
[启动] parse：/Users/zhiboc/repos/yuyan-worktrees/基础库-密码公钥核验/库/标准库/操作系统/路径。豫 | 运行 6/24
[完成] 类型检查：/Users/zhiboc/repos/yuyan-worktrees/基础库-密码公钥核验/库/标准库/操作系统/文件系统。豫 | PID 29169 | 退出 0 | 运行 5/24 | 已完成 161
[完成] 语法解析：/Users/zhiboc/repos/yuyan-worktrees/基础库-密码公钥核验/库/标准库/数据结构。豫 | PID 29169 | 退出 0 | 运行 4/24 | 已完成 162
[完成] 类型检查：/Users/zhiboc/repos/yuyan-worktrees/基础库-密码公钥核验/库/标准库/控制。豫 | PID 29169 | 退出 0 | 运行 3/24 | 已完成 163
[完成] 类型检查：/Users/zhiboc/repos/yuyan-worktrees/基础库-密码公钥核验/库/标准库/数据结构/字符串术。豫 | PID 29169 | 退出 0 | 运行 2/24 | 已完成 164
[启动] type-check-and-erase：/Users/zhiboc/repos/yuyan-worktrees/基础库-密码公钥核验/库/标准库/操作系统/子进程。豫 | 运行 3/24
[启动] type-check-and-erase：/Users/zhiboc/repos/yuyan-worktrees/基础库-密码公钥核验/库/标准库/数据结构/特殊字符。豫 | 运行 4/24
[启动] type-check-and-erase：/Users/zhiboc/repos/yuyan-worktrees/基础库-密码公钥核验/库/标准库/数据结构/对子术。豫 | 运行 5/24
[完成] 类型检查：/Users/zhiboc/repos/yuyan-worktrees/基础库-密码公钥核验/库/标准库/网络/异步传输控制协议。豫 | PID 29169 | 退出 0 | 运行 4/24 | 已完成 165
[完成] 语法解析：/Users/zhiboc/repos/yuyan-worktrees/基础库-密码公钥核验/库/标准库/操作系统/路径。豫 | PID 29169 | 退出 0 | 运行 3/24 | 已完成 166
[启动] parse：/Users/zhiboc/repos/yuyan-worktrees/基础库-密码公钥核验/库/标准库/操作系统。豫 | 运行 4/24
[完成] 类型检查：/Users/zhiboc/repos/yuyan-worktrees/基础库-密码公钥核验/库/标准库/数据结构/特殊字符。豫 | PID 29169 | 退出 0 | 运行 3/24 | 已完成 167
[启动] type-check-and-erase：/Users/zhiboc/repos/yuyan-worktrees/基础库-密码公钥核验/库/标准库/网络/超文本传输协议。豫 | 运行 4/24
[完成] 类型检查：/Users/zhiboc/repos/yuyan-worktrees/基础库-密码公钥核验/库/标准库/操作系统/子进程。豫 | PID 29169 | 退出 0 | 运行 3/24 | 已完成 168
[完成] 语法解析：/Users/zhiboc/repos/yuyan-worktrees/基础库-密码公钥核验/库/标准库/操作系统。豫 | PID 29169 | 退出 0 | 运行 2/24 | 已完成 169
[启动] parse：/Users/zhiboc/repos/yuyan-worktrees/基础库-密码公钥核验/库/标准库/总集。豫 | 运行 3/24
[完成] 类型检查：/Users/zhiboc/repos/yuyan-worktrees/基础库-密码公钥核验/库/标准库/数据结构/对子术。豫 | PID 29169 | 退出 0 | 运行 2/24 | 已完成 170
[启动] type-check-and-erase：/Users/zhiboc/repos/yuyan-worktrees/基础库-密码公钥核验/库/标准库/数据结构/列表搜索。豫 | 运行 3/24
[完成] 语法解析：/Users/zhiboc/repos/yuyan-worktrees/基础库-密码公钥核验/库/标准库/总集。豫 | PID 29169 | 退出 0 | 运行 2/24 | 已完成 171
[启动] parse：/Users/zhiboc/repos/yuyan-worktrees/基础库-密码公钥核验/库/基础库/密码与安全/密码/字节。豫 | 运行 3/24
[启动] parse：/Users/zhiboc/repos/yuyan-worktrees/基础库-密码公钥核验/库/基础库/密码与安全/密码/对称。豫 | 运行 4/24
[启动] parse：/Users/zhiboc/repos/yuyan-worktrees/基础库-密码公钥核验/库/基础库/密码与安全/密码/AES。豫 | 运行 5/24
[启动] parse：/Users/zhiboc/repos/yuyan-worktrees/基础库-密码公钥核验/库/基础库/密码与安全/密码/定宽RSA。豫 | 运行 6/24
[启动] parse：/Users/zhiboc/repos/yuyan-worktrees/基础库-密码公钥核验/库/基础库/密码与安全/密码/曲线。豫 | 运行 7/24
[启动] parse：/Users/zhiboc/repos/yuyan-worktrees/基础库-密码公钥核验/库/基础库/密码与安全/密码/海绵散列。豫 | 运行 8/24
[启动] parse：/Users/zhiboc/repos/yuyan-worktrees/基础库-密码公钥核验/库/基础库/密码与安全/密码/散列。豫 | 运行 9/24
[完成] 语法解析：/Users/zhiboc/repos/yuyan-worktrees/基础库-密码公钥核验/库/基础库/密码与安全/密码/对称。豫 | PID 29169 | 退出 0 | 运行 8/24 | 已完成 172
[启动] parse：/Users/zhiboc/repos/yuyan-worktrees/基础库-密码公钥核验/库/基础库/密码与安全/密码/认证。豫 | 运行 9/24
[完成] 语法解析：/Users/zhiboc/repos/yuyan-worktrees/基础库-密码公钥核验/库/基础库/密码与安全/密码/字节。豫 | PID 29169 | 退出 0 | 运行 8/24 | 已完成 173
[启动] parse：/Users/zhiboc/repos/yuyan-worktrees/基础库-密码公钥核验/库/基础库/密码与安全/密码/通用派生。豫 | 运行 9/24
[完成] 类型检查：/Users/zhiboc/repos/yuyan-worktrees/基础库-密码公钥核验/库/标准库/数据结构/列表搜索。豫 | PID 29169 | 退出 0 | 运行 8/24 | 已完成 174
[启动] type-check-and-erase：/Users/zhiboc/repos/yuyan-worktrees/基础库-密码公钥核验/库/标准库/数据结构/字典术。豫 | 运行 9/24
[完成] 类型检查：/Users/zhiboc/repos/yuyan-worktrees/基础库-密码公钥核验/库/标准库/网络/超文本传输协议。豫 | PID 29169 | 退出 0 | 运行 8/24 | 已完成 175
[启动] type-check-and-erase：/Users/zhiboc/repos/yuyan-worktrees/基础库-密码公钥核验/库/标准库/网络。豫 | 运行 9/24
[完成] 语法解析：/Users/zhiboc/repos/yuyan-worktrees/基础库-密码公钥核验/库/基础库/密码与安全/密码/定宽RSA。豫 | PID 29169 | 退出 0 | 运行 8/24 | 已完成 176
[启动] parse：/Users/zhiboc/repos/yuyan-worktrees/基础库-密码公钥核验/库/基础库/密码与安全/密码/公钥。豫 | 运行 9/24
[完成] 类型检查：/Users/zhiboc/repos/yuyan-worktrees/基础库-密码公钥核验/库/标准库/数据结构/字典术。豫 | PID 29169 | 退出 0 | 运行 8/24 | 已完成 177
[启动] type-check-and-erase：/Users/zhiboc/repos/yuyan-worktrees/基础库-密码公钥核验/库/标准库/数据结构。豫 | 运行 9/24
[启动] type-check-and-erase：/Users/zhiboc/repos/yuyan-worktrees/基础库-密码公钥核验/库/标准库/豫言标准内核。豫 | 运行 10/24
[完成] 语法解析：/Users/zhiboc/repos/yuyan-worktrees/基础库-密码公钥核验/库/基础库/密码与安全/密码/公钥。豫 | PID 29169 | 退出 0 | 运行 9/24 | 已完成 178
[完成] 语法解析：/Users/zhiboc/repos/yuyan-worktrees/基础库-密码公钥核验/库/基础库/密码与安全/密码/通用派生。豫 | PID 29169 | 退出 0 | 运行 8/24 | 已完成 179
[完成] 语法解析：/Users/zhiboc/repos/yuyan-worktrees/基础库-密码公钥核验/库/基础库/密码与安全/密码/AES。豫 | PID 29169 | 退出 0 | 运行 7/24 | 已完成 180
[完成] 类型检查：/Users/zhiboc/repos/yuyan-worktrees/基础库-密码公钥核验/库/标准库/数据结构。豫 | PID 29169 | 退出 0 | 运行 6/24 | 已完成 181
[完成] 语法解析：/Users/zhiboc/repos/yuyan-worktrees/基础库-密码公钥核验/库/基础库/密码与安全/密码/海绵散列。豫 | PID 29169 | 退出 0 | 运行 5/24 | 已完成 182
[完成] 语法解析：/Users/zhiboc/repos/yuyan-worktrees/基础库-密码公钥核验/库/基础库/密码与安全/密码/认证。豫 | PID 29169 | 退出 0 | 运行 4/24 | 已完成 183
[完成] 语法解析：/Users/zhiboc/repos/yuyan-worktrees/基础库-密码公钥核验/库/基础库/密码与安全/密码/散列。豫 | PID 29169 | 退出 0 | 运行 3/24 | 已完成 184
[启动] parse：/Users/zhiboc/repos/yuyan-worktrees/基础库-密码公钥核验/库/基础库/密码与安全/密码/宽字散列。豫 | 运行 4/24
[启动] parse：/Users/zhiboc/repos/yuyan-worktrees/基础库-密码公钥核验/库/基础库/密码与安全/密码/派生。豫 | 运行 5/24
[完成] 类型检查：/Users/zhiboc/repos/yuyan-worktrees/基础库-密码公钥核验/库/标准库/网络。豫 | PID 29169 | 退出 0 | 运行 4/24 | 已完成 185
[完成] 语法解析：/Users/zhiboc/repos/yuyan-worktrees/基础库-密码公钥核验/库/基础库/密码与安全/密码/宽字散列。豫 | PID 29169 | 退出 0 | 运行 3/24 | 已完成 186
[启动] parse：/Users/zhiboc/repos/yuyan-worktrees/基础库-密码公钥核验/库/基础库/密码与安全/密码/BLAKE散列。豫 | 运行 4/24
[完成] 语法解析：/Users/zhiboc/repos/yuyan-worktrees/基础库-密码公钥核验/库/基础库/密码与安全/密码/派生。豫 | PID 29169 | 退出 0 | 运行 3/24 | 已完成 187
[启动] parse：/Users/zhiboc/repos/yuyan-worktrees/基础库-密码公钥核验/库/基础库/密码与安全/密码/口令内存。豫 | 运行 4/24
[完成] 语法解析：/Users/zhiboc/repos/yuyan-worktrees/基础库-密码公钥核验/库/基础库/密码与安全/密码/BLAKE散列。豫 | PID 29169 | 退出 0 | 运行 3/24 | 已完成 188
[完成] 类型检查：/Users/zhiboc/repos/yuyan-worktrees/基础库-密码公钥核验/库/标准库/豫言标准内核。豫 | PID 29169 | 退出 0 | 运行 2/24 | 已完成 189
[启动] type-check-and-erase：/Users/zhiboc/repos/yuyan-worktrees/基础库-密码公钥核验/库/标准库/操作系统/路径。豫 | 运行 3/24
[完成] 语法解析：/Users/zhiboc/repos/yuyan-worktrees/基础库-密码公钥核验/库/基础库/密码与安全/密码/曲线。豫 | PID 29169 | 退出 0 | 运行 2/24 | 已完成 190
[启动] parse：/Users/zhiboc/repos/yuyan-worktrees/基础库-密码公钥核验/库/基础库/密码与安全/密码/爱德曲线。豫 | 运行 3/24
[完成] 语法解析：/Users/zhiboc/repos/yuyan-worktrees/基础库-密码公钥核验/库/基础库/密码与安全/密码/口令内存。豫 | PID 29169 | 退出 0 | 运行 2/24 | 已完成 191
[完成] 类型检查：/Users/zhiboc/repos/yuyan-worktrees/基础库-密码公钥核验/库/标准库/操作系统/路径。豫 | PID 29169 | 退出 0 | 运行 1/24 | 已完成 192
[启动] type-check-and-erase：/Users/zhiboc/repos/yuyan-worktrees/基础库-密码公钥核验/库/标准库/操作系统。豫 | 运行 2/24
[完成] 类型检查：/Users/zhiboc/repos/yuyan-worktrees/基础库-密码公钥核验/库/标准库/操作系统。豫 | PID 29169 | 退出 0 | 运行 1/24 | 已完成 193
[启动] type-check-and-erase：/Users/zhiboc/repos/yuyan-worktrees/基础库-密码公钥核验/库/标准库/总集。豫 | 运行 2/24
[完成] 语法解析：/Users/zhiboc/repos/yuyan-worktrees/基础库-密码公钥核验/库/基础库/密码与安全/密码/爱德曲线。豫 | PID 29169 | 退出 0 | 运行 1/24 | 已完成 194
[启动] parse：/Users/zhiboc/repos/yuyan-worktrees/基础库-密码公钥核验/库/基础库/密码与安全/密码/爱德签名。豫 | 运行 2/24
[完成] 类型检查：/Users/zhiboc/repos/yuyan-worktrees/基础库-密码公钥核验/库/标准库/总集。豫 | PID 29169 | 退出 0 | 运行 1/24 | 已完成 195
[启动] type-check-and-erase：/Users/zhiboc/repos/yuyan-worktrees/基础库-密码公钥核验/库/基础库/密码与安全/密码/字节。豫 | 运行 2/24
[启动] type-check-and-erase：/Users/zhiboc/repos/yuyan-worktrees/基础库-密码公钥核验/库/基础库/密码与安全/密码/对称。豫 | 运行 3/24
[启动] type-check-and-erase：/Users/zhiboc/repos/yuyan-worktrees/基础库-密码公钥核验/库/基础库/密码与安全/密码/AES。豫 | 运行 4/24
[启动] type-check-and-erase：/Users/zhiboc/repos/yuyan-worktrees/基础库-密码公钥核验/库/基础库/密码与安全/密码/定宽RSA。豫 | 运行 5/24
[启动] type-check-and-erase：/Users/zhiboc/repos/yuyan-worktrees/基础库-密码公钥核验/库/基础库/密码与安全/密码/曲线。豫 | 运行 6/24
[启动] type-check-and-erase：/Users/zhiboc/repos/yuyan-worktrees/基础库-密码公钥核验/库/基础库/密码与安全/密码/海绵散列。豫 | 运行 7/24
[启动] type-check-and-erase：/Users/zhiboc/repos/yuyan-worktrees/基础库-密码公钥核验/库/基础库/密码与安全/密码/散列。豫 | 运行 8/24
[完成] 类型检查：/Users/zhiboc/repos/yuyan-worktrees/基础库-密码公钥核验/库/基础库/密码与安全/密码/AES。豫 | PID 29169 | 退出 0 | 运行 7/24 | 已完成 196
[完成] 类型检查：/Users/zhiboc/repos/yuyan-worktrees/基础库-密码公钥核验/库/基础库/密码与安全/密码/字节。豫 | PID 29169 | 退出 0 | 运行 6/24 | 已完成 197
[启动] type-check-and-erase：/Users/zhiboc/repos/yuyan-worktrees/基础库-密码公钥核验/库/基础库/密码与安全/密码/通用派生。豫 | 运行 7/24
[完成] 语法解析：/Users/zhiboc/repos/yuyan-worktrees/基础库-密码公钥核验/库/基础库/密码与安全/密码/爱德签名。豫 | PID 29169 | 退出 0 | 运行 6/24 | 已完成 198
[启动] parse：/Users/zhiboc/repos/yuyan-worktrees/基础库-密码公钥核验/库/基础库/密码与安全/密码/爱德验签。豫 | 运行 7/24
[完成] 类型检查：/Users/zhiboc/repos/yuyan-worktrees/基础库-密码公钥核验/库/基础库/密码与安全/密码/定宽RSA。豫 | PID 29169 | 退出 0 | 运行 6/24 | 已完成 199
[启动] type-check-and-erase：/Users/zhiboc/repos/yuyan-worktrees/基础库-密码公钥核验/库/基础库/密码与安全/密码/公钥。豫 | 运行 7/24
[完成] 类型检查：/Users/zhiboc/repos/yuyan-worktrees/基础库-密码公钥核验/库/基础库/密码与安全/密码/散列。豫 | PID 29169 | 退出 0 | 运行 6/24 | 已完成 200
[启动] type-check-and-erase：/Users/zhiboc/repos/yuyan-worktrees/基础库-密码公钥核验/库/基础库/密码与安全/密码/宽字散列。豫 | 运行 7/24
[启动] type-check-and-erase：/Users/zhiboc/repos/yuyan-worktrees/基础库-密码公钥核验/库/基础库/密码与安全/密码/派生。豫 | 运行 8/24
[完成] 类型检查：/Users/zhiboc/repos/yuyan-worktrees/基础库-密码公钥核验/库/基础库/密码与安全/密码/派生。豫 | PID 29169 | 退出 0 | 运行 7/24 | 已完成 201
[启动] type-check-and-erase：/Users/zhiboc/repos/yuyan-worktrees/基础库-密码公钥核验/库/基础库/密码与安全/密码/口令内存。豫 | 运行 8/24
[完成] 类型检查：/Users/zhiboc/repos/yuyan-worktrees/基础库-密码公钥核验/库/基础库/密码与安全/密码/对称。豫 | PID 29169 | 退出 0 | 运行 7/24 | 已完成 202
[启动] type-check-and-erase：/Users/zhiboc/repos/yuyan-worktrees/基础库-密码公钥核验/库/基础库/密码与安全/密码/认证。豫 | 运行 8/24
[完成] 类型检查：/Users/zhiboc/repos/yuyan-worktrees/基础库-密码公钥核验/库/基础库/密码与安全/密码/口令内存。豫 | PID 29169 | 退出 0 | 运行 7/24 | 已完成 203
[完成] 类型检查：/Users/zhiboc/repos/yuyan-worktrees/基础库-密码公钥核验/库/基础库/密码与安全/密码/宽字散列。豫 | PID 29169 | 退出 0 | 运行 6/24 | 已完成 204
[启动] type-check-and-erase：/Users/zhiboc/repos/yuyan-worktrees/基础库-密码公钥核验/库/基础库/密码与安全/密码/BLAKE散列。豫 | 运行 7/24
[完成] 语法解析：/Users/zhiboc/repos/yuyan-worktrees/基础库-密码公钥核验/库/基础库/密码与安全/密码/爱德验签。豫 | PID 29169 | 退出 0 | 运行 6/24 | 已完成 205
[启动] parse：/Users/zhiboc/repos/yuyan-worktrees/基础库-密码公钥核验/库/基础库/密码与安全/密码/总集。豫 | 运行 7/24
[完成] 类型检查：/Users/zhiboc/repos/yuyan-worktrees/基础库-密码公钥核验/库/基础库/密码与安全/密码/公钥。豫 | PID 29169 | 退出 0 | 运行 6/24 | 已完成 206
[完成] 类型检查：/Users/zhiboc/repos/yuyan-worktrees/基础库-密码公钥核验/库/基础库/密码与安全/密码/BLAKE散列。豫 | PID 29169 | 退出 0 | 运行 5/24 | 已完成 207
[完成] 类型检查：/Users/zhiboc/repos/yuyan-worktrees/基础库-密码公钥核验/库/基础库/密码与安全/密码/通用派生。豫 | PID 29169 | 退出 0 | 运行 4/24 | 已完成 208
[完成] 类型检查：/Users/zhiboc/repos/yuyan-worktrees/基础库-密码公钥核验/库/基础库/密码与安全/密码/认证。豫 | PID 29169 | 退出 0 | 运行 3/24 | 已完成 209
[完成] 语法解析：/Users/zhiboc/repos/yuyan-worktrees/基础库-密码公钥核验/库/基础库/密码与安全/密码/总集。豫 | PID 29169 | 退出 0 | 运行 2/24 | 已完成 210
[完成] 类型检查：/Users/zhiboc/repos/yuyan-worktrees/基础库-密码公钥核验/库/基础库/密码与安全/密码/海绵散列。豫 | PID 29169 | 退出 0 | 运行 1/24 | 已完成 211
[完成] 类型检查：/Users/zhiboc/repos/yuyan-worktrees/基础库-密码公钥核验/库/基础库/密码与安全/密码/曲线。豫 | PID 29169 | 退出 0 | 运行 0/24 | 已完成 212
[启动] type-check-and-erase：/Users/zhiboc/repos/yuyan-worktrees/基础库-密码公钥核验/库/基础库/密码与安全/密码/爱德曲线。豫 | 运行 1/24
[完成] 类型检查：/Users/zhiboc/repos/yuyan-worktrees/基础库-密码公钥核验/库/基础库/密码与安全/密码/爱德曲线。豫 | PID 29169 | 退出 0 | 运行 0/24 | 已完成 213
[启动] type-check-and-erase：/Users/zhiboc/repos/yuyan-worktrees/基础库-密码公钥核验/库/基础库/密码与安全/密码/爱德签名。豫 | 运行 1/24
[完成] 类型检查：/Users/zhiboc/repos/yuyan-worktrees/基础库-密码公钥核验/库/基础库/密码与安全/密码/爱德签名。豫 | PID 29169 | 退出 0 | 运行 0/24 | 已完成 214
[启动] type-check-and-erase：/Users/zhiboc/repos/yuyan-worktrees/基础库-密码公钥核验/库/基础库/密码与安全/密码/爱德验签。豫 | 运行 1/24
[完成] 类型检查：/Users/zhiboc/repos/yuyan-worktrees/基础库-密码公钥核验/库/基础库/密码与安全/密码/爱德验签。豫 | PID 29169 | 退出 0 | 运行 0/24 | 已完成 215
[启动] type-check-and-erase：/Users/zhiboc/repos/yuyan-worktrees/基础库-密码公钥核验/库/基础库/密码与安全/密码/总集。豫 | 运行 1/24
[完成] 类型检查：/Users/zhiboc/repos/yuyan-worktrees/基础库-密码公钥核验/库/基础库/密码与安全/密码/总集。豫 | PID 29169 | 退出 0 | 运行 0/24 | 已完成 216
[启动] exec-gen：/Users/zhiboc/repos/yuyan-worktrees/基础库-密码公钥核验/库/基础库/密码与安全/密码/总集。豫 | 运行 1/24
[完成] 最终链接：/Users/zhiboc/repos/yuyan-worktrees/基础库-密码公钥核验/库/基础库/密码与安全/密码/总集。豫 | PID 29169 | 退出 0 | 运行 0/24 | 已完成 217
[2026-10-08 01:02:55] 当前路径：/Users/zhiboc/repos/yuyan-worktrees/基础库-密码公钥核验/yyRSA验证链

[2026-10-08 01:02:55] 当前路径：/Users/zhiboc/repos/yuyan-worktrees/基础库-密码公钥核验/yyRSA验证链
[启动] dependency-analysis：/Users/zhiboc/repos/yuyan-worktrees/基础库-密码公钥核验/库/基础库/密码与安全/密码/散列。豫 | 运行 1/24
[完成] 依赖分析：/Users/zhiboc/repos/yuyan-worktrees/基础库-密码公钥核验/库/基础库/密码与安全/密码/散列。豫 | PID 29171 | 退出 0 | 运行 0/24 | 已完成 1
[启动] dependency-analysis：/Users/zhiboc/repos/yuyan-worktrees/基础库-密码公钥核验/库/标准库/总集。豫 | 运行 1/24
[启动] dependency-analysis：/Users/zhiboc/repos/yuyan-worktrees/基础库-密码公钥核验/库/标准库/数据结构/字节串。豫 | 运行 2/24
[完成] 依赖分析：/Users/zhiboc/repos/yuyan-worktrees/基础库-密码公钥核验/库/标准库/总集。豫 | PID 29171 | 退出 0 | 运行 1/24 | 已完成 2
[启动] dependency-analysis：/Users/zhiboc/repos/yuyan-worktrees/基础库-密码公钥核验/库/标准库/操作系统。豫 | 运行 2/24
[启动] dependency-analysis：/Users/zhiboc/repos/yuyan-worktrees/基础库-密码公钥核验/库/标准库/控制。豫 | 运行 3/24
[启动] dependency-analysis：/Users/zhiboc/repos/yuyan-worktrees/基础库-密码公钥核验/库/标准库/数学运算。豫 | 运行 4/24
[启动] dependency-analysis：/Users/zhiboc/repos/yuyan-worktrees/基础库-密码公钥核验/库/标准库/数据结构。豫 | 运行 5/24
[启动] dependency-analysis：/Users/zhiboc/repos/yuyan-worktrees/基础库-密码公钥核验/库/标准库/输入输出。豫 | 运行 6/24
[启动] dependency-analysis：/Users/zhiboc/repos/yuyan-worktrees/基础库-密码公钥核验/库/标准库/语言核心。豫 | 运行 7/24
[启动] dependency-analysis：/Users/zhiboc/repos/yuyan-worktrees/基础库-密码公钥核验/库/标准库/网络。豫 | 运行 8/24
[启动] dependency-analysis：/Users/zhiboc/repos/yuyan-worktrees/基础库-密码公钥核验/库/标准库/豫言标准内核。豫 | 运行 9/24
[完成] 依赖分析：/Users/zhiboc/repos/yuyan-worktrees/基础库-密码公钥核验/库/标准库/操作系统。豫 | PID 29171 | 退出 0 | 运行 8/24 | 已完成 3
[启动] dependency-analysis：/Users/zhiboc/repos/yuyan-worktrees/基础库-密码公钥核验/库/标准库/操作系统/子进程。豫 | 运行 9/24
[启动] dependency-analysis：/Users/zhiboc/repos/yuyan-worktrees/基础库-密码公钥核验/库/标准库/操作系统/命令行参数。豫 | 运行 10/24
[启动] dependency-analysis：/Users/zhiboc/repos/yuyan-worktrees/基础库-密码公钥核验/库/标准库/操作系统/文件系统。豫 | 运行 11/24
[启动] dependency-analysis：/Users/zhiboc/repos/yuyan-worktrees/基础库-密码公钥核验/库/标准库/操作系统/进程。豫 | 运行 12/24
[启动] dependency-analysis：/Users/zhiboc/repos/yuyan-worktrees/基础库-密码公钥核验/库/标准库/操作系统/时间。豫 | 运行 13/24
[启动] dependency-analysis：/Users/zhiboc/repos/yuyan-worktrees/基础库-密码公钥核验/库/标准库/操作系统/路径。豫 | 运行 14/24
[启动] dependency-analysis：/Users/zhiboc/repos/yuyan-worktrees/基础库-密码公钥核验/库/标准库/操作系统/系统名称。豫 | 运行 15/24
[启动] dependency-analysis：/Users/zhiboc/repos/yuyan-worktrees/基础库-密码公钥核验/库/标准库/操作系统/环境变量。豫 | 运行 16/24
[完成] 依赖分析：/Users/zhiboc/repos/yuyan-worktrees/基础库-密码公钥核验/库/标准库/操作系统/命令行参数。豫 | PID 29171 | 退出 0 | 运行 15/24 | 已完成 4
[启动] dependency-analysis：/Users/zhiboc/repos/yuyan-worktrees/基础库-密码公钥核验/库/标准库/语言核心/内建类型。豫 | 运行 16/24
[启动] dependency-analysis：/Users/zhiboc/repos/yuyan-worktrees/基础库-密码公钥核验/库/标准库/数据结构/多态列。豫 | 运行 17/24
[启动] dependency-analysis：/Users/zhiboc/repos/yuyan-worktrees/基础库-密码公钥核验/库/标准库/宿主。接口。豫 | 运行 18/24
[启动] dependency-analysis：/Users/zhiboc/repos/yuyan-worktrees/基础库-密码公钥核验/库/标准库/宿主带列。接口。豫 | 运行 19/24
[完成] 依赖分析：/Users/zhiboc/repos/yuyan-worktrees/基础库-密码公钥核验/库/标准库/操作系统/子进程。豫 | PID 29171 | 退出 0 | 运行 18/24 | 已完成 5
[启动] dependency-analysis：/Users/zhiboc/repos/yuyan-worktrees/基础库-密码公钥核验/库/标准库/语言核心/异常。豫 | 运行 19/24
[启动] dependency-analysis：/Users/zhiboc/repos/yuyan-worktrees/基础库-密码公钥核验/库/标准库/数据结构/字符串术。豫 | 运行 20/24
[启动] dependency-analysis：/Users/zhiboc/repos/yuyan-worktrees/基础库-密码公钥核验/库/标准库/输入输出/笔。豫 | 运行 21/24
[完成] 依赖分析：/Users/zhiboc/repos/yuyan-worktrees/基础库-密码公钥核验/库/标准库/控制。豫 | PID 29171 | 退出 0 | 运行 20/24 | 已完成 6
[启动] dependency-analysis：/Users/zhiboc/repos/yuyan-worktrees/基础库-密码公钥核验/库/标准库/控制/惰性求值。豫 | 运行 21/24
[启动] dependency-analysis：/Users/zhiboc/repos/yuyan-worktrees/基础库-密码公钥核验/库/标准库/控制/异步。豫 | 运行 22/24
[完成] 依赖分析：/Users/zhiboc/repos/yuyan-worktrees/基础库-密码公钥核验/库/标准库/数据结构/字节串。豫 | PID 29171 | 退出 0 | 运行 21/24 | 已完成 7
[启动] dependency-analysis：/Users/zhiboc/repos/yuyan-worktrees/基础库-密码公钥核验/库/标准库/语言核心/原语。内建。豫 | 运行 22/24
[完成] 依赖分析：/Users/zhiboc/repos/yuyan-worktrees/基础库-密码公钥核验/库/标准库/操作系统/环境变量。豫 | PID 29171 | 退出 0 | 运行 21/24 | 已完成 8
[完成] 依赖分析：/Users/zhiboc/repos/yuyan-worktrees/基础库-密码公钥核验/库/标准库/操作系统/路径。豫 | PID 29171 | 退出 0 | 运行 20/24 | 已完成 9
[完成] 依赖分析：/Users/zhiboc/repos/yuyan-worktrees/基础库-密码公钥核验/库/标准库/操作系统/进程。豫 | PID 29171 | 退出 0 | 运行 19/24 | 已完成 10
[完成] 依赖分析：/Users/zhiboc/repos/yuyan-worktrees/基础库-密码公钥核验/库/标准库/网络。豫 | PID 29171 | 退出 0 | 运行 18/24 | 已完成 11
[启动] dependency-analysis：/Users/zhiboc/repos/yuyan-worktrees/基础库-密码公钥核验/库/标准库/网络/传输控制协议。豫 | 运行 19/24
[启动] dependency-analysis：/Users/zhiboc/repos/yuyan-worktrees/基础库-密码公钥核验/库/标准库/网络/异步传输控制协议。豫 | 运行 20/24
[启动] dependency-analysis：/Users/zhiboc/repos/yuyan-worktrees/基础库-密码公钥核验/库/标准库/网络/超文本传输协议。豫 | 运行 21/24
[完成] 依赖分析：/Users/zhiboc/repos/yuyan-worktrees/基础库-密码公钥核验/库/标准库/输入输出。豫 | PID 29171 | 退出 0 | 运行 20/24 | 已完成 12
[完成] 依赖分析：/Users/zhiboc/repos/yuyan-worktrees/基础库-密码公钥核验/库/标准库/数据结构。豫 | PID 29171 | 退出 0 | 运行 19/24 | 已完成 13
[启动] dependency-analysis：/Users/zhiboc/repos/yuyan-worktrees/基础库-密码公钥核验/库/标准库/数据结构/多态列工具。豫 | 运行 20/24
[启动] dependency-analysis：/Users/zhiboc/repos/yuyan-worktrees/基础库-密码公钥核验/库/标准库/数据结构/爻术。豫 | 运行 21/24
[启动] dependency-analysis：/Users/zhiboc/repos/yuyan-worktrees/基础库-密码公钥核验/库/标准库/数据结构/字符流术。豫 | 运行 22/24
[启动] dependency-analysis：/Users/zhiboc/repos/yuyan-worktrees/基础库-密码公钥核验/库/标准库/数据结构/整数操作。豫 | 运行 23/24
[启动] dependency-analysis：/Users/zhiboc/repos/yuyan-worktrees/基础库-密码公钥核验/库/标准库/数据结构/特殊字符。豫 | 运行 24/24
[完成] 依赖分析：/Users/zhiboc/repos/yuyan-worktrees/基础库-密码公钥核验/库/标准库/数学运算。豫 | PID 29171 | 退出 0 | 运行 23/24 | 已完成 14
[启动] dependency-analysis：/Users/zhiboc/repos/yuyan-worktrees/基础库-密码公钥核验/库/标准库/数据结构/对子术。豫 | 运行 24/24
[完成] 依赖分析：/Users/zhiboc/repos/yuyan-worktrees/基础库-密码公钥核验/库/标准库/宿主。接口。豫 | PID 29171 | 退出 0 | 运行 23/24 | 已完成 15
[启动] dependency-analysis：/Users/zhiboc/repos/yuyan-worktrees/基础库-密码公钥核验/库/标准库/数据结构/字典术。豫 | 运行 24/24
[完成] 依赖分析：/Users/zhiboc/repos/yuyan-worktrees/基础库-密码公钥核验/库/标准库/语言核心/内建类型。豫 | PID 29171 | 退出 0 | 运行 23/24 | 已完成 16
[启动] dependency-analysis：/Users/zhiboc/repos/yuyan-worktrees/基础库-密码公钥核验/库/标准库/数据结构/可选值。豫 | 运行 24/24
[完成] 依赖分析：/Users/zhiboc/repos/yuyan-worktrees/基础库-密码公钥核验/库/标准库/操作系统/时间。豫 | PID 29171 | 退出 0 | 运行 23/24 | 已完成 17
[启动] dependency-analysis：/Users/zhiboc/repos/yuyan-worktrees/基础库-密码公钥核验/库/标准库/数据结构/小数操作。豫 | 运行 24/24
[完成] 依赖分析：/Users/zhiboc/repos/yuyan-worktrees/基础库-密码公钥核验/库/标准库/操作系统/文件系统。豫 | PID 29171 | 退出 0 | 运行 23/24 | 已完成 18
[启动] dependency-analysis：/Users/zhiboc/repos/yuyan-worktrees/基础库-密码公钥核验/库/标准库/数据结构/小数术。豫 | 运行 24/24
[完成] 依赖分析：/Users/zhiboc/repos/yuyan-worktrees/基础库-密码公钥核验/库/标准库/豫言标准内核。豫 | PID 29171 | 退出 0 | 运行 23/24 | 已完成 19
[启动] dependency-analysis：/Users/zhiboc/repos/yuyan-worktrees/基础库-密码公钥核验/库/标准库/数据结构/列表搜索。豫 | 运行 24/24
[完成] 依赖分析：/Users/zhiboc/repos/yuyan-worktrees/基础库-密码公钥核验/库/标准库/语言核心。豫 | PID 29171 | 退出 0 | 运行 23/24 | 已完成 20
[启动] dependency-analysis：/Users/zhiboc/repos/yuyan-worktrees/基础库-密码公钥核验/库/标准库/数据结构/函数操作。豫 | 运行 24/24
[完成] 依赖分析：/Users/zhiboc/repos/yuyan-worktrees/基础库-密码公钥核验/库/标准库/数据结构/字符流术。豫 | PID 29171 | 退出 0 | 运行 23/24 | 已完成 21
[启动] dependency-analysis：/Users/zhiboc/repos/yuyan-worktrees/基础库-密码公钥核验/库/标准库/数据结构/字节缓冲。豫 | 运行 24/24
[完成] 依赖分析：/Users/zhiboc/repos/yuyan-worktrees/基础库-密码公钥核验/库/标准库/数据结构/爻术。豫 | PID 29171 | 退出 0 | 运行 23/24 | 已完成 22
[启动] dependency-analysis：/Users/zhiboc/repos/yuyan-worktrees/基础库-密码公钥核验/库/标准库/数学运算/转换。豫 | 运行 24/24
[完成] 依赖分析：/Users/zhiboc/repos/yuyan-worktrees/基础库-密码公钥核验/库/标准库/语言核心/原语。内建。豫 | PID 29171 | 退出 0 | 运行 23/24 | 已完成 23
[启动] dependency-analysis：/Users/zhiboc/repos/yuyan-worktrees/基础库-密码公钥核验/库/标准库/数学运算/具体列。豫 | 运行 24/24
[完成] 依赖分析：/Users/zhiboc/repos/yuyan-worktrees/基础库-密码公钥核验/库/标准库/控制/异步。豫 | PID 29171 | 退出 0 | 运行 23/24 | 已完成 24
[启动] dependency-analysis：/Users/zhiboc/repos/yuyan-worktrees/基础库-密码公钥核验/库/标准库/数学运算/随机。豫 | 运行 24/24
[完成] 依赖分析：/Users/zhiboc/repos/yuyan-worktrees/基础库-密码公钥核验/库/标准库/数据结构/字符串术。豫 | PID 29171 | 退出 0 | 运行 23/24 | 已完成 25
[启动] dependency-analysis：/Users/zhiboc/repos/yuyan-worktrees/基础库-密码公钥核验/库/标准库/数学运算/大小。豫 | 运行 24/24
[完成] 依赖分析：/Users/zhiboc/repos/yuyan-worktrees/基础库-密码公钥核验/库/标准库/操作系统/系统名称。豫 | PID 29171 | 退出 0 | 运行 23/24 | 已完成 26
[启动] dependency-analysis：/Users/zhiboc/repos/yuyan-worktrees/基础库-密码公钥核验/库/标准库/数学运算/数组转换。豫 | 运行 24/24
[完成] 依赖分析：/Users/zhiboc/repos/yuyan-worktrees/基础库-密码公钥核验/库/标准库/数据结构/多态列工具。豫 | PID 29171 | 退出 0 | 运行 23/24 | 已完成 27
[启动] dependency-analysis：/Users/zhiboc/repos/yuyan-worktrees/基础库-密码公钥核验/库/标准库/语言核心/异步原语。豫 | 运行 24/24
[完成] 依赖分析：/Users/zhiboc/repos/yuyan-worktrees/基础库-密码公钥核验/库/标准库/网络/异步传输控制协议。豫 | PID 29171 | 退出 0 | 运行 23/24 | 已完成 28
[启动] dependency-analysis：/Users/zhiboc/repos/yuyan-worktrees/基础库-密码公钥核验/库/标准库/语言核心/引用。豫 | 运行 24/24
[完成] 依赖分析：/Users/zhiboc/repos/yuyan-worktrees/基础库-密码公钥核验/库/标准库/网络/传输控制协议。豫 | PID 29171 | 退出 0 | 运行 23/24 | 已完成 29
[启动] dependency-analysis：/Users/zhiboc/repos/yuyan-worktrees/基础库-密码公钥核验/库/标准库/语言核心/续延。豫 | 运行 24/24
[完成] 依赖分析：/Users/zhiboc/repos/yuyan-worktrees/基础库-密码公钥核验/库/标准库/宿主带列。接口。豫 | PID 29171 | 退出 0 | 运行 23/24 | 已完成 30
[启动] dependency-analysis：/Users/zhiboc/repos/yuyan-worktrees/基础库-密码公钥核验/库/标准库/语言核心/不安全。豫 | 运行 24/24
[完成] 依赖分析：/Users/zhiboc/repos/yuyan-worktrees/基础库-密码公钥核验/库/标准库/数据结构/小数操作。豫 | PID 29171 | 退出 0 | 运行 23/24 | 已完成 31
[启动] parse：/Users/zhiboc/repos/yuyan-worktrees/基础库-密码公钥核验/库/标准库/语言核心/内建类型。豫 | 运行 24/24
[完成] 依赖分析：/Users/zhiboc/repos/yuyan-worktrees/基础库-密码公钥核验/库/标准库/数据结构/可选值。豫 | PID 29171 | 退出 0 | 运行 23/24 | 已完成 32
[完成] 依赖分析：/Users/zhiboc/repos/yuyan-worktrees/基础库-密码公钥核验/库/标准库/数据结构/特殊字符。豫 | PID 29171 | 退出 0 | 运行 22/24 | 已完成 33
[完成] 依赖分析：/Users/zhiboc/repos/yuyan-worktrees/基础库-密码公钥核验/库/标准库/输入输出/笔。豫 | PID 29171 | 退出 0 | 运行 21/24 | 已完成 34
[完成] 依赖分析：/Users/zhiboc/repos/yuyan-worktrees/基础库-密码公钥核验/库/标准库/语言核心/异常。豫 | PID 29171 | 退出 0 | 运行 20/24 | 已完成 35
[完成] 依赖分析：/Users/zhiboc/repos/yuyan-worktrees/基础库-密码公钥核验/库/标准库/数学运算/数组转换。豫 | PID 29171 | 退出 0 | 运行 19/24 | 已完成 36
[完成] 依赖分析：/Users/zhiboc/repos/yuyan-worktrees/基础库-密码公钥核验/库/标准库/数据结构/整数操作。豫 | PID 29171 | 退出 0 | 运行 18/24 | 已完成 37
[完成] 依赖分析：/Users/zhiboc/repos/yuyan-worktrees/基础库-密码公钥核验/库/标准库/语言核心/续延。豫 | PID 29171 | 退出 0 | 运行 17/24 | 已完成 38
[启动] parse：/Users/zhiboc/repos/yuyan-worktrees/基础库-密码公钥核验/库/标准库/语言核心/续延。豫 | 运行 18/24
[完成] 依赖分析：/Users/zhiboc/repos/yuyan-worktrees/基础库-密码公钥核验/库/标准库/数据结构/字典术。豫 | PID 29171 | 退出 0 | 运行 17/24 | 已完成 39
[完成] 依赖分析：/Users/zhiboc/repos/yuyan-worktrees/基础库-密码公钥核验/库/标准库/数学运算/随机。豫 | PID 29171 | 退出 0 | 运行 16/24 | 已完成 40
[完成] 依赖分析：/Users/zhiboc/repos/yuyan-worktrees/基础库-密码公钥核验/库/标准库/语言核心/不安全。豫 | PID 29171 | 退出 0 | 运行 15/24 | 已完成 41
[完成] 语法解析：/Users/zhiboc/repos/yuyan-worktrees/基础库-密码公钥核验/库/标准库/语言核心/内建类型。豫 | PID 29171 | 退出 0 | 运行 14/24 | 已完成 42
[启动] parse：/Users/zhiboc/repos/yuyan-worktrees/基础库-密码公钥核验/库/标准库/数据结构/爻术。豫 | 运行 15/24
[启动] parse：/Users/zhiboc/repos/yuyan-worktrees/基础库-密码公钥核验/库/标准库/语言核心/原语。内建。豫 | 运行 16/24
[启动] type-check-and-erase：/Users/zhiboc/repos/yuyan-worktrees/基础库-密码公钥核验/库/标准库/语言核心/内建类型。豫 | 运行 17/24
[完成] 依赖分析：/Users/zhiboc/repos/yuyan-worktrees/基础库-密码公钥核验/库/标准库/数据结构/字节缓冲。豫 | PID 29171 | 退出 0 | 运行 16/24 | 已完成 43
[完成] 依赖分析：/Users/zhiboc/repos/yuyan-worktrees/基础库-密码公钥核验/库/标准库/语言核心/引用。豫 | PID 29171 | 退出 0 | 运行 15/24 | 已完成 44
[完成] 依赖分析：/Users/zhiboc/repos/yuyan-worktrees/基础库-密码公钥核验/库/标准库/数学运算/转换。豫 | PID 29171 | 退出 0 | 运行 14/24 | 已完成 45
[完成] 语法解析：/Users/zhiboc/repos/yuyan-worktrees/基础库-密码公钥核验/库/标准库/数据结构/爻术。豫 | PID 29171 | 退出 0 | 运行 13/24 | 已完成 46
[完成] 类型检查：/Users/zhiboc/repos/yuyan-worktrees/基础库-密码公钥核验/库/标准库/语言核心/内建类型。豫 | PID 29171 | 退出 0 | 运行 12/24 | 已完成 47
[启动] type-check-and-erase：/Users/zhiboc/repos/yuyan-worktrees/基础库-密码公钥核验/库/标准库/数据结构/爻术。豫 | 运行 13/24
[完成] 依赖分析：/Users/zhiboc/repos/yuyan-worktrees/基础库-密码公钥核验/库/标准库/数学运算/具体列。豫 | PID 29171 | 退出 0 | 运行 12/24 | 已完成 48
[完成] 类型检查：/Users/zhiboc/repos/yuyan-worktrees/基础库-密码公钥核验/库/标准库/数据结构/爻术。豫 | PID 29171 | 退出 0 | 运行 11/24 | 已完成 49
[完成] 语法解析：/Users/zhiboc/repos/yuyan-worktrees/基础库-密码公钥核验/库/标准库/语言核心/续延。豫 | PID 29171 | 退出 0 | 运行 10/24 | 已完成 50
[启动] type-check-and-erase：/Users/zhiboc/repos/yuyan-worktrees/基础库-密码公钥核验/库/标准库/语言核心/续延。豫 | 运行 11/24
[完成] 依赖分析：/Users/zhiboc/repos/yuyan-worktrees/基础库-密码公钥核验/库/标准库/数据结构/小数术。豫 | PID 29171 | 退出 0 | 运行 10/24 | 已完成 51
[完成] 依赖分析：/Users/zhiboc/repos/yuyan-worktrees/基础库-密码公钥核验/库/标准库/语言核心/异步原语。豫 | PID 29171 | 退出 0 | 运行 9/24 | 已完成 52
[完成] 依赖分析：/Users/zhiboc/repos/yuyan-worktrees/基础库-密码公钥核验/库/标准库/网络/超文本传输协议。豫 | PID 29171 | 退出 0 | 运行 8/24 | 已完成 53
[完成] 依赖分析：/Users/zhiboc/repos/yuyan-worktrees/基础库-密码公钥核验/库/标准库/数据结构/对子术。豫 | PID 29171 | 退出 0 | 运行 7/24 | 已完成 54
[完成] 类型检查：/Users/zhiboc/repos/yuyan-worktrees/基础库-密码公钥核验/库/标准库/语言核心/续延。豫 | PID 29171 | 退出 0 | 运行 6/24 | 已完成 55
[完成] 依赖分析：/Users/zhiboc/repos/yuyan-worktrees/基础库-密码公钥核验/库/标准库/控制/惰性求值。豫 | PID 29171 | 退出 0 | 运行 5/24 | 已完成 56
[启动] parse：/Users/zhiboc/repos/yuyan-worktrees/基础库-密码公钥核验/库/标准库/控制/惰性求值。豫 | 运行 6/24
[完成] 依赖分析：/Users/zhiboc/repos/yuyan-worktrees/基础库-密码公钥核验/库/标准库/数据结构/函数操作。豫 | PID 29171 | 退出 0 | 运行 5/24 | 已完成 57
[启动] parse：/Users/zhiboc/repos/yuyan-worktrees/基础库-密码公钥核验/库/标准库/数据结构/函数操作。豫 | 运行 6/24
[完成] 语法解析：/Users/zhiboc/repos/yuyan-worktrees/基础库-密码公钥核验/库/标准库/语言核心/原语。内建。豫 | PID 29171 | 退出 0 | 运行 5/24 | 已完成 58
[启动] parse：/Users/zhiboc/repos/yuyan-worktrees/基础库-密码公钥核验/库/标准库/数据结构/字节串。豫 | 运行 6/24
[启动] parse：/Users/zhiboc/repos/yuyan-worktrees/基础库-密码公钥核验/库/标准库/数据结构/整数操作。豫 | 运行 7/24
[启动] parse：/Users/zhiboc/repos/yuyan-worktrees/基础库-密码公钥核验/库/标准库/语言核心/不安全。豫 | 运行 8/24
[启动] parse：/Users/zhiboc/repos/yuyan-worktrees/基础库-密码公钥核验/库/标准库/语言核心/引用。豫 | 运行 9/24
[启动] parse：/Users/zhiboc/repos/yuyan-worktrees/基础库-密码公钥核验/库/标准库/数学运算/转换。豫 | 运行 10/24
[启动] parse：/Users/zhiboc/repos/yuyan-worktrees/基础库-密码公钥核验/库/标准库/数据结构/小数术。豫 | 运行 11/24
[启动] parse：/Users/zhiboc/repos/yuyan-worktrees/基础库-密码公钥核验/库/标准库/语言核心/异步原语。豫 | 运行 12/24
[启动] type-check-and-erase：/Users/zhiboc/repos/yuyan-worktrees/基础库-密码公钥核验/库/标准库/语言核心/原语。内建。豫 | 运行 13/24
[完成] 语法解析：/Users/zhiboc/repos/yuyan-worktrees/基础库-密码公钥核验/库/标准库/数据结构/整数操作。豫 | PID 29171 | 退出 0 | 运行 12/24 | 已完成 59
[完成] 语法解析：/Users/zhiboc/repos/yuyan-worktrees/基础库-密码公钥核验/库/标准库/数据结构/函数操作。豫 | PID 29171 | 退出 0 | 运行 11/24 | 已完成 60
[启动] type-check-and-erase：/Users/zhiboc/repos/yuyan-worktrees/基础库-密码公钥核验/库/标准库/数据结构/函数操作。豫 | 运行 12/24
[完成] 语法解析：/Users/zhiboc/repos/yuyan-worktrees/基础库-密码公钥核验/库/标准库/控制/惰性求值。豫 | PID 29171 | 退出 0 | 运行 11/24 | 已完成 61
[启动] type-check-and-erase：/Users/zhiboc/repos/yuyan-worktrees/基础库-密码公钥核验/库/标准库/控制/惰性求值。豫 | 运行 12/24
[完成] 依赖分析：/Users/zhiboc/repos/yuyan-worktrees/基础库-密码公钥核验/库/标准库/数据结构/列表搜索。豫 | PID 29171 | 退出 0 | 运行 11/24 | 已完成 62
[完成] 语法解析：/Users/zhiboc/repos/yuyan-worktrees/基础库-密码公钥核验/库/标准库/语言核心/不安全。豫 | PID 29171 | 退出 0 | 运行 10/24 | 已完成 63
[完成] 类型检查：/Users/zhiboc/repos/yuyan-worktrees/基础库-密码公钥核验/库/标准库/语言核心/原语。内建。豫 | PID 29171 | 退出 0 | 运行 9/24 | 已完成 64
[启动] type-check-and-erase：/Users/zhiboc/repos/yuyan-worktrees/基础库-密码公钥核验/库/标准库/数据结构/整数操作。豫 | 运行 10/24
[启动] type-check-and-erase：/Users/zhiboc/repos/yuyan-worktrees/基础库-密码公钥核验/库/标准库/语言核心/不安全。豫 | 运行 11/24
[完成] 类型检查：/Users/zhiboc/repos/yuyan-worktrees/基础库-密码公钥核验/库/标准库/控制/惰性求值。豫 | PID 29171 | 退出 0 | 运行 10/24 | 已完成 65
[完成] 类型检查：/Users/zhiboc/repos/yuyan-worktrees/基础库-密码公钥核验/库/标准库/数据结构/函数操作。豫 | PID 29171 | 退出 0 | 运行 9/24 | 已完成 66
[完成] 类型检查：/Users/zhiboc/repos/yuyan-worktrees/基础库-密码公钥核验/库/标准库/数据结构/整数操作。豫 | PID 29171 | 退出 0 | 运行 8/24 | 已完成 67
[完成] 类型检查：/Users/zhiboc/repos/yuyan-worktrees/基础库-密码公钥核验/库/标准库/语言核心/不安全。豫 | PID 29171 | 退出 0 | 运行 7/24 | 已完成 68
[完成] 语法解析：/Users/zhiboc/repos/yuyan-worktrees/基础库-密码公钥核验/库/标准库/数据结构/字节串。豫 | PID 29171 | 退出 0 | 运行 6/24 | 已完成 69
[启动] parse：/Users/zhiboc/repos/yuyan-worktrees/基础库-密码公钥核验/库/标准库/宿主。接口。豫 | 运行 7/24
[启动] parse：/Users/zhiboc/repos/yuyan-worktrees/基础库-密码公钥核验/库/标准库/数据结构/字节缓冲。豫 | 运行 8/24
[启动] type-check-and-erase：/Users/zhiboc/repos/yuyan-worktrees/基础库-密码公钥核验/库/标准库/数据结构/字节串。豫 | 运行 9/24
[完成] 语法解析：/Users/zhiboc/repos/yuyan-worktrees/基础库-密码公钥核验/库/标准库/语言核心/引用。豫 | PID 29171 | 退出 0 | 运行 8/24 | 已完成 70
[启动] type-check-and-erase：/Users/zhiboc/repos/yuyan-worktrees/基础库-密码公钥核验/库/标准库/语言核心/引用。豫 | 运行 9/24
[完成] 语法解析：/Users/zhiboc/repos/yuyan-worktrees/基础库-密码公钥核验/库/标准库/数学运算/转换。豫 | PID 29171 | 退出 0 | 运行 8/24 | 已完成 71
[启动] type-check-and-erase：/Users/zhiboc/repos/yuyan-worktrees/基础库-密码公钥核验/库/标准库/数学运算/转换。豫 | 运行 9/24
[完成] 语法解析：/Users/zhiboc/repos/yuyan-worktrees/基础库-密码公钥核验/库/标准库/数据结构/字节缓冲。豫 | PID 29171 | 退出 0 | 运行 8/24 | 已完成 72
[完成] 类型检查：/Users/zhiboc/repos/yuyan-worktrees/基础库-密码公钥核验/库/标准库/数据结构/字节串。豫 | PID 29171 | 退出 0 | 运行 7/24 | 已完成 73
[启动] type-check-and-erase：/Users/zhiboc/repos/yuyan-worktrees/基础库-密码公钥核验/库/标准库/数据结构/字节缓冲。豫 | 运行 8/24
[完成] 语法解析：/Users/zhiboc/repos/yuyan-worktrees/基础库-密码公钥核验/库/标准库/语言核心/异步原语。豫 | PID 29171 | 退出 0 | 运行 7/24 | 已完成 74
[启动] type-check-and-erase：/Users/zhiboc/repos/yuyan-worktrees/基础库-密码公钥核验/库/标准库/语言核心/异步原语。豫 | 运行 8/24
[完成] 依赖分析：/Users/zhiboc/repos/yuyan-worktrees/基础库-密码公钥核验/库/标准库/数学运算/大小。豫 | PID 29171 | 退出 0 | 运行 7/24 | 已完成 75
[启动] parse：/Users/zhiboc/repos/yuyan-worktrees/基础库-密码公钥核验/库/标准库/数学运算/大小。豫 | 运行 8/24
[完成] 类型检查：/Users/zhiboc/repos/yuyan-worktrees/基础库-密码公钥核验/库/标准库/语言核心/引用。豫 | PID 29171 | 退出 0 | 运行 7/24 | 已完成 76
[完成] 依赖分析：/Users/zhiboc/repos/yuyan-worktrees/基础库-密码公钥核验/库/标准库/数据结构/多态列。豫 | PID 29171 | 退出 0 | 运行 6/24 | 已完成 77
[完成] 语法解析：/Users/zhiboc/repos/yuyan-worktrees/基础库-密码公钥核验/库/标准库/数据结构/小数术。豫 | PID 29171 | 退出 0 | 运行 5/24 | 已完成 78
[启动] type-check-and-erase：/Users/zhiboc/repos/yuyan-worktrees/基础库-密码公钥核验/库/标准库/数据结构/小数术。豫 | 运行 6/24
[完成] 类型检查：/Users/zhiboc/repos/yuyan-worktrees/基础库-密码公钥核验/库/标准库/语言核心/异步原语。豫 | PID 29171 | 退出 0 | 运行 5/24 | 已完成 79
[完成] 语法解析：/Users/zhiboc/repos/yuyan-worktrees/基础库-密码公钥核验/库/标准库/宿主。接口。豫 | PID 29171 | 退出 0 | 运行 4/24 | 已完成 80
[启动] parse：/Users/zhiboc/repos/yuyan-worktrees/基础库-密码公钥核验/库/标准库/操作系统/环境变量。豫 | 运行 5/24
[启动] parse：/Users/zhiboc/repos/yuyan-worktrees/基础库-密码公钥核验/库/标准库/操作系统/进程。豫 | 运行 6/24
[启动] parse：/Users/zhiboc/repos/yuyan-worktrees/基础库-密码公钥核验/库/标准库/操作系统/系统名称。豫 | 运行 7/24
[启动] parse：/Users/zhiboc/repos/yuyan-worktrees/基础库-密码公钥核验/库/标准库/网络/传输控制协议。豫 | 运行 8/24
[启动] parse：/Users/zhiboc/repos/yuyan-worktrees/基础库-密码公钥核验/库/标准库/数据结构/小数操作。豫 | 运行 9/24
[启动] parse：/Users/zhiboc/repos/yuyan-worktrees/基础库-密码公钥核验/库/标准库/输入输出/笔。豫 | 运行 10/24
[启动] parse：/Users/zhiboc/repos/yuyan-worktrees/基础库-密码公钥核验/库/标准库/语言核心/异常。豫 | 运行 11/24
[启动] parse：/Users/zhiboc/repos/yuyan-worktrees/基础库-密码公钥核验/库/标准库/数学运算/随机。豫 | 运行 12/24
[启动] type-check-and-erase：/Users/zhiboc/repos/yuyan-worktrees/基础库-密码公钥核验/库/标准库/宿主。接口。豫 | 运行 13/24
[完成] 类型检查：/Users/zhiboc/repos/yuyan-worktrees/基础库-密码公钥核验/库/标准库/数据结构/小数术。豫 | PID 29171 | 退出 0 | 运行 12/24 | 已完成 81
[完成] 语法解析：/Users/zhiboc/repos/yuyan-worktrees/基础库-密码公钥核验/库/标准库/数学运算/大小。豫 | PID 29171 | 退出 0 | 运行 11/24 | 已完成 82
[启动] type-check-and-erase：/Users/zhiboc/repos/yuyan-worktrees/基础库-密码公钥核验/库/标准库/数学运算/大小。豫 | 运行 12/24
[完成] 类型检查：/Users/zhiboc/repos/yuyan-worktrees/基础库-密码公钥核验/库/标准库/数据结构/字节缓冲。豫 | PID 29171 | 退出 0 | 运行 11/24 | 已完成 83
[完成] 类型检查：/Users/zhiboc/repos/yuyan-worktrees/基础库-密码公钥核验/库/标准库/数学运算/转换。豫 | PID 29171 | 退出 0 | 运行 10/24 | 已完成 84
[完成] 类型检查：/Users/zhiboc/repos/yuyan-worktrees/基础库-密码公钥核验/库/标准库/数学运算/大小。豫 | PID 29171 | 退出 0 | 运行 9/24 | 已完成 85
[完成] 语法解析：/Users/zhiboc/repos/yuyan-worktrees/基础库-密码公钥核验/库/标准库/网络/传输控制协议。豫 | PID 29171 | 退出 0 | 运行 8/24 | 已完成 86
[完成] 语法解析：/Users/zhiboc/repos/yuyan-worktrees/基础库-密码公钥核验/库/标准库/操作系统/环境变量。豫 | PID 29171 | 退出 0 | 运行 7/24 | 已完成 87
[完成] 语法解析：/Users/zhiboc/repos/yuyan-worktrees/基础库-密码公钥核验/库/标准库/操作系统/系统名称。豫 | PID 29171 | 退出 0 | 运行 6/24 | 已完成 88
[完成] 类型检查：/Users/zhiboc/repos/yuyan-worktrees/基础库-密码公钥核验/库/标准库/宿主。接口。豫 | PID 29171 | 退出 0 | 运行 5/24 | 已完成 89
[启动] type-check-and-erase：/Users/zhiboc/repos/yuyan-worktrees/基础库-密码公钥核验/库/标准库/操作系统/环境变量。豫 | 运行 6/24
[启动] type-check-and-erase：/Users/zhiboc/repos/yuyan-worktrees/基础库-密码公钥核验/库/标准库/操作系统/系统名称。豫 | 运行 7/24
[启动] type-check-and-erase：/Users/zhiboc/repos/yuyan-worktrees/基础库-密码公钥核验/库/标准库/网络/传输控制协议。豫 | 运行 8/24
[完成] 语法解析：/Users/zhiboc/repos/yuyan-worktrees/基础库-密码公钥核验/库/标准库/数学运算/随机。豫 | PID 29171 | 退出 0 | 运行 7/24 | 已完成 90
[启动] type-check-and-erase：/Users/zhiboc/repos/yuyan-worktrees/基础库-密码公钥核验/库/标准库/数学运算/随机。豫 | 运行 8/24
[完成] 类型检查：/Users/zhiboc/repos/yuyan-worktrees/基础库-密码公钥核验/库/标准库/操作系统/环境变量。豫 | PID 29171 | 退出 0 | 运行 7/24 | 已完成 91
[完成] 类型检查：/Users/zhiboc/repos/yuyan-worktrees/基础库-密码公钥核验/库/标准库/操作系统/系统名称。豫 | PID 29171 | 退出 0 | 运行 6/24 | 已完成 92
[完成] 类型检查：/Users/zhiboc/repos/yuyan-worktrees/基础库-密码公钥核验/库/标准库/数学运算/随机。豫 | PID 29171 | 退出 0 | 运行 5/24 | 已完成 93
[完成] 语法解析：/Users/zhiboc/repos/yuyan-worktrees/基础库-密码公钥核验/库/标准库/数据结构/小数操作。豫 | PID 29171 | 退出 0 | 运行 4/24 | 已完成 94
[启动] parse：/Users/zhiboc/repos/yuyan-worktrees/基础库-密码公钥核验/库/标准库/操作系统/时间。豫 | 运行 5/24
[启动] type-check-and-erase：/Users/zhiboc/repos/yuyan-worktrees/基础库-密码公钥核验/库/标准库/数据结构/小数操作。豫 | 运行 6/24
[完成] 语法解析：/Users/zhiboc/repos/yuyan-worktrees/基础库-密码公钥核验/库/标准库/操作系统/进程。豫 | PID 29171 | 退出 0 | 运行 5/24 | 已完成 95
[启动] type-check-and-erase：/Users/zhiboc/repos/yuyan-worktrees/基础库-密码公钥核验/库/标准库/操作系统/进程。豫 | 运行 6/24
[完成] 语法解析：/Users/zhiboc/repos/yuyan-worktrees/基础库-密码公钥核验/库/标准库/输入输出/笔。豫 | PID 29171 | 退出 0 | 运行 5/24 | 已完成 96
[启动] parse：/Users/zhiboc/repos/yuyan-worktrees/基础库-密码公钥核验/库/标准库/输入输出。豫 | 运行 6/24
[启动] type-check-and-erase：/Users/zhiboc/repos/yuyan-worktrees/基础库-密码公钥核验/库/标准库/输入输出/笔。豫 | 运行 7/24
[完成] 语法解析：/Users/zhiboc/repos/yuyan-worktrees/基础库-密码公钥核验/库/标准库/语言核心/异常。豫 | PID 29171 | 退出 0 | 运行 6/24 | 已完成 97
[启动] parse：/Users/zhiboc/repos/yuyan-worktrees/基础库-密码公钥核验/库/标准库/语言核心。豫 | 运行 7/24
[启动] parse：/Users/zhiboc/repos/yuyan-worktrees/基础库-密码公钥核验/库/标准库/数据结构/可选值。豫 | 运行 8/24
[启动] type-check-and-erase：/Users/zhiboc/repos/yuyan-worktrees/基础库-密码公钥核验/库/标准库/语言核心/异常。豫 | 运行 9/24
[完成] 语法解析：/Users/zhiboc/repos/yuyan-worktrees/基础库-密码公钥核验/库/标准库/输入输出。豫 | PID 29171 | 退出 0 | 运行 8/24 | 已完成 98
[完成] 类型检查：/Users/zhiboc/repos/yuyan-worktrees/基础库-密码公钥核验/库/标准库/数据结构/小数操作。豫 | PID 29171 | 退出 0 | 运行 7/24 | 已完成 99
[完成] 语法解析：/Users/zhiboc/repos/yuyan-worktrees/基础库-密码公钥核验/库/标准库/操作系统/时间。豫 | PID 29171 | 退出 0 | 运行 6/24 | 已完成 100
[启动] type-check-and-erase：/Users/zhiboc/repos/yuyan-worktrees/基础库-密码公钥核验/库/标准库/操作系统/时间。豫 | 运行 7/24
[完成] 类型检查：/Users/zhiboc/repos/yuyan-worktrees/基础库-密码公钥核验/库/标准库/操作系统/进程。豫 | PID 29171 | 退出 0 | 运行 6/24 | 已完成 101
[完成] 类型检查：/Users/zhiboc/repos/yuyan-worktrees/基础库-密码公钥核验/库/标准库/网络/传输控制协议。豫 | PID 29171 | 退出 0 | 运行 5/24 | 已完成 102
[完成] 类型检查：/Users/zhiboc/repos/yuyan-worktrees/基础库-密码公钥核验/库/标准库/语言核心/异常。豫 | PID 29171 | 退出 0 | 运行 4/24 | 已完成 103
[完成] 类型检查：/Users/zhiboc/repos/yuyan-worktrees/基础库-密码公钥核验/库/标准库/操作系统/时间。豫 | PID 29171 | 退出 0 | 运行 3/24 | 已完成 104
[完成] 语法解析：/Users/zhiboc/repos/yuyan-worktrees/基础库-密码公钥核验/库/标准库/语言核心。豫 | PID 29171 | 退出 0 | 运行 2/24 | 已完成 105
[启动] type-check-and-erase：/Users/zhiboc/repos/yuyan-worktrees/基础库-密码公钥核验/库/标准库/语言核心。豫 | 运行 3/24
[完成] 语法解析：/Users/zhiboc/repos/yuyan-worktrees/基础库-密码公钥核验/库/标准库/数据结构/可选值。豫 | PID 29171 | 退出 0 | 运行 2/24 | 已完成 106
[启动] parse：/Users/zhiboc/repos/yuyan-worktrees/基础库-密码公钥核验/库/标准库/数据结构/多态列。豫 | 运行 3/24
[启动] type-check-and-erase：/Users/zhiboc/repos/yuyan-worktrees/基础库-密码公钥核验/库/标准库/数据结构/可选值。豫 | 运行 4/24
[完成] 类型检查：/Users/zhiboc/repos/yuyan-worktrees/基础库-密码公钥核验/库/标准库/语言核心。豫 | PID 29171 | 退出 0 | 运行 3/24 | 已完成 107
[完成] 类型检查：/Users/zhiboc/repos/yuyan-worktrees/基础库-密码公钥核验/库/标准库/数据结构/可选值。豫 | PID 29171 | 退出 0 | 运行 2/24 | 已完成 108
[完成] 类型检查：/Users/zhiboc/repos/yuyan-worktrees/基础库-密码公钥核验/库/标准库/输入输出/笔。豫 | PID 29171 | 退出 0 | 运行 1/24 | 已完成 109
[启动] type-check-and-erase：/Users/zhiboc/repos/yuyan-worktrees/基础库-密码公钥核验/库/标准库/输入输出。豫 | 运行 2/24
[完成] 类型检查：/Users/zhiboc/repos/yuyan-worktrees/基础库-密码公钥核验/库/标准库/输入输出。豫 | PID 29171 | 退出 0 | 运行 1/24 | 已完成 110
[完成] 语法解析：/Users/zhiboc/repos/yuyan-worktrees/基础库-密码公钥核验/库/标准库/数据结构/多态列。豫 | PID 29171 | 退出 0 | 运行 0/24 | 已完成 111
[启动] parse：/Users/zhiboc/repos/yuyan-worktrees/基础库-密码公钥核验/库/标准库/数据结构/多态列工具。豫 | 运行 1/24
[启动] parse：/Users/zhiboc/repos/yuyan-worktrees/基础库-密码公钥核验/库/标准库/宿主带列。接口。豫 | 运行 2/24
[启动] parse：/Users/zhiboc/repos/yuyan-worktrees/基础库-密码公钥核验/库/标准库/数学运算/数组转换。豫 | 运行 3/24
[启动] parse：/Users/zhiboc/repos/yuyan-worktrees/基础库-密码公钥核验/库/标准库/数学运算/具体列。豫 | 运行 4/24
[启动] type-check-and-erase：/Users/zhiboc/repos/yuyan-worktrees/基础库-密码公钥核验/库/标准库/数据结构/多态列。豫 | 运行 5/24
[完成] 语法解析：/Users/zhiboc/repos/yuyan-worktrees/基础库-密码公钥核验/库/标准库/宿主带列。接口。豫 | PID 29171 | 退出 0 | 运行 4/24 | 已完成 112
[启动] parse：/Users/zhiboc/repos/yuyan-worktrees/基础库-密码公钥核验/库/标准库/操作系统/命令行参数。豫 | 运行 5/24
[启动] parse：/Users/zhiboc/repos/yuyan-worktrees/基础库-密码公钥核验/库/标准库/操作系统/文件系统。豫 | 运行 6/24
[启动] parse：/Users/zhiboc/repos/yuyan-worktrees/基础库-密码公钥核验/库/标准库/控制/异步。豫 | 运行 7/24
[完成] 语法解析：/Users/zhiboc/repos/yuyan-worktrees/基础库-密码公钥核验/库/标准库/数学运算/具体列。豫 | PID 29171 | 退出 0 | 运行 6/24 | 已完成 113
[完成] 语法解析：/Users/zhiboc/repos/yuyan-worktrees/基础库-密码公钥核验/库/标准库/数据结构/多态列工具。豫 | PID 29171 | 退出 0 | 运行 5/24 | 已完成 114
[完成] 语法解析：/Users/zhiboc/repos/yuyan-worktrees/基础库-密码公钥核验/库/标准库/操作系统/命令行参数。豫 | PID 29171 | 退出 0 | 运行 4/24 | 已完成 115
[完成] 语法解析：/Users/zhiboc/repos/yuyan-worktrees/基础库-密码公钥核验/库/标准库/控制/异步。豫 | PID 29171 | 退出 0 | 运行 3/24 | 已完成 116
[启动] parse：/Users/zhiboc/repos/yuyan-worktrees/基础库-密码公钥核验/库/标准库/控制。豫 | 运行 4/24
[启动] parse：/Users/zhiboc/repos/yuyan-worktrees/基础库-密码公钥核验/库/标准库/网络/异步传输控制协议。豫 | 运行 5/24
[完成] 语法解析：/Users/zhiboc/repos/yuyan-worktrees/基础库-密码公钥核验/库/标准库/控制。豫 | PID 29171 | 退出 0 | 运行 4/24 | 已完成 117
[完成] 类型检查：/Users/zhiboc/repos/yuyan-worktrees/基础库-密码公钥核验/库/标准库/数据结构/多态列。豫 | PID 29171 | 退出 0 | 运行 3/24 | 已完成 118
[启动] type-check-and-erase：/Users/zhiboc/repos/yuyan-worktrees/基础库-密码公钥核验/库/标准库/数据结构/多态列工具。豫 | 运行 4/24
[启动] type-check-and-erase：/Users/zhiboc/repos/yuyan-worktrees/基础库-密码公钥核验/库/标准库/宿主带列。接口。豫 | 运行 5/24
[启动] type-check-and-erase：/Users/zhiboc/repos/yuyan-worktrees/基础库-密码公钥核验/库/标准库/数学运算/具体列。豫 | 运行 6/24
[完成] 类型检查：/Users/zhiboc/repos/yuyan-worktrees/基础库-密码公钥核验/库/标准库/宿主带列。接口。豫 | PID 29171 | 退出 0 | 运行 5/24 | 已完成 119
[启动] type-check-and-erase：/Users/zhiboc/repos/yuyan-worktrees/基础库-密码公钥核验/库/标准库/操作系统/命令行参数。豫 | 运行 6/24
[启动] type-check-and-erase：/Users/zhiboc/repos/yuyan-worktrees/基础库-密码公钥核验/库/标准库/控制/异步。豫 | 运行 7/24
[完成] 语法解析：/Users/zhiboc/repos/yuyan-worktrees/基础库-密码公钥核验/库/标准库/数学运算/数组转换。豫 | PID 29171 | 退出 0 | 运行 6/24 | 已完成 120
[启动] parse：/Users/zhiboc/repos/yuyan-worktrees/基础库-密码公钥核验/库/标准库/数学运算。豫 | 运行 7/24
[启动] parse：/Users/zhiboc/repos/yuyan-worktrees/基础库-密码公钥核验/库/标准库/数据结构/字符流术。豫 | 运行 8/24
[启动] parse：/Users/zhiboc/repos/yuyan-worktrees/基础库-密码公钥核验/库/标准库/数据结构/字符串术。豫 | 运行 9/24
[启动] type-check-and-erase：/Users/zhiboc/repos/yuyan-worktrees/基础库-密码公钥核验/库/标准库/数学运算/数组转换。豫 | 运行 10/24
[完成] 语法解析：/Users/zhiboc/repos/yuyan-worktrees/基础库-密码公钥核验/库/标准库/数据结构/字符流术。豫 | PID 29171 | 退出 0 | 运行 9/24 | 已完成 121
[完成] 类型检查：/Users/zhiboc/repos/yuyan-worktrees/基础库-密码公钥核验/库/标准库/数学运算/具体列。豫 | PID 29171 | 退出 0 | 运行 8/24 | 已完成 122
[完成] 语法解析：/Users/zhiboc/repos/yuyan-worktrees/基础库-密码公钥核验/库/标准库/网络/异步传输控制协议。豫 | PID 29171 | 退出 0 | 运行 7/24 | 已完成 123
[完成] 语法解析：/Users/zhiboc/repos/yuyan-worktrees/基础库-密码公钥核验/库/标准库/操作系统/文件系统。豫 | PID 29171 | 退出 0 | 运行 6/24 | 已完成 124
[启动] type-check-and-erase：/Users/zhiboc/repos/yuyan-worktrees/基础库-密码公钥核验/库/标准库/操作系统/文件系统。豫 | 运行 7/24
[完成] 类型检查：/Users/zhiboc/repos/yuyan-worktrees/基础库-密码公钥核验/库/标准库/操作系统/命令行参数。豫 | PID 29171 | 退出 0 | 运行 6/24 | 已完成 125
[完成] 类型检查：/Users/zhiboc/repos/yuyan-worktrees/基础库-密码公钥核验/库/标准库/数据结构/多态列工具。豫 | PID 29171 | 退出 0 | 运行 5/24 | 已完成 126
[完成] 语法解析：/Users/zhiboc/repos/yuyan-worktrees/基础库-密码公钥核验/库/标准库/数据结构/字符串术。豫 | PID 29171 | 退出 0 | 运行 4/24 | 已完成 127
[启动] parse：/Users/zhiboc/repos/yuyan-worktrees/基础库-密码公钥核验/库/标准库/操作系统/子进程。豫 | 运行 5/24
[启动] parse：/Users/zhiboc/repos/yuyan-worktrees/基础库-密码公钥核验/库/标准库/数据结构/特殊字符。豫 | 运行 6/24
[启动] parse：/Users/zhiboc/repos/yuyan-worktrees/基础库-密码公钥核验/库/标准库/数据结构/对子术。豫 | 运行 7/24
[完成] 类型检查：/Users/zhiboc/repos/yuyan-worktrees/基础库-密码公钥核验/库/标准库/操作系统/文件系统。豫 | PID 29171 | 退出 0 | 运行 6/24 | 已完成 128
[完成] 语法解析：/Users/zhiboc/repos/yuyan-worktrees/基础库-密码公钥核验/库/标准库/数学运算。豫 | PID 29171 | 退出 0 | 运行 5/24 | 已完成 129
[完成] 语法解析：/Users/zhiboc/repos/yuyan-worktrees/基础库-密码公钥核验/库/标准库/数据结构/对子术。豫 | PID 29171 | 退出 0 | 运行 4/24 | 已完成 130
[启动] parse：/Users/zhiboc/repos/yuyan-worktrees/基础库-密码公钥核验/库/标准库/数据结构/列表搜索。豫 | 运行 5/24
[完成] 语法解析：/Users/zhiboc/repos/yuyan-worktrees/基础库-密码公钥核验/库/标准库/数据结构/特殊字符。豫 | PID 29171 | 退出 0 | 运行 4/24 | 已完成 131
[启动] parse：/Users/zhiboc/repos/yuyan-worktrees/基础库-密码公钥核验/库/标准库/网络/超文本传输协议。豫 | 运行 5/24
[完成] 类型检查：/Users/zhiboc/repos/yuyan-worktrees/基础库-密码公钥核验/库/标准库/数学运算/数组转换。豫 | PID 29171 | 退出 0 | 运行 4/24 | 已完成 132
[启动] type-check-and-erase：/Users/zhiboc/repos/yuyan-worktrees/基础库-密码公钥核验/库/标准库/数学运算。豫 | 运行 5/24
[启动] type-check-and-erase：/Users/zhiboc/repos/yuyan-worktrees/基础库-密码公钥核验/库/标准库/数据结构/字符流术。豫 | 运行 6/24
[启动] type-check-and-erase：/Users/zhiboc/repos/yuyan-worktrees/基础库-密码公钥核验/库/标准库/数据结构/字符串术。豫 | 运行 7/24
[完成] 语法解析：/Users/zhiboc/repos/yuyan-worktrees/基础库-密码公钥核验/库/标准库/网络/超文本传输协议。豫 | PID 29171 | 退出 0 | 运行 6/24 | 已完成 133
[启动] parse：/Users/zhiboc/repos/yuyan-worktrees/基础库-密码公钥核验/库/标准库/网络。豫 | 运行 7/24
[完成] 语法解析：/Users/zhiboc/repos/yuyan-worktrees/基础库-密码公钥核验/库/标准库/网络。豫 | PID 29171 | 退出 0 | 运行 6/24 | 已完成 134
[完成] 类型检查：/Users/zhiboc/repos/yuyan-worktrees/基础库-密码公钥核验/库/标准库/数学运算。豫 | PID 29171 | 退出 0 | 运行 5/24 | 已完成 135
[完成] 语法解析：/Users/zhiboc/repos/yuyan-worktrees/基础库-密码公钥核验/库/标准库/操作系统/子进程。豫 | PID 29171 | 退出 0 | 运行 4/24 | 已完成 136
[完成] 类型检查：/Users/zhiboc/repos/yuyan-worktrees/基础库-密码公钥核验/库/标准库/数据结构/字符流术。豫 | PID 29171 | 退出 0 | 运行 3/24 | 已完成 137
[完成] 语法解析：/Users/zhiboc/repos/yuyan-worktrees/基础库-密码公钥核验/库/标准库/数据结构/列表搜索。豫 | PID 29171 | 退出 0 | 运行 2/24 | 已完成 138
[启动] parse：/Users/zhiboc/repos/yuyan-worktrees/基础库-密码公钥核验/库/标准库/数据结构/字典术。豫 | 运行 3/24
[完成] 类型检查：/Users/zhiboc/repos/yuyan-worktrees/基础库-密码公钥核验/库/标准库/数据结构/字符串术。豫 | PID 29171 | 退出 0 | 运行 2/24 | 已完成 139
[启动] type-check-and-erase：/Users/zhiboc/repos/yuyan-worktrees/基础库-密码公钥核验/库/标准库/操作系统/子进程。豫 | 运行 3/24
[启动] type-check-and-erase：/Users/zhiboc/repos/yuyan-worktrees/基础库-密码公钥核验/库/标准库/数据结构/特殊字符。豫 | 运行 4/24
[启动] type-check-and-erase：/Users/zhiboc/repos/yuyan-worktrees/基础库-密码公钥核验/库/标准库/数据结构/对子术。豫 | 运行 5/24
[完成] 类型检查：/Users/zhiboc/repos/yuyan-worktrees/基础库-密码公钥核验/库/标准库/控制/异步。豫 | PID 29171 | 退出 0 | 运行 4/24 | 已完成 140
[启动] type-check-and-erase：/Users/zhiboc/repos/yuyan-worktrees/基础库-密码公钥核验/库/标准库/控制。豫 | 运行 5/24
[启动] type-check-and-erase：/Users/zhiboc/repos/yuyan-worktrees/基础库-密码公钥核验/库/标准库/网络/异步传输控制协议。豫 | 运行 6/24
[完成] 语法解析：/Users/zhiboc/repos/yuyan-worktrees/基础库-密码公钥核验/库/标准库/数据结构/字典术。豫 | PID 29171 | 退出 0 | 运行 5/24 | 已完成 141
[启动] parse：/Users/zhiboc/repos/yuyan-worktrees/基础库-密码公钥核验/库/标准库/数据结构。豫 | 运行 6/24
[启动] parse：/Users/zhiboc/repos/yuyan-worktrees/基础库-密码公钥核验/库/标准库/豫言标准内核。豫 | 运行 7/24
[完成] 类型检查：/Users/zhiboc/repos/yuyan-worktrees/基础库-密码公钥核验/库/标准库/操作系统/子进程。豫 | PID 29171 | 退出 0 | 运行 6/24 | 已完成 142
[完成] 语法解析：/Users/zhiboc/repos/yuyan-worktrees/基础库-密码公钥核验/库/标准库/数据结构。豫 | PID 29171 | 退出 0 | 运行 5/24 | 已完成 143
[完成] 类型检查：/Users/zhiboc/repos/yuyan-worktrees/基础库-密码公钥核验/库/标准库/网络/异步传输控制协议。豫 | PID 29171 | 退出 0 | 运行 4/24 | 已完成 144
[完成] 类型检查：/Users/zhiboc/repos/yuyan-worktrees/基础库-密码公钥核验/库/标准库/数据结构/对子术。豫 | PID 29171 | 退出 0 | 运行 3/24 | 已完成 145
[启动] type-check-and-erase：/Users/zhiboc/repos/yuyan-worktrees/基础库-密码公钥核验/库/标准库/数据结构/列表搜索。豫 | 运行 4/24
[完成] 类型检查：/Users/zhiboc/repos/yuyan-worktrees/基础库-密码公钥核验/库/标准库/数据结构/特殊字符。豫 | PID 29171 | 退出 0 | 运行 3/24 | 已完成 146
[启动] type-check-and-erase：/Users/zhiboc/repos/yuyan-worktrees/基础库-密码公钥核验/库/标准库/网络/超文本传输协议。豫 | 运行 4/24
[完成] 类型检查：/Users/zhiboc/repos/yuyan-worktrees/基础库-密码公钥核验/库/标准库/网络/超文本传输协议。豫 | PID 29171 | 退出 0 | 运行 3/24 | 已完成 147
[启动] type-check-and-erase：/Users/zhiboc/repos/yuyan-worktrees/基础库-密码公钥核验/库/标准库/网络。豫 | 运行 4/24
[完成] 类型检查：/Users/zhiboc/repos/yuyan-worktrees/基础库-密码公钥核验/库/标准库/控制。豫 | PID 29171 | 退出 0 | 运行 3/24 | 已完成 148
[完成] 语法解析：/Users/zhiboc/repos/yuyan-worktrees/基础库-密码公钥核验/库/标准库/豫言标准内核。豫 | PID 29171 | 退出 0 | 运行 2/24 | 已完成 149
[启动] parse：/Users/zhiboc/repos/yuyan-worktrees/基础库-密码公钥核验/库/标准库/操作系统/路径。豫 | 运行 3/24
[完成] 类型检查：/Users/zhiboc/repos/yuyan-worktrees/基础库-密码公钥核验/库/标准库/网络。豫 | PID 29171 | 退出 0 | 运行 2/24 | 已完成 150
[完成] 语法解析：/Users/zhiboc/repos/yuyan-worktrees/基础库-密码公钥核验/库/标准库/操作系统/路径。豫 | PID 29171 | 退出 0 | 运行 1/24 | 已完成 151
[启动] parse：/Users/zhiboc/repos/yuyan-worktrees/基础库-密码公钥核验/库/标准库/操作系统。豫 | 运行 2/24
[完成] 语法解析：/Users/zhiboc/repos/yuyan-worktrees/基础库-密码公钥核验/库/标准库/操作系统。豫 | PID 29171 | 退出 0 | 运行 1/24 | 已完成 152
[启动] parse：/Users/zhiboc/repos/yuyan-worktrees/基础库-密码公钥核验/库/标准库/总集。豫 | 运行 2/24
[完成] 语法解析：/Users/zhiboc/repos/yuyan-worktrees/基础库-密码公钥核验/库/标准库/总集。豫 | PID 29171 | 退出 0 | 运行 1/24 | 已完成 153
[启动] parse：/Users/zhiboc/repos/yuyan-worktrees/基础库-密码公钥核验/库/基础库/密码与安全/密码/散列。豫 | 运行 2/24
[完成] 类型检查：/Users/zhiboc/repos/yuyan-worktrees/基础库-密码公钥核验/库/标准库/数据结构/列表搜索。豫 | PID 29171 | 退出 0 | 运行 1/24 | 已完成 154
[启动] type-check-and-erase：/Users/zhiboc/repos/yuyan-worktrees/基础库-密码公钥核验/库/标准库/数据结构/字典术。豫 | 运行 2/24
[完成] 语法解析：/Users/zhiboc/repos/yuyan-worktrees/基础库-密码公钥核验/库/基础库/密码与安全/密码/散列。豫 | PID 29171 | 退出 0 | 运行 1/24 | 已完成 155
[完成] 类型检查：/Users/zhiboc/repos/yuyan-worktrees/基础库-密码公钥核验/库/标准库/数据结构/字典术。豫 | PID 29171 | 退出 0 | 运行 0/24 | 已完成 156
[启动] type-check-and-erase：/Users/zhiboc/repos/yuyan-worktrees/基础库-密码公钥核验/库/标准库/数据结构。豫 | 运行 1/24
[启动] type-check-and-erase：/Users/zhiboc/repos/yuyan-worktrees/基础库-密码公钥核验/库/标准库/豫言标准内核。豫 | 运行 2/24
[完成] 类型检查：/Users/zhiboc/repos/yuyan-worktrees/基础库-密码公钥核验/库/标准库/豫言标准内核。豫 | PID 29171 | 退出 0 | 运行 1/24 | 已完成 157
[启动] type-check-and-erase：/Users/zhiboc/repos/yuyan-worktrees/基础库-密码公钥核验/库/标准库/操作系统/路径。豫 | 运行 2/24
[完成] 类型检查：/Users/zhiboc/repos/yuyan-worktrees/基础库-密码公钥核验/库/标准库/数据结构。豫 | PID 29171 | 退出 0 | 运行 1/24 | 已完成 158
[完成] 类型检查：/Users/zhiboc/repos/yuyan-worktrees/基础库-密码公钥核验/库/标准库/操作系统/路径。豫 | PID 29171 | 退出 0 | 运行 0/24 | 已完成 159
[启动] type-check-and-erase：/Users/zhiboc/repos/yuyan-worktrees/基础库-密码公钥核验/库/标准库/操作系统。豫 | 运行 1/24
[完成] 类型检查：/Users/zhiboc/repos/yuyan-worktrees/基础库-密码公钥核验/库/标准库/操作系统。豫 | PID 29171 | 退出 0 | 运行 0/24 | 已完成 160
[启动] type-check-and-erase：/Users/zhiboc/repos/yuyan-worktrees/基础库-密码公钥核验/库/标准库/总集。豫 | 运行 1/24
[完成] 类型检查：/Users/zhiboc/repos/yuyan-worktrees/基础库-密码公钥核验/库/标准库/总集。豫 | PID 29171 | 退出 0 | 运行 0/24 | 已完成 161
[启动] type-check-and-erase：/Users/zhiboc/repos/yuyan-worktrees/基础库-密码公钥核验/库/基础库/密码与安全/密码/散列。豫 | 运行 1/24
[完成] 类型检查：/Users/zhiboc/repos/yuyan-worktrees/基础库-密码公钥核验/库/基础库/密码与安全/密码/散列。豫 | PID 29171 | 退出 0 | 运行 0/24 | 已完成 162
[启动] exec-gen：/Users/zhiboc/repos/yuyan-worktrees/基础库-密码公钥核验/库/基础库/密码与安全/密码/散列。豫 | 运行 1/24
[完成] 最终链接：/Users/zhiboc/repos/yuyan-worktrees/基础库-密码公钥核验/库/基础库/密码与安全/密码/散列。豫 | PID 29171 | 退出 0 | 运行 0/24 | 已完成 163
[2026-10-08 01:02:56] 当前路径：/Users/zhiboc/repos/yuyan-worktrees/基础库-密码公钥核验/yyRSA验证链

[2026-10-08 01:02:56] 当前路径：/Users/zhiboc/repos/yuyan-worktrees/基础库-密码公钥核验/yyRSA验证链
[启动] dependency-analysis：/Users/zhiboc/repos/yuyan-worktrees/基础库-密码公钥核验/库/基础库/密码与安全/密码/曲线。豫 | 运行 1/24
[完成] 依赖分析：/Users/zhiboc/repos/yuyan-worktrees/基础库-密码公钥核验/库/基础库/密码与安全/密码/曲线。豫 | PID 29185 | 退出 0 | 运行 0/24 | 已完成 1
[启动] dependency-analysis：/Users/zhiboc/repos/yuyan-worktrees/基础库-密码公钥核验/库/标准库/总集。豫 | 运行 1/24
[启动] dependency-analysis：/Users/zhiboc/repos/yuyan-worktrees/基础库-密码公钥核验/库/标准库/数据结构/整数操作。豫 | 运行 2/24
[完成] 依赖分析：/Users/zhiboc/repos/yuyan-worktrees/基础库-密码公钥核验/库/标准库/总集。豫 | PID 29185 | 退出 0 | 运行 1/24 | 已完成 2
[启动] dependency-analysis：/Users/zhiboc/repos/yuyan-worktrees/基础库-密码公钥核验/库/标准库/操作系统。豫 | 运行 2/24
[启动] dependency-analysis：/Users/zhiboc/repos/yuyan-worktrees/基础库-密码公钥核验/库/标准库/控制。豫 | 运行 3/24
[启动] dependency-analysis：/Users/zhiboc/repos/yuyan-worktrees/基础库-密码公钥核验/库/标准库/数学运算。豫 | 运行 4/24
[启动] dependency-analysis：/Users/zhiboc/repos/yuyan-worktrees/基础库-密码公钥核验/库/标准库/数据结构。豫 | 运行 5/24
[启动] dependency-analysis：/Users/zhiboc/repos/yuyan-worktrees/基础库-密码公钥核验/库/标准库/输入输出。豫 | 运行 6/24
[启动] dependency-analysis：/Users/zhiboc/repos/yuyan-worktrees/基础库-密码公钥核验/库/标准库/语言核心。豫 | 运行 7/24
[启动] dependency-analysis：/Users/zhiboc/repos/yuyan-worktrees/基础库-密码公钥核验/库/标准库/网络。豫 | 运行 8/24
[启动] dependency-analysis：/Users/zhiboc/repos/yuyan-worktrees/基础库-密码公钥核验/库/标准库/豫言标准内核。豫 | 运行 9/24
[完成] 依赖分析：/Users/zhiboc/repos/yuyan-worktrees/基础库-密码公钥核验/库/标准库/操作系统。豫 | PID 29185 | 退出 0 | 运行 8/24 | 已完成 3
[启动] dependency-analysis：/Users/zhiboc/repos/yuyan-worktrees/基础库-密码公钥核验/库/标准库/操作系统/子进程。豫 | 运行 9/24
[启动] dependency-analysis：/Users/zhiboc/repos/yuyan-worktrees/基础库-密码公钥核验/库/标准库/操作系统/命令行参数。豫 | 运行 10/24
[启动] dependency-analysis：/Users/zhiboc/repos/yuyan-worktrees/基础库-密码公钥核验/库/标准库/操作系统/文件系统。豫 | 运行 11/24
[启动] dependency-analysis：/Users/zhiboc/repos/yuyan-worktrees/基础库-密码公钥核验/库/标准库/操作系统/进程。豫 | 运行 12/24
[启动] dependency-analysis：/Users/zhiboc/repos/yuyan-worktrees/基础库-密码公钥核验/库/标准库/操作系统/时间。豫 | 运行 13/24
[启动] dependency-analysis：/Users/zhiboc/repos/yuyan-worktrees/基础库-密码公钥核验/库/标准库/操作系统/路径。豫 | 运行 14/24
[启动] dependency-analysis：/Users/zhiboc/repos/yuyan-worktrees/基础库-密码公钥核验/库/标准库/操作系统/系统名称。豫 | 运行 15/24
[启动] dependency-analysis：/Users/zhiboc/repos/yuyan-worktrees/基础库-密码公钥核验/库/标准库/操作系统/环境变量。豫 | 运行 16/24
[完成] 依赖分析：/Users/zhiboc/repos/yuyan-worktrees/基础库-密码公钥核验/库/标准库/控制。豫 | PID 29185 | 退出 0 | 运行 15/24 | 已完成 4
[启动] dependency-analysis：/Users/zhiboc/repos/yuyan-worktrees/基础库-密码公钥核验/库/标准库/控制/惰性求值。豫 | 运行 16/24
[启动] dependency-analysis：/Users/zhiboc/repos/yuyan-worktrees/基础库-密码公钥核验/库/标准库/控制/异步。豫 | 运行 17/24
[完成] 依赖分析：/Users/zhiboc/repos/yuyan-worktrees/基础库-密码公钥核验/库/标准库/数学运算。豫 | PID 29185 | 退出 0 | 运行 16/24 | 已完成 5
[启动] dependency-analysis：/Users/zhiboc/repos/yuyan-worktrees/基础库-密码公钥核验/库/标准库/数学运算/转换。豫 | 运行 17/24
[启动] dependency-analysis：/Users/zhiboc/repos/yuyan-worktrees/基础库-密码公钥核验/库/标准库/数学运算/具体列。豫 | 运行 18/24
[启动] dependency-analysis：/Users/zhiboc/repos/yuyan-worktrees/基础库-密码公钥核验/库/标准库/数学运算/随机。豫 | 运行 19/24
[启动] dependency-analysis：/Users/zhiboc/repos/yuyan-worktrees/基础库-密码公钥核验/库/标准库/数学运算/大小。豫 | 运行 20/24
[启动] dependency-analysis：/Users/zhiboc/repos/yuyan-worktrees/基础库-密码公钥核验/库/标准库/数学运算/数组转换。豫 | 运行 21/24
[完成] 依赖分析：/Users/zhiboc/repos/yuyan-worktrees/基础库-密码公钥核验/库/标准库/输入输出。豫 | PID 29185 | 退出 0 | 运行 20/24 | 已完成 6
[启动] dependency-analysis：/Users/zhiboc/repos/yuyan-worktrees/基础库-密码公钥核验/库/标准库/输入输出/笔。豫 | 运行 21/24
[完成] 依赖分析：/Users/zhiboc/repos/yuyan-worktrees/基础库-密码公钥核验/库/标准库/网络。豫 | PID 29185 | 退出 0 | 运行 20/24 | 已完成 7
[启动] dependency-analysis：/Users/zhiboc/repos/yuyan-worktrees/基础库-密码公钥核验/库/标准库/网络/传输控制协议。豫 | 运行 21/24
[启动] dependency-analysis：/Users/zhiboc/repos/yuyan-worktrees/基础库-密码公钥核验/库/标准库/网络/异步传输控制协议。豫 | 运行 22/24
[启动] dependency-analysis：/Users/zhiboc/repos/yuyan-worktrees/基础库-密码公钥核验/库/标准库/网络/超文本传输协议。豫 | 运行 23/24
[完成] 依赖分析：/Users/zhiboc/repos/yuyan-worktrees/基础库-密码公钥核验/库/标准库/操作系统/子进程。豫 | PID 29185 | 退出 0 | 运行 22/24 | 已完成 8
[启动] dependency-analysis：/Users/zhiboc/repos/yuyan-worktrees/基础库-密码公钥核验/库/标准库/语言核心/内建类型。豫 | 运行 23/24
[启动] dependency-analysis：/Users/zhiboc/repos/yuyan-worktrees/基础库-密码公钥核验/库/标准库/语言核心/异常。豫 | 运行 24/24
[完成] 依赖分析：/Users/zhiboc/repos/yuyan-worktrees/基础库-密码公钥核验/库/标准库/操作系统/命令行参数。豫 | PID 29185 | 退出 0 | 运行 23/24 | 已完成 9
[启动] dependency-analysis：/Users/zhiboc/repos/yuyan-worktrees/基础库-密码公钥核验/库/标准库/数据结构/字符串术。豫 | 运行 24/24
[完成] 依赖分析：/Users/zhiboc/repos/yuyan-worktrees/基础库-密码公钥核验/库/标准库/操作系统/文件系统。豫 | PID 29185 | 退出 0 | 运行 23/24 | 已完成 10
[启动] dependency-analysis：/Users/zhiboc/repos/yuyan-worktrees/基础库-密码公钥核验/库/标准库/数据结构/多态列。豫 | 运行 24/24
[完成] 依赖分析：/Users/zhiboc/repos/yuyan-worktrees/基础库-密码公钥核验/库/标准库/操作系统/进程。豫 | PID 29185 | 退出 0 | 运行 23/24 | 已完成 11
[启动] dependency-analysis：/Users/zhiboc/repos/yuyan-worktrees/基础库-密码公钥核验/库/标准库/宿主带列。接口。豫 | 运行 24/24
[完成] 依赖分析：/Users/zhiboc/repos/yuyan-worktrees/基础库-密码公钥核验/库/标准库/操作系统/路径。豫 | PID 29185 | 退出 0 | 运行 23/24 | 已完成 12
[启动] dependency-analysis：/Users/zhiboc/repos/yuyan-worktrees/基础库-密码公钥核验/库/标准库/宿主。接口。豫 | 运行 24/24
[完成] 依赖分析：/Users/zhiboc/repos/yuyan-worktrees/基础库-密码公钥核验/库/标准库/控制/异步。豫 | PID 29185 | 退出 0 | 运行 23/24 | 已完成 13
[启动] dependency-analysis：/Users/zhiboc/repos/yuyan-worktrees/基础库-密码公钥核验/库/标准库/数据结构/字节串。豫 | 运行 24/24
[完成] 依赖分析：/Users/zhiboc/repos/yuyan-worktrees/基础库-密码公钥核验/库/标准库/数学运算/转换。豫 | PID 29185 | 退出 0 | 运行 23/24 | 已完成 14
[启动] dependency-analysis：/Users/zhiboc/repos/yuyan-worktrees/基础库-密码公钥核验/库/标准库/语言核心/引用。豫 | 运行 24/24
[完成] 依赖分析：/Users/zhiboc/repos/yuyan-worktrees/基础库-密码公钥核验/库/标准库/数学运算/具体列。豫 | PID 29185 | 退出 0 | 运行 23/24 | 已完成 15
[启动] dependency-analysis：/Users/zhiboc/repos/yuyan-worktrees/基础库-密码公钥核验/库/标准库/数据结构/爻术。豫 | 运行 24/24
[完成] 依赖分析：/Users/zhiboc/repos/yuyan-worktrees/基础库-密码公钥核验/库/标准库/数学运算/随机。豫 | PID 29185 | 退出 0 | 运行 23/24 | 已完成 16
[启动] dependency-analysis：/Users/zhiboc/repos/yuyan-worktrees/基础库-密码公钥核验/库/标准库/数据结构/小数操作。豫 | 运行 24/24
[完成] 依赖分析：/Users/zhiboc/repos/yuyan-worktrees/基础库-密码公钥核验/库/标准库/数学运算/大小。豫 | PID 29185 | 退出 0 | 运行 23/24 | 已完成 17
[启动] dependency-analysis：/Users/zhiboc/repos/yuyan-worktrees/基础库-密码公钥核验/库/标准库/语言核心/原语。内建。豫 | 运行 24/24
[完成] 依赖分析：/Users/zhiboc/repos/yuyan-worktrees/基础库-密码公钥核验/库/标准库/输入输出/笔。豫 | PID 29185 | 退出 0 | 运行 23/24 | 已完成 18
[完成] 依赖分析：/Users/zhiboc/repos/yuyan-worktrees/基础库-密码公钥核验/库/标准库/网络/超文本传输协议。豫 | PID 29185 | 退出 0 | 运行 22/24 | 已完成 19
[启动] dependency-analysis：/Users/zhiboc/repos/yuyan-worktrees/基础库-密码公钥核验/库/标准库/数据结构/多态列工具。豫 | 运行 23/24
[启动] dependency-analysis：/Users/zhiboc/repos/yuyan-worktrees/基础库-密码公钥核验/库/标准库/数据结构/可选值。豫 | 运行 24/24
[完成] 依赖分析：/Users/zhiboc/repos/yuyan-worktrees/基础库-密码公钥核验/库/标准库/语言核心/内建类型。豫 | PID 29185 | 退出 0 | 运行 23/24 | 已完成 20
[启动] dependency-analysis：/Users/zhiboc/repos/yuyan-worktrees/基础库-密码公钥核验/库/标准库/数据结构/特殊字符。豫 | 运行 24/24
[完成] 依赖分析：/Users/zhiboc/repos/yuyan-worktrees/基础库-密码公钥核验/库/标准库/语言核心/异常。豫 | PID 29185 | 退出 0 | 运行 23/24 | 已完成 21
[启动] parse：/Users/zhiboc/repos/yuyan-worktrees/基础库-密码公钥核验/库/标准库/语言核心/内建类型。豫 | 运行 24/24
[完成] 依赖分析：/Users/zhiboc/repos/yuyan-worktrees/基础库-密码公钥核验/库/标准库/数据结构/字符串术。豫 | PID 29185 | 退出 0 | 运行 23/24 | 已完成 22
[启动] dependency-analysis：/Users/zhiboc/repos/yuyan-worktrees/基础库-密码公钥核验/库/标准库/语言核心/续延。豫 | 运行 24/24
[完成] 依赖分析：/Users/zhiboc/repos/yuyan-worktrees/基础库-密码公钥核验/库/标准库/数据结构/多态列。豫 | PID 29185 | 退出 0 | 运行 23/24 | 已完成 23
[完成] 依赖分析：/Users/zhiboc/repos/yuyan-worktrees/基础库-密码公钥核验/库/标准库/宿主带列。接口。豫 | PID 29185 | 退出 0 | 运行 22/24 | 已完成 24
[完成] 依赖分析：/Users/zhiboc/repos/yuyan-worktrees/基础库-密码公钥核验/库/标准库/宿主。接口。豫 | PID 29185 | 退出 0 | 运行 21/24 | 已完成 25
[完成] 依赖分析：/Users/zhiboc/repos/yuyan-worktrees/基础库-密码公钥核验/库/标准库/语言核心/引用。豫 | PID 29185 | 退出 0 | 运行 20/24 | 已完成 26
[完成] 依赖分析：/Users/zhiboc/repos/yuyan-worktrees/基础库-密码公钥核验/库/标准库/数据结构/爻术。豫 | PID 29185 | 退出 0 | 运行 19/24 | 已完成 27
[完成] 依赖分析：/Users/zhiboc/repos/yuyan-worktrees/基础库-密码公钥核验/库/标准库/数据结构/小数操作。豫 | PID 29185 | 退出 0 | 运行 18/24 | 已完成 28
[完成] 依赖分析：/Users/zhiboc/repos/yuyan-worktrees/基础库-密码公钥核验/库/标准库/语言核心/原语。内建。豫 | PID 29185 | 退出 0 | 运行 17/24 | 已完成 29
[完成] 依赖分析：/Users/zhiboc/repos/yuyan-worktrees/基础库-密码公钥核验/库/标准库/数据结构/多态列工具。豫 | PID 29185 | 退出 0 | 运行 16/24 | 已完成 30
[完成] 依赖分析：/Users/zhiboc/repos/yuyan-worktrees/基础库-密码公钥核验/库/标准库/数据结构/可选值。豫 | PID 29185 | 退出 0 | 运行 15/24 | 已完成 31
[完成] 依赖分析：/Users/zhiboc/repos/yuyan-worktrees/基础库-密码公钥核验/库/标准库/数据结构/特殊字符。豫 | PID 29185 | 退出 0 | 运行 14/24 | 已完成 32
[完成] 依赖分析：/Users/zhiboc/repos/yuyan-worktrees/基础库-密码公钥核验/库/标准库/网络/异步传输控制协议。豫 | PID 29185 | 退出 0 | 运行 13/24 | 已完成 33
[完成] 依赖分析：/Users/zhiboc/repos/yuyan-worktrees/基础库-密码公钥核验/库/标准库/控制/惰性求值。豫 | PID 29185 | 退出 0 | 运行 12/24 | 已完成 34
[完成] 依赖分析：/Users/zhiboc/repos/yuyan-worktrees/基础库-密码公钥核验/库/标准库/操作系统/环境变量。豫 | PID 29185 | 退出 0 | 运行 11/24 | 已完成 35
[完成] 依赖分析：/Users/zhiboc/repos/yuyan-worktrees/基础库-密码公钥核验/库/标准库/操作系统/系统名称。豫 | PID 29185 | 退出 0 | 运行 10/24 | 已完成 36
[完成] 依赖分析：/Users/zhiboc/repos/yuyan-worktrees/基础库-密码公钥核验/库/标准库/操作系统/时间。豫 | PID 29185 | 退出 0 | 运行 9/24 | 已完成 37
[完成] 依赖分析：/Users/zhiboc/repos/yuyan-worktrees/基础库-密码公钥核验/库/标准库/豫言标准内核。豫 | PID 29185 | 退出 0 | 运行 8/24 | 已完成 38
[启动] dependency-analysis：/Users/zhiboc/repos/yuyan-worktrees/基础库-密码公钥核验/库/标准库/语言核心/异步原语。豫 | 运行 9/24
[启动] dependency-analysis：/Users/zhiboc/repos/yuyan-worktrees/基础库-密码公钥核验/库/标准库/数据结构/小数术。豫 | 运行 10/24
[启动] dependency-analysis：/Users/zhiboc/repos/yuyan-worktrees/基础库-密码公钥核验/库/标准库/数据结构/字典术。豫 | 运行 11/24
[完成] 依赖分析：/Users/zhiboc/repos/yuyan-worktrees/基础库-密码公钥核验/库/标准库/语言核心。豫 | PID 29185 | 退出 0 | 运行 10/24 | 已完成 39
[启动] dependency-analysis：/Users/zhiboc/repos/yuyan-worktrees/基础库-密码公钥核验/库/标准库/语言核心/不安全。豫 | 运行 11/24
[完成] 依赖分析：/Users/zhiboc/repos/yuyan-worktrees/基础库-密码公钥核验/库/标准库/数据结构。豫 | PID 29185 | 退出 0 | 运行 10/24 | 已完成 40
[启动] dependency-analysis：/Users/zhiboc/repos/yuyan-worktrees/基础库-密码公钥核验/库/标准库/数据结构/字符流术。豫 | 运行 11/24
[启动] dependency-analysis：/Users/zhiboc/repos/yuyan-worktrees/基础库-密码公钥核验/库/标准库/数据结构/对子术。豫 | 运行 12/24
[启动] dependency-analysis：/Users/zhiboc/repos/yuyan-worktrees/基础库-密码公钥核验/库/标准库/数据结构/列表搜索。豫 | 运行 13/24
[启动] dependency-analysis：/Users/zhiboc/repos/yuyan-worktrees/基础库-密码公钥核验/库/标准库/数据结构/函数操作。豫 | 运行 14/24
[启动] dependency-analysis：/Users/zhiboc/repos/yuyan-worktrees/基础库-密码公钥核验/库/标准库/数据结构/字节缓冲。豫 | 运行 15/24
[完成] 依赖分析：/Users/zhiboc/repos/yuyan-worktrees/基础库-密码公钥核验/库/标准库/数据结构/整数操作。豫 | PID 29185 | 退出 0 | 运行 14/24 | 已完成 41
[完成] 依赖分析：/Users/zhiboc/repos/yuyan-worktrees/基础库-密码公钥核验/库/标准库/语言核心/续延。豫 | PID 29185 | 退出 0 | 运行 13/24 | 已完成 42
[启动] parse：/Users/zhiboc/repos/yuyan-worktrees/基础库-密码公钥核验/库/标准库/语言核心/续延。豫 | 运行 14/24
[完成] 语法解析：/Users/zhiboc/repos/yuyan-worktrees/基础库-密码公钥核验/库/标准库/语言核心/内建类型。豫 | PID 29185 | 退出 0 | 运行 13/24 | 已完成 43
[启动] parse：/Users/zhiboc/repos/yuyan-worktrees/基础库-密码公钥核验/库/标准库/数学运算/大小。豫 | 运行 14/24
[启动] parse：/Users/zhiboc/repos/yuyan-worktrees/基础库-密码公钥核验/库/标准库/数据结构/爻术。豫 | 运行 15/24
[启动] parse：/Users/zhiboc/repos/yuyan-worktrees/基础库-密码公钥核验/库/标准库/语言核心/原语。内建。豫 | 运行 16/24
[启动] parse：/Users/zhiboc/repos/yuyan-worktrees/基础库-密码公钥核验/库/标准库/控制/惰性求值。豫 | 运行 17/24
[启动] type-check-and-erase：/Users/zhiboc/repos/yuyan-worktrees/基础库-密码公钥核验/库/标准库/语言核心/内建类型。豫 | 运行 18/24
[完成] 依赖分析：/Users/zhiboc/repos/yuyan-worktrees/基础库-密码公钥核验/库/标准库/数据结构/字节串。豫 | PID 29185 | 退出 0 | 运行 17/24 | 已完成 44
[完成] 依赖分析：/Users/zhiboc/repos/yuyan-worktrees/基础库-密码公钥核验/库/标准库/语言核心/不安全。豫 | PID 29185 | 退出 0 | 运行 16/24 | 已完成 45
[完成] 依赖分析：/Users/zhiboc/repos/yuyan-worktrees/基础库-密码公钥核验/库/标准库/数据结构/小数术。豫 | PID 29185 | 退出 0 | 运行 15/24 | 已完成 46
[完成] 依赖分析：/Users/zhiboc/repos/yuyan-worktrees/基础库-密码公钥核验/库/标准库/语言核心/异步原语。豫 | PID 29185 | 退出 0 | 运行 14/24 | 已完成 47
[完成] 依赖分析：/Users/zhiboc/repos/yuyan-worktrees/基础库-密码公钥核验/库/标准库/数学运算/数组转换。豫 | PID 29185 | 退出 0 | 运行 13/24 | 已完成 48
[完成] 依赖分析：/Users/zhiboc/repos/yuyan-worktrees/基础库-密码公钥核验/库/标准库/数据结构/列表搜索。豫 | PID 29185 | 退出 0 | 运行 12/24 | 已完成 49
[完成] 依赖分析：/Users/zhiboc/repos/yuyan-worktrees/基础库-密码公钥核验/库/标准库/网络/传输控制协议。豫 | PID 29185 | 退出 0 | 运行 11/24 | 已完成 50
[完成] 语法解析：/Users/zhiboc/repos/yuyan-worktrees/基础库-密码公钥核验/库/标准库/语言核心/续延。豫 | PID 29185 | 退出 0 | 运行 10/24 | 已完成 51
[启动] type-check-and-erase：/Users/zhiboc/repos/yuyan-worktrees/基础库-密码公钥核验/库/标准库/语言核心/续延。豫 | 运行 11/24
[完成] 依赖分析：/Users/zhiboc/repos/yuyan-worktrees/基础库-密码公钥核验/库/标准库/数据结构/字典术。豫 | PID 29185 | 退出 0 | 运行 10/24 | 已完成 52
[完成] 语法解析：/Users/zhiboc/repos/yuyan-worktrees/基础库-密码公钥核验/库/标准库/数据结构/爻术。豫 | PID 29185 | 退出 0 | 运行 9/24 | 已完成 53
[完成] 依赖分析：/Users/zhiboc/repos/yuyan-worktrees/基础库-密码公钥核验/库/标准库/数据结构/字符流术。豫 | PID 29185 | 退出 0 | 运行 8/24 | 已完成 54
[完成] 语法解析：/Users/zhiboc/repos/yuyan-worktrees/基础库-密码公钥核验/库/标准库/控制/惰性求值。豫 | PID 29185 | 退出 0 | 运行 7/24 | 已完成 55
[完成] 语法解析：/Users/zhiboc/repos/yuyan-worktrees/基础库-密码公钥核验/库/标准库/数学运算/大小。豫 | PID 29185 | 退出 0 | 运行 6/24 | 已完成 56
[完成] 依赖分析：/Users/zhiboc/repos/yuyan-worktrees/基础库-密码公钥核验/库/标准库/数据结构/对子术。豫 | PID 29185 | 退出 0 | 运行 5/24 | 已完成 57
[完成] 语法解析：/Users/zhiboc/repos/yuyan-worktrees/基础库-密码公钥核验/库/标准库/语言核心/原语。内建。豫 | PID 29185 | 退出 0 | 运行 4/24 | 已完成 58
[启动] parse：/Users/zhiboc/repos/yuyan-worktrees/基础库-密码公钥核验/库/标准库/数学运算/转换。豫 | 运行 5/24
[启动] parse：/Users/zhiboc/repos/yuyan-worktrees/基础库-密码公钥核验/库/标准库/语言核心/引用。豫 | 运行 6/24
[启动] parse：/Users/zhiboc/repos/yuyan-worktrees/基础库-密码公钥核验/库/标准库/数据结构/整数操作。豫 | 运行 7/24
[启动] parse：/Users/zhiboc/repos/yuyan-worktrees/基础库-密码公钥核验/库/标准库/数据结构/字节串。豫 | 运行 8/24
[启动] parse：/Users/zhiboc/repos/yuyan-worktrees/基础库-密码公钥核验/库/标准库/语言核心/不安全。豫 | 运行 9/24
[启动] parse：/Users/zhiboc/repos/yuyan-worktrees/基础库-密码公钥核验/库/标准库/数据结构/小数术。豫 | 运行 10/24
[启动] parse：/Users/zhiboc/repos/yuyan-worktrees/基础库-密码公钥核验/库/标准库/语言核心/异步原语。豫 | 运行 11/24
[完成] 依赖分析：/Users/zhiboc/repos/yuyan-worktrees/基础库-密码公钥核验/库/标准库/数据结构/字节缓冲。豫 | PID 29185 | 退出 0 | 运行 10/24 | 已完成 59
[完成] 依赖分析：/Users/zhiboc/repos/yuyan-worktrees/基础库-密码公钥核验/库/标准库/数据结构/函数操作。豫 | PID 29185 | 退出 0 | 运行 9/24 | 已完成 60
[启动] parse：/Users/zhiboc/repos/yuyan-worktrees/基础库-密码公钥核验/库/标准库/数据结构/函数操作。豫 | 运行 10/24
[完成] 语法解析：/Users/zhiboc/repos/yuyan-worktrees/基础库-密码公钥核验/库/标准库/数学运算/转换。豫 | PID 29185 | 退出 0 | 运行 9/24 | 已完成 61
[完成] 语法解析：/Users/zhiboc/repos/yuyan-worktrees/基础库-密码公钥核验/库/标准库/数据结构/整数操作。豫 | PID 29185 | 退出 0 | 运行 8/24 | 已完成 62
[完成] 语法解析：/Users/zhiboc/repos/yuyan-worktrees/基础库-密码公钥核验/库/标准库/语言核心/不安全。豫 | PID 29185 | 退出 0 | 运行 7/24 | 已完成 63
[完成] 语法解析：/Users/zhiboc/repos/yuyan-worktrees/基础库-密码公钥核验/库/标准库/数据结构/函数操作。豫 | PID 29185 | 退出 0 | 运行 6/24 | 已完成 64
[启动] type-check-and-erase：/Users/zhiboc/repos/yuyan-worktrees/基础库-密码公钥核验/库/标准库/数据结构/函数操作。豫 | 运行 7/24
[完成] 语法解析：/Users/zhiboc/repos/yuyan-worktrees/基础库-密码公钥核验/库/标准库/语言核心/异步原语。豫 | PID 29185 | 退出 0 | 运行 6/24 | 已完成 65
[完成] 语法解析：/Users/zhiboc/repos/yuyan-worktrees/基础库-密码公钥核验/库/标准库/数据结构/字节串。豫 | PID 29185 | 退出 0 | 运行 5/24 | 已完成 66
[启动] parse：/Users/zhiboc/repos/yuyan-worktrees/基础库-密码公钥核验/库/标准库/宿主。接口。豫 | 运行 6/24
[启动] parse：/Users/zhiboc/repos/yuyan-worktrees/基础库-密码公钥核验/库/标准库/数据结构/字节缓冲。豫 | 运行 7/24
[完成] 类型检查：/Users/zhiboc/repos/yuyan-worktrees/基础库-密码公钥核验/库/标准库/语言核心/续延。豫 | PID 29185 | 退出 0 | 运行 6/24 | 已完成 67
[完成] 语法解析：/Users/zhiboc/repos/yuyan-worktrees/基础库-密码公钥核验/库/标准库/数据结构/字节缓冲。豫 | PID 29185 | 退出 0 | 运行 5/24 | 已完成 68
[完成] 语法解析：/Users/zhiboc/repos/yuyan-worktrees/基础库-密码公钥核验/库/标准库/宿主。接口。豫 | PID 29185 | 退出 0 | 运行 4/24 | 已完成 69
[启动] parse：/Users/zhiboc/repos/yuyan-worktrees/基础库-密码公钥核验/库/标准库/操作系统/进程。豫 | 运行 5/24
[启动] parse：/Users/zhiboc/repos/yuyan-worktrees/基础库-密码公钥核验/库/标准库/数学运算/随机。豫 | 运行 6/24
[启动] parse：/Users/zhiboc/repos/yuyan-worktrees/基础库-密码公钥核验/库/标准库/输入输出/笔。豫 | 运行 7/24
[启动] parse：/Users/zhiboc/repos/yuyan-worktrees/基础库-密码公钥核验/库/标准库/语言核心/异常。豫 | 运行 8/24
[启动] parse：/Users/zhiboc/repos/yuyan-worktrees/基础库-密码公钥核验/库/标准库/数据结构/小数操作。豫 | 运行 9/24
[启动] parse：/Users/zhiboc/repos/yuyan-worktrees/基础库-密码公钥核验/库/标准库/操作系统/环境变量。豫 | 运行 10/24
[启动] parse：/Users/zhiboc/repos/yuyan-worktrees/基础库-密码公钥核验/库/标准库/操作系统/系统名称。豫 | 运行 11/24
[启动] parse：/Users/zhiboc/repos/yuyan-worktrees/基础库-密码公钥核验/库/标准库/网络/传输控制协议。豫 | 运行 12/24
[完成] 语法解析：/Users/zhiboc/repos/yuyan-worktrees/基础库-密码公钥核验/库/标准库/操作系统/进程。豫 | PID 29185 | 退出 0 | 运行 11/24 | 已完成 70
[完成] 语法解析：/Users/zhiboc/repos/yuyan-worktrees/基础库-密码公钥核验/库/标准库/语言核心/引用。豫 | PID 29185 | 退出 0 | 运行 10/24 | 已完成 71
[完成] 类型检查：/Users/zhiboc/repos/yuyan-worktrees/基础库-密码公钥核验/库/标准库/语言核心/内建类型。豫 | PID 29185 | 退出 0 | 运行 9/24 | 已完成 72
[启动] type-check-and-erase：/Users/zhiboc/repos/yuyan-worktrees/基础库-密码公钥核验/库/标准库/数学运算/大小。豫 | 运行 10/24
[启动] type-check-and-erase：/Users/zhiboc/repos/yuyan-worktrees/基础库-密码公钥核验/库/标准库/数据结构/爻术。豫 | 运行 11/24
[启动] type-check-and-erase：/Users/zhiboc/repos/yuyan-worktrees/基础库-密码公钥核验/库/标准库/语言核心/原语。内建。豫 | 运行 12/24
[启动] type-check-and-erase：/Users/zhiboc/repos/yuyan-worktrees/基础库-密码公钥核验/库/标准库/控制/惰性求值。豫 | 运行 13/24
[完成] 语法解析：/Users/zhiboc/repos/yuyan-worktrees/基础库-密码公钥核验/库/标准库/数学运算/随机。豫 | PID 29185 | 退出 0 | 运行 12/24 | 已完成 73
[完成] 语法解析：/Users/zhiboc/repos/yuyan-worktrees/基础库-密码公钥核验/库/标准库/操作系统/环境变量。豫 | PID 29185 | 退出 0 | 运行 11/24 | 已完成 74
[完成] 语法解析：/Users/zhiboc/repos/yuyan-worktrees/基础库-密码公钥核验/库/标准库/数据结构/小数操作。豫 | PID 29185 | 退出 0 | 运行 10/24 | 已完成 75
[启动] parse：/Users/zhiboc/repos/yuyan-worktrees/基础库-密码公钥核验/库/标准库/操作系统/时间。豫 | 运行 11/24
[完成] 类型检查：/Users/zhiboc/repos/yuyan-worktrees/基础库-密码公钥核验/库/标准库/数据结构/爻术。豫 | PID 29185 | 退出 0 | 运行 10/24 | 已完成 76
[完成] 类型检查：/Users/zhiboc/repos/yuyan-worktrees/基础库-密码公钥核验/库/标准库/数学运算/大小。豫 | PID 29185 | 退出 0 | 运行 9/24 | 已完成 77
[完成] 语法解析：/Users/zhiboc/repos/yuyan-worktrees/基础库-密码公钥核验/库/标准库/网络/传输控制协议。豫 | PID 29185 | 退出 0 | 运行 8/24 | 已完成 78
[完成] 语法解析：/Users/zhiboc/repos/yuyan-worktrees/基础库-密码公钥核验/库/标准库/输入输出/笔。豫 | PID 29185 | 退出 0 | 运行 7/24 | 已完成 79
[启动] parse：/Users/zhiboc/repos/yuyan-worktrees/基础库-密码公钥核验/库/标准库/输入输出。豫 | 运行 8/24
[完成] 类型检查：/Users/zhiboc/repos/yuyan-worktrees/基础库-密码公钥核验/库/标准库/数据结构/函数操作。豫 | PID 29185 | 退出 0 | 运行 7/24 | 已完成 80
[完成] 类型检查：/Users/zhiboc/repos/yuyan-worktrees/基础库-密码公钥核验/库/标准库/语言核心/原语。内建。豫 | PID 29185 | 退出 0 | 运行 6/24 | 已完成 81
[启动] type-check-and-erase：/Users/zhiboc/repos/yuyan-worktrees/基础库-密码公钥核验/库/标准库/数学运算/转换。豫 | 运行 7/24
[启动] type-check-and-erase：/Users/zhiboc/repos/yuyan-worktrees/基础库-密码公钥核验/库/标准库/语言核心/引用。豫 | 运行 8/24
[启动] type-check-and-erase：/Users/zhiboc/repos/yuyan-worktrees/基础库-密码公钥核验/库/标准库/数据结构/整数操作。豫 | 运行 9/24
[启动] type-check-and-erase：/Users/zhiboc/repos/yuyan-worktrees/基础库-密码公钥核验/库/标准库/数据结构/字节串。豫 | 运行 10/24
[启动] type-check-and-erase：/Users/zhiboc/repos/yuyan-worktrees/基础库-密码公钥核验/库/标准库/语言核心/不安全。豫 | 运行 11/24
[启动] type-check-and-erase：/Users/zhiboc/repos/yuyan-worktrees/基础库-密码公钥核验/库/标准库/语言核心/异步原语。豫 | 运行 12/24
[完成] 语法解析：/Users/zhiboc/repos/yuyan-worktrees/基础库-密码公钥核验/库/标准库/操作系统/时间。豫 | PID 29185 | 退出 0 | 运行 11/24 | 已完成 82
[完成] 语法解析：/Users/zhiboc/repos/yuyan-worktrees/基础库-密码公钥核验/库/标准库/数据结构/小数术。豫 | PID 29185 | 退出 0 | 运行 10/24 | 已完成 83
[启动] type-check-and-erase：/Users/zhiboc/repos/yuyan-worktrees/基础库-密码公钥核验/库/标准库/数据结构/小数术。豫 | 运行 11/24
[完成] 类型检查：/Users/zhiboc/repos/yuyan-worktrees/基础库-密码公钥核验/库/标准库/控制/惰性求值。豫 | PID 29185 | 退出 0 | 运行 10/24 | 已完成 84
[完成] 语法解析：/Users/zhiboc/repos/yuyan-worktrees/基础库-密码公钥核验/库/标准库/语言核心/异常。豫 | PID 29185 | 退出 0 | 运行 9/24 | 已完成 85
[启动] parse：/Users/zhiboc/repos/yuyan-worktrees/基础库-密码公钥核验/库/标准库/数据结构/可选值。豫 | 运行 10/24
[启动] parse：/Users/zhiboc/repos/yuyan-worktrees/基础库-密码公钥核验/库/标准库/语言核心。豫 | 运行 11/24
[完成] 类型检查：/Users/zhiboc/repos/yuyan-worktrees/基础库-密码公钥核验/库/标准库/数据结构/整数操作。豫 | PID 29185 | 退出 0 | 运行 10/24 | 已完成 86
[完成] 语法解析：/Users/zhiboc/repos/yuyan-worktrees/基础库-密码公钥核验/库/标准库/数据结构/可选值。豫 | PID 29185 | 退出 0 | 运行 9/24 | 已完成 87
[启动] parse：/Users/zhiboc/repos/yuyan-worktrees/基础库-密码公钥核验/库/标准库/数据结构/多态列。豫 | 运行 10/24
[完成] 类型检查：/Users/zhiboc/repos/yuyan-worktrees/基础库-密码公钥核验/库/标准库/数据结构/字节串。豫 | PID 29185 | 退出 0 | 运行 9/24 | 已完成 88
[启动] type-check-and-erase：/Users/zhiboc/repos/yuyan-worktrees/基础库-密码公钥核验/库/标准库/宿主。接口。豫 | 运行 10/24
[启动] type-check-and-erase：/Users/zhiboc/repos/yuyan-worktrees/基础库-密码公钥核验/库/标准库/数据结构/字节缓冲。豫 | 运行 11/24
[完成] 类型检查：/Users/zhiboc/repos/yuyan-worktrees/基础库-密码公钥核验/库/标准库/语言核心/异步原语。豫 | PID 29185 | 退出 0 | 运行 10/24 | 已完成 89
[完成] 语法解析：/Users/zhiboc/repos/yuyan-worktrees/基础库-密码公钥核验/库/标准库/输入输出。豫 | PID 29185 | 退出 0 | 运行 9/24 | 已完成 90
[完成] 语法解析：/Users/zhiboc/repos/yuyan-worktrees/基础库-密码公钥核验/库/标准库/数据结构/多态列。豫 | PID 29185 | 退出 0 | 运行 8/24 | 已完成 91
[启动] parse：/Users/zhiboc/repos/yuyan-worktrees/基础库-密码公钥核验/库/标准库/数学运算/具体列。豫 | 运行 9/24
[启动] parse：/Users/zhiboc/repos/yuyan-worktrees/基础库-密码公钥核验/库/标准库/宿主带列。接口。豫 | 运行 10/24
[启动] parse：/Users/zhiboc/repos/yuyan-worktrees/基础库-密码公钥核验/库/标准库/数据结构/多态列工具。豫 | 运行 11/24
[启动] parse：/Users/zhiboc/repos/yuyan-worktrees/基础库-密码公钥核验/库/标准库/数学运算/数组转换。豫 | 运行 12/24
[完成] 类型检查：/Users/zhiboc/repos/yuyan-worktrees/基础库-密码公钥核验/库/标准库/宿主。接口。豫 | PID 29185 | 退出 0 | 运行 11/24 | 已完成 92
[启动] type-check-and-erase：/Users/zhiboc/repos/yuyan-worktrees/基础库-密码公钥核验/库/标准库/操作系统/进程。豫 | 运行 12/24
[启动] type-check-and-erase：/Users/zhiboc/repos/yuyan-worktrees/基础库-密码公钥核验/库/标准库/数学运算/随机。豫 | 运行 13/24
[启动] type-check-and-erase：/Users/zhiboc/repos/yuyan-worktrees/基础库-密码公钥核验/库/标准库/输入输出/笔。豫 | 运行 14/24
[启动] type-check-and-erase：/Users/zhiboc/repos/yuyan-worktrees/基础库-密码公钥核验/库/标准库/语言核心/异常。豫 | 运行 15/24
[启动] type-check-and-erase：/Users/zhiboc/repos/yuyan-worktrees/基础库-密码公钥核验/库/标准库/数据结构/小数操作。豫 | 运行 16/24
[启动] type-check-and-erase：/Users/zhiboc/repos/yuyan-worktrees/基础库-密码公钥核验/库/标准库/操作系统/环境变量。豫 | 运行 17/24
[启动] type-check-and-erase：/Users/zhiboc/repos/yuyan-worktrees/基础库-密码公钥核验/库/标准库/网络/传输控制协议。豫 | 运行 18/24
[完成] 语法解析：/Users/zhiboc/repos/yuyan-worktrees/基础库-密码公钥核验/库/标准库/宿主带列。接口。豫 | PID 29185 | 退出 0 | 运行 17/24 | 已完成 93
[启动] parse：/Users/zhiboc/repos/yuyan-worktrees/基础库-密码公钥核验/库/标准库/操作系统/命令行参数。豫 | 运行 18/24
[启动] parse：/Users/zhiboc/repos/yuyan-worktrees/基础库-密码公钥核验/库/标准库/操作系统/文件系统。豫 | 运行 19/24
[启动] parse：/Users/zhiboc/repos/yuyan-worktrees/基础库-密码公钥核验/库/标准库/控制/异步。豫 | 运行 20/24
[完成] 类型检查：/Users/zhiboc/repos/yuyan-worktrees/基础库-密码公钥核验/库/标准库/数据结构/字节缓冲。豫 | PID 29185 | 退出 0 | 运行 19/24 | 已完成 94
[完成] 语法解析：/Users/zhiboc/repos/yuyan-worktrees/基础库-密码公钥核验/库/标准库/语言核心。豫 | PID 29185 | 退出 0 | 运行 18/24 | 已完成 95
[完成] 类型检查：/Users/zhiboc/repos/yuyan-worktrees/基础库-密码公钥核验/库/标准库/数据结构/小数术。豫 | PID 29185 | 退出 0 | 运行 17/24 | 已完成 96
[完成] 类型检查：/Users/zhiboc/repos/yuyan-worktrees/基础库-密码公钥核验/库/标准库/语言核心/不安全。豫 | PID 29185 | 退出 0 | 运行 16/24 | 已完成 97
[完成] 类型检查：/Users/zhiboc/repos/yuyan-worktrees/基础库-密码公钥核验/库/标准库/操作系统/环境变量。豫 | PID 29185 | 退出 0 | 运行 15/24 | 已完成 98
[完成] 类型检查：/Users/zhiboc/repos/yuyan-worktrees/基础库-密码公钥核验/库/标准库/输入输出/笔。豫 | PID 29185 | 退出 0 | 运行 14/24 | 已完成 99
[启动] type-check-and-erase：/Users/zhiboc/repos/yuyan-worktrees/基础库-密码公钥核验/库/标准库/输入输出。豫 | 运行 15/24
[完成] 类型检查：/Users/zhiboc/repos/yuyan-worktrees/基础库-密码公钥核验/库/标准库/操作系统/进程。豫 | PID 29185 | 退出 0 | 运行 14/24 | 已完成 100
[完成] 类型检查：/Users/zhiboc/repos/yuyan-worktrees/基础库-密码公钥核验/库/标准库/语言核心/引用。豫 | PID 29185 | 退出 0 | 运行 13/24 | 已完成 101
[完成] 语法解析：/Users/zhiboc/repos/yuyan-worktrees/基础库-密码公钥核验/库/标准库/数学运算/数组转换。豫 | PID 29185 | 退出 0 | 运行 12/24 | 已完成 102
[启动] parse：/Users/zhiboc/repos/yuyan-worktrees/基础库-密码公钥核验/库/标准库/数据结构/字符流术。豫 | 运行 13/24
[完成] 语法解析：/Users/zhiboc/repos/yuyan-worktrees/基础库-密码公钥核验/库/标准库/数学运算/具体列。豫 | PID 29185 | 退出 0 | 运行 12/24 | 已完成 103
[启动] parse：/Users/zhiboc/repos/yuyan-worktrees/基础库-密码公钥核验/库/标准库/数学运算。豫 | 运行 13/24
[完成] 类型检查：/Users/zhiboc/repos/yuyan-worktrees/基础库-密码公钥核验/库/标准库/网络/传输控制协议。豫 | PID 29185 | 退出 0 | 运行 12/24 | 已完成 104
[完成] 类型检查：/Users/zhiboc/repos/yuyan-worktrees/基础库-密码公钥核验/库/标准库/数学运算/随机。豫 | PID 29185 | 退出 0 | 运行 11/24 | 已完成 105
[完成] 类型检查：/Users/zhiboc/repos/yuyan-worktrees/基础库-密码公钥核验/库/标准库/数学运算/转换。豫 | PID 29185 | 退出 0 | 运行 10/24 | 已完成 106
[完成] 语法解析：/Users/zhiboc/repos/yuyan-worktrees/基础库-密码公钥核验/库/标准库/数据结构/字符流术。豫 | PID 29185 | 退出 0 | 运行 9/24 | 已完成 107
[完成] 类型检查：/Users/zhiboc/repos/yuyan-worktrees/基础库-密码公钥核验/库/标准库/数据结构/小数操作。豫 | PID 29185 | 退出 0 | 运行 8/24 | 已完成 108
[启动] type-check-and-erase：/Users/zhiboc/repos/yuyan-worktrees/基础库-密码公钥核验/库/标准库/操作系统/时间。豫 | 运行 9/24
[完成] 语法解析：/Users/zhiboc/repos/yuyan-worktrees/基础库-密码公钥核验/库/标准库/数学运算。豫 | PID 29185 | 退出 0 | 运行 8/24 | 已完成 109
[完成] 类型检查：/Users/zhiboc/repos/yuyan-worktrees/基础库-密码公钥核验/库/标准库/输入输出。豫 | PID 29185 | 退出 0 | 运行 7/24 | 已完成 110
[完成] 语法解析：/Users/zhiboc/repos/yuyan-worktrees/基础库-密码公钥核验/库/标准库/操作系统/系统名称。豫 | PID 29185 | 退出 0 | 运行 6/24 | 已完成 111
[启动] type-check-and-erase：/Users/zhiboc/repos/yuyan-worktrees/基础库-密码公钥核验/库/标准库/操作系统/系统名称。豫 | 运行 7/24
[完成] 语法解析：/Users/zhiboc/repos/yuyan-worktrees/基础库-密码公钥核验/库/标准库/控制/异步。豫 | PID 29185 | 退出 0 | 运行 6/24 | 已完成 112
[启动] parse：/Users/zhiboc/repos/yuyan-worktrees/基础库-密码公钥核验/库/标准库/控制。豫 | 运行 7/24
[启动] parse：/Users/zhiboc/repos/yuyan-worktrees/基础库-密码公钥核验/库/标准库/网络/异步传输控制协议。豫 | 运行 8/24
[完成] 语法解析：/Users/zhiboc/repos/yuyan-worktrees/基础库-密码公钥核验/库/标准库/操作系统/命令行参数。豫 | PID 29185 | 退出 0 | 运行 7/24 | 已完成 113
[完成] 类型检查：/Users/zhiboc/repos/yuyan-worktrees/基础库-密码公钥核验/库/标准库/语言核心/异常。豫 | PID 29185 | 退出 0 | 运行 6/24 | 已完成 114
[启动] type-check-and-erase：/Users/zhiboc/repos/yuyan-worktrees/基础库-密码公钥核验/库/标准库/数据结构/可选值。豫 | 运行 7/24
[启动] type-check-and-erase：/Users/zhiboc/repos/yuyan-worktrees/基础库-密码公钥核验/库/标准库/语言核心。豫 | 运行 8/24
[完成] 类型检查：/Users/zhiboc/repos/yuyan-worktrees/基础库-密码公钥核验/库/标准库/操作系统/系统名称。豫 | PID 29185 | 退出 0 | 运行 7/24 | 已完成 115
[完成] 语法解析：/Users/zhiboc/repos/yuyan-worktrees/基础库-密码公钥核验/库/标准库/控制。豫 | PID 29185 | 退出 0 | 运行 6/24 | 已完成 116
[完成] 类型检查：/Users/zhiboc/repos/yuyan-worktrees/基础库-密码公钥核验/库/标准库/语言核心。豫 | PID 29185 | 退出 0 | 运行 5/24 | 已完成 117
[完成] 类型检查：/Users/zhiboc/repos/yuyan-worktrees/基础库-密码公钥核验/库/标准库/操作系统/时间。豫 | PID 29185 | 退出 0 | 运行 4/24 | 已完成 118
[完成] 语法解析：/Users/zhiboc/repos/yuyan-worktrees/基础库-密码公钥核验/库/标准库/网络/异步传输控制协议。豫 | PID 29185 | 退出 0 | 运行 3/24 | 已完成 119
[完成] 语法解析：/Users/zhiboc/repos/yuyan-worktrees/基础库-密码公钥核验/库/标准库/操作系统/文件系统。豫 | PID 29185 | 退出 0 | 运行 2/24 | 已完成 120
[完成] 语法解析：/Users/zhiboc/repos/yuyan-worktrees/基础库-密码公钥核验/库/标准库/数据结构/多态列工具。豫 | PID 29185 | 退出 0 | 运行 1/24 | 已完成 121
[启动] parse：/Users/zhiboc/repos/yuyan-worktrees/基础库-密码公钥核验/库/标准库/数据结构/字符串术。豫 | 运行 2/24
[完成] 语法解析：/Users/zhiboc/repos/yuyan-worktrees/基础库-密码公钥核验/库/标准库/数据结构/字符串术。豫 | PID 29185 | 退出 0 | 运行 1/24 | 已完成 122
[启动] parse：/Users/zhiboc/repos/yuyan-worktrees/基础库-密码公钥核验/库/标准库/操作系统/子进程。豫 | 运行 2/24
[启动] parse：/Users/zhiboc/repos/yuyan-worktrees/基础库-密码公钥核验/库/标准库/数据结构/特殊字符。豫 | 运行 3/24
[启动] parse：/Users/zhiboc/repos/yuyan-worktrees/基础库-密码公钥核验/库/标准库/数据结构/对子术。豫 | 运行 4/24
[完成] 语法解析：/Users/zhiboc/repos/yuyan-worktrees/基础库-密码公钥核验/库/标准库/数据结构/对子术。豫 | PID 29185 | 退出 0 | 运行 3/24 | 已完成 123
[启动] parse：/Users/zhiboc/repos/yuyan-worktrees/基础库-密码公钥核验/库/标准库/数据结构/列表搜索。豫 | 运行 4/24
[完成] 语法解析：/Users/zhiboc/repos/yuyan-worktrees/基础库-密码公钥核验/库/标准库/操作系统/子进程。豫 | PID 29185 | 退出 0 | 运行 3/24 | 已完成 124
[完成] 类型检查：/Users/zhiboc/repos/yuyan-worktrees/基础库-密码公钥核验/库/标准库/数据结构/可选值。豫 | PID 29185 | 退出 0 | 运行 2/24 | 已完成 125
[启动] type-check-and-erase：/Users/zhiboc/repos/yuyan-worktrees/基础库-密码公钥核验/库/标准库/数据结构/多态列。豫 | 运行 3/24
[完成] 语法解析：/Users/zhiboc/repos/yuyan-worktrees/基础库-密码公钥核验/库/标准库/数据结构/列表搜索。豫 | PID 29185 | 退出 0 | 运行 2/24 | 已完成 126
[启动] parse：/Users/zhiboc/repos/yuyan-worktrees/基础库-密码公钥核验/库/标准库/数据结构/字典术。豫 | 运行 3/24
[完成] 类型检查：/Users/zhiboc/repos/yuyan-worktrees/基础库-密码公钥核验/库/标准库/数据结构/多态列。豫 | PID 29185 | 退出 0 | 运行 2/24 | 已完成 127
[启动] type-check-and-erase：/Users/zhiboc/repos/yuyan-worktrees/基础库-密码公钥核验/库/标准库/数学运算/具体列。豫 | 运行 3/24
[启动] type-check-and-erase：/Users/zhiboc/repos/yuyan-worktrees/基础库-密码公钥核验/库/标准库/宿主带列。接口。豫 | 运行 4/24
[启动] type-check-and-erase：/Users/zhiboc/repos/yuyan-worktrees/基础库-密码公钥核验/库/标准库/数据结构/多态列工具。豫 | 运行 5/24
[启动] type-check-and-erase：/Users/zhiboc/repos/yuyan-worktrees/基础库-密码公钥核验/库/标准库/数学运算/数组转换。豫 | 运行 6/24
[完成] 语法解析：/Users/zhiboc/repos/yuyan-worktrees/基础库-密码公钥核验/库/标准库/数据结构/字典术。豫 | PID 29185 | 退出 0 | 运行 5/24 | 已完成 128
[启动] parse：/Users/zhiboc/repos/yuyan-worktrees/基础库-密码公钥核验/库/标准库/豫言标准内核。豫 | 运行 6/24
[完成] 类型检查：/Users/zhiboc/repos/yuyan-worktrees/基础库-密码公钥核验/库/标准库/宿主带列。接口。豫 | PID 29185 | 退出 0 | 运行 5/24 | 已完成 129
[启动] type-check-and-erase：/Users/zhiboc/repos/yuyan-worktrees/基础库-密码公钥核验/库/标准库/操作系统/命令行参数。豫 | 运行 6/24
[启动] type-check-and-erase：/Users/zhiboc/repos/yuyan-worktrees/基础库-密码公钥核验/库/标准库/操作系统/文件系统。豫 | 运行 7/24
[启动] type-check-and-erase：/Users/zhiboc/repos/yuyan-worktrees/基础库-密码公钥核验/库/标准库/控制/异步。豫 | 运行 8/24
[完成] 类型检查：/Users/zhiboc/repos/yuyan-worktrees/基础库-密码公钥核验/库/标准库/数学运算/具体列。豫 | PID 29185 | 退出 0 | 运行 7/24 | 已完成 130
[完成] 语法解析：/Users/zhiboc/repos/yuyan-worktrees/基础库-密码公钥核验/库/标准库/数据结构/特殊字符。豫 | PID 29185 | 退出 0 | 运行 6/24 | 已完成 131
[启动] parse：/Users/zhiboc/repos/yuyan-worktrees/基础库-密码公钥核验/库/标准库/网络/超文本传输协议。豫 | 运行 7/24
[启动] parse：/Users/zhiboc/repos/yuyan-worktrees/基础库-密码公钥核验/库/标准库/数据结构。豫 | 运行 8/24
[完成] 类型检查：/Users/zhiboc/repos/yuyan-worktrees/基础库-密码公钥核验/库/标准库/数学运算/数组转换。豫 | PID 29185 | 退出 0 | 运行 7/24 | 已完成 132
[启动] type-check-and-erase：/Users/zhiboc/repos/yuyan-worktrees/基础库-密码公钥核验/库/标准库/数学运算。豫 | 运行 8/24
[启动] type-check-and-erase：/Users/zhiboc/repos/yuyan-worktrees/基础库-密码公钥核验/库/标准库/数据结构/字符流术。豫 | 运行 9/24
[完成] 语法解析：/Users/zhiboc/repos/yuyan-worktrees/基础库-密码公钥核验/库/标准库/数据结构。豫 | PID 29185 | 退出 0 | 运行 8/24 | 已完成 133
[完成] 类型检查：/Users/zhiboc/repos/yuyan-worktrees/基础库-密码公钥核验/库/标准库/操作系统/文件系统。豫 | PID 29185 | 退出 0 | 运行 7/24 | 已完成 134
[完成] 语法解析：/Users/zhiboc/repos/yuyan-worktrees/基础库-密码公钥核验/库/标准库/网络/超文本传输协议。豫 | PID 29185 | 退出 0 | 运行 6/24 | 已完成 135
[启动] parse：/Users/zhiboc/repos/yuyan-worktrees/基础库-密码公钥核验/库/标准库/网络。豫 | 运行 7/24
[完成] 类型检查：/Users/zhiboc/repos/yuyan-worktrees/基础库-密码公钥核验/库/标准库/数据结构/多态列工具。豫 | PID 29185 | 退出 0 | 运行 6/24 | 已完成 136
[启动] type-check-and-erase：/Users/zhiboc/repos/yuyan-worktrees/基础库-密码公钥核验/库/标准库/数据结构/字符串术。豫 | 运行 7/24
[完成] 语法解析：/Users/zhiboc/repos/yuyan-worktrees/基础库-密码公钥核验/库/标准库/网络。豫 | PID 29185 | 退出 0 | 运行 6/24 | 已完成 137
[完成] 类型检查：/Users/zhiboc/repos/yuyan-worktrees/基础库-密码公钥核验/库/标准库/数学运算。豫 | PID 29185 | 退出 0 | 运行 5/24 | 已完成 138
[完成] 类型检查：/Users/zhiboc/repos/yuyan-worktrees/基础库-密码公钥核验/库/标准库/数据结构/字符串术。豫 | PID 29185 | 退出 0 | 运行 4/24 | 已完成 139
[启动] type-check-and-erase：/Users/zhiboc/repos/yuyan-worktrees/基础库-密码公钥核验/库/标准库/操作系统/子进程。豫 | 运行 5/24
[启动] type-check-and-erase：/Users/zhiboc/repos/yuyan-worktrees/基础库-密码公钥核验/库/标准库/数据结构/特殊字符。豫 | 运行 6/24
[启动] type-check-and-erase：/Users/zhiboc/repos/yuyan-worktrees/基础库-密码公钥核验/库/标准库/数据结构/对子术。豫 | 运行 7/24
[完成] 类型检查：/Users/zhiboc/repos/yuyan-worktrees/基础库-密码公钥核验/库/标准库/操作系统/命令行参数。豫 | PID 29185 | 退出 0 | 运行 6/24 | 已完成 140
[完成] 类型检查：/Users/zhiboc/repos/yuyan-worktrees/基础库-密码公钥核验/库/标准库/控制/异步。豫 | PID 29185 | 退出 0 | 运行 5/24 | 已完成 141
[启动] type-check-and-erase：/Users/zhiboc/repos/yuyan-worktrees/基础库-密码公钥核验/库/标准库/控制。豫 | 运行 6/24
[启动] type-check-and-erase：/Users/zhiboc/repos/yuyan-worktrees/基础库-密码公钥核验/库/标准库/网络/异步传输控制协议。豫 | 运行 7/24
[完成] 类型检查：/Users/zhiboc/repos/yuyan-worktrees/基础库-密码公钥核验/库/标准库/数据结构/特殊字符。豫 | PID 29185 | 退出 0 | 运行 6/24 | 已完成 142
[启动] type-check-and-erase：/Users/zhiboc/repos/yuyan-worktrees/基础库-密码公钥核验/库/标准库/网络/超文本传输协议。豫 | 运行 7/24
[完成] 类型检查：/Users/zhiboc/repos/yuyan-worktrees/基础库-密码公钥核验/库/标准库/操作系统/子进程。豫 | PID 29185 | 退出 0 | 运行 6/24 | 已完成 143
[完成] 类型检查：/Users/zhiboc/repos/yuyan-worktrees/基础库-密码公钥核验/库/标准库/数据结构/字符流术。豫 | PID 29185 | 退出 0 | 运行 5/24 | 已完成 144
[完成] 类型检查：/Users/zhiboc/repos/yuyan-worktrees/基础库-密码公钥核验/库/标准库/数据结构/对子术。豫 | PID 29185 | 退出 0 | 运行 4/24 | 已完成 145
[启动] type-check-and-erase：/Users/zhiboc/repos/yuyan-worktrees/基础库-密码公钥核验/库/标准库/数据结构/列表搜索。豫 | 运行 5/24
[完成] 语法解析：/Users/zhiboc/repos/yuyan-worktrees/基础库-密码公钥核验/库/标准库/豫言标准内核。豫 | PID 29185 | 退出 0 | 运行 4/24 | 已完成 146
[启动] parse：/Users/zhiboc/repos/yuyan-worktrees/基础库-密码公钥核验/库/标准库/操作系统/路径。豫 | 运行 5/24
[完成] 类型检查：/Users/zhiboc/repos/yuyan-worktrees/基础库-密码公钥核验/库/标准库/网络/异步传输控制协议。豫 | PID 29185 | 退出 0 | 运行 4/24 | 已完成 147
[完成] 类型检查：/Users/zhiboc/repos/yuyan-worktrees/基础库-密码公钥核验/库/标准库/控制。豫 | PID 29185 | 退出 0 | 运行 3/24 | 已完成 148
[完成] 语法解析：/Users/zhiboc/repos/yuyan-worktrees/基础库-密码公钥核验/库/标准库/操作系统/路径。豫 | PID 29185 | 退出 0 | 运行 2/24 | 已完成 149
[启动] parse：/Users/zhiboc/repos/yuyan-worktrees/基础库-密码公钥核验/库/标准库/操作系统。豫 | 运行 3/24
[完成] 语法解析：/Users/zhiboc/repos/yuyan-worktrees/基础库-密码公钥核验/库/标准库/操作系统。豫 | PID 29185 | 退出 0 | 运行 2/24 | 已完成 150
[启动] parse：/Users/zhiboc/repos/yuyan-worktrees/基础库-密码公钥核验/库/标准库/总集。豫 | 运行 3/24
[完成] 语法解析：/Users/zhiboc/repos/yuyan-worktrees/基础库-密码公钥核验/库/标准库/总集。豫 | PID 29185 | 退出 0 | 运行 2/24 | 已完成 151
[启动] parse：/Users/zhiboc/repos/yuyan-worktrees/基础库-密码公钥核验/库/基础库/密码与安全/密码/曲线。豫 | 运行 3/24
[完成] 语法解析：/Users/zhiboc/repos/yuyan-worktrees/基础库-密码公钥核验/库/基础库/密码与安全/密码/曲线。豫 | PID 29185 | 退出 0 | 运行 2/24 | 已完成 152
[完成] 类型检查：/Users/zhiboc/repos/yuyan-worktrees/基础库-密码公钥核验/库/标准库/网络/超文本传输协议。豫 | PID 29185 | 退出 0 | 运行 1/24 | 已完成 153
[启动] type-check-and-erase：/Users/zhiboc/repos/yuyan-worktrees/基础库-密码公钥核验/库/标准库/网络。豫 | 运行 2/24
[完成] 类型检查：/Users/zhiboc/repos/yuyan-worktrees/基础库-密码公钥核验/库/标准库/数据结构/列表搜索。豫 | PID 29185 | 退出 0 | 运行 1/24 | 已完成 154
[启动] type-check-and-erase：/Users/zhiboc/repos/yuyan-worktrees/基础库-密码公钥核验/库/标准库/数据结构/字典术。豫 | 运行 2/24
[完成] 类型检查：/Users/zhiboc/repos/yuyan-worktrees/基础库-密码公钥核验/库/标准库/网络。豫 | PID 29185 | 退出 0 | 运行 1/24 | 已完成 155
[完成] 类型检查：/Users/zhiboc/repos/yuyan-worktrees/基础库-密码公钥核验/库/标准库/数据结构/字典术。豫 | PID 29185 | 退出 0 | 运行 0/24 | 已完成 156
[启动] type-check-and-erase：/Users/zhiboc/repos/yuyan-worktrees/基础库-密码公钥核验/库/标准库/豫言标准内核。豫 | 运行 1/24
[启动] type-check-and-erase：/Users/zhiboc/repos/yuyan-worktrees/基础库-密码公钥核验/库/标准库/数据结构。豫 | 运行 2/24
[完成] 类型检查：/Users/zhiboc/repos/yuyan-worktrees/基础库-密码公钥核验/库/标准库/豫言标准内核。豫 | PID 29185 | 退出 0 | 运行 1/24 | 已完成 157
[启动] type-check-and-erase：/Users/zhiboc/repos/yuyan-worktrees/基础库-密码公钥核验/库/标准库/操作系统/路径。豫 | 运行 2/24
[完成] 类型检查：/Users/zhiboc/repos/yuyan-worktrees/基础库-密码公钥核验/库/标准库/操作系统/路径。豫 | PID 29185 | 退出 0 | 运行 1/24 | 已完成 158
[启动] type-check-and-erase：/Users/zhiboc/repos/yuyan-worktrees/基础库-密码公钥核验/库/标准库/操作系统。豫 | 运行 2/24
[完成] 类型检查：/Users/zhiboc/repos/yuyan-worktrees/基础库-密码公钥核验/库/标准库/操作系统。豫 | PID 29185 | 退出 0 | 运行 1/24 | 已完成 159
[完成] 类型检查：/Users/zhiboc/repos/yuyan-worktrees/基础库-密码公钥核验/库/标准库/数据结构。豫 | PID 29185 | 退出 0 | 运行 0/24 | 已完成 160
[启动] type-check-and-erase：/Users/zhiboc/repos/yuyan-worktrees/基础库-密码公钥核验/库/标准库/总集。豫 | 运行 1/24
[完成] 类型检查：/Users/zhiboc/repos/yuyan-worktrees/基础库-密码公钥核验/库/标准库/总集。豫 | PID 29185 | 退出 0 | 运行 0/24 | 已完成 161
[启动] type-check-and-erase：/Users/zhiboc/repos/yuyan-worktrees/基础库-密码公钥核验/库/基础库/密码与安全/密码/曲线。豫 | 运行 1/24
[完成] 类型检查：/Users/zhiboc/repos/yuyan-worktrees/基础库-密码公钥核验/库/基础库/密码与安全/密码/曲线。豫 | PID 29185 | 退出 0 | 运行 0/24 | 已完成 162
[启动] exec-gen：/Users/zhiboc/repos/yuyan-worktrees/基础库-密码公钥核验/库/基础库/密码与安全/密码/曲线。豫 | 运行 1/24
[完成] 最终链接：/Users/zhiboc/repos/yuyan-worktrees/基础库-密码公钥核验/库/基础库/密码与安全/密码/曲线。豫 | PID 29185 | 退出 0 | 运行 0/24 | 已完成 163
[2026-10-08 01:02:57] 当前路径：/Users/zhiboc/repos/yuyan-worktrees/基础库-密码公钥核验/yyRSA验证链

[2026-10-08 01:02:57] 当前路径：/Users/zhiboc/repos/yuyan-worktrees/基础库-密码公钥核验/yyRSA验证链
[启动] dependency-analysis：/Users/zhiboc/repos/yuyan-worktrees/基础库-密码公钥核验/库/基础库/密码与安全/密码/派生。豫 | 运行 1/24
[完成] 依赖分析：/Users/zhiboc/repos/yuyan-worktrees/基础库-密码公钥核验/库/基础库/密码与安全/密码/派生。豫 | PID 29190 | 退出 0 | 运行 0/24 | 已完成 1
[启动] dependency-analysis：/Users/zhiboc/repos/yuyan-worktrees/基础库-密码公钥核验/库/标准库/总集。豫 | 运行 1/24
[启动] dependency-analysis：/Users/zhiboc/repos/yuyan-worktrees/基础库-密码公钥核验/库/标准库/数据结构/整数操作。豫 | 运行 2/24
[启动] dependency-analysis：/Users/zhiboc/repos/yuyan-worktrees/基础库-密码公钥核验/库/基础库/密码与安全/密码/字节。豫 | 运行 3/24
[启动] dependency-analysis：/Users/zhiboc/repos/yuyan-worktrees/基础库-密码公钥核验/库/基础库/密码与安全/密码/散列。豫 | 运行 4/24
[完成] 依赖分析：/Users/zhiboc/repos/yuyan-worktrees/基础库-密码公钥核验/库/标准库/总集。豫 | PID 29190 | 退出 0 | 运行 3/24 | 已完成 2
[启动] dependency-analysis：/Users/zhiboc/repos/yuyan-worktrees/基础库-密码公钥核验/库/标准库/操作系统。豫 | 运行 4/24
[启动] dependency-analysis：/Users/zhiboc/repos/yuyan-worktrees/基础库-密码公钥核验/库/标准库/控制。豫 | 运行 5/24
[启动] dependency-analysis：/Users/zhiboc/repos/yuyan-worktrees/基础库-密码公钥核验/库/标准库/数学运算。豫 | 运行 6/24
[启动] dependency-analysis：/Users/zhiboc/repos/yuyan-worktrees/基础库-密码公钥核验/库/标准库/数据结构。豫 | 运行 7/24
[启动] dependency-analysis：/Users/zhiboc/repos/yuyan-worktrees/基础库-密码公钥核验/库/标准库/输入输出。豫 | 运行 8/24
[启动] dependency-analysis：/Users/zhiboc/repos/yuyan-worktrees/基础库-密码公钥核验/库/标准库/语言核心。豫 | 运行 9/24
[启动] dependency-analysis：/Users/zhiboc/repos/yuyan-worktrees/基础库-密码公钥核验/库/标准库/网络。豫 | 运行 10/24
[启动] dependency-analysis：/Users/zhiboc/repos/yuyan-worktrees/基础库-密码公钥核验/库/标准库/豫言标准内核。豫 | 运行 11/24
[完成] 依赖分析：/Users/zhiboc/repos/yuyan-worktrees/基础库-密码公钥核验/库/标准库/操作系统。豫 | PID 29190 | 退出 0 | 运行 10/24 | 已完成 3
[启动] dependency-analysis：/Users/zhiboc/repos/yuyan-worktrees/基础库-密码公钥核验/库/标准库/操作系统/子进程。豫 | 运行 11/24
[启动] dependency-analysis：/Users/zhiboc/repos/yuyan-worktrees/基础库-密码公钥核验/库/标准库/操作系统/命令行参数。豫 | 运行 12/24
[启动] dependency-analysis：/Users/zhiboc/repos/yuyan-worktrees/基础库-密码公钥核验/库/标准库/操作系统/文件系统。豫 | 运行 13/24
[启动] dependency-analysis：/Users/zhiboc/repos/yuyan-worktrees/基础库-密码公钥核验/库/标准库/操作系统/进程。豫 | 运行 14/24
[启动] dependency-analysis：/Users/zhiboc/repos/yuyan-worktrees/基础库-密码公钥核验/库/标准库/操作系统/时间。豫 | 运行 15/24
[启动] dependency-analysis：/Users/zhiboc/repos/yuyan-worktrees/基础库-密码公钥核验/库/标准库/操作系统/路径。豫 | 运行 16/24
[启动] dependency-analysis：/Users/zhiboc/repos/yuyan-worktrees/基础库-密码公钥核验/库/标准库/操作系统/系统名称。豫 | 运行 17/24
[启动] dependency-analysis：/Users/zhiboc/repos/yuyan-worktrees/基础库-密码公钥核验/库/标准库/操作系统/环境变量。豫 | 运行 18/24
[完成] 依赖分析：/Users/zhiboc/repos/yuyan-worktrees/基础库-密码公钥核验/库/标准库/数学运算。豫 | PID 29190 | 退出 0 | 运行 17/24 | 已完成 4
[启动] dependency-analysis：/Users/zhiboc/repos/yuyan-worktrees/基础库-密码公钥核验/库/标准库/数学运算/转换。豫 | 运行 18/24
[启动] dependency-analysis：/Users/zhiboc/repos/yuyan-worktrees/基础库-密码公钥核验/库/标准库/数学运算/具体列。豫 | 运行 19/24
[启动] dependency-analysis：/Users/zhiboc/repos/yuyan-worktrees/基础库-密码公钥核验/库/标准库/数学运算/随机。豫 | 运行 20/24
[启动] dependency-analysis：/Users/zhiboc/repos/yuyan-worktrees/基础库-密码公钥核验/库/标准库/数学运算/大小。豫 | 运行 21/24
[启动] dependency-analysis：/Users/zhiboc/repos/yuyan-worktrees/基础库-密码公钥核验/库/标准库/数学运算/数组转换。豫 | 运行 22/24
[完成] 依赖分析：/Users/zhiboc/repos/yuyan-worktrees/基础库-密码公钥核验/库/标准库/数据结构。豫 | PID 29190 | 退出 0 | 运行 21/24 | 已完成 5
[启动] dependency-analysis：/Users/zhiboc/repos/yuyan-worktrees/基础库-密码公钥核验/库/标准库/数据结构/多态列。豫 | 运行 22/24
[启动] dependency-analysis：/Users/zhiboc/repos/yuyan-worktrees/基础库-密码公钥核验/库/标准库/数据结构/多态列工具。豫 | 运行 23/24
[启动] dependency-analysis：/Users/zhiboc/repos/yuyan-worktrees/基础库-密码公钥核验/库/标准库/数据结构/爻术。豫 | 运行 24/24
[完成] 依赖分析：/Users/zhiboc/repos/yuyan-worktrees/基础库-密码公钥核验/库/标准库/输入输出。豫 | PID 29190 | 退出 0 | 运行 23/24 | 已完成 6
[启动] dependency-analysis：/Users/zhiboc/repos/yuyan-worktrees/基础库-密码公钥核验/库/标准库/数据结构/字符串术。豫 | 运行 24/24
[完成] 依赖分析：/Users/zhiboc/repos/yuyan-worktrees/基础库-密码公钥核验/库/标准库/语言核心。豫 | PID 29190 | 退出 0 | 运行 23/24 | 已完成 7
[启动] dependency-analysis：/Users/zhiboc/repos/yuyan-worktrees/基础库-密码公钥核验/库/标准库/数据结构/字符流术。豫 | 运行 24/24
[完成] 依赖分析：/Users/zhiboc/repos/yuyan-worktrees/基础库-密码公钥核验/库/标准库/网络。豫 | PID 29190 | 退出 0 | 运行 23/24 | 已完成 8
[启动] dependency-analysis：/Users/zhiboc/repos/yuyan-worktrees/基础库-密码公钥核验/库/标准库/数据结构/特殊字符。豫 | 运行 24/24
[完成] 依赖分析：/Users/zhiboc/repos/yuyan-worktrees/基础库-密码公钥核验/库/标准库/豫言标准内核。豫 | PID 29190 | 退出 0 | 运行 23/24 | 已完成 9
[启动] dependency-analysis：/Users/zhiboc/repos/yuyan-worktrees/基础库-密码公钥核验/库/标准库/数据结构/对子术。豫 | 运行 24/24
[完成] 依赖分析：/Users/zhiboc/repos/yuyan-worktrees/基础库-密码公钥核验/库/标准库/操作系统/子进程。豫 | PID 29190 | 退出 0 | 运行 23/24 | 已完成 10
[启动] dependency-analysis：/Users/zhiboc/repos/yuyan-worktrees/基础库-密码公钥核验/库/标准库/数据结构/字典术。豫 | 运行 24/24
[完成] 依赖分析：/Users/zhiboc/repos/yuyan-worktrees/基础库-密码公钥核验/库/标准库/操作系统/文件系统。豫 | PID 29190 | 退出 0 | 运行 23/24 | 已完成 11
[启动] dependency-analysis：/Users/zhiboc/repos/yuyan-worktrees/基础库-密码公钥核验/库/标准库/数据结构/可选值。豫 | 运行 24/24
[完成] 依赖分析：/Users/zhiboc/repos/yuyan-worktrees/基础库-密码公钥核验/库/标准库/操作系统/进程。豫 | PID 29190 | 退出 0 | 运行 23/24 | 已完成 12
[启动] dependency-analysis：/Users/zhiboc/repos/yuyan-worktrees/基础库-密码公钥核验/库/标准库/数据结构/小数操作。豫 | 运行 24/24
[完成] 依赖分析：/Users/zhiboc/repos/yuyan-worktrees/基础库-密码公钥核验/库/标准库/操作系统/时间。豫 | PID 29190 | 退出 0 | 运行 23/24 | 已完成 13
[启动] dependency-analysis：/Users/zhiboc/repos/yuyan-worktrees/基础库-密码公钥核验/库/标准库/数据结构/小数术。豫 | 运行 24/24
[完成] 依赖分析：/Users/zhiboc/repos/yuyan-worktrees/基础库-密码公钥核验/库/标准库/操作系统/路径。豫 | PID 29190 | 退出 0 | 运行 23/24 | 已完成 14
[启动] dependency-analysis：/Users/zhiboc/repos/yuyan-worktrees/基础库-密码公钥核验/库/标准库/数据结构/列表搜索。豫 | 运行 24/24
[完成] 依赖分析：/Users/zhiboc/repos/yuyan-worktrees/基础库-密码公钥核验/库/标准库/操作系统/系统名称。豫 | PID 29190 | 退出 0 | 运行 23/24 | 已完成 15
[启动] dependency-analysis：/Users/zhiboc/repos/yuyan-worktrees/基础库-密码公钥核验/库/标准库/数据结构/函数操作。豫 | 运行 24/24
[完成] 依赖分析：/Users/zhiboc/repos/yuyan-worktrees/基础库-密码公钥核验/库/标准库/操作系统/环境变量。豫 | PID 29190 | 退出 0 | 运行 23/24 | 已完成 16
[启动] dependency-analysis：/Users/zhiboc/repos/yuyan-worktrees/基础库-密码公钥核验/库/标准库/数据结构/字节串。豫 | 运行 24/24
[完成] 依赖分析：/Users/zhiboc/repos/yuyan-worktrees/基础库-密码公钥核验/库/标准库/数学运算/转换。豫 | PID 29190 | 退出 0 | 运行 23/24 | 已完成 17
[启动] dependency-analysis：/Users/zhiboc/repos/yuyan-worktrees/基础库-密码公钥核验/库/标准库/数据结构/字节缓冲。豫 | 运行 24/24
[完成] 依赖分析：/Users/zhiboc/repos/yuyan-worktrees/基础库-密码公钥核验/库/标准库/数学运算/具体列。豫 | PID 29190 | 退出 0 | 运行 23/24 | 已完成 18
[启动] dependency-analysis：/Users/zhiboc/repos/yuyan-worktrees/基础库-密码公钥核验/库/标准库/输入输出/笔。豫 | 运行 24/24
[完成] 依赖分析：/Users/zhiboc/repos/yuyan-worktrees/基础库-密码公钥核验/库/标准库/数据结构/多态列工具。豫 | PID 29190 | 退出 0 | 运行 23/24 | 已完成 19
[启动] dependency-analysis：/Users/zhiboc/repos/yuyan-worktrees/基础库-密码公钥核验/库/标准库/语言核心/内建类型。豫 | 运行 24/24
[完成] 依赖分析：/Users/zhiboc/repos/yuyan-worktrees/基础库-密码公钥核验/库/标准库/数据结构/爻术。豫 | PID 29190 | 退出 0 | 运行 23/24 | 已完成 20
[启动] dependency-analysis：/Users/zhiboc/repos/yuyan-worktrees/基础库-密码公钥核验/库/标准库/语言核心/续延。豫 | 运行 24/24
[完成] 依赖分析：/Users/zhiboc/repos/yuyan-worktrees/基础库-密码公钥核验/库/标准库/数据结构/字符串术。豫 | PID 29190 | 退出 0 | 运行 23/24 | 已完成 21
[启动] dependency-analysis：/Users/zhiboc/repos/yuyan-worktrees/基础库-密码公钥核验/库/标准库/语言核心/异常。豫 | 运行 24/24
[完成] 依赖分析：/Users/zhiboc/repos/yuyan-worktrees/基础库-密码公钥核验/库/标准库/数据结构/特殊字符。豫 | PID 29190 | 退出 0 | 运行 23/24 | 已完成 22
[启动] dependency-analysis：/Users/zhiboc/repos/yuyan-worktrees/基础库-密码公钥核验/库/标准库/语言核心/引用。豫 | 运行 24/24
[完成] 依赖分析：/Users/zhiboc/repos/yuyan-worktrees/基础库-密码公钥核验/库/标准库/数据结构/可选值。豫 | PID 29190 | 退出 0 | 运行 23/24 | 已完成 23
[启动] dependency-analysis：/Users/zhiboc/repos/yuyan-worktrees/基础库-密码公钥核验/库/标准库/语言核心/不安全。豫 | 运行 24/24
[完成] 依赖分析：/Users/zhiboc/repos/yuyan-worktrees/基础库-密码公钥核验/库/标准库/数据结构/小数操作。豫 | PID 29190 | 退出 0 | 运行 23/24 | 已完成 24
[启动] dependency-analysis：/Users/zhiboc/repos/yuyan-worktrees/基础库-密码公钥核验/库/标准库/语言核心/异步原语。豫 | 运行 24/24
[完成] 依赖分析：/Users/zhiboc/repos/yuyan-worktrees/基础库-密码公钥核验/库/标准库/数据结构/小数术。豫 | PID 29190 | 退出 0 | 运行 23/24 | 已完成 25
[启动] dependency-analysis：/Users/zhiboc/repos/yuyan-worktrees/基础库-密码公钥核验/库/标准库/网络/传输控制协议。豫 | 运行 24/24
[完成] 依赖分析：/Users/zhiboc/repos/yuyan-worktrees/基础库-密码公钥核验/库/标准库/数据结构/列表搜索。豫 | PID 29190 | 退出 0 | 运行 23/24 | 已完成 26
[启动] dependency-analysis：/Users/zhiboc/repos/yuyan-worktrees/基础库-密码公钥核验/库/标准库/网络/异步传输控制协议。豫 | 运行 24/24
[完成] 依赖分析：/Users/zhiboc/repos/yuyan-worktrees/基础库-密码公钥核验/库/标准库/数据结构/函数操作。豫 | PID 29190 | 退出 0 | 运行 23/24 | 已完成 27
[启动] dependency-analysis：/Users/zhiboc/repos/yuyan-worktrees/基础库-密码公钥核验/库/标准库/网络/超文本传输协议。豫 | 运行 24/24
[完成] 依赖分析：/Users/zhiboc/repos/yuyan-worktrees/基础库-密码公钥核验/库/标准库/数据结构/字节串。豫 | PID 29190 | 退出 0 | 运行 23/24 | 已完成 28
[启动] dependency-analysis：/Users/zhiboc/repos/yuyan-worktrees/基础库-密码公钥核验/库/标准库/控制/惰性求值。豫 | 运行 24/24
[完成] 依赖分析：/Users/zhiboc/repos/yuyan-worktrees/基础库-密码公钥核验/库/标准库/数据结构/字节缓冲。豫 | PID 29190 | 退出 0 | 运行 23/24 | 已完成 29
[启动] dependency-analysis：/Users/zhiboc/repos/yuyan-worktrees/基础库-密码公钥核验/库/标准库/宿主带列。接口。豫 | 运行 24/24
[完成] 依赖分析：/Users/zhiboc/repos/yuyan-worktrees/基础库-密码公钥核验/库/标准库/输入输出/笔。豫 | PID 29190 | 退出 0 | 运行 23/24 | 已完成 30
[启动] dependency-analysis：/Users/zhiboc/repos/yuyan-worktrees/基础库-密码公钥核验/库/标准库/宿主。接口。豫 | 运行 24/24
[完成] 依赖分析：/Users/zhiboc/repos/yuyan-worktrees/基础库-密码公钥核验/库/标准库/语言核心/内建类型。豫 | PID 29190 | 退出 0 | 运行 23/24 | 已完成 31
[启动] dependency-analysis：/Users/zhiboc/repos/yuyan-worktrees/基础库-密码公钥核验/库/标准库/语言核心/原语。内建。豫 | 运行 24/24
[完成] 依赖分析：/Users/zhiboc/repos/yuyan-worktrees/基础库-密码公钥核验/库/标准库/语言核心/续延。豫 | PID 29190 | 退出 0 | 运行 23/24 | 已完成 32
[启动] parse：/Users/zhiboc/repos/yuyan-worktrees/基础库-密码公钥核验/库/标准库/数据结构/函数操作。豫 | 运行 24/24
[完成] 依赖分析：/Users/zhiboc/repos/yuyan-worktrees/基础库-密码公钥核验/库/标准库/语言核心/异常。豫 | PID 29190 | 退出 0 | 运行 23/24 | 已完成 33
[启动] parse：/Users/zhiboc/repos/yuyan-worktrees/基础库-密码公钥核验/库/标准库/语言核心/内建类型。豫 | 运行 24/24
[完成] 依赖分析：/Users/zhiboc/repos/yuyan-worktrees/基础库-密码公钥核验/库/标准库/语言核心/不安全。豫 | PID 29190 | 退出 0 | 运行 23/24 | 已完成 34
[启动] parse：/Users/zhiboc/repos/yuyan-worktrees/基础库-密码公钥核验/库/标准库/语言核心/续延。豫 | 运行 24/24
[完成] 依赖分析：/Users/zhiboc/repos/yuyan-worktrees/基础库-密码公钥核验/库/标准库/语言核心/异步原语。豫 | PID 29190 | 退出 0 | 运行 23/24 | 已完成 35
[完成] 依赖分析：/Users/zhiboc/repos/yuyan-worktrees/基础库-密码公钥核验/库/标准库/网络/异步传输控制协议。豫 | PID 29190 | 退出 0 | 运行 22/24 | 已完成 36
[启动] dependency-analysis：/Users/zhiboc/repos/yuyan-worktrees/基础库-密码公钥核验/库/标准库/控制/异步。豫 | 运行 23/24
[完成] 依赖分析：/Users/zhiboc/repos/yuyan-worktrees/基础库-密码公钥核验/库/标准库/网络/超文本传输协议。豫 | PID 29190 | 退出 0 | 运行 22/24 | 已完成 37
[完成] 依赖分析：/Users/zhiboc/repos/yuyan-worktrees/基础库-密码公钥核验/库/标准库/控制/惰性求值。豫 | PID 29190 | 退出 0 | 运行 21/24 | 已完成 38
[完成] 依赖分析：/Users/zhiboc/repos/yuyan-worktrees/基础库-密码公钥核验/库/标准库/数据结构/字典术。豫 | PID 29190 | 退出 0 | 运行 20/24 | 已完成 39
[完成] 依赖分析：/Users/zhiboc/repos/yuyan-worktrees/基础库-密码公钥核验/库/标准库/数据结构/对子术。豫 | PID 29190 | 退出 0 | 运行 19/24 | 已完成 40
[完成] 依赖分析：/Users/zhiboc/repos/yuyan-worktrees/基础库-密码公钥核验/库/标准库/数据结构/多态列。豫 | PID 29190 | 退出 0 | 运行 18/24 | 已完成 41
[完成] 依赖分析：/Users/zhiboc/repos/yuyan-worktrees/基础库-密码公钥核验/库/标准库/数学运算/数组转换。豫 | PID 29190 | 退出 0 | 运行 17/24 | 已完成 42
[完成] 依赖分析：/Users/zhiboc/repos/yuyan-worktrees/基础库-密码公钥核验/库/标准库/数学运算/大小。豫 | PID 29190 | 退出 0 | 运行 16/24 | 已完成 43
[完成] 依赖分析：/Users/zhiboc/repos/yuyan-worktrees/基础库-密码公钥核验/库/标准库/数学运算/随机。豫 | PID 29190 | 退出 0 | 运行 15/24 | 已完成 44
[完成] 依赖分析：/Users/zhiboc/repos/yuyan-worktrees/基础库-密码公钥核验/库/标准库/控制。豫 | PID 29190 | 退出 0 | 运行 14/24 | 已完成 45
[完成] 依赖分析：/Users/zhiboc/repos/yuyan-worktrees/基础库-密码公钥核验/库/基础库/密码与安全/密码/散列。豫 | PID 29190 | 退出 0 | 运行 13/24 | 已完成 46
[完成] 依赖分析：/Users/zhiboc/repos/yuyan-worktrees/基础库-密码公钥核验/库/基础库/密码与安全/密码/字节。豫 | PID 29190 | 退出 0 | 运行 12/24 | 已完成 47
[完成] 依赖分析：/Users/zhiboc/repos/yuyan-worktrees/基础库-密码公钥核验/库/标准库/数据结构/整数操作。豫 | PID 29190 | 退出 0 | 运行 11/24 | 已完成 48
[完成] 语法解析：/Users/zhiboc/repos/yuyan-worktrees/基础库-密码公钥核验/库/标准库/数据结构/函数操作。豫 | PID 29190 | 退出 0 | 运行 10/24 | 已完成 49
[启动] type-check-and-erase：/Users/zhiboc/repos/yuyan-worktrees/基础库-密码公钥核验/库/标准库/数据结构/函数操作。豫 | 运行 11/24
[完成] 依赖分析：/Users/zhiboc/repos/yuyan-worktrees/基础库-密码公钥核验/库/标准库/语言核心/引用。豫 | PID 29190 | 退出 0 | 运行 10/24 | 已完成 50
[完成] 依赖分析：/Users/zhiboc/repos/yuyan-worktrees/基础库-密码公钥核验/库/标准库/语言核心/原语。内建。豫 | PID 29190 | 退出 0 | 运行 9/24 | 已完成 51
[完成] 依赖分析：/Users/zhiboc/repos/yuyan-worktrees/基础库-密码公钥核验/库/标准库/数据结构/字符流术。豫 | PID 29190 | 退出 0 | 运行 8/24 | 已完成 52
[完成] 类型检查：/Users/zhiboc/repos/yuyan-worktrees/基础库-密码公钥核验/库/标准库/数据结构/函数操作。豫 | PID 29190 | 退出 0 | 运行 7/24 | 已完成 53
[完成] 依赖分析：/Users/zhiboc/repos/yuyan-worktrees/基础库-密码公钥核验/库/标准库/网络/传输控制协议。豫 | PID 29190 | 退出 0 | 运行 6/24 | 已完成 54
[完成] 依赖分析：/Users/zhiboc/repos/yuyan-worktrees/基础库-密码公钥核验/库/标准库/宿主。接口。豫 | PID 29190 | 退出 0 | 运行 5/24 | 已完成 55
[完成] 依赖分析：/Users/zhiboc/repos/yuyan-worktrees/基础库-密码公钥核验/库/标准库/宿主带列。接口。豫 | PID 29190 | 退出 0 | 运行 4/24 | 已完成 56
[完成] 依赖分析：/Users/zhiboc/repos/yuyan-worktrees/基础库-密码公钥核验/库/标准库/操作系统/命令行参数。豫 | PID 29190 | 退出 0 | 运行 3/24 | 已完成 57
[完成] 语法解析：/Users/zhiboc/repos/yuyan-worktrees/基础库-密码公钥核验/库/标准库/语言核心/内建类型。豫 | PID 29190 | 退出 0 | 运行 2/24 | 已完成 58
[启动] parse：/Users/zhiboc/repos/yuyan-worktrees/基础库-密码公钥核验/库/标准库/数据结构/爻术。豫 | 运行 3/24
[启动] parse：/Users/zhiboc/repos/yuyan-worktrees/基础库-密码公钥核验/库/标准库/控制/惰性求值。豫 | 运行 4/24
[启动] parse：/Users/zhiboc/repos/yuyan-worktrees/基础库-密码公钥核验/库/标准库/数学运算/大小。豫 | 运行 5/24
[启动] parse：/Users/zhiboc/repos/yuyan-worktrees/基础库-密码公钥核验/库/标准库/语言核心/原语。内建。豫 | 运行 6/24
[启动] type-check-and-erase：/Users/zhiboc/repos/yuyan-worktrees/基础库-密码公钥核验/库/标准库/语言核心/内建类型。豫 | 运行 7/24
[完成] 依赖分析：/Users/zhiboc/repos/yuyan-worktrees/基础库-密码公钥核验/库/标准库/控制/异步。豫 | PID 29190 | 退出 0 | 运行 6/24 | 已完成 59
[完成] 语法解析：/Users/zhiboc/repos/yuyan-worktrees/基础库-密码公钥核验/库/标准库/数据结构/爻术。豫 | PID 29190 | 退出 0 | 运行 5/24 | 已完成 60
[完成] 语法解析：/Users/zhiboc/repos/yuyan-worktrees/基础库-密码公钥核验/库/标准库/数学运算/大小。豫 | PID 29190 | 退出 0 | 运行 4/24 | 已完成 61
[完成] 语法解析：/Users/zhiboc/repos/yuyan-worktrees/基础库-密码公钥核验/库/标准库/语言核心/续延。豫 | PID 29190 | 退出 0 | 运行 3/24 | 已完成 62
[启动] type-check-and-erase：/Users/zhiboc/repos/yuyan-worktrees/基础库-密码公钥核验/库/标准库/语言核心/续延。豫 | 运行 4/24
[完成] 类型检查：/Users/zhiboc/repos/yuyan-worktrees/基础库-密码公钥核验/库/标准库/语言核心/续延。豫 | PID 29190 | 退出 0 | 运行 3/24 | 已完成 63
[完成] 语法解析：/Users/zhiboc/repos/yuyan-worktrees/基础库-密码公钥核验/库/标准库/控制/惰性求值。豫 | PID 29190 | 退出 0 | 运行 2/24 | 已完成 64
[完成] 语法解析：/Users/zhiboc/repos/yuyan-worktrees/基础库-密码公钥核验/库/标准库/语言核心/原语。内建。豫 | PID 29190 | 退出 0 | 运行 1/24 | 已完成 65
[启动] parse：/Users/zhiboc/repos/yuyan-worktrees/基础库-密码公钥核验/库/标准库/数学运算/转换。豫 | 运行 2/24
[启动] parse：/Users/zhiboc/repos/yuyan-worktrees/基础库-密码公钥核验/库/标准库/数据结构/小数术。豫 | 运行 3/24
[启动] parse：/Users/zhiboc/repos/yuyan-worktrees/基础库-密码公钥核验/库/标准库/数据结构/字节串。豫 | 运行 4/24
[启动] parse：/Users/zhiboc/repos/yuyan-worktrees/基础库-密码公钥核验/库/标准库/语言核心/不安全。豫 | 运行 5/24
[启动] parse：/Users/zhiboc/repos/yuyan-worktrees/基础库-密码公钥核验/库/标准库/语言核心/异步原语。豫 | 运行 6/24
[启动] parse：/Users/zhiboc/repos/yuyan-worktrees/基础库-密码公钥核验/库/标准库/数据结构/整数操作。豫 | 运行 7/24
[启动] parse：/Users/zhiboc/repos/yuyan-worktrees/基础库-密码公钥核验/库/标准库/语言核心/引用。豫 | 运行 8/24
[完成] 语法解析：/Users/zhiboc/repos/yuyan-worktrees/基础库-密码公钥核验/库/标准库/数学运算/转换。豫 | PID 29190 | 退出 0 | 运行 7/24 | 已完成 66
[完成] 语法解析：/Users/zhiboc/repos/yuyan-worktrees/基础库-密码公钥核验/库/标准库/数据结构/小数术。豫 | PID 29190 | 退出 0 | 运行 6/24 | 已完成 67
[完成] 语法解析：/Users/zhiboc/repos/yuyan-worktrees/基础库-密码公钥核验/库/标准库/数据结构/字节串。豫 | PID 29190 | 退出 0 | 运行 5/24 | 已完成 68
[启动] parse：/Users/zhiboc/repos/yuyan-worktrees/基础库-密码公钥核验/库/标准库/数据结构/字节缓冲。豫 | 运行 6/24
[启动] parse：/Users/zhiboc/repos/yuyan-worktrees/基础库-密码公钥核验/库/标准库/宿主。接口。豫 | 运行 7/24
[完成] 语法解析：/Users/zhiboc/repos/yuyan-worktrees/基础库-密码公钥核验/库/标准库/数据结构/整数操作。豫 | PID 29190 | 退出 0 | 运行 6/24 | 已完成 69
[完成] 语法解析：/Users/zhiboc/repos/yuyan-worktrees/基础库-密码公钥核验/库/标准库/数据结构/字节缓冲。豫 | PID 29190 | 退出 0 | 运行 5/24 | 已完成 70
[完成] 语法解析：/Users/zhiboc/repos/yuyan-worktrees/基础库-密码公钥核验/库/标准库/宿主。接口。豫 | PID 29190 | 退出 0 | 运行 4/24 | 已完成 71
[启动] parse：/Users/zhiboc/repos/yuyan-worktrees/基础库-密码公钥核验/库/标准库/操作系统/进程。豫 | 运行 5/24
[启动] parse：/Users/zhiboc/repos/yuyan-worktrees/基础库-密码公钥核验/库/标准库/操作系统/系统名称。豫 | 运行 6/24
[启动] parse：/Users/zhiboc/repos/yuyan-worktrees/基础库-密码公钥核验/库/标准库/操作系统/环境变量。豫 | 运行 7/24
[启动] parse：/Users/zhiboc/repos/yuyan-worktrees/基础库-密码公钥核验/库/标准库/数据结构/小数操作。豫 | 运行 8/24
[启动] parse：/Users/zhiboc/repos/yuyan-worktrees/基础库-密码公钥核验/库/标准库/输入输出/笔。豫 | 运行 9/24
[启动] parse：/Users/zhiboc/repos/yuyan-worktrees/基础库-密码公钥核验/库/标准库/语言核心/异常。豫 | 运行 10/24
[启动] parse：/Users/zhiboc/repos/yuyan-worktrees/基础库-密码公钥核验/库/标准库/数学运算/随机。豫 | 运行 11/24
[启动] parse：/Users/zhiboc/repos/yuyan-worktrees/基础库-密码公钥核验/库/标准库/网络/传输控制协议。豫 | 运行 12/24
[完成] 语法解析：/Users/zhiboc/repos/yuyan-worktrees/基础库-密码公钥核验/库/标准库/语言核心/引用。豫 | PID 29190 | 退出 0 | 运行 11/24 | 已完成 72
[完成] 类型检查：/Users/zhiboc/repos/yuyan-worktrees/基础库-密码公钥核验/库/标准库/语言核心/内建类型。豫 | PID 29190 | 退出 0 | 运行 10/24 | 已完成 73
[启动] type-check-and-erase：/Users/zhiboc/repos/yuyan-worktrees/基础库-密码公钥核验/库/标准库/数据结构/爻术。豫 | 运行 11/24
[启动] type-check-and-erase：/Users/zhiboc/repos/yuyan-worktrees/基础库-密码公钥核验/库/标准库/控制/惰性求值。豫 | 运行 12/24
[启动] type-check-and-erase：/Users/zhiboc/repos/yuyan-worktrees/基础库-密码公钥核验/库/标准库/数学运算/大小。豫 | 运行 13/24
[启动] type-check-and-erase：/Users/zhiboc/repos/yuyan-worktrees/基础库-密码公钥核验/库/标准库/语言核心/原语。内建。豫 | 运行 14/24
[完成] 语法解析：/Users/zhiboc/repos/yuyan-worktrees/基础库-密码公钥核验/库/标准库/数据结构/小数操作。豫 | PID 29190 | 退出 0 | 运行 13/24 | 已完成 74
[启动] parse：/Users/zhiboc/repos/yuyan-worktrees/基础库-密码公钥核验/库/标准库/操作系统/时间。豫 | 运行 14/24
[完成] 语法解析：/Users/zhiboc/repos/yuyan-worktrees/基础库-密码公钥核验/库/标准库/语言核心/异步原语。豫 | PID 29190 | 退出 0 | 运行 13/24 | 已完成 75
[完成] 语法解析：/Users/zhiboc/repos/yuyan-worktrees/基础库-密码公钥核验/库/标准库/语言核心/不安全。豫 | PID 29190 | 退出 0 | 运行 12/24 | 已完成 76
[完成] 语法解析：/Users/zhiboc/repos/yuyan-worktrees/基础库-密码公钥核验/库/标准库/操作系统/系统名称。豫 | PID 29190 | 退出 0 | 运行 11/24 | 已完成 77
[完成] 类型检查：/Users/zhiboc/repos/yuyan-worktrees/基础库-密码公钥核验/库/标准库/数学运算/大小。豫 | PID 29190 | 退出 0 | 运行 10/24 | 已完成 78
[完成] 语法解析：/Users/zhiboc/repos/yuyan-worktrees/基础库-密码公钥核验/库/标准库/语言核心/异常。豫 | PID 29190 | 退出 0 | 运行 9/24 | 已完成 79
[启动] parse：/Users/zhiboc/repos/yuyan-worktrees/基础库-密码公钥核验/库/标准库/语言核心。豫 | 运行 10/24
[启动] parse：/Users/zhiboc/repos/yuyan-worktrees/基础库-密码公钥核验/库/标准库/数据结构/可选值。豫 | 运行 11/24
[完成] 语法解析：/Users/zhiboc/repos/yuyan-worktrees/基础库-密码公钥核验/库/标准库/操作系统/进程。豫 | PID 29190 | 退出 0 | 运行 10/24 | 已完成 80
[完成] 类型检查：/Users/zhiboc/repos/yuyan-worktrees/基础库-密码公钥核验/库/标准库/控制/惰性求值。豫 | PID 29190 | 退出 0 | 运行 9/24 | 已完成 81
[完成] 语法解析：/Users/zhiboc/repos/yuyan-worktrees/基础库-密码公钥核验/库/标准库/数学运算/随机。豫 | PID 29190 | 退出 0 | 运行 8/24 | 已完成 82
[完成] 类型检查：/Users/zhiboc/repos/yuyan-worktrees/基础库-密码公钥核验/库/标准库/数据结构/爻术。豫 | PID 29190 | 退出 0 | 运行 7/24 | 已完成 83
[完成] 语法解析：/Users/zhiboc/repos/yuyan-worktrees/基础库-密码公钥核验/库/标准库/数据结构/可选值。豫 | PID 29190 | 退出 0 | 运行 6/24 | 已完成 84
[完成] 语法解析：/Users/zhiboc/repos/yuyan-worktrees/基础库-密码公钥核验/库/标准库/操作系统/时间。豫 | PID 29190 | 退出 0 | 运行 5/24 | 已完成 85
[完成] 类型检查：/Users/zhiboc/repos/yuyan-worktrees/基础库-密码公钥核验/库/标准库/语言核心/原语。内建。豫 | PID 29190 | 退出 0 | 运行 4/24 | 已完成 86
[启动] type-check-and-erase：/Users/zhiboc/repos/yuyan-worktrees/基础库-密码公钥核验/库/标准库/数学运算/转换。豫 | 运行 5/24
[启动] type-check-and-erase：/Users/zhiboc/repos/yuyan-worktrees/基础库-密码公钥核验/库/标准库/数据结构/小数术。豫 | 运行 6/24
[启动] type-check-and-erase：/Users/zhiboc/repos/yuyan-worktrees/基础库-密码公钥核验/库/标准库/数据结构/字节串。豫 | 运行 7/24
[启动] type-check-and-erase：/Users/zhiboc/repos/yuyan-worktrees/基础库-密码公钥核验/库/标准库/语言核心/不安全。豫 | 运行 8/24
[启动] type-check-and-erase：/Users/zhiboc/repos/yuyan-worktrees/基础库-密码公钥核验/库/标准库/语言核心/异步原语。豫 | 运行 9/24
[启动] type-check-and-erase：/Users/zhiboc/repos/yuyan-worktrees/基础库-密码公钥核验/库/标准库/数据结构/整数操作。豫 | 运行 10/24
[启动] type-check-and-erase：/Users/zhiboc/repos/yuyan-worktrees/基础库-密码公钥核验/库/标准库/语言核心/引用。豫 | 运行 11/24
[完成] 语法解析：/Users/zhiboc/repos/yuyan-worktrees/基础库-密码公钥核验/库/标准库/输入输出/笔。豫 | PID 29190 | 退出 0 | 运行 10/24 | 已完成 87
[启动] parse：/Users/zhiboc/repos/yuyan-worktrees/基础库-密码公钥核验/库/标准库/输入输出。豫 | 运行 11/24
[启动] parse：/Users/zhiboc/repos/yuyan-worktrees/基础库-密码公钥核验/库/标准库/数据结构/多态列。豫 | 运行 12/24
[完成] 类型检查：/Users/zhiboc/repos/yuyan-worktrees/基础库-密码公钥核验/库/标准库/数学运算/转换。豫 | PID 29190 | 退出 0 | 运行 11/24 | 已完成 88
[完成] 类型检查：/Users/zhiboc/repos/yuyan-worktrees/基础库-密码公钥核验/库/标准库/数据结构/字节串。豫 | PID 29190 | 退出 0 | 运行 10/24 | 已完成 89
[启动] type-check-and-erase：/Users/zhiboc/repos/yuyan-worktrees/基础库-密码公钥核验/库/标准库/数据结构/字节缓冲。豫 | 运行 11/24
[启动] type-check-and-erase：/Users/zhiboc/repos/yuyan-worktrees/基础库-密码公钥核验/库/标准库/宿主。接口。豫 | 运行 12/24
[完成] 语法解析：/Users/zhiboc/repos/yuyan-worktrees/基础库-密码公钥核验/库/标准库/输入输出。豫 | PID 29190 | 退出 0 | 运行 11/24 | 已完成 90
[完成] 类型检查：/Users/zhiboc/repos/yuyan-worktrees/基础库-密码公钥核验/库/标准库/语言核心/不安全。豫 | PID 29190 | 退出 0 | 运行 10/24 | 已完成 91
[完成] 类型检查：/Users/zhiboc/repos/yuyan-worktrees/基础库-密码公钥核验/库/标准库/数据结构/小数术。豫 | PID 29190 | 退出 0 | 运行 9/24 | 已完成 92
[完成] 语法解析：/Users/zhiboc/repos/yuyan-worktrees/基础库-密码公钥核验/库/标准库/语言核心。豫 | PID 29190 | 退出 0 | 运行 8/24 | 已完成 93
[完成] 语法解析：/Users/zhiboc/repos/yuyan-worktrees/基础库-密码公钥核验/库/标准库/数据结构/多态列。豫 | PID 29190 | 退出 0 | 运行 7/24 | 已完成 94
[启动] parse：/Users/zhiboc/repos/yuyan-worktrees/基础库-密码公钥核验/库/标准库/数学运算/具体列。豫 | 运行 8/24
[启动] parse：/Users/zhiboc/repos/yuyan-worktrees/基础库-密码公钥核验/库/标准库/数据结构/多态列工具。豫 | 运行 9/24
[启动] parse：/Users/zhiboc/repos/yuyan-worktrees/基础库-密码公钥核验/库/标准库/数学运算/数组转换。豫 | 运行 10/24
[启动] parse：/Users/zhiboc/repos/yuyan-worktrees/基础库-密码公钥核验/库/标准库/宿主带列。接口。豫 | 运行 11/24
[完成] 类型检查：/Users/zhiboc/repos/yuyan-worktrees/基础库-密码公钥核验/库/标准库/语言核心/引用。豫 | PID 29190 | 退出 0 | 运行 10/24 | 已完成 95
[完成] 语法解析：/Users/zhiboc/repos/yuyan-worktrees/基础库-密码公钥核验/库/标准库/数学运算/具体列。豫 | PID 29190 | 退出 0 | 运行 9/24 | 已完成 96
[完成] 语法解析：/Users/zhiboc/repos/yuyan-worktrees/基础库-密码公钥核验/库/标准库/操作系统/环境变量。豫 | PID 29190 | 退出 0 | 运行 8/24 | 已完成 97
[完成] 语法解析：/Users/zhiboc/repos/yuyan-worktrees/基础库-密码公钥核验/库/标准库/数学运算/数组转换。豫 | PID 29190 | 退出 0 | 运行 7/24 | 已完成 98
[启动] parse：/Users/zhiboc/repos/yuyan-worktrees/基础库-密码公钥核验/库/标准库/数学运算。豫 | 运行 8/24
[启动] parse：/Users/zhiboc/repos/yuyan-worktrees/基础库-密码公钥核验/库/标准库/数据结构/字符流术。豫 | 运行 9/24
[完成] 类型检查：/Users/zhiboc/repos/yuyan-worktrees/基础库-密码公钥核验/库/标准库/数据结构/整数操作。豫 | PID 29190 | 退出 0 | 运行 8/24 | 已完成 99
[完成] 类型检查：/Users/zhiboc/repos/yuyan-worktrees/基础库-密码公钥核验/库/标准库/语言核心/异步原语。豫 | PID 29190 | 退出 0 | 运行 7/24 | 已完成 100
[完成] 语法解析：/Users/zhiboc/repos/yuyan-worktrees/基础库-密码公钥核验/库/标准库/数据结构/字符流术。豫 | PID 29190 | 退出 0 | 运行 6/24 | 已完成 101
[完成] 类型检查：/Users/zhiboc/repos/yuyan-worktrees/基础库-密码公钥核验/库/标准库/数据结构/字节缓冲。豫 | PID 29190 | 退出 0 | 运行 5/24 | 已完成 102
[完成] 语法解析：/Users/zhiboc/repos/yuyan-worktrees/基础库-密码公钥核验/库/标准库/宿主带列。接口。豫 | PID 29190 | 退出 0 | 运行 4/24 | 已完成 103
[启动] parse：/Users/zhiboc/repos/yuyan-worktrees/基础库-密码公钥核验/库/标准库/操作系统/文件系统。豫 | 运行 5/24
[启动] parse：/Users/zhiboc/repos/yuyan-worktrees/基础库-密码公钥核验/库/标准库/操作系统/命令行参数。豫 | 运行 6/24
[启动] parse：/Users/zhiboc/repos/yuyan-worktrees/基础库-密码公钥核验/库/标准库/控制/异步。豫 | 运行 7/24
[完成] 类型检查：/Users/zhiboc/repos/yuyan-worktrees/基础库-密码公钥核验/库/标准库/宿主。接口。豫 | PID 29190 | 退出 0 | 运行 6/24 | 已完成 104
[启动] type-check-and-erase：/Users/zhiboc/repos/yuyan-worktrees/基础库-密码公钥核验/库/标准库/操作系统/进程。豫 | 运行 7/24
[启动] type-check-and-erase：/Users/zhiboc/repos/yuyan-worktrees/基础库-密码公钥核验/库/标准库/操作系统/系统名称。豫 | 运行 8/24
[启动] type-check-and-erase：/Users/zhiboc/repos/yuyan-worktrees/基础库-密码公钥核验/库/标准库/操作系统/环境变量。豫 | 运行 9/24
[启动] type-check-and-erase：/Users/zhiboc/repos/yuyan-worktrees/基础库-密码公钥核验/库/标准库/数据结构/小数操作。豫 | 运行 10/24
[启动] type-check-and-erase：/Users/zhiboc/repos/yuyan-worktrees/基础库-密码公钥核验/库/标准库/输入输出/笔。豫 | 运行 11/24
[启动] type-check-and-erase：/Users/zhiboc/repos/yuyan-worktrees/基础库-密码公钥核验/库/标准库/语言核心/异常。豫 | 运行 12/24
[启动] type-check-and-erase：/Users/zhiboc/repos/yuyan-worktrees/基础库-密码公钥核验/库/标准库/数学运算/随机。豫 | 运行 13/24
[完成] 语法解析：/Users/zhiboc/repos/yuyan-worktrees/基础库-密码公钥核验/库/标准库/操作系统/命令行参数。豫 | PID 29190 | 退出 0 | 运行 12/24 | 已完成 105
[完成] 语法解析：/Users/zhiboc/repos/yuyan-worktrees/基础库-密码公钥核验/库/标准库/数据结构/多态列工具。豫 | PID 29190 | 退出 0 | 运行 11/24 | 已完成 106
[启动] parse：/Users/zhiboc/repos/yuyan-worktrees/基础库-密码公钥核验/库/标准库/数据结构/字符串术。豫 | 运行 12/24
[完成] 类型检查：/Users/zhiboc/repos/yuyan-worktrees/基础库-密码公钥核验/库/标准库/操作系统/系统名称。豫 | PID 29190 | 退出 0 | 运行 11/24 | 已完成 107
[完成] 语法解析：/Users/zhiboc/repos/yuyan-worktrees/基础库-密码公钥核验/库/标准库/数学运算。豫 | PID 29190 | 退出 0 | 运行 10/24 | 已完成 108
[完成] 类型检查：/Users/zhiboc/repos/yuyan-worktrees/基础库-密码公钥核验/库/标准库/操作系统/进程。豫 | PID 29190 | 退出 0 | 运行 9/24 | 已完成 109
[完成] 语法解析：/Users/zhiboc/repos/yuyan-worktrees/基础库-密码公钥核验/库/标准库/网络/传输控制协议。豫 | PID 29190 | 退出 0 | 运行 8/24 | 已完成 110
[启动] type-check-and-erase：/Users/zhiboc/repos/yuyan-worktrees/基础库-密码公钥核验/库/标准库/网络/传输控制协议。豫 | 运行 9/24
[完成] 类型检查：/Users/zhiboc/repos/yuyan-worktrees/基础库-密码公钥核验/库/标准库/操作系统/环境变量。豫 | PID 29190 | 退出 0 | 运行 8/24 | 已完成 111
[完成] 语法解析：/Users/zhiboc/repos/yuyan-worktrees/基础库-密码公钥核验/库/标准库/控制/异步。豫 | PID 29190 | 退出 0 | 运行 7/24 | 已完成 112
[启动] parse：/Users/zhiboc/repos/yuyan-worktrees/基础库-密码公钥核验/库/标准库/网络/异步传输控制协议。豫 | 运行 8/24
[启动] parse：/Users/zhiboc/repos/yuyan-worktrees/基础库-密码公钥核验/库/标准库/控制。豫 | 运行 9/24
[完成] 类型检查：/Users/zhiboc/repos/yuyan-worktrees/基础库-密码公钥核验/库/标准库/数据结构/小数操作。豫 | PID 29190 | 退出 0 | 运行 8/24 | 已完成 113
[启动] type-check-and-erase：/Users/zhiboc/repos/yuyan-worktrees/基础库-密码公钥核验/库/标准库/操作系统/时间。豫 | 运行 9/24
[完成] 语法解析：/Users/zhiboc/repos/yuyan-worktrees/基础库-密码公钥核验/库/标准库/操作系统/文件系统。豫 | PID 29190 | 退出 0 | 运行 8/24 | 已完成 114
[完成] 类型检查：/Users/zhiboc/repos/yuyan-worktrees/基础库-密码公钥核验/库/标准库/输入输出/笔。豫 | PID 29190 | 退出 0 | 运行 7/24 | 已完成 115
[启动] type-check-and-erase：/Users/zhiboc/repos/yuyan-worktrees/基础库-密码公钥核验/库/标准库/输入输出。豫 | 运行 8/24
[完成] 语法解析：/Users/zhiboc/repos/yuyan-worktrees/基础库-密码公钥核验/库/标准库/控制。豫 | PID 29190 | 退出 0 | 运行 7/24 | 已完成 116
[完成] 类型检查：/Users/zhiboc/repos/yuyan-worktrees/基础库-密码公钥核验/库/标准库/网络/传输控制协议。豫 | PID 29190 | 退出 0 | 运行 6/24 | 已完成 117
[完成] 类型检查：/Users/zhiboc/repos/yuyan-worktrees/基础库-密码公钥核验/库/标准库/语言核心/异常。豫 | PID 29190 | 退出 0 | 运行 5/24 | 已完成 118
[启动] type-check-and-erase：/Users/zhiboc/repos/yuyan-worktrees/基础库-密码公钥核验/库/标准库/语言核心。豫 | 运行 6/24
[启动] type-check-and-erase：/Users/zhiboc/repos/yuyan-worktrees/基础库-密码公钥核验/库/标准库/数据结构/可选值。豫 | 运行 7/24
[完成] 语法解析：/Users/zhiboc/repos/yuyan-worktrees/基础库-密码公钥核验/库/标准库/网络/异步传输控制协议。豫 | PID 29190 | 退出 0 | 运行 6/24 | 已完成 119
[完成] 语法解析：/Users/zhiboc/repos/yuyan-worktrees/基础库-密码公钥核验/库/标准库/数据结构/字符串术。豫 | PID 29190 | 退出 0 | 运行 5/24 | 已完成 120
[启动] parse：/Users/zhiboc/repos/yuyan-worktrees/基础库-密码公钥核验/库/标准库/操作系统/子进程。豫 | 运行 6/24
[启动] parse：/Users/zhiboc/repos/yuyan-worktrees/基础库-密码公钥核验/库/标准库/数据结构/特殊字符。豫 | 运行 7/24
[启动] parse：/Users/zhiboc/repos/yuyan-worktrees/基础库-密码公钥核验/库/标准库/数据结构/对子术。豫 | 运行 8/24
[完成] 类型检查：/Users/zhiboc/repos/yuyan-worktrees/基础库-密码公钥核验/库/标准库/数据结构/可选值。豫 | PID 29190 | 退出 0 | 运行 7/24 | 已完成 121
[启动] type-check-and-erase：/Users/zhiboc/repos/yuyan-worktrees/基础库-密码公钥核验/库/标准库/数据结构/多态列。豫 | 运行 8/24
[完成] 语法解析：/Users/zhiboc/repos/yuyan-worktrees/基础库-密码公钥核验/库/标准库/数据结构/特殊字符。豫 | PID 29190 | 退出 0 | 运行 7/24 | 已完成 122
[启动] parse：/Users/zhiboc/repos/yuyan-worktrees/基础库-密码公钥核验/库/标准库/网络/超文本传输协议。豫 | 运行 8/24
[完成] 语法解析：/Users/zhiboc/repos/yuyan-worktrees/基础库-密码公钥核验/库/标准库/操作系统/子进程。豫 | PID 29190 | 退出 0 | 运行 7/24 | 已完成 123
[完成] 类型检查：/Users/zhiboc/repos/yuyan-worktrees/基础库-密码公钥核验/库/标准库/数学运算/随机。豫 | PID 29190 | 退出 0 | 运行 6/24 | 已完成 124
[完成] 语法解析：/Users/zhiboc/repos/yuyan-worktrees/基础库-密码公钥核验/库/标准库/网络/超文本传输协议。豫 | PID 29190 | 退出 0 | 运行 5/24 | 已完成 125
[启动] parse：/Users/zhiboc/repos/yuyan-worktrees/基础库-密码公钥核验/库/标准库/网络。豫 | 运行 6/24
[完成] 类型检查：/Users/zhiboc/repos/yuyan-worktrees/基础库-密码公钥核验/库/标准库/数据结构/多态列。豫 | PID 29190 | 退出 0 | 运行 5/24 | 已完成 126
[启动] type-check-and-erase：/Users/zhiboc/repos/yuyan-worktrees/基础库-密码公钥核验/库/标准库/数学运算/具体列。豫 | 运行 6/24
[启动] type-check-and-erase：/Users/zhiboc/repos/yuyan-worktrees/基础库-密码公钥核验/库/标准库/数据结构/多态列工具。豫 | 运行 7/24
[启动] type-check-and-erase：/Users/zhiboc/repos/yuyan-worktrees/基础库-密码公钥核验/库/标准库/数学运算/数组转换。豫 | 运行 8/24
[启动] type-check-and-erase：/Users/zhiboc/repos/yuyan-worktrees/基础库-密码公钥核验/库/标准库/宿主带列。接口。豫 | 运行 9/24
[完成] 类型检查：/Users/zhiboc/repos/yuyan-worktrees/基础库-密码公钥核验/库/标准库/操作系统/时间。豫 | PID 29190 | 退出 0 | 运行 8/24 | 已完成 127
[完成] 类型检查：/Users/zhiboc/repos/yuyan-worktrees/基础库-密码公钥核验/库/标准库/输入输出。豫 | PID 29190 | 退出 0 | 运行 7/24 | 已完成 128
[完成] 语法解析：/Users/zhiboc/repos/yuyan-worktrees/基础库-密码公钥核验/库/标准库/数据结构/对子术。豫 | PID 29190 | 退出 0 | 运行 6/24 | 已完成 129
[启动] parse：/Users/zhiboc/repos/yuyan-worktrees/基础库-密码公钥核验/库/标准库/数据结构/列表搜索。豫 | 运行 7/24
[完成] 类型检查：/Users/zhiboc/repos/yuyan-worktrees/基础库-密码公钥核验/库/标准库/数学运算/具体列。豫 | PID 29190 | 退出 0 | 运行 6/24 | 已完成 130
[完成] 类型检查：/Users/zhiboc/repos/yuyan-worktrees/基础库-密码公钥核验/库/标准库/宿主带列。接口。豫 | PID 29190 | 退出 0 | 运行 5/24 | 已完成 131
[启动] type-check-and-erase：/Users/zhiboc/repos/yuyan-worktrees/基础库-密码公钥核验/库/标准库/操作系统/文件系统。豫 | 运行 6/24
[启动] type-check-and-erase：/Users/zhiboc/repos/yuyan-worktrees/基础库-密码公钥核验/库/标准库/操作系统/命令行参数。豫 | 运行 7/24
[启动] type-check-and-erase：/Users/zhiboc/repos/yuyan-worktrees/基础库-密码公钥核验/库/标准库/控制/异步。豫 | 运行 8/24
[完成] 类型检查：/Users/zhiboc/repos/yuyan-worktrees/基础库-密码公钥核验/库/标准库/语言核心。豫 | PID 29190 | 退出 0 | 运行 7/24 | 已完成 132
[完成] 语法解析：/Users/zhiboc/repos/yuyan-worktrees/基础库-密码公钥核验/库/标准库/数据结构/列表搜索。豫 | PID 29190 | 退出 0 | 运行 6/24 | 已完成 133
[启动] parse：/Users/zhiboc/repos/yuyan-worktrees/基础库-密码公钥核验/库/标准库/数据结构/字典术。豫 | 运行 7/24
[完成] 语法解析：/Users/zhiboc/repos/yuyan-worktrees/基础库-密码公钥核验/库/标准库/数据结构/字典术。豫 | PID 29190 | 退出 0 | 运行 6/24 | 已完成 134
[启动] parse：/Users/zhiboc/repos/yuyan-worktrees/基础库-密码公钥核验/库/标准库/数据结构。豫 | 运行 7/24
[启动] parse：/Users/zhiboc/repos/yuyan-worktrees/基础库-密码公钥核验/库/标准库/豫言标准内核。豫 | 运行 8/24
[完成] 类型检查：/Users/zhiboc/repos/yuyan-worktrees/基础库-密码公钥核验/库/标准库/操作系统/文件系统。豫 | PID 29190 | 退出 0 | 运行 7/24 | 已完成 135
[完成] 语法解析：/Users/zhiboc/repos/yuyan-worktrees/基础库-密码公钥核验/库/标准库/网络。豫 | PID 29190 | 退出 0 | 运行 6/24 | 已完成 136
[完成] 语法解析：/Users/zhiboc/repos/yuyan-worktrees/基础库-密码公钥核验/库/标准库/数据结构。豫 | PID 29190 | 退出 0 | 运行 5/24 | 已完成 137
[完成] 类型检查：/Users/zhiboc/repos/yuyan-worktrees/基础库-密码公钥核验/库/标准库/数学运算/数组转换。豫 | PID 29190 | 退出 0 | 运行 4/24 | 已完成 138
[启动] type-check-and-erase：/Users/zhiboc/repos/yuyan-worktrees/基础库-密码公钥核验/库/标准库/数学运算。豫 | 运行 5/24
[启动] type-check-and-erase：/Users/zhiboc/repos/yuyan-worktrees/基础库-密码公钥核验/库/标准库/数据结构/字符流术。豫 | 运行 6/24
[完成] 语法解析：/Users/zhiboc/repos/yuyan-worktrees/基础库-密码公钥核验/库/标准库/豫言标准内核。豫 | PID 29190 | 退出 0 | 运行 5/24 | 已完成 139
[启动] parse：/Users/zhiboc/repos/yuyan-worktrees/基础库-密码公钥核验/库/标准库/操作系统/路径。豫 | 运行 6/24
[完成] 类型检查：/Users/zhiboc/repos/yuyan-worktrees/基础库-密码公钥核验/库/标准库/控制/异步。豫 | PID 29190 | 退出 0 | 运行 5/24 | 已完成 140
[启动] type-check-and-erase：/Users/zhiboc/repos/yuyan-worktrees/基础库-密码公钥核验/库/标准库/网络/异步传输控制协议。豫 | 运行 6/24
[启动] type-check-and-erase：/Users/zhiboc/repos/yuyan-worktrees/基础库-密码公钥核验/库/标准库/控制。豫 | 运行 7/24
[完成] 语法解析：/Users/zhiboc/repos/yuyan-worktrees/基础库-密码公钥核验/库/标准库/操作系统/路径。豫 | PID 29190 | 退出 0 | 运行 6/24 | 已完成 141
[启动] parse：/Users/zhiboc/repos/yuyan-worktrees/基础库-密码公钥核验/库/标准库/操作系统。豫 | 运行 7/24
[完成] 类型检查：/Users/zhiboc/repos/yuyan-worktrees/基础库-密码公钥核验/库/标准库/操作系统/命令行参数。豫 | PID 29190 | 退出 0 | 运行 6/24 | 已完成 142
[完成] 类型检查：/Users/zhiboc/repos/yuyan-worktrees/基础库-密码公钥核验/库/标准库/网络/异步传输控制协议。豫 | PID 29190 | 退出 0 | 运行 5/24 | 已完成 143
[完成] 语法解析：/Users/zhiboc/repos/yuyan-worktrees/基础库-密码公钥核验/库/标准库/操作系统。豫 | PID 29190 | 退出 0 | 运行 4/24 | 已完成 144
[启动] parse：/Users/zhiboc/repos/yuyan-worktrees/基础库-密码公钥核验/库/标准库/总集。豫 | 运行 5/24
[完成] 类型检查：/Users/zhiboc/repos/yuyan-worktrees/基础库-密码公钥核验/库/标准库/数学运算。豫 | PID 29190 | 退出 0 | 运行 4/24 | 已完成 145
[完成] 类型检查：/Users/zhiboc/repos/yuyan-worktrees/基础库-密码公钥核验/库/标准库/控制。豫 | PID 29190 | 退出 0 | 运行 3/24 | 已完成 146
[完成] 类型检查：/Users/zhiboc/repos/yuyan-worktrees/基础库-密码公钥核验/库/标准库/数据结构/多态列工具。豫 | PID 29190 | 退出 0 | 运行 2/24 | 已完成 147
[启动] type-check-and-erase：/Users/zhiboc/repos/yuyan-worktrees/基础库-密码公钥核验/库/标准库/数据结构/字符串术。豫 | 运行 3/24
[完成] 语法解析：/Users/zhiboc/repos/yuyan-worktrees/基础库-密码公钥核验/库/标准库/总集。豫 | PID 29190 | 退出 0 | 运行 2/24 | 已完成 148
[启动] parse：/Users/zhiboc/repos/yuyan-worktrees/基础库-密码公钥核验/库/基础库/密码与安全/密码/散列。豫 | 运行 3/24
[启动] parse：/Users/zhiboc/repos/yuyan-worktrees/基础库-密码公钥核验/库/基础库/密码与安全/密码/字节。豫 | 运行 4/24
[完成] 语法解析：/Users/zhiboc/repos/yuyan-worktrees/基础库-密码公钥核验/库/基础库/密码与安全/密码/散列。豫 | PID 29190 | 退出 0 | 运行 3/24 | 已完成 149
[完成] 语法解析：/Users/zhiboc/repos/yuyan-worktrees/基础库-密码公钥核验/库/基础库/密码与安全/密码/字节。豫 | PID 29190 | 退出 0 | 运行 2/24 | 已完成 150
[启动] parse：/Users/zhiboc/repos/yuyan-worktrees/基础库-密码公钥核验/库/基础库/密码与安全/密码/派生。豫 | 运行 3/24
[完成] 类型检查：/Users/zhiboc/repos/yuyan-worktrees/基础库-密码公钥核验/库/标准库/数据结构/字符串术。豫 | PID 29190 | 退出 0 | 运行 2/24 | 已完成 151
[启动] type-check-and-erase：/Users/zhiboc/repos/yuyan-worktrees/基础库-密码公钥核验/库/标准库/操作系统/子进程。豫 | 运行 3/24
[启动] type-check-and-erase：/Users/zhiboc/repos/yuyan-worktrees/基础库-密码公钥核验/库/标准库/数据结构/特殊字符。豫 | 运行 4/24
[启动] type-check-and-erase：/Users/zhiboc/repos/yuyan-worktrees/基础库-密码公钥核验/库/标准库/数据结构/对子术。豫 | 运行 5/24
[完成] 语法解析：/Users/zhiboc/repos/yuyan-worktrees/基础库-密码公钥核验/库/基础库/密码与安全/密码/派生。豫 | PID 29190 | 退出 0 | 运行 4/24 | 已完成 152
[完成] 类型检查：/Users/zhiboc/repos/yuyan-worktrees/基础库-密码公钥核验/库/标准库/数据结构/字符流术。豫 | PID 29190 | 退出 0 | 运行 3/24 | 已完成 153
[完成] 类型检查：/Users/zhiboc/repos/yuyan-worktrees/基础库-密码公钥核验/库/标准库/数据结构/对子术。豫 | PID 29190 | 退出 0 | 运行 2/24 | 已完成 154
[启动] type-check-and-erase：/Users/zhiboc/repos/yuyan-worktrees/基础库-密码公钥核验/库/标准库/数据结构/列表搜索。豫 | 运行 3/24
[完成] 类型检查：/Users/zhiboc/repos/yuyan-worktrees/基础库-密码公钥核验/库/标准库/操作系统/子进程。豫 | PID 29190 | 退出 0 | 运行 2/24 | 已完成 155
[完成] 类型检查：/Users/zhiboc/repos/yuyan-worktrees/基础库-密码公钥核验/库/标准库/数据结构/特殊字符。豫 | PID 29190 | 退出 0 | 运行 1/24 | 已完成 156
[启动] type-check-and-erase：/Users/zhiboc/repos/yuyan-worktrees/基础库-密码公钥核验/库/标准库/网络/超文本传输协议。豫 | 运行 2/24
[完成] 类型检查：/Users/zhiboc/repos/yuyan-worktrees/基础库-密码公钥核验/库/标准库/数据结构/列表搜索。豫 | PID 29190 | 退出 0 | 运行 1/24 | 已完成 157
[启动] type-check-and-erase：/Users/zhiboc/repos/yuyan-worktrees/基础库-密码公钥核验/库/标准库/数据结构/字典术。豫 | 运行 2/24
[完成] 类型检查：/Users/zhiboc/repos/yuyan-worktrees/基础库-密码公钥核验/库/标准库/数据结构/字典术。豫 | PID 29190 | 退出 0 | 运行 1/24 | 已完成 158
[启动] type-check-and-erase：/Users/zhiboc/repos/yuyan-worktrees/基础库-密码公钥核验/库/标准库/数据结构。豫 | 运行 2/24
[启动] type-check-and-erase：/Users/zhiboc/repos/yuyan-worktrees/基础库-密码公钥核验/库/标准库/豫言标准内核。豫 | 运行 3/24
[完成] 类型检查：/Users/zhiboc/repos/yuyan-worktrees/基础库-密码公钥核验/库/标准库/网络/超文本传输协议。豫 | PID 29190 | 退出 0 | 运行 2/24 | 已完成 159
[启动] type-check-and-erase：/Users/zhiboc/repos/yuyan-worktrees/基础库-密码公钥核验/库/标准库/网络。豫 | 运行 3/24
[完成] 类型检查：/Users/zhiboc/repos/yuyan-worktrees/基础库-密码公钥核验/库/标准库/豫言标准内核。豫 | PID 29190 | 退出 0 | 运行 2/24 | 已完成 160
[启动] type-check-and-erase：/Users/zhiboc/repos/yuyan-worktrees/基础库-密码公钥核验/库/标准库/操作系统/路径。豫 | 运行 3/24
[完成] 类型检查：/Users/zhiboc/repos/yuyan-worktrees/基础库-密码公钥核验/库/标准库/数据结构。豫 | PID 29190 | 退出 0 | 运行 2/24 | 已完成 161
[完成] 类型检查：/Users/zhiboc/repos/yuyan-worktrees/基础库-密码公钥核验/库/标准库/操作系统/路径。豫 | PID 29190 | 退出 0 | 运行 1/24 | 已完成 162
[启动] type-check-and-erase：/Users/zhiboc/repos/yuyan-worktrees/基础库-密码公钥核验/库/标准库/操作系统。豫 | 运行 2/24
[完成] 类型检查：/Users/zhiboc/repos/yuyan-worktrees/基础库-密码公钥核验/库/标准库/操作系统。豫 | PID 29190 | 退出 0 | 运行 1/24 | 已完成 163
[完成] 类型检查：/Users/zhiboc/repos/yuyan-worktrees/基础库-密码公钥核验/库/标准库/网络。豫 | PID 29190 | 退出 0 | 运行 0/24 | 已完成 164
[启动] type-check-and-erase：/Users/zhiboc/repos/yuyan-worktrees/基础库-密码公钥核验/库/标准库/总集。豫 | 运行 1/24
[完成] 类型检查：/Users/zhiboc/repos/yuyan-worktrees/基础库-密码公钥核验/库/标准库/总集。豫 | PID 29190 | 退出 0 | 运行 0/24 | 已完成 165
[启动] type-check-and-erase：/Users/zhiboc/repos/yuyan-worktrees/基础库-密码公钥核验/库/基础库/密码与安全/密码/散列。豫 | 运行 1/24
[启动] type-check-and-erase：/Users/zhiboc/repos/yuyan-worktrees/基础库-密码公钥核验/库/基础库/密码与安全/密码/字节。豫 | 运行 2/24
[完成] 类型检查：/Users/zhiboc/repos/yuyan-worktrees/基础库-密码公钥核验/库/基础库/密码与安全/密码/散列。豫 | PID 29190 | 退出 0 | 运行 1/24 | 已完成 166
[完成] 类型检查：/Users/zhiboc/repos/yuyan-worktrees/基础库-密码公钥核验/库/基础库/密码与安全/密码/字节。豫 | PID 29190 | 退出 0 | 运行 0/24 | 已完成 167
[启动] type-check-and-erase：/Users/zhiboc/repos/yuyan-worktrees/基础库-密码公钥核验/库/基础库/密码与安全/密码/派生。豫 | 运行 1/24
[完成] 类型检查：/Users/zhiboc/repos/yuyan-worktrees/基础库-密码公钥核验/库/基础库/密码与安全/密码/派生。豫 | PID 29190 | 退出 0 | 运行 0/24 | 已完成 168
[启动] exec-gen：/Users/zhiboc/repos/yuyan-worktrees/基础库-密码公钥核验/库/基础库/密码与安全/密码/派生。豫 | 运行 1/24
[完成] 最终链接：/Users/zhiboc/repos/yuyan-worktrees/基础库-密码公钥核验/库/基础库/密码与安全/密码/派生。豫 | PID 29190 | 退出 0 | 运行 0/24 | 已完成 169
[2026-10-08 01:02:58] 当前路径：/Users/zhiboc/repos/yuyan-worktrees/基础库-密码公钥核验/yyRSA验证链

[2026-10-08 01:02:58] 当前路径：/Users/zhiboc/repos/yuyan-worktrees/基础库-密码公钥核验/yyRSA验证链
[启动] dependency-analysis：/Users/zhiboc/repos/yuyan-worktrees/基础库-密码公钥核验/库/基础库/密码与安全/密码/海绵散列。豫 | 运行 1/24
[完成] 依赖分析：/Users/zhiboc/repos/yuyan-worktrees/基础库-密码公钥核验/库/基础库/密码与安全/密码/海绵散列。豫 | PID 29209 | 退出 0 | 运行 0/24 | 已完成 1
[启动] dependency-analysis：/Users/zhiboc/repos/yuyan-worktrees/基础库-密码公钥核验/库/标准库/总集。豫 | 运行 1/24
[完成] 依赖分析：/Users/zhiboc/repos/yuyan-worktrees/基础库-密码公钥核验/库/标准库/总集。豫 | PID 29209 | 退出 0 | 运行 0/24 | 已完成 2
[启动] dependency-analysis：/Users/zhiboc/repos/yuyan-worktrees/基础库-密码公钥核验/库/标准库/操作系统。豫 | 运行 1/24
[启动] dependency-analysis：/Users/zhiboc/repos/yuyan-worktrees/基础库-密码公钥核验/库/标准库/控制。豫 | 运行 2/24
[启动] dependency-analysis：/Users/zhiboc/repos/yuyan-worktrees/基础库-密码公钥核验/库/标准库/数学运算。豫 | 运行 3/24
[启动] dependency-analysis：/Users/zhiboc/repos/yuyan-worktrees/基础库-密码公钥核验/库/标准库/数据结构。豫 | 运行 4/24
[启动] dependency-analysis：/Users/zhiboc/repos/yuyan-worktrees/基础库-密码公钥核验/库/标准库/输入输出。豫 | 运行 5/24
[启动] dependency-analysis：/Users/zhiboc/repos/yuyan-worktrees/基础库-密码公钥核验/库/标准库/语言核心。豫 | 运行 6/24
[启动] dependency-analysis：/Users/zhiboc/repos/yuyan-worktrees/基础库-密码公钥核验/库/标准库/网络。豫 | 运行 7/24
[启动] dependency-analysis：/Users/zhiboc/repos/yuyan-worktrees/基础库-密码公钥核验/库/标准库/豫言标准内核。豫 | 运行 8/24
[完成] 依赖分析：/Users/zhiboc/repos/yuyan-worktrees/基础库-密码公钥核验/库/标准库/操作系统。豫 | PID 29209 | 退出 0 | 运行 7/24 | 已完成 3
[启动] dependency-analysis：/Users/zhiboc/repos/yuyan-worktrees/基础库-密码公钥核验/库/标准库/操作系统/子进程。豫 | 运行 8/24
[启动] dependency-analysis：/Users/zhiboc/repos/yuyan-worktrees/基础库-密码公钥核验/库/标准库/操作系统/命令行参数。豫 | 运行 9/24
[启动] dependency-analysis：/Users/zhiboc/repos/yuyan-worktrees/基础库-密码公钥核验/库/标准库/操作系统/文件系统。豫 | 运行 10/24
[启动] dependency-analysis：/Users/zhiboc/repos/yuyan-worktrees/基础库-密码公钥核验/库/标准库/操作系统/进程。豫 | 运行 11/24
[启动] dependency-analysis：/Users/zhiboc/repos/yuyan-worktrees/基础库-密码公钥核验/库/标准库/操作系统/时间。豫 | 运行 12/24
[启动] dependency-analysis：/Users/zhiboc/repos/yuyan-worktrees/基础库-密码公钥核验/库/标准库/操作系统/路径。豫 | 运行 13/24
[启动] dependency-analysis：/Users/zhiboc/repos/yuyan-worktrees/基础库-密码公钥核验/库/标准库/操作系统/系统名称。豫 | 运行 14/24
[启动] dependency-analysis：/Users/zhiboc/repos/yuyan-worktrees/基础库-密码公钥核验/库/标准库/操作系统/环境变量。豫 | 运行 15/24
[完成] 依赖分析：/Users/zhiboc/repos/yuyan-worktrees/基础库-密码公钥核验/库/标准库/操作系统/子进程。豫 | PID 29209 | 退出 0 | 运行 14/24 | 已完成 4
[启动] dependency-analysis：/Users/zhiboc/repos/yuyan-worktrees/基础库-密码公钥核验/库/标准库/语言核心/内建类型。豫 | 运行 15/24
[启动] dependency-analysis：/Users/zhiboc/repos/yuyan-worktrees/基础库-密码公钥核验/库/标准库/语言核心/异常。豫 | 运行 16/24
[启动] dependency-analysis：/Users/zhiboc/repos/yuyan-worktrees/基础库-密码公钥核验/库/标准库/数据结构/字符串术。豫 | 运行 17/24
[启动] dependency-analysis：/Users/zhiboc/repos/yuyan-worktrees/基础库-密码公钥核验/库/标准库/数据结构/多态列。豫 | 运行 18/24
[启动] dependency-analysis：/Users/zhiboc/repos/yuyan-worktrees/基础库-密码公钥核验/库/标准库/输入输出/笔。豫 | 运行 19/24
[启动] dependency-analysis：/Users/zhiboc/repos/yuyan-worktrees/基础库-密码公钥核验/库/标准库/宿主带列。接口。豫 | 运行 20/24
[启动] dependency-analysis：/Users/zhiboc/repos/yuyan-worktrees/基础库-密码公钥核验/库/标准库/宿主。接口。豫 | 运行 21/24
[完成] 依赖分析：/Users/zhiboc/repos/yuyan-worktrees/基础库-密码公钥核验/库/标准库/豫言标准内核。豫 | PID 29209 | 退出 0 | 运行 20/24 | 已完成 5
[启动] dependency-analysis：/Users/zhiboc/repos/yuyan-worktrees/基础库-密码公钥核验/库/标准库/语言核心/异步原语。豫 | 运行 21/24
[启动] dependency-analysis：/Users/zhiboc/repos/yuyan-worktrees/基础库-密码公钥核验/库/标准库/语言核心/引用。豫 | 运行 22/24
[启动] dependency-analysis：/Users/zhiboc/repos/yuyan-worktrees/基础库-密码公钥核验/库/标准库/数据结构/多态列工具。豫 | 运行 23/24
[启动] dependency-analysis：/Users/zhiboc/repos/yuyan-worktrees/基础库-密码公钥核验/库/标准库/数据结构/爻术。豫 | 运行 24/24
[完成] 依赖分析：/Users/zhiboc/repos/yuyan-worktrees/基础库-密码公钥核验/库/标准库/语言核心。豫 | PID 29209 | 退出 0 | 运行 23/24 | 已完成 6
[启动] dependency-analysis：/Users/zhiboc/repos/yuyan-worktrees/基础库-密码公钥核验/库/标准库/数据结构/整数操作。豫 | 运行 24/24
[完成] 依赖分析：/Users/zhiboc/repos/yuyan-worktrees/基础库-密码公钥核验/库/标准库/输入输出。豫 | PID 29209 | 退出 0 | 运行 23/24 | 已完成 7
[启动] dependency-analysis：/Users/zhiboc/repos/yuyan-worktrees/基础库-密码公钥核验/库/标准库/数据结构/小数术。豫 | 运行 24/24
[完成] 依赖分析：/Users/zhiboc/repos/yuyan-worktrees/基础库-密码公钥核验/库/标准库/控制。豫 | PID 29209 | 退出 0 | 运行 23/24 | 已完成 8
[启动] dependency-analysis：/Users/zhiboc/repos/yuyan-worktrees/基础库-密码公钥核验/库/标准库/数据结构/可选值。豫 | 运行 24/24
[完成] 依赖分析：/Users/zhiboc/repos/yuyan-worktrees/基础库-密码公钥核验/库/标准库/语言核心/引用。豫 | PID 29209 | 退出 0 | 运行 23/24 | 已完成 9
[启动] dependency-analysis：/Users/zhiboc/repos/yuyan-worktrees/基础库-密码公钥核验/库/标准库/数据结构/字典术。豫 | 运行 24/24
[完成] 依赖分析：/Users/zhiboc/repos/yuyan-worktrees/基础库-密码公钥核验/库/标准库/语言核心/内建类型。豫 | PID 29209 | 退出 0 | 运行 23/24 | 已完成 10
[启动] dependency-analysis：/Users/zhiboc/repos/yuyan-worktrees/基础库-密码公钥核验/库/标准库/控制/惰性求值。豫 | 运行 24/24
[完成] 依赖分析：/Users/zhiboc/repos/yuyan-worktrees/基础库-密码公钥核验/库/标准库/操作系统/系统名称。豫 | PID 29209 | 退出 0 | 运行 23/24 | 已完成 11
[启动] dependency-analysis：/Users/zhiboc/repos/yuyan-worktrees/基础库-密码公钥核验/库/标准库/语言核心/续延。豫 | 运行 24/24
[完成] 依赖分析：/Users/zhiboc/repos/yuyan-worktrees/基础库-密码公钥核验/库/标准库/操作系统/路径。豫 | PID 29209 | 退出 0 | 运行 23/24 | 已完成 12
[启动] dependency-analysis：/Users/zhiboc/repos/yuyan-worktrees/基础库-密码公钥核验/库/标准库/语言核心/不安全。豫 | 运行 24/24
[完成] 依赖分析：/Users/zhiboc/repos/yuyan-worktrees/基础库-密码公钥核验/库/标准库/操作系统/进程。豫 | PID 29209 | 退出 0 | 运行 23/24 | 已完成 13
[启动] dependency-analysis：/Users/zhiboc/repos/yuyan-worktrees/基础库-密码公钥核验/库/标准库/控制/异步。豫 | 运行 24/24
[完成] 依赖分析：/Users/zhiboc/repos/yuyan-worktrees/基础库-密码公钥核验/库/标准库/操作系统/文件系统。豫 | PID 29209 | 退出 0 | 运行 23/24 | 已完成 14
[启动] dependency-analysis：/Users/zhiboc/repos/yuyan-worktrees/基础库-密码公钥核验/库/标准库/语言核心/原语。内建。豫 | 运行 24/24
[完成] 依赖分析：/Users/zhiboc/repos/yuyan-worktrees/基础库-密码公钥核验/库/标准库/网络。豫 | PID 29209 | 退出 0 | 运行 23/24 | 已完成 15
[启动] dependency-analysis：/Users/zhiboc/repos/yuyan-worktrees/基础库-密码公钥核验/库/标准库/数据结构/字节串。豫 | 运行 24/24
[完成] 依赖分析：/Users/zhiboc/repos/yuyan-worktrees/基础库-密码公钥核验/库/标准库/数据结构。豫 | PID 29209 | 退出 0 | 运行 23/24 | 已完成 16
[启动] dependency-analysis：/Users/zhiboc/repos/yuyan-worktrees/基础库-密码公钥核验/库/标准库/网络/传输控制协议。豫 | 运行 24/24
[完成] 依赖分析：/Users/zhiboc/repos/yuyan-worktrees/基础库-密码公钥核验/库/标准库/数学运算。豫 | PID 29209 | 退出 0 | 运行 23/24 | 已完成 17
[启动] dependency-analysis：/Users/zhiboc/repos/yuyan-worktrees/基础库-密码公钥核验/库/标准库/网络/异步传输控制协议。豫 | 运行 24/24
[完成] 依赖分析：/Users/zhiboc/repos/yuyan-worktrees/基础库-密码公钥核验/库/标准库/控制/惰性求值。豫 | PID 29209 | 退出 0 | 运行 23/24 | 已完成 18
[启动] dependency-analysis：/Users/zhiboc/repos/yuyan-worktrees/基础库-密码公钥核验/库/标准库/网络/超文本传输协议。豫 | 运行 24/24
[完成] 依赖分析：/Users/zhiboc/repos/yuyan-worktrees/基础库-密码公钥核验/库/标准库/语言核心/续延。豫 | PID 29209 | 退出 0 | 运行 23/24 | 已完成 19
[启动] dependency-analysis：/Users/zhiboc/repos/yuyan-worktrees/基础库-密码公钥核验/库/标准库/数据结构/字符流术。豫 | 运行 24/24
[完成] 依赖分析：/Users/zhiboc/repos/yuyan-worktrees/基础库-密码公钥核验/库/标准库/语言核心/不安全。豫 | PID 29209 | 退出 0 | 运行 23/24 | 已完成 20
[启动] dependency-analysis：/Users/zhiboc/repos/yuyan-worktrees/基础库-密码公钥核验/库/标准库/数据结构/特殊字符。豫 | 运行 24/24
[完成] 依赖分析：/Users/zhiboc/repos/yuyan-worktrees/基础库-密码公钥核验/库/标准库/控制/异步。豫 | PID 29209 | 退出 0 | 运行 23/24 | 已完成 21
[启动] dependency-analysis：/Users/zhiboc/repos/yuyan-worktrees/基础库-密码公钥核验/库/标准库/数据结构/对子术。豫 | 运行 24/24
[完成] 依赖分析：/Users/zhiboc/repos/yuyan-worktrees/基础库-密码公钥核验/库/标准库/语言核心/原语。内建。豫 | PID 29209 | 退出 0 | 运行 23/24 | 已完成 22
[启动] dependency-analysis：/Users/zhiboc/repos/yuyan-worktrees/基础库-密码公钥核验/库/标准库/数据结构/小数操作。豫 | 运行 24/24
[完成] 依赖分析：/Users/zhiboc/repos/yuyan-worktrees/基础库-密码公钥核验/库/标准库/数据结构/字节串。豫 | PID 29209 | 退出 0 | 运行 23/24 | 已完成 23
[启动] dependency-analysis：/Users/zhiboc/repos/yuyan-worktrees/基础库-密码公钥核验/库/标准库/数据结构/列表搜索。豫 | 运行 24/24
[完成] 依赖分析：/Users/zhiboc/repos/yuyan-worktrees/基础库-密码公钥核验/库/标准库/数据结构/可选值。豫 | PID 29209 | 退出 0 | 运行 23/24 | 已完成 24
[启动] dependency-analysis：/Users/zhiboc/repos/yuyan-worktrees/基础库-密码公钥核验/库/标准库/数据结构/函数操作。豫 | 运行 24/24
[完成] 依赖分析：/Users/zhiboc/repos/yuyan-worktrees/基础库-密码公钥核验/库/标准库/数据结构/小数术。豫 | PID 29209 | 退出 0 | 运行 23/24 | 已完成 25
[启动] dependency-analysis：/Users/zhiboc/repos/yuyan-worktrees/基础库-密码公钥核验/库/标准库/数据结构/字节缓冲。豫 | 运行 24/24
[完成] 依赖分析：/Users/zhiboc/repos/yuyan-worktrees/基础库-密码公钥核验/库/标准库/数据结构/整数操作。豫 | PID 29209 | 退出 0 | 运行 23/24 | 已完成 26
[启动] dependency-analysis：/Users/zhiboc/repos/yuyan-worktrees/基础库-密码公钥核验/库/标准库/数学运算/转换。豫 | 运行 24/24
[完成] 依赖分析：/Users/zhiboc/repos/yuyan-worktrees/基础库-密码公钥核验/库/标准库/数据结构/爻术。豫 | PID 29209 | 退出 0 | 运行 23/24 | 已完成 27
[启动] dependency-analysis：/Users/zhiboc/repos/yuyan-worktrees/基础库-密码公钥核验/库/标准库/数学运算/具体列。豫 | 运行 24/24
[完成] 依赖分析：/Users/zhiboc/repos/yuyan-worktrees/基础库-密码公钥核验/库/标准库/宿主。接口。豫 | PID 29209 | 退出 0 | 运行 23/24 | 已完成 28
[启动] dependency-analysis：/Users/zhiboc/repos/yuyan-worktrees/基础库-密码公钥核验/库/标准库/数学运算/随机。豫 | 运行 24/24
[完成] 依赖分析：/Users/zhiboc/repos/yuyan-worktrees/基础库-密码公钥核验/库/标准库/数据结构/多态列。豫 | PID 29209 | 退出 0 | 运行 23/24 | 已完成 29
[启动] dependency-analysis：/Users/zhiboc/repos/yuyan-worktrees/基础库-密码公钥核验/库/标准库/数学运算/大小。豫 | 运行 24/24
[完成] 依赖分析：/Users/zhiboc/repos/yuyan-worktrees/基础库-密码公钥核验/库/标准库/数据结构/字符串术。豫 | PID 29209 | 退出 0 | 运行 23/24 | 已完成 30
[启动] dependency-analysis：/Users/zhiboc/repos/yuyan-worktrees/基础库-密码公钥核验/库/标准库/数学运算/数组转换。豫 | 运行 24/24
[完成] 依赖分析：/Users/zhiboc/repos/yuyan-worktrees/基础库-密码公钥核验/库/标准库/语言核心/异常。豫 | PID 29209 | 退出 0 | 运行 23/24 | 已完成 31
[启动] parse：/Users/zhiboc/repos/yuyan-worktrees/基础库-密码公钥核验/库/标准库/语言核心/内建类型。豫 | 运行 24/24
[完成] 依赖分析：/Users/zhiboc/repos/yuyan-worktrees/基础库-密码公钥核验/库/标准库/操作系统/环境变量。豫 | PID 29209 | 退出 0 | 运行 23/24 | 已完成 32
[启动] parse：/Users/zhiboc/repos/yuyan-worktrees/基础库-密码公钥核验/库/标准库/语言核心/续延。豫 | 运行 24/24
[完成] 依赖分析：/Users/zhiboc/repos/yuyan-worktrees/基础库-密码公钥核验/库/标准库/操作系统/时间。豫 | PID 29209 | 退出 0 | 运行 23/24 | 已完成 33
[完成] 依赖分析：/Users/zhiboc/repos/yuyan-worktrees/基础库-密码公钥核验/库/标准库/数据结构/小数操作。豫 | PID 29209 | 退出 0 | 运行 22/24 | 已完成 34
[完成] 依赖分析：/Users/zhiboc/repos/yuyan-worktrees/基础库-密码公钥核验/库/标准库/数据结构/特殊字符。豫 | PID 29209 | 退出 0 | 运行 21/24 | 已完成 35
[完成] 依赖分析：/Users/zhiboc/repos/yuyan-worktrees/基础库-密码公钥核验/库/标准库/网络/超文本传输协议。豫 | PID 29209 | 退出 0 | 运行 20/24 | 已完成 36
[完成] 依赖分析：/Users/zhiboc/repos/yuyan-worktrees/基础库-密码公钥核验/库/标准库/数据结构/字典术。豫 | PID 29209 | 退出 0 | 运行 19/24 | 已完成 37
[完成] 依赖分析：/Users/zhiboc/repos/yuyan-worktrees/基础库-密码公钥核验/库/标准库/操作系统/命令行参数。豫 | PID 29209 | 退出 0 | 运行 18/24 | 已完成 38
[完成] 依赖分析：/Users/zhiboc/repos/yuyan-worktrees/基础库-密码公钥核验/库/标准库/语言核心/异步原语。豫 | PID 29209 | 退出 0 | 运行 17/24 | 已完成 39
[完成] 依赖分析：/Users/zhiboc/repos/yuyan-worktrees/基础库-密码公钥核验/库/标准库/宿主带列。接口。豫 | PID 29209 | 退出 0 | 运行 16/24 | 已完成 40
[完成] 依赖分析：/Users/zhiboc/repos/yuyan-worktrees/基础库-密码公钥核验/库/标准库/数据结构/字节缓冲。豫 | PID 29209 | 退出 0 | 运行 15/24 | 已完成 41
[完成] 依赖分析：/Users/zhiboc/repos/yuyan-worktrees/基础库-密码公钥核验/库/标准库/数据结构/函数操作。豫 | PID 29209 | 退出 0 | 运行 14/24 | 已完成 42
[启动] parse：/Users/zhiboc/repos/yuyan-worktrees/基础库-密码公钥核验/库/标准库/数据结构/函数操作。豫 | 运行 15/24
[完成] 依赖分析：/Users/zhiboc/repos/yuyan-worktrees/基础库-密码公钥核验/库/标准库/数据结构/列表搜索。豫 | PID 29209 | 退出 0 | 运行 14/24 | 已完成 43
[完成] 依赖分析：/Users/zhiboc/repos/yuyan-worktrees/基础库-密码公钥核验/库/标准库/网络/异步传输控制协议。豫 | PID 29209 | 退出 0 | 运行 13/24 | 已完成 44
[完成] 依赖分析：/Users/zhiboc/repos/yuyan-worktrees/基础库-密码公钥核验/库/标准库/数据结构/对子术。豫 | PID 29209 | 退出 0 | 运行 12/24 | 已完成 45
[完成] 语法解析：/Users/zhiboc/repos/yuyan-worktrees/基础库-密码公钥核验/库/标准库/数据结构/函数操作。豫 | PID 29209 | 退出 0 | 运行 11/24 | 已完成 46
[启动] type-check-and-erase：/Users/zhiboc/repos/yuyan-worktrees/基础库-密码公钥核验/库/标准库/数据结构/函数操作。豫 | 运行 12/24
[完成] 语法解析：/Users/zhiboc/repos/yuyan-worktrees/基础库-密码公钥核验/库/标准库/语言核心/续延。豫 | PID 29209 | 退出 0 | 运行 11/24 | 已完成 47
[启动] type-check-and-erase：/Users/zhiboc/repos/yuyan-worktrees/基础库-密码公钥核验/库/标准库/语言核心/续延。豫 | 运行 12/24
[完成] 依赖分析：/Users/zhiboc/repos/yuyan-worktrees/基础库-密码公钥核验/库/标准库/数学运算/数组转换。豫 | PID 29209 | 退出 0 | 运行 11/24 | 已完成 48
[完成] 依赖分析：/Users/zhiboc/repos/yuyan-worktrees/基础库-密码公钥核验/库/标准库/数学运算/随机。豫 | PID 29209 | 退出 0 | 运行 10/24 | 已完成 49
[完成] 依赖分析：/Users/zhiboc/repos/yuyan-worktrees/基础库-密码公钥核验/库/标准库/数学运算/大小。豫 | PID 29209 | 退出 0 | 运行 9/24 | 已完成 50
[完成] 类型检查：/Users/zhiboc/repos/yuyan-worktrees/基础库-密码公钥核验/库/标准库/数据结构/函数操作。豫 | PID 29209 | 退出 0 | 运行 8/24 | 已完成 51
[完成] 类型检查：/Users/zhiboc/repos/yuyan-worktrees/基础库-密码公钥核验/库/标准库/语言核心/续延。豫 | PID 29209 | 退出 0 | 运行 7/24 | 已完成 52
[完成] 依赖分析：/Users/zhiboc/repos/yuyan-worktrees/基础库-密码公钥核验/库/标准库/数学运算/转换。豫 | PID 29209 | 退出 0 | 运行 6/24 | 已完成 53
[完成] 依赖分析：/Users/zhiboc/repos/yuyan-worktrees/基础库-密码公钥核验/库/标准库/数据结构/字符流术。豫 | PID 29209 | 退出 0 | 运行 5/24 | 已完成 54
[完成] 语法解析：/Users/zhiboc/repos/yuyan-worktrees/基础库-密码公钥核验/库/标准库/语言核心/内建类型。豫 | PID 29209 | 退出 0 | 运行 4/24 | 已完成 55
[启动] parse：/Users/zhiboc/repos/yuyan-worktrees/基础库-密码公钥核验/库/标准库/控制/惰性求值。豫 | 运行 5/24
[启动] parse：/Users/zhiboc/repos/yuyan-worktrees/基础库-密码公钥核验/库/标准库/语言核心/原语。内建。豫 | 运行 6/24
[启动] parse：/Users/zhiboc/repos/yuyan-worktrees/基础库-密码公钥核验/库/标准库/数据结构/爻术。豫 | 运行 7/24
[启动] parse：/Users/zhiboc/repos/yuyan-worktrees/基础库-密码公钥核验/库/标准库/数学运算/大小。豫 | 运行 8/24
[启动] type-check-and-erase：/Users/zhiboc/repos/yuyan-worktrees/基础库-密码公钥核验/库/标准库/语言核心/内建类型。豫 | 运行 9/24
[完成] 依赖分析：/Users/zhiboc/repos/yuyan-worktrees/基础库-密码公钥核验/库/标准库/数学运算/具体列。豫 | PID 29209 | 退出 0 | 运行 8/24 | 已完成 56
[完成] 语法解析：/Users/zhiboc/repos/yuyan-worktrees/基础库-密码公钥核验/库/标准库/控制/惰性求值。豫 | PID 29209 | 退出 0 | 运行 7/24 | 已完成 57
[完成] 依赖分析：/Users/zhiboc/repos/yuyan-worktrees/基础库-密码公钥核验/库/标准库/输入输出/笔。豫 | PID 29209 | 退出 0 | 运行 6/24 | 已完成 58
[完成] 语法解析：/Users/zhiboc/repos/yuyan-worktrees/基础库-密码公钥核验/库/标准库/数学运算/大小。豫 | PID 29209 | 退出 0 | 运行 5/24 | 已完成 59
[完成] 语法解析：/Users/zhiboc/repos/yuyan-worktrees/基础库-密码公钥核验/库/标准库/语言核心/原语。内建。豫 | PID 29209 | 退出 0 | 运行 4/24 | 已完成 60
[启动] parse：/Users/zhiboc/repos/yuyan-worktrees/基础库-密码公钥核验/库/标准库/语言核心/引用。豫 | 运行 5/24
[启动] parse：/Users/zhiboc/repos/yuyan-worktrees/基础库-密码公钥核验/库/标准库/语言核心/不安全。豫 | 运行 6/24
[启动] parse：/Users/zhiboc/repos/yuyan-worktrees/基础库-密码公钥核验/库/标准库/数据结构/字节串。豫 | 运行 7/24
[启动] parse：/Users/zhiboc/repos/yuyan-worktrees/基础库-密码公钥核验/库/标准库/数据结构/小数术。豫 | 运行 8/24
[启动] parse：/Users/zhiboc/repos/yuyan-worktrees/基础库-密码公钥核验/库/标准库/语言核心/异步原语。豫 | 运行 9/24
[启动] parse：/Users/zhiboc/repos/yuyan-worktrees/基础库-密码公钥核验/库/标准库/数学运算/转换。豫 | 运行 10/24
[完成] 依赖分析：/Users/zhiboc/repos/yuyan-worktrees/基础库-密码公钥核验/库/标准库/网络/传输控制协议。豫 | PID 29209 | 退出 0 | 运行 9/24 | 已完成 61
[完成] 语法解析：/Users/zhiboc/repos/yuyan-worktrees/基础库-密码公钥核验/库/标准库/语言核心/不安全。豫 | PID 29209 | 退出 0 | 运行 8/24 | 已完成 62
[完成] 语法解析：/Users/zhiboc/repos/yuyan-worktrees/基础库-密码公钥核验/库/标准库/数据结构/小数术。豫 | PID 29209 | 退出 0 | 运行 7/24 | 已完成 63
[完成] 语法解析：/Users/zhiboc/repos/yuyan-worktrees/基础库-密码公钥核验/库/标准库/语言核心/异步原语。豫 | PID 29209 | 退出 0 | 运行 6/24 | 已完成 64
[完成] 语法解析：/Users/zhiboc/repos/yuyan-worktrees/基础库-密码公钥核验/库/标准库/数据结构/字节串。豫 | PID 29209 | 退出 0 | 运行 5/24 | 已完成 65
[启动] parse：/Users/zhiboc/repos/yuyan-worktrees/基础库-密码公钥核验/库/标准库/宿主。接口。豫 | 运行 6/24
[启动] parse：/Users/zhiboc/repos/yuyan-worktrees/基础库-密码公钥核验/库/标准库/数据结构/字节缓冲。豫 | 运行 7/24
[完成] 语法解析：/Users/zhiboc/repos/yuyan-worktrees/基础库-密码公钥核验/库/标准库/数据结构/爻术。豫 | PID 29209 | 退出 0 | 运行 6/24 | 已完成 66
[启动] parse：/Users/zhiboc/repos/yuyan-worktrees/基础库-密码公钥核验/库/标准库/数据结构/整数操作。豫 | 运行 7/24
[完成] 类型检查：/Users/zhiboc/repos/yuyan-worktrees/基础库-密码公钥核验/库/标准库/语言核心/内建类型。豫 | PID 29209 | 退出 0 | 运行 6/24 | 已完成 67
[启动] type-check-and-erase：/Users/zhiboc/repos/yuyan-worktrees/基础库-密码公钥核验/库/标准库/控制/惰性求值。豫 | 运行 7/24
[启动] type-check-and-erase：/Users/zhiboc/repos/yuyan-worktrees/基础库-密码公钥核验/库/标准库/语言核心/原语。内建。豫 | 运行 8/24
[启动] type-check-and-erase：/Users/zhiboc/repos/yuyan-worktrees/基础库-密码公钥核验/库/标准库/数据结构/爻术。豫 | 运行 9/24
[启动] type-check-and-erase：/Users/zhiboc/repos/yuyan-worktrees/基础库-密码公钥核验/库/标准库/数学运算/大小。豫 | 运行 10/24
[完成] 依赖分析：/Users/zhiboc/repos/yuyan-worktrees/基础库-密码公钥核验/库/标准库/数据结构/多态列工具。豫 | PID 29209 | 退出 0 | 运行 9/24 | 已完成 68
[完成] 语法解析：/Users/zhiboc/repos/yuyan-worktrees/基础库-密码公钥核验/库/标准库/宿主。接口。豫 | PID 29209 | 退出 0 | 运行 8/24 | 已完成 69
[启动] parse：/Users/zhiboc/repos/yuyan-worktrees/基础库-密码公钥核验/库/标准库/操作系统/系统名称。豫 | 运行 9/24
[启动] parse：/Users/zhiboc/repos/yuyan-worktrees/基础库-密码公钥核验/库/标准库/操作系统/进程。豫 | 运行 10/24
[启动] parse：/Users/zhiboc/repos/yuyan-worktrees/基础库-密码公钥核验/库/标准库/语言核心/异常。豫 | 运行 11/24
[启动] parse：/Users/zhiboc/repos/yuyan-worktrees/基础库-密码公钥核验/库/标准库/操作系统/环境变量。豫 | 运行 12/24
[启动] parse：/Users/zhiboc/repos/yuyan-worktrees/基础库-密码公钥核验/库/标准库/数据结构/小数操作。豫 | 运行 13/24
[启动] parse：/Users/zhiboc/repos/yuyan-worktrees/基础库-密码公钥核验/库/标准库/数学运算/随机。豫 | 运行 14/24
[启动] parse：/Users/zhiboc/repos/yuyan-worktrees/基础库-密码公钥核验/库/标准库/输入输出/笔。豫 | 运行 15/24
[完成] 语法解析：/Users/zhiboc/repos/yuyan-worktrees/基础库-密码公钥核验/库/标准库/数据结构/字节缓冲。豫 | PID 29209 | 退出 0 | 运行 14/24 | 已完成 70
[完成] 语法解析：/Users/zhiboc/repos/yuyan-worktrees/基础库-密码公钥核验/库/标准库/数据结构/整数操作。豫 | PID 29209 | 退出 0 | 运行 13/24 | 已完成 71
[启动] parse：/Users/zhiboc/repos/yuyan-worktrees/基础库-密码公钥核验/库/标准库/网络/传输控制协议。豫 | 运行 14/24
[完成] 类型检查：/Users/zhiboc/repos/yuyan-worktrees/基础库-密码公钥核验/库/标准库/控制/惰性求值。豫 | PID 29209 | 退出 0 | 运行 13/24 | 已完成 72
[完成] 语法解析：/Users/zhiboc/repos/yuyan-worktrees/基础库-密码公钥核验/库/标准库/操作系统/环境变量。豫 | PID 29209 | 退出 0 | 运行 12/24 | 已完成 73
[完成] 语法解析：/Users/zhiboc/repos/yuyan-worktrees/基础库-密码公钥核验/库/标准库/操作系统/系统名称。豫 | PID 29209 | 退出 0 | 运行 11/24 | 已完成 74
[完成] 类型检查：/Users/zhiboc/repos/yuyan-worktrees/基础库-密码公钥核验/库/标准库/数据结构/爻术。豫 | PID 29209 | 退出 0 | 运行 10/24 | 已完成 75
[完成] 类型检查：/Users/zhiboc/repos/yuyan-worktrees/基础库-密码公钥核验/库/标准库/语言核心/原语。内建。豫 | PID 29209 | 退出 0 | 运行 9/24 | 已完成 76
[启动] type-check-and-erase：/Users/zhiboc/repos/yuyan-worktrees/基础库-密码公钥核验/库/标准库/语言核心/不安全。豫 | 运行 10/24
[启动] type-check-and-erase：/Users/zhiboc/repos/yuyan-worktrees/基础库-密码公钥核验/库/标准库/数据结构/字节串。豫 | 运行 11/24
[启动] type-check-and-erase：/Users/zhiboc/repos/yuyan-worktrees/基础库-密码公钥核验/库/标准库/数据结构/小数术。豫 | 运行 12/24
[启动] type-check-and-erase：/Users/zhiboc/repos/yuyan-worktrees/基础库-密码公钥核验/库/标准库/数据结构/整数操作。豫 | 运行 13/24
[启动] type-check-and-erase：/Users/zhiboc/repos/yuyan-worktrees/基础库-密码公钥核验/库/标准库/语言核心/异步原语。豫 | 运行 14/24
[完成] 语法解析：/Users/zhiboc/repos/yuyan-worktrees/基础库-密码公钥核验/库/标准库/数学运算/转换。豫 | PID 29209 | 退出 0 | 运行 13/24 | 已完成 77
[启动] type-check-and-erase：/Users/zhiboc/repos/yuyan-worktrees/基础库-密码公钥核验/库/标准库/数学运算/转换。豫 | 运行 14/24
[完成] 语法解析：/Users/zhiboc/repos/yuyan-worktrees/基础库-密码公钥核验/库/标准库/输入输出/笔。豫 | PID 29209 | 退出 0 | 运行 13/24 | 已完成 78
[启动] parse：/Users/zhiboc/repos/yuyan-worktrees/基础库-密码公钥核验/库/标准库/输入输出。豫 | 运行 14/24
[完成] 语法解析：/Users/zhiboc/repos/yuyan-worktrees/基础库-密码公钥核验/库/标准库/数学运算/随机。豫 | PID 29209 | 退出 0 | 运行 13/24 | 已完成 79
[完成] 语法解析：/Users/zhiboc/repos/yuyan-worktrees/基础库-密码公钥核验/库/标准库/数据结构/小数操作。豫 | PID 29209 | 退出 0 | 运行 12/24 | 已完成 80
[启动] parse：/Users/zhiboc/repos/yuyan-worktrees/基础库-密码公钥核验/库/标准库/操作系统/时间。豫 | 运行 13/24
[完成] 语法解析：/Users/zhiboc/repos/yuyan-worktrees/基础库-密码公钥核验/库/标准库/语言核心/异常。豫 | PID 29209 | 退出 0 | 运行 12/24 | 已完成 81
[启动] parse：/Users/zhiboc/repos/yuyan-worktrees/基础库-密码公钥核验/库/标准库/数据结构/可选值。豫 | 运行 13/24
[完成] 类型检查：/Users/zhiboc/repos/yuyan-worktrees/基础库-密码公钥核验/库/标准库/语言核心/不安全。豫 | PID 29209 | 退出 0 | 运行 12/24 | 已完成 82
[完成] 类型检查：/Users/zhiboc/repos/yuyan-worktrees/基础库-密码公钥核验/库/标准库/数学运算/大小。豫 | PID 29209 | 退出 0 | 运行 11/24 | 已完成 83
[完成] 语法解析：/Users/zhiboc/repos/yuyan-worktrees/基础库-密码公钥核验/库/标准库/语言核心/引用。豫 | PID 29209 | 退出 0 | 运行 10/24 | 已完成 84
[启动] parse：/Users/zhiboc/repos/yuyan-worktrees/基础库-密码公钥核验/库/标准库/语言核心。豫 | 运行 11/24
[启动] type-check-and-erase：/Users/zhiboc/repos/yuyan-worktrees/基础库-密码公钥核验/库/标准库/语言核心/引用。豫 | 运行 12/24
[完成] 语法解析：/Users/zhiboc/repos/yuyan-worktrees/基础库-密码公钥核验/库/标准库/网络/传输控制协议。豫 | PID 29209 | 退出 0 | 运行 11/24 | 已完成 85
[完成] 类型检查：/Users/zhiboc/repos/yuyan-worktrees/基础库-密码公钥核验/库/标准库/数学运算/转换。豫 | PID 29209 | 退出 0 | 运行 10/24 | 已完成 86
[完成] 语法解析：/Users/zhiboc/repos/yuyan-worktrees/基础库-密码公钥核验/库/标准库/语言核心。豫 | PID 29209 | 退出 0 | 运行 9/24 | 已完成 87
[完成] 语法解析：/Users/zhiboc/repos/yuyan-worktrees/基础库-密码公钥核验/库/标准库/操作系统/时间。豫 | PID 29209 | 退出 0 | 运行 8/24 | 已完成 88
[完成] 语法解析：/Users/zhiboc/repos/yuyan-worktrees/基础库-密码公钥核验/库/标准库/数据结构/可选值。豫 | PID 29209 | 退出 0 | 运行 7/24 | 已完成 89
[启动] parse：/Users/zhiboc/repos/yuyan-worktrees/基础库-密码公钥核验/库/标准库/数据结构/多态列。豫 | 运行 8/24
[完成] 语法解析：/Users/zhiboc/repos/yuyan-worktrees/基础库-密码公钥核验/库/标准库/数据结构/多态列。豫 | PID 29209 | 退出 0 | 运行 7/24 | 已完成 90
[启动] parse：/Users/zhiboc/repos/yuyan-worktrees/基础库-密码公钥核验/库/标准库/宿主带列。接口。豫 | 运行 8/24
[启动] parse：/Users/zhiboc/repos/yuyan-worktrees/基础库-密码公钥核验/库/标准库/数学运算/数组转换。豫 | 运行 9/24
[启动] parse：/Users/zhiboc/repos/yuyan-worktrees/基础库-密码公钥核验/库/标准库/数学运算/具体列。豫 | 运行 10/24
[启动] parse：/Users/zhiboc/repos/yuyan-worktrees/基础库-密码公钥核验/库/标准库/数据结构/多态列工具。豫 | 运行 11/24
[完成] 类型检查：/Users/zhiboc/repos/yuyan-worktrees/基础库-密码公钥核验/库/标准库/语言核心/异步原语。豫 | PID 29209 | 退出 0 | 运行 10/24 | 已完成 91
[完成] 语法解析：/Users/zhiboc/repos/yuyan-worktrees/基础库-密码公钥核验/库/标准库/操作系统/进程。豫 | PID 29209 | 退出 0 | 运行 9/24 | 已完成 92
[完成] 类型检查：/Users/zhiboc/repos/yuyan-worktrees/基础库-密码公钥核验/库/标准库/数据结构/字节串。豫 | PID 29209 | 退出 0 | 运行 8/24 | 已完成 93
[启动] type-check-and-erase：/Users/zhiboc/repos/yuyan-worktrees/基础库-密码公钥核验/库/标准库/宿主。接口。豫 | 运行 9/24
[启动] type-check-and-erase：/Users/zhiboc/repos/yuyan-worktrees/基础库-密码公钥核验/库/标准库/数据结构/字节缓冲。豫 | 运行 10/24
[完成] 语法解析：/Users/zhiboc/repos/yuyan-worktrees/基础库-密码公钥核验/库/标准库/输入输出。豫 | PID 29209 | 退出 0 | 运行 9/24 | 已完成 94
[完成] 语法解析：/Users/zhiboc/repos/yuyan-worktrees/基础库-密码公钥核验/库/标准库/数学运算/数组转换。豫 | PID 29209 | 退出 0 | 运行 8/24 | 已完成 95
[启动] parse：/Users/zhiboc/repos/yuyan-worktrees/基础库-密码公钥核验/库/标准库/数据结构/字符流术。豫 | 运行 9/24
[完成] 类型检查：/Users/zhiboc/repos/yuyan-worktrees/基础库-密码公钥核验/库/标准库/语言核心/引用。豫 | PID 29209 | 退出 0 | 运行 8/24 | 已完成 96
[完成] 类型检查：/Users/zhiboc/repos/yuyan-worktrees/基础库-密码公钥核验/库/标准库/宿主。接口。豫 | PID 29209 | 退出 0 | 运行 7/24 | 已完成 97
[启动] type-check-and-erase：/Users/zhiboc/repos/yuyan-worktrees/基础库-密码公钥核验/库/标准库/操作系统/系统名称。豫 | 运行 8/24
[启动] type-check-and-erase：/Users/zhiboc/repos/yuyan-worktrees/基础库-密码公钥核验/库/标准库/操作系统/进程。豫 | 运行 9/24
[启动] type-check-and-erase：/Users/zhiboc/repos/yuyan-worktrees/基础库-密码公钥核验/库/标准库/语言核心/异常。豫 | 运行 10/24
[启动] type-check-and-erase：/Users/zhiboc/repos/yuyan-worktrees/基础库-密码公钥核验/库/标准库/操作系统/环境变量。豫 | 运行 11/24
[启动] type-check-and-erase：/Users/zhiboc/repos/yuyan-worktrees/基础库-密码公钥核验/库/标准库/数据结构/小数操作。豫 | 运行 12/24
[启动] type-check-and-erase：/Users/zhiboc/repos/yuyan-worktrees/基础库-密码公钥核验/库/标准库/数学运算/随机。豫 | 运行 13/24
[启动] type-check-and-erase：/Users/zhiboc/repos/yuyan-worktrees/基础库-密码公钥核验/库/标准库/输入输出/笔。豫 | 运行 14/24
[完成] 语法解析：/Users/zhiboc/repos/yuyan-worktrees/基础库-密码公钥核验/库/标准库/数据结构/字符流术。豫 | PID 29209 | 退出 0 | 运行 13/24 | 已完成 98
[完成] 类型检查：/Users/zhiboc/repos/yuyan-worktrees/基础库-密码公钥核验/库/标准库/数据结构/字节缓冲。豫 | PID 29209 | 退出 0 | 运行 12/24 | 已完成 99
[完成] 类型检查：/Users/zhiboc/repos/yuyan-worktrees/基础库-密码公钥核验/库/标准库/操作系统/系统名称。豫 | PID 29209 | 退出 0 | 运行 11/24 | 已完成 100
[完成] 类型检查：/Users/zhiboc/repos/yuyan-worktrees/基础库-密码公钥核验/库/标准库/输入输出/笔。豫 | PID 29209 | 退出 0 | 运行 10/24 | 已完成 101
[启动] type-check-and-erase：/Users/zhiboc/repos/yuyan-worktrees/基础库-密码公钥核验/库/标准库/输入输出。豫 | 运行 11/24
[完成] 类型检查：/Users/zhiboc/repos/yuyan-worktrees/基础库-密码公钥核验/库/标准库/数据结构/整数操作。豫 | PID 29209 | 退出 0 | 运行 10/24 | 已完成 102
[启动] type-check-and-erase：/Users/zhiboc/repos/yuyan-worktrees/基础库-密码公钥核验/库/标准库/网络/传输控制协议。豫 | 运行 11/24
[完成] 语法解析：/Users/zhiboc/repos/yuyan-worktrees/基础库-密码公钥核验/库/标准库/宿主带列。接口。豫 | PID 29209 | 退出 0 | 运行 10/24 | 已完成 103
[启动] parse：/Users/zhiboc/repos/yuyan-worktrees/基础库-密码公钥核验/库/标准库/操作系统/文件系统。豫 | 运行 11/24
[启动] parse：/Users/zhiboc/repos/yuyan-worktrees/基础库-密码公钥核验/库/标准库/控制/异步。豫 | 运行 12/24
[启动] parse：/Users/zhiboc/repos/yuyan-worktrees/基础库-密码公钥核验/库/标准库/操作系统/命令行参数。豫 | 运行 13/24
[完成] 语法解析：/Users/zhiboc/repos/yuyan-worktrees/基础库-密码公钥核验/库/标准库/数学运算/具体列。豫 | PID 29209 | 退出 0 | 运行 12/24 | 已完成 104
[启动] parse：/Users/zhiboc/repos/yuyan-worktrees/基础库-密码公钥核验/库/标准库/数学运算。豫 | 运行 13/24
[完成] 类型检查：/Users/zhiboc/repos/yuyan-worktrees/基础库-密码公钥核验/库/标准库/网络/传输控制协议。豫 | PID 29209 | 退出 0 | 运行 12/24 | 已完成 105
[完成] 语法解析：/Users/zhiboc/repos/yuyan-worktrees/基础库-密码公钥核验/库/标准库/数据结构/多态列工具。豫 | PID 29209 | 退出 0 | 运行 11/24 | 已完成 106
[启动] parse：/Users/zhiboc/repos/yuyan-worktrees/基础库-密码公钥核验/库/标准库/数据结构/字符串术。豫 | 运行 12/24
[完成] 语法解析：/Users/zhiboc/repos/yuyan-worktrees/基础库-密码公钥核验/库/标准库/操作系统/命令行参数。豫 | PID 29209 | 退出 0 | 运行 11/24 | 已完成 107
[完成] 类型检查：/Users/zhiboc/repos/yuyan-worktrees/基础库-密码公钥核验/库/标准库/数据结构/小数术。豫 | PID 29209 | 退出 0 | 运行 10/24 | 已完成 108
[完成] 语法解析：/Users/zhiboc/repos/yuyan-worktrees/基础库-密码公钥核验/库/标准库/数据结构/字符串术。豫 | PID 29209 | 退出 0 | 运行 9/24 | 已完成 109
[启动] parse：/Users/zhiboc/repos/yuyan-worktrees/基础库-密码公钥核验/库/标准库/操作系统/子进程。豫 | 运行 10/24
[启动] parse：/Users/zhiboc/repos/yuyan-worktrees/基础库-密码公钥核验/库/标准库/数据结构/特殊字符。豫 | 运行 11/24
[启动] parse：/Users/zhiboc/repos/yuyan-worktrees/基础库-密码公钥核验/库/标准库/数据结构/对子术。豫 | 运行 12/24
[完成] 类型检查：/Users/zhiboc/repos/yuyan-worktrees/基础库-密码公钥核验/库/标准库/语言核心/异常。豫 | PID 29209 | 退出 0 | 运行 11/24 | 已完成 110
[启动] type-check-and-erase：/Users/zhiboc/repos/yuyan-worktrees/基础库-密码公钥核验/库/标准库/语言核心。豫 | 运行 12/24
[启动] type-check-and-erase：/Users/zhiboc/repos/yuyan-worktrees/基础库-密码公钥核验/库/标准库/数据结构/可选值。豫 | 运行 13/24
[完成] 类型检查：/Users/zhiboc/repos/yuyan-worktrees/基础库-密码公钥核验/库/标准库/操作系统/进程。豫 | PID 29209 | 退出 0 | 运行 12/24 | 已完成 111
[完成] 类型检查：/Users/zhiboc/repos/yuyan-worktrees/基础库-密码公钥核验/库/标准库/操作系统/环境变量。豫 | PID 29209 | 退出 0 | 运行 11/24 | 已完成 112
[完成] 语法解析：/Users/zhiboc/repos/yuyan-worktrees/基础库-密码公钥核验/库/标准库/控制/异步。豫 | PID 29209 | 退出 0 | 运行 10/24 | 已完成 113
[启动] parse：/Users/zhiboc/repos/yuyan-worktrees/基础库-密码公钥核验/库/标准库/控制。豫 | 运行 11/24
[启动] parse：/Users/zhiboc/repos/yuyan-worktrees/基础库-密码公钥核验/库/标准库/网络/异步传输控制协议。豫 | 运行 12/24
[完成] 语法解析：/Users/zhiboc/repos/yuyan-worktrees/基础库-密码公钥核验/库/标准库/数据结构/对子术。豫 | PID 29209 | 退出 0 | 运行 11/24 | 已完成 114
[启动] parse：/Users/zhiboc/repos/yuyan-worktrees/基础库-密码公钥核验/库/标准库/数据结构/列表搜索。豫 | 运行 12/24
[完成] 类型检查：/Users/zhiboc/repos/yuyan-worktrees/基础库-密码公钥核验/库/标准库/数据结构/小数操作。豫 | PID 29209 | 退出 0 | 运行 11/24 | 已完成 115
[启动] type-check-and-erase：/Users/zhiboc/repos/yuyan-worktrees/基础库-密码公钥核验/库/标准库/操作系统/时间。豫 | 运行 12/24
[完成] 语法解析：/Users/zhiboc/repos/yuyan-worktrees/基础库-密码公钥核验/库/标准库/操作系统/子进程。豫 | PID 29209 | 退出 0 | 运行 11/24 | 已完成 116
[完成] 类型检查：/Users/zhiboc/repos/yuyan-worktrees/基础库-密码公钥核验/库/标准库/数学运算/随机。豫 | PID 29209 | 退出 0 | 运行 10/24 | 已完成 117
[完成] 语法解析：/Users/zhiboc/repos/yuyan-worktrees/基础库-密码公钥核验/库/标准库/数学运算。豫 | PID 29209 | 退出 0 | 运行 9/24 | 已完成 118
[完成] 语法解析：/Users/zhiboc/repos/yuyan-worktrees/基础库-密码公钥核验/库/标准库/操作系统/文件系统。豫 | PID 29209 | 退出 0 | 运行 8/24 | 已完成 119
[完成] 类型检查：/Users/zhiboc/repos/yuyan-worktrees/基础库-密码公钥核验/库/标准库/操作系统/时间。豫 | PID 29209 | 退出 0 | 运行 7/24 | 已完成 120
[完成] 类型检查：/Users/zhiboc/repos/yuyan-worktrees/基础库-密码公钥核验/库/标准库/输入输出。豫 | PID 29209 | 退出 0 | 运行 6/24 | 已完成 121
[完成] 语法解析：/Users/zhiboc/repos/yuyan-worktrees/基础库-密码公钥核验/库/标准库/数据结构/特殊字符。豫 | PID 29209 | 退出 0 | 运行 5/24 | 已完成 122
[启动] parse：/Users/zhiboc/repos/yuyan-worktrees/基础库-密码公钥核验/库/标准库/网络/超文本传输协议。豫 | 运行 6/24
[完成] 语法解析：/Users/zhiboc/repos/yuyan-worktrees/基础库-密码公钥核验/库/标准库/控制。豫 | PID 29209 | 退出 0 | 运行 5/24 | 已完成 123
[完成] 类型检查：/Users/zhiboc/repos/yuyan-worktrees/基础库-密码公钥核验/库/标准库/语言核心。豫 | PID 29209 | 退出 0 | 运行 4/24 | 已完成 124
[完成] 语法解析：/Users/zhiboc/repos/yuyan-worktrees/基础库-密码公钥核验/库/标准库/数据结构/列表搜索。豫 | PID 29209 | 退出 0 | 运行 3/24 | 已完成 125
[启动] parse：/Users/zhiboc/repos/yuyan-worktrees/基础库-密码公钥核验/库/标准库/数据结构/字典术。豫 | 运行 4/24
[完成] 语法解析：/Users/zhiboc/repos/yuyan-worktrees/基础库-密码公钥核验/库/标准库/网络/超文本传输协议。豫 | PID 29209 | 退出 0 | 运行 3/24 | 已完成 126
[完成] 语法解析：/Users/zhiboc/repos/yuyan-worktrees/基础库-密码公钥核验/库/标准库/网络/异步传输控制协议。豫 | PID 29209 | 退出 0 | 运行 2/24 | 已完成 127
[启动] parse：/Users/zhiboc/repos/yuyan-worktrees/基础库-密码公钥核验/库/标准库/网络。豫 | 运行 3/24
[完成] 语法解析：/Users/zhiboc/repos/yuyan-worktrees/基础库-密码公钥核验/库/标准库/数据结构/字典术。豫 | PID 29209 | 退出 0 | 运行 2/24 | 已完成 128
[启动] parse：/Users/zhiboc/repos/yuyan-worktrees/基础库-密码公钥核验/库/标准库/豫言标准内核。豫 | 运行 3/24
[启动] parse：/Users/zhiboc/repos/yuyan-worktrees/基础库-密码公钥核验/库/标准库/数据结构。豫 | 运行 4/24
[完成] 语法解析：/Users/zhiboc/repos/yuyan-worktrees/基础库-密码公钥核验/库/标准库/网络。豫 | PID 29209 | 退出 0 | 运行 3/24 | 已完成 129
[完成] 语法解析：/Users/zhiboc/repos/yuyan-worktrees/基础库-密码公钥核验/库/标准库/数据结构。豫 | PID 29209 | 退出 0 | 运行 2/24 | 已完成 130
[完成] 语法解析：/Users/zhiboc/repos/yuyan-worktrees/基础库-密码公钥核验/库/标准库/豫言标准内核。豫 | PID 29209 | 退出 0 | 运行 1/24 | 已完成 131
[启动] parse：/Users/zhiboc/repos/yuyan-worktrees/基础库-密码公钥核验/库/标准库/操作系统/路径。豫 | 运行 2/24
[完成] 语法解析：/Users/zhiboc/repos/yuyan-worktrees/基础库-密码公钥核验/库/标准库/操作系统/路径。豫 | PID 29209 | 退出 0 | 运行 1/24 | 已完成 132
[启动] parse：/Users/zhiboc/repos/yuyan-worktrees/基础库-密码公钥核验/库/标准库/操作系统。豫 | 运行 2/24
[完成] 类型检查：/Users/zhiboc/repos/yuyan-worktrees/基础库-密码公钥核验/库/标准库/数据结构/可选值。豫 | PID 29209 | 退出 0 | 运行 1/24 | 已完成 133
[启动] type-check-and-erase：/Users/zhiboc/repos/yuyan-worktrees/基础库-密码公钥核验/库/标准库/数据结构/多态列。豫 | 运行 2/24
[完成] 语法解析：/Users/zhiboc/repos/yuyan-worktrees/基础库-密码公钥核验/库/标准库/操作系统。豫 | PID 29209 | 退出 0 | 运行 1/24 | 已完成 134
[启动] parse：/Users/zhiboc/repos/yuyan-worktrees/基础库-密码公钥核验/库/标准库/总集。豫 | 运行 2/24
[完成] 类型检查：/Users/zhiboc/repos/yuyan-worktrees/基础库-密码公钥核验/库/标准库/数据结构/多态列。豫 | PID 29209 | 退出 0 | 运行 1/24 | 已完成 135
[启动] type-check-and-erase：/Users/zhiboc/repos/yuyan-worktrees/基础库-密码公钥核验/库/标准库/宿主带列。接口。豫 | 运行 2/24
[启动] type-check-and-erase：/Users/zhiboc/repos/yuyan-worktrees/基础库-密码公钥核验/库/标准库/数学运算/数组转换。豫 | 运行 3/24
[启动] type-check-and-erase：/Users/zhiboc/repos/yuyan-worktrees/基础库-密码公钥核验/库/标准库/数学运算/具体列。豫 | 运行 4/24
[启动] type-check-and-erase：/Users/zhiboc/repos/yuyan-worktrees/基础库-密码公钥核验/库/标准库/数据结构/多态列工具。豫 | 运行 5/24
[完成] 类型检查：/Users/zhiboc/repos/yuyan-worktrees/基础库-密码公钥核验/库/标准库/宿主带列。接口。豫 | PID 29209 | 退出 0 | 运行 4/24 | 已完成 136
[启动] type-check-and-erase：/Users/zhiboc/repos/yuyan-worktrees/基础库-密码公钥核验/库/标准库/操作系统/文件系统。豫 | 运行 5/24
[启动] type-check-and-erase：/Users/zhiboc/repos/yuyan-worktrees/基础库-密码公钥核验/库/标准库/控制/异步。豫 | 运行 6/24
[启动] type-check-and-erase：/Users/zhiboc/repos/yuyan-worktrees/基础库-密码公钥核验/库/标准库/操作系统/命令行参数。豫 | 运行 7/24
[完成] 类型检查：/Users/zhiboc/repos/yuyan-worktrees/基础库-密码公钥核验/库/标准库/数学运算/数组转换。豫 | PID 29209 | 退出 0 | 运行 6/24 | 已完成 137
[启动] type-check-and-erase：/Users/zhiboc/repos/yuyan-worktrees/基础库-密码公钥核验/库/标准库/数据结构/字符流术。豫 | 运行 7/24
[完成] 类型检查：/Users/zhiboc/repos/yuyan-worktrees/基础库-密码公钥核验/库/标准库/数学运算/具体列。豫 | PID 29209 | 退出 0 | 运行 6/24 | 已完成 138
[启动] type-check-and-erase：/Users/zhiboc/repos/yuyan-worktrees/基础库-密码公钥核验/库/标准库/数学运算。豫 | 运行 7/24
[完成] 类型检查：/Users/zhiboc/repos/yuyan-worktrees/基础库-密码公钥核验/库/标准库/操作系统/文件系统。豫 | PID 29209 | 退出 0 | 运行 6/24 | 已完成 139
[完成] 类型检查：/Users/zhiboc/repos/yuyan-worktrees/基础库-密码公钥核验/库/标准库/操作系统/命令行参数。豫 | PID 29209 | 退出 0 | 运行 5/24 | 已完成 140
[完成] 语法解析：/Users/zhiboc/repos/yuyan-worktrees/基础库-密码公钥核验/库/标准库/总集。豫 | PID 29209 | 退出 0 | 运行 4/24 | 已完成 141
[启动] parse：/Users/zhiboc/repos/yuyan-worktrees/基础库-密码公钥核验/库/基础库/密码与安全/密码/海绵散列。豫 | 运行 5/24
[完成] 类型检查：/Users/zhiboc/repos/yuyan-worktrees/基础库-密码公钥核验/库/标准库/数学运算。豫 | PID 29209 | 退出 0 | 运行 4/24 | 已完成 142
[完成] 类型检查：/Users/zhiboc/repos/yuyan-worktrees/基础库-密码公钥核验/库/标准库/数据结构/多态列工具。豫 | PID 29209 | 退出 0 | 运行 3/24 | 已完成 143
[启动] type-check-and-erase：/Users/zhiboc/repos/yuyan-worktrees/基础库-密码公钥核验/库/标准库/数据结构/字符串术。豫 | 运行 4/24
[完成] 语法解析：/Users/zhiboc/repos/yuyan-worktrees/基础库-密码公钥核验/库/基础库/密码与安全/密码/海绵散列。豫 | PID 29209 | 退出 0 | 运行 3/24 | 已完成 144
[完成] 类型检查：/Users/zhiboc/repos/yuyan-worktrees/基础库-密码公钥核验/库/标准库/数据结构/字符流术。豫 | PID 29209 | 退出 0 | 运行 2/24 | 已完成 145
[完成] 类型检查：/Users/zhiboc/repos/yuyan-worktrees/基础库-密码公钥核验/库/标准库/控制/异步。豫 | PID 29209 | 退出 0 | 运行 1/24 | 已完成 146
[启动] type-check-and-erase：/Users/zhiboc/repos/yuyan-worktrees/基础库-密码公钥核验/库/标准库/控制。豫 | 运行 2/24
[启动] type-check-and-erase：/Users/zhiboc/repos/yuyan-worktrees/基础库-密码公钥核验/库/标准库/网络/异步传输控制协议。豫 | 运行 3/24
[完成] 类型检查：/Users/zhiboc/repos/yuyan-worktrees/基础库-密码公钥核验/库/标准库/数据结构/字符串术。豫 | PID 29209 | 退出 0 | 运行 2/24 | 已完成 147
[启动] type-check-and-erase：/Users/zhiboc/repos/yuyan-worktrees/基础库-密码公钥核验/库/标准库/操作系统/子进程。豫 | 运行 3/24
[启动] type-check-and-erase：/Users/zhiboc/repos/yuyan-worktrees/基础库-密码公钥核验/库/标准库/数据结构/特殊字符。豫 | 运行 4/24
[启动] type-check-and-erase：/Users/zhiboc/repos/yuyan-worktrees/基础库-密码公钥核验/库/标准库/数据结构/对子术。豫 | 运行 5/24
[完成] 类型检查：/Users/zhiboc/repos/yuyan-worktrees/基础库-密码公钥核验/库/标准库/数据结构/特殊字符。豫 | PID 29209 | 退出 0 | 运行 4/24 | 已完成 148
[启动] type-check-and-erase：/Users/zhiboc/repos/yuyan-worktrees/基础库-密码公钥核验/库/标准库/网络/超文本传输协议。豫 | 运行 5/24
[完成] 类型检查：/Users/zhiboc/repos/yuyan-worktrees/基础库-密码公钥核验/库/标准库/操作系统/子进程。豫 | PID 29209 | 退出 0 | 运行 4/24 | 已完成 149
[完成] 类型检查：/Users/zhiboc/repos/yuyan-worktrees/基础库-密码公钥核验/库/标准库/网络/异步传输控制协议。豫 | PID 29209 | 退出 0 | 运行 3/24 | 已完成 150
[完成] 类型检查：/Users/zhiboc/repos/yuyan-worktrees/基础库-密码公钥核验/库/标准库/网络/超文本传输协议。豫 | PID 29209 | 退出 0 | 运行 2/24 | 已完成 151
[启动] type-check-and-erase：/Users/zhiboc/repos/yuyan-worktrees/基础库-密码公钥核验/库/标准库/网络。豫 | 运行 3/24
[完成] 类型检查：/Users/zhiboc/repos/yuyan-worktrees/基础库-密码公钥核验/库/标准库/数据结构/对子术。豫 | PID 29209 | 退出 0 | 运行 2/24 | 已完成 152
[启动] type-check-and-erase：/Users/zhiboc/repos/yuyan-worktrees/基础库-密码公钥核验/库/标准库/数据结构/列表搜索。豫 | 运行 3/24
[完成] 类型检查：/Users/zhiboc/repos/yuyan-worktrees/基础库-密码公钥核验/库/标准库/控制。豫 | PID 29209 | 退出 0 | 运行 2/24 | 已完成 153
[完成] 类型检查：/Users/zhiboc/repos/yuyan-worktrees/基础库-密码公钥核验/库/标准库/网络。豫 | PID 29209 | 退出 0 | 运行 1/24 | 已完成 154
[完成] 类型检查：/Users/zhiboc/repos/yuyan-worktrees/基础库-密码公钥核验/库/标准库/数据结构/列表搜索。豫 | PID 29209 | 退出 0 | 运行 0/24 | 已完成 155
[启动] type-check-and-erase：/Users/zhiboc/repos/yuyan-worktrees/基础库-密码公钥核验/库/标准库/数据结构/字典术。豫 | 运行 1/24
[完成] 类型检查：/Users/zhiboc/repos/yuyan-worktrees/基础库-密码公钥核验/库/标准库/数据结构/字典术。豫 | PID 29209 | 退出 0 | 运行 0/24 | 已完成 156
[启动] type-check-and-erase：/Users/zhiboc/repos/yuyan-worktrees/基础库-密码公钥核验/库/标准库/豫言标准内核。豫 | 运行 1/24
[启动] type-check-and-erase：/Users/zhiboc/repos/yuyan-worktrees/基础库-密码公钥核验/库/标准库/数据结构。豫 | 运行 2/24
[完成] 类型检查：/Users/zhiboc/repos/yuyan-worktrees/基础库-密码公钥核验/库/标准库/豫言标准内核。豫 | PID 29209 | 退出 0 | 运行 1/24 | 已完成 157
[启动] type-check-and-erase：/Users/zhiboc/repos/yuyan-worktrees/基础库-密码公钥核验/库/标准库/操作系统/路径。豫 | 运行 2/24
[完成] 类型检查：/Users/zhiboc/repos/yuyan-worktrees/基础库-密码公钥核验/库/标准库/操作系统/路径。豫 | PID 29209 | 退出 0 | 运行 1/24 | 已完成 158
[启动] type-check-and-erase：/Users/zhiboc/repos/yuyan-worktrees/基础库-密码公钥核验/库/标准库/操作系统。豫 | 运行 2/24
[完成] 类型检查：/Users/zhiboc/repos/yuyan-worktrees/基础库-密码公钥核验/库/标准库/操作系统。豫 | PID 29209 | 退出 0 | 运行 1/24 | 已完成 159
[完成] 类型检查：/Users/zhiboc/repos/yuyan-worktrees/基础库-密码公钥核验/库/标准库/数据结构。豫 | PID 29209 | 退出 0 | 运行 0/24 | 已完成 160
[启动] type-check-and-erase：/Users/zhiboc/repos/yuyan-worktrees/基础库-密码公钥核验/库/标准库/总集。豫 | 运行 1/24
[完成] 类型检查：/Users/zhiboc/repos/yuyan-worktrees/基础库-密码公钥核验/库/标准库/总集。豫 | PID 29209 | 退出 0 | 运行 0/24 | 已完成 161
[启动] type-check-and-erase：/Users/zhiboc/repos/yuyan-worktrees/基础库-密码公钥核验/库/基础库/密码与安全/密码/海绵散列。豫 | 运行 1/24
[完成] 类型检查：/Users/zhiboc/repos/yuyan-worktrees/基础库-密码公钥核验/库/基础库/密码与安全/密码/海绵散列。豫 | PID 29209 | 退出 0 | 运行 0/24 | 已完成 162
[启动] exec-gen：/Users/zhiboc/repos/yuyan-worktrees/基础库-密码公钥核验/库/基础库/密码与安全/密码/海绵散列。豫 | 运行 1/24
[完成] 最终链接：/Users/zhiboc/repos/yuyan-worktrees/基础库-密码公钥核验/库/基础库/密码与安全/密码/海绵散列。豫 | PID 29209 | 退出 0 | 运行 0/24 | 已完成 163
[2026-10-08 01:02:58] 当前路径：/Users/zhiboc/repos/yuyan-worktrees/基础库-密码公钥核验/yyRSA验证链

[2026-10-08 01:02:59] 当前路径：/Users/zhiboc/repos/yuyan-worktrees/基础库-密码公钥核验/yyRSA验证链
[启动] dependency-analysis：/Users/zhiboc/repos/yuyan-worktrees/基础库-密码公钥核验/库/基础库/密码与安全/密码/爱德曲线。豫 | 运行 1/24
[完成] 依赖分析：/Users/zhiboc/repos/yuyan-worktrees/基础库-密码公钥核验/库/基础库/密码与安全/密码/爱德曲线。豫 | PID 29218 | 退出 0 | 运行 0/24 | 已完成 1
[启动] dependency-analysis：/Users/zhiboc/repos/yuyan-worktrees/基础库-密码公钥核验/库/标准库/总集。豫 | 运行 1/24
[启动] dependency-analysis：/Users/zhiboc/repos/yuyan-worktrees/基础库-密码公钥核验/库/标准库/数据结构/整数操作。豫 | 运行 2/24
[启动] dependency-analysis：/Users/zhiboc/repos/yuyan-worktrees/基础库-密码公钥核验/库/基础库/密码与安全/密码/曲线。豫 | 运行 3/24
[启动] dependency-analysis：/Users/zhiboc/repos/yuyan-worktrees/基础库-密码公钥核验/库/基础库/密码与安全/密码/宽字散列。豫 | 运行 4/24
[完成] 依赖分析：/Users/zhiboc/repos/yuyan-worktrees/基础库-密码公钥核验/库/标准库/总集。豫 | PID 29218 | 退出 0 | 运行 3/24 | 已完成 2
[启动] dependency-analysis：/Users/zhiboc/repos/yuyan-worktrees/基础库-密码公钥核验/库/标准库/操作系统。豫 | 运行 4/24
[启动] dependency-analysis：/Users/zhiboc/repos/yuyan-worktrees/基础库-密码公钥核验/库/标准库/控制。豫 | 运行 5/24
[启动] dependency-analysis：/Users/zhiboc/repos/yuyan-worktrees/基础库-密码公钥核验/库/标准库/数学运算。豫 | 运行 6/24
[启动] dependency-analysis：/Users/zhiboc/repos/yuyan-worktrees/基础库-密码公钥核验/库/标准库/数据结构。豫 | 运行 7/24
[启动] dependency-analysis：/Users/zhiboc/repos/yuyan-worktrees/基础库-密码公钥核验/库/标准库/输入输出。豫 | 运行 8/24
[启动] dependency-analysis：/Users/zhiboc/repos/yuyan-worktrees/基础库-密码公钥核验/库/标准库/语言核心。豫 | 运行 9/24
[启动] dependency-analysis：/Users/zhiboc/repos/yuyan-worktrees/基础库-密码公钥核验/库/标准库/网络。豫 | 运行 10/24
[启动] dependency-analysis：/Users/zhiboc/repos/yuyan-worktrees/基础库-密码公钥核验/库/标准库/豫言标准内核。豫 | 运行 11/24
[完成] 依赖分析：/Users/zhiboc/repos/yuyan-worktrees/基础库-密码公钥核验/库/标准库/操作系统。豫 | PID 29218 | 退出 0 | 运行 10/24 | 已完成 3
[启动] dependency-analysis：/Users/zhiboc/repos/yuyan-worktrees/基础库-密码公钥核验/库/标准库/操作系统/子进程。豫 | 运行 11/24
[启动] dependency-analysis：/Users/zhiboc/repos/yuyan-worktrees/基础库-密码公钥核验/库/标准库/操作系统/命令行参数。豫 | 运行 12/24
[启动] dependency-analysis：/Users/zhiboc/repos/yuyan-worktrees/基础库-密码公钥核验/库/标准库/操作系统/文件系统。豫 | 运行 13/24
[启动] dependency-analysis：/Users/zhiboc/repos/yuyan-worktrees/基础库-密码公钥核验/库/标准库/操作系统/进程。豫 | 运行 14/24
[启动] dependency-analysis：/Users/zhiboc/repos/yuyan-worktrees/基础库-密码公钥核验/库/标准库/操作系统/时间。豫 | 运行 15/24
[启动] dependency-analysis：/Users/zhiboc/repos/yuyan-worktrees/基础库-密码公钥核验/库/标准库/操作系统/路径。豫 | 运行 16/24
[启动] dependency-analysis：/Users/zhiboc/repos/yuyan-worktrees/基础库-密码公钥核验/库/标准库/操作系统/系统名称。豫 | 运行 17/24
[启动] dependency-analysis：/Users/zhiboc/repos/yuyan-worktrees/基础库-密码公钥核验/库/标准库/操作系统/环境变量。豫 | 运行 18/24
[完成] 依赖分析：/Users/zhiboc/repos/yuyan-worktrees/基础库-密码公钥核验/库/标准库/操作系统/进程。豫 | PID 29218 | 退出 0 | 运行 17/24 | 已完成 4
[启动] dependency-analysis：/Users/zhiboc/repos/yuyan-worktrees/基础库-密码公钥核验/库/标准库/语言核心/内建类型。豫 | 运行 18/24
[启动] dependency-analysis：/Users/zhiboc/repos/yuyan-worktrees/基础库-密码公钥核验/库/标准库/宿主。接口。豫 | 运行 19/24
[完成] 依赖分析：/Users/zhiboc/repos/yuyan-worktrees/基础库-密码公钥核验/库/标准库/操作系统/时间。豫 | PID 29218 | 退出 0 | 运行 18/24 | 已完成 5
[启动] dependency-analysis：/Users/zhiboc/repos/yuyan-worktrees/基础库-密码公钥核验/库/标准库/数据结构/小数操作。豫 | 运行 19/24
[启动] dependency-analysis：/Users/zhiboc/repos/yuyan-worktrees/基础库-密码公钥核验/库/标准库/数学运算/转换。豫 | 运行 20/24
[完成] 依赖分析：/Users/zhiboc/repos/yuyan-worktrees/基础库-密码公钥核验/库/标准库/操作系统/命令行参数。豫 | PID 29218 | 退出 0 | 运行 19/24 | 已完成 6
[启动] dependency-analysis：/Users/zhiboc/repos/yuyan-worktrees/基础库-密码公钥核验/库/标准库/数据结构/多态列。豫 | 运行 20/24
[启动] dependency-analysis：/Users/zhiboc/repos/yuyan-worktrees/基础库-密码公钥核验/库/标准库/宿主带列。接口。豫 | 运行 21/24
[完成] 依赖分析：/Users/zhiboc/repos/yuyan-worktrees/基础库-密码公钥核验/库/标准库/操作系统/子进程。豫 | PID 29218 | 退出 0 | 运行 20/24 | 已完成 7
[启动] dependency-analysis：/Users/zhiboc/repos/yuyan-worktrees/基础库-密码公钥核验/库/标准库/语言核心/异常。豫 | 运行 21/24
[启动] dependency-analysis：/Users/zhiboc/repos/yuyan-worktrees/基础库-密码公钥核验/库/标准库/数据结构/字符串术。豫 | 运行 22/24
[启动] dependency-analysis：/Users/zhiboc/repos/yuyan-worktrees/基础库-密码公钥核验/库/标准库/输入输出/笔。豫 | 运行 23/24
[完成] 依赖分析：/Users/zhiboc/repos/yuyan-worktrees/基础库-密码公钥核验/库/标准库/网络。豫 | PID 29218 | 退出 0 | 运行 22/24 | 已完成 8
[启动] dependency-analysis：/Users/zhiboc/repos/yuyan-worktrees/基础库-密码公钥核验/库/标准库/网络/传输控制协议。豫 | 运行 23/24
[启动] dependency-analysis：/Users/zhiboc/repos/yuyan-worktrees/基础库-密码公钥核验/库/标准库/网络/异步传输控制协议。豫 | 运行 24/24
[完成] 依赖分析：/Users/zhiboc/repos/yuyan-worktrees/基础库-密码公钥核验/库/标准库/语言核心。豫 | PID 29218 | 退出 0 | 运行 23/24 | 已完成 9
[启动] dependency-analysis：/Users/zhiboc/repos/yuyan-worktrees/基础库-密码公钥核验/库/标准库/网络/超文本传输协议。豫 | 运行 24/24
[完成] 依赖分析：/Users/zhiboc/repos/yuyan-worktrees/基础库-密码公钥核验/库/标准库/输入输出。豫 | PID 29218 | 退出 0 | 运行 23/24 | 已完成 10
[启动] dependency-analysis：/Users/zhiboc/repos/yuyan-worktrees/基础库-密码公钥核验/库/标准库/语言核心/续延。豫 | 运行 24/24
[完成] 依赖分析：/Users/zhiboc/repos/yuyan-worktrees/基础库-密码公钥核验/库/标准库/数据结构。豫 | PID 29218 | 退出 0 | 运行 23/24 | 已完成 11
[启动] dependency-analysis：/Users/zhiboc/repos/yuyan-worktrees/基础库-密码公钥核验/库/标准库/语言核心/引用。豫 | 运行 24/24
[完成] 依赖分析：/Users/zhiboc/repos/yuyan-worktrees/基础库-密码公钥核验/库/基础库/密码与安全/密码/宽字散列。豫 | PID 29218 | 退出 0 | 运行 23/24 | 已完成 12
[启动] dependency-analysis：/Users/zhiboc/repos/yuyan-worktrees/基础库-密码公钥核验/库/标准库/语言核心/不安全。豫 | 运行 24/24
[完成] 依赖分析：/Users/zhiboc/repos/yuyan-worktrees/基础库-密码公钥核验/库/基础库/密码与安全/密码/曲线。豫 | PID 29218 | 退出 0 | 运行 23/24 | 已完成 13
[启动] dependency-analysis：/Users/zhiboc/repos/yuyan-worktrees/基础库-密码公钥核验/库/标准库/语言核心/异步原语。豫 | 运行 24/24
[完成] 依赖分析：/Users/zhiboc/repos/yuyan-worktrees/基础库-密码公钥核验/库/标准库/数据结构/整数操作。豫 | PID 29218 | 退出 0 | 运行 23/24 | 已完成 14
[启动] dependency-analysis：/Users/zhiboc/repos/yuyan-worktrees/基础库-密码公钥核验/库/标准库/数据结构/多态列工具。豫 | 运行 24/24
[完成] 依赖分析：/Users/zhiboc/repos/yuyan-worktrees/基础库-密码公钥核验/库/标准库/数据结构/多态列。豫 | PID 29218 | 退出 0 | 运行 23/24 | 已完成 15
[启动] dependency-analysis：/Users/zhiboc/repos/yuyan-worktrees/基础库-密码公钥核验/库/标准库/数据结构/爻术。豫 | 运行 24/24
[完成] 依赖分析：/Users/zhiboc/repos/yuyan-worktrees/基础库-密码公钥核验/库/标准库/宿主带列。接口。豫 | PID 29218 | 退出 0 | 运行 23/24 | 已完成 16
[启动] dependency-analysis：/Users/zhiboc/repos/yuyan-worktrees/基础库-密码公钥核验/库/标准库/数据结构/字符流术。豫 | 运行 24/24
[完成] 依赖分析：/Users/zhiboc/repos/yuyan-worktrees/基础库-密码公钥核验/库/标准库/语言核心/异常。豫 | PID 29218 | 退出 0 | 运行 23/24 | 已完成 17
[启动] dependency-analysis：/Users/zhiboc/repos/yuyan-worktrees/基础库-密码公钥核验/库/标准库/数据结构/特殊字符。豫 | 运行 24/24
[完成] 依赖分析：/Users/zhiboc/repos/yuyan-worktrees/基础库-密码公钥核验/库/标准库/网络/异步传输控制协议。豫 | PID 29218 | 退出 0 | 运行 23/24 | 已完成 18
[启动] dependency-analysis：/Users/zhiboc/repos/yuyan-worktrees/基础库-密码公钥核验/库/标准库/数据结构/对子术。豫 | 运行 24/24
[完成] 依赖分析：/Users/zhiboc/repos/yuyan-worktrees/基础库-密码公钥核验/库/标准库/语言核心/引用。豫 | PID 29218 | 退出 0 | 运行 23/24 | 已完成 19
[启动] dependency-analysis：/Users/zhiboc/repos/yuyan-worktrees/基础库-密码公钥核验/库/标准库/数据结构/字典术。豫 | 运行 24/24
[完成] 依赖分析：/Users/zhiboc/repos/yuyan-worktrees/基础库-密码公钥核验/库/标准库/数据结构/多态列工具。豫 | PID 29218 | 退出 0 | 运行 23/24 | 已完成 20
[启动] dependency-analysis：/Users/zhiboc/repos/yuyan-worktrees/基础库-密码公钥核验/库/标准库/数据结构/可选值。豫 | 运行 24/24
[完成] 依赖分析：/Users/zhiboc/repos/yuyan-worktrees/基础库-密码公钥核验/库/标准库/语言核心/异步原语。豫 | PID 29218 | 退出 0 | 运行 23/24 | 已完成 21
[启动] dependency-analysis：/Users/zhiboc/repos/yuyan-worktrees/基础库-密码公钥核验/库/标准库/数据结构/小数术。豫 | 运行 24/24
[完成] 依赖分析：/Users/zhiboc/repos/yuyan-worktrees/基础库-密码公钥核验/库/标准库/输入输出/笔。豫 | PID 29218 | 退出 0 | 运行 23/24 | 已完成 22
[启动] dependency-analysis：/Users/zhiboc/repos/yuyan-worktrees/基础库-密码公钥核验/库/标准库/数据结构/列表搜索。豫 | 运行 24/24
[完成] 依赖分析：/Users/zhiboc/repos/yuyan-worktrees/基础库-密码公钥核验/库/标准库/数学运算/转换。豫 | PID 29218 | 退出 0 | 运行 23/24 | 已完成 23
[启动] dependency-analysis：/Users/zhiboc/repos/yuyan-worktrees/基础库-密码公钥核验/库/标准库/数据结构/函数操作。豫 | 运行 24/24
[完成] 依赖分析：/Users/zhiboc/repos/yuyan-worktrees/基础库-密码公钥核验/库/标准库/数据结构/小数操作。豫 | PID 29218 | 退出 0 | 运行 23/24 | 已完成 24
[启动] dependency-analysis：/Users/zhiboc/repos/yuyan-worktrees/基础库-密码公钥核验/库/标准库/数据结构/字节串。豫 | 运行 24/24
[完成] 依赖分析：/Users/zhiboc/repos/yuyan-worktrees/基础库-密码公钥核验/库/标准库/宿主。接口。豫 | PID 29218 | 退出 0 | 运行 23/24 | 已完成 25
[启动] dependency-analysis：/Users/zhiboc/repos/yuyan-worktrees/基础库-密码公钥核验/库/标准库/数据结构/字节缓冲。豫 | 运行 24/24
[完成] 依赖分析：/Users/zhiboc/repos/yuyan-worktrees/基础库-密码公钥核验/库/标准库/语言核心/内建类型。豫 | PID 29218 | 退出 0 | 运行 23/24 | 已完成 26
[启动] dependency-analysis：/Users/zhiboc/repos/yuyan-worktrees/基础库-密码公钥核验/库/基础库/密码与安全/密码/散列。豫 | 运行 24/24
[完成] 依赖分析：/Users/zhiboc/repos/yuyan-worktrees/基础库-密码公钥核验/库/标准库/操作系统/系统名称。豫 | PID 29218 | 退出 0 | 运行 23/24 | 已完成 27
[启动] dependency-analysis：/Users/zhiboc/repos/yuyan-worktrees/基础库-密码公钥核验/库/标准库/语言核心/原语。内建。豫 | 运行 24/24
[完成] 依赖分析：/Users/zhiboc/repos/yuyan-worktrees/基础库-密码公钥核验/库/标准库/控制。豫 | PID 29218 | 退出 0 | 运行 23/24 | 已完成 28
[启动] dependency-analysis：/Users/zhiboc/repos/yuyan-worktrees/基础库-密码公钥核验/库/标准库/控制/异步。豫 | 运行 24/24
[完成] 依赖分析：/Users/zhiboc/repos/yuyan-worktrees/基础库-密码公钥核验/库/标准库/数据结构/可选值。豫 | PID 29218 | 退出 0 | 运行 23/24 | 已完成 29
[启动] dependency-analysis：/Users/zhiboc/repos/yuyan-worktrees/基础库-密码公钥核验/库/标准库/控制/惰性求值。豫 | 运行 24/24
[完成] 依赖分析：/Users/zhiboc/repos/yuyan-worktrees/基础库-密码公钥核验/库/标准库/数据结构/小数术。豫 | PID 29218 | 退出 0 | 运行 23/24 | 已完成 30
[启动] parse：/Users/zhiboc/repos/yuyan-worktrees/基础库-密码公钥核验/库/标准库/语言核心/内建类型。豫 | 运行 24/24
[完成] 依赖分析：/Users/zhiboc/repos/yuyan-worktrees/基础库-密码公钥核验/库/标准库/语言核心/原语。内建。豫 | PID 29218 | 退出 0 | 运行 23/24 | 已完成 31
[完成] 依赖分析：/Users/zhiboc/repos/yuyan-worktrees/基础库-密码公钥核验/库/标准库/数据结构/特殊字符。豫 | PID 29218 | 退出 0 | 运行 22/24 | 已完成 32
[完成] 依赖分析：/Users/zhiboc/repos/yuyan-worktrees/基础库-密码公钥核验/库/标准库/数据结构/爻术。豫 | PID 29218 | 退出 0 | 运行 21/24 | 已完成 33
[完成] 依赖分析：/Users/zhiboc/repos/yuyan-worktrees/基础库-密码公钥核验/库/标准库/语言核心/续延。豫 | PID 29218 | 退出 0 | 运行 20/24 | 已完成 34
[启动] parse：/Users/zhiboc/repos/yuyan-worktrees/基础库-密码公钥核验/库/标准库/语言核心/续延。豫 | 运行 21/24
[完成] 依赖分析：/Users/zhiboc/repos/yuyan-worktrees/基础库-密码公钥核验/库/标准库/数据结构/字符串术。豫 | PID 29218 | 退出 0 | 运行 20/24 | 已完成 35
[启动] dependency-analysis：/Users/zhiboc/repos/yuyan-worktrees/基础库-密码公钥核验/库/标准库/数学运算/数组转换。豫 | 运行 21/24
[完成] 依赖分析：/Users/zhiboc/repos/yuyan-worktrees/基础库-密码公钥核验/库/标准库/操作系统/环境变量。豫 | PID 29218 | 退出 0 | 运行 20/24 | 已完成 36
[完成] 依赖分析：/Users/zhiboc/repos/yuyan-worktrees/基础库-密码公钥核验/库/标准库/豫言标准内核。豫 | PID 29218 | 退出 0 | 运行 19/24 | 已完成 37
[完成] 语法解析：/Users/zhiboc/repos/yuyan-worktrees/基础库-密码公钥核验/库/标准库/语言核心/续延。豫 | PID 29218 | 退出 0 | 运行 18/24 | 已完成 38
[启动] type-check-and-erase：/Users/zhiboc/repos/yuyan-worktrees/基础库-密码公钥核验/库/标准库/语言核心/续延。豫 | 运行 19/24
[完成] 依赖分析：/Users/zhiboc/repos/yuyan-worktrees/基础库-密码公钥核验/库/标准库/数据结构/函数操作。豫 | PID 29218 | 退出 0 | 运行 18/24 | 已完成 39
[启动] parse：/Users/zhiboc/repos/yuyan-worktrees/基础库-密码公钥核验/库/标准库/数据结构/函数操作。豫 | 运行 19/24
[完成] 依赖分析：/Users/zhiboc/repos/yuyan-worktrees/基础库-密码公钥核验/库/标准库/数据结构/字典术。豫 | PID 29218 | 退出 0 | 运行 18/24 | 已完成 40
[完成] 依赖分析：/Users/zhiboc/repos/yuyan-worktrees/基础库-密码公钥核验/库/标准库/数据结构/对子术。豫 | PID 29218 | 退出 0 | 运行 17/24 | 已完成 41
[完成] 依赖分析：/Users/zhiboc/repos/yuyan-worktrees/基础库-密码公钥核验/库/标准库/网络/超文本传输协议。豫 | PID 29218 | 退出 0 | 运行 16/24 | 已完成 42
[完成] 依赖分析：/Users/zhiboc/repos/yuyan-worktrees/基础库-密码公钥核验/库/标准库/操作系统/路径。豫 | PID 29218 | 退出 0 | 运行 15/24 | 已完成 43
[完成] 依赖分析：/Users/zhiboc/repos/yuyan-worktrees/基础库-密码公钥核验/库/标准库/操作系统/文件系统。豫 | PID 29218 | 退出 0 | 运行 14/24 | 已完成 44
[完成] 依赖分析：/Users/zhiboc/repos/yuyan-worktrees/基础库-密码公钥核验/库/标准库/数学运算/数组转换。豫 | PID 29218 | 退出 0 | 运行 13/24 | 已完成 45
[完成] 依赖分析：/Users/zhiboc/repos/yuyan-worktrees/基础库-密码公钥核验/库/标准库/控制/异步。豫 | PID 29218 | 退出 0 | 运行 12/24 | 已完成 46
[完成] 依赖分析：/Users/zhiboc/repos/yuyan-worktrees/基础库-密码公钥核验/库/基础库/密码与安全/密码/散列。豫 | PID 29218 | 退出 0 | 运行 11/24 | 已完成 47
[完成] 依赖分析：/Users/zhiboc/repos/yuyan-worktrees/基础库-密码公钥核验/库/标准库/数据结构/列表搜索。豫 | PID 29218 | 退出 0 | 运行 10/24 | 已完成 48
[完成] 依赖分析：/Users/zhiboc/repos/yuyan-worktrees/基础库-密码公钥核验/库/标准库/数据结构/字符流术。豫 | PID 29218 | 退出 0 | 运行 9/24 | 已完成 49
[完成] 依赖分析：/Users/zhiboc/repos/yuyan-worktrees/基础库-密码公钥核验/库/标准库/网络/传输控制协议。豫 | PID 29218 | 退出 0 | 运行 8/24 | 已完成 50
[完成] 语法解析：/Users/zhiboc/repos/yuyan-worktrees/基础库-密码公钥核验/库/标准库/数据结构/函数操作。豫 | PID 29218 | 退出 0 | 运行 7/24 | 已完成 51
[启动] type-check-and-erase：/Users/zhiboc/repos/yuyan-worktrees/基础库-密码公钥核验/库/标准库/数据结构/函数操作。豫 | 运行 8/24
[完成] 类型检查：/Users/zhiboc/repos/yuyan-worktrees/基础库-密码公钥核验/库/标准库/语言核心/续延。豫 | PID 29218 | 退出 0 | 运行 7/24 | 已完成 52
[完成] 语法解析：/Users/zhiboc/repos/yuyan-worktrees/基础库-密码公钥核验/库/标准库/语言核心/内建类型。豫 | PID 29218 | 退出 0 | 运行 6/24 | 已完成 53
[启动] parse：/Users/zhiboc/repos/yuyan-worktrees/基础库-密码公钥核验/库/标准库/语言核心/原语。内建。豫 | 运行 7/24
[启动] parse：/Users/zhiboc/repos/yuyan-worktrees/基础库-密码公钥核验/库/标准库/数据结构/爻术。豫 | 运行 8/24
[启动] type-check-and-erase：/Users/zhiboc/repos/yuyan-worktrees/基础库-密码公钥核验/库/标准库/语言核心/内建类型。豫 | 运行 9/24
[完成] 依赖分析：/Users/zhiboc/repos/yuyan-worktrees/基础库-密码公钥核验/库/标准库/控制/惰性求值。豫 | PID 29218 | 退出 0 | 运行 8/24 | 已完成 54
[启动] parse：/Users/zhiboc/repos/yuyan-worktrees/基础库-密码公钥核验/库/标准库/控制/惰性求值。豫 | 运行 9/24
[完成] 依赖分析：/Users/zhiboc/repos/yuyan-worktrees/基础库-密码公钥核验/库/标准库/数学运算。豫 | PID 29218 | 退出 0 | 运行 8/24 | 已完成 55
[启动] dependency-analysis：/Users/zhiboc/repos/yuyan-worktrees/基础库-密码公钥核验/库/标准库/数学运算/具体列。豫 | 运行 9/24
[启动] dependency-analysis：/Users/zhiboc/repos/yuyan-worktrees/基础库-密码公钥核验/库/标准库/数学运算/随机。豫 | 运行 10/24
[启动] dependency-analysis：/Users/zhiboc/repos/yuyan-worktrees/基础库-密码公钥核验/库/标准库/数学运算/大小。豫 | 运行 11/24
[完成] 类型检查：/Users/zhiboc/repos/yuyan-worktrees/基础库-密码公钥核验/库/标准库/数据结构/函数操作。豫 | PID 29218 | 退出 0 | 运行 10/24 | 已完成 56
[完成] 依赖分析：/Users/zhiboc/repos/yuyan-worktrees/基础库-密码公钥核验/库/标准库/数据结构/字节缓冲。豫 | PID 29218 | 退出 0 | 运行 9/24 | 已完成 57
[完成] 语法解析：/Users/zhiboc/repos/yuyan-worktrees/基础库-密码公钥核验/库/标准库/语言核心/原语。内建。豫 | PID 29218 | 退出 0 | 运行 8/24 | 已完成 58
[启动] parse：/Users/zhiboc/repos/yuyan-worktrees/基础库-密码公钥核验/库/标准库/语言核心/引用。豫 | 运行 9/24
[启动] parse：/Users/zhiboc/repos/yuyan-worktrees/基础库-密码公钥核验/库/标准库/语言核心/异步原语。豫 | 运行 10/24
[启动] parse：/Users/zhiboc/repos/yuyan-worktrees/基础库-密码公钥核验/库/标准库/数学运算/转换。豫 | 运行 11/24
[启动] parse：/Users/zhiboc/repos/yuyan-worktrees/基础库-密码公钥核验/库/标准库/数据结构/小数术。豫 | 运行 12/24
[完成] 类型检查：/Users/zhiboc/repos/yuyan-worktrees/基础库-密码公钥核验/库/标准库/语言核心/内建类型。豫 | PID 29218 | 退出 0 | 运行 11/24 | 已完成 59
[启动] type-check-and-erase：/Users/zhiboc/repos/yuyan-worktrees/基础库-密码公钥核验/库/标准库/语言核心/原语。内建。豫 | 运行 12/24
[完成] 依赖分析：/Users/zhiboc/repos/yuyan-worktrees/基础库-密码公钥核验/库/标准库/数学运算/随机。豫 | PID 29218 | 退出 0 | 运行 11/24 | 已完成 60
[完成] 依赖分析：/Users/zhiboc/repos/yuyan-worktrees/基础库-密码公钥核验/库/标准库/数学运算/具体列。豫 | PID 29218 | 退出 0 | 运行 10/24 | 已完成 61
[完成] 语法解析：/Users/zhiboc/repos/yuyan-worktrees/基础库-密码公钥核验/库/标准库/控制/惰性求值。豫 | PID 29218 | 退出 0 | 运行 9/24 | 已完成 62
[启动] type-check-and-erase：/Users/zhiboc/repos/yuyan-worktrees/基础库-密码公钥核验/库/标准库/控制/惰性求值。豫 | 运行 10/24
[完成] 语法解析：/Users/zhiboc/repos/yuyan-worktrees/基础库-密码公钥核验/库/标准库/语言核心/引用。豫 | PID 29218 | 退出 0 | 运行 9/24 | 已完成 63
[完成] 依赖分析：/Users/zhiboc/repos/yuyan-worktrees/基础库-密码公钥核验/库/标准库/数据结构/字节串。豫 | PID 29218 | 退出 0 | 运行 8/24 | 已完成 64
[启动] parse：/Users/zhiboc/repos/yuyan-worktrees/基础库-密码公钥核验/库/标准库/数据结构/字节串。豫 | 运行 9/24
[完成] 语法解析：/Users/zhiboc/repos/yuyan-worktrees/基础库-密码公钥核验/库/标准库/数据结构/小数术。豫 | PID 29218 | 退出 0 | 运行 8/24 | 已完成 65
[完成] 类型检查：/Users/zhiboc/repos/yuyan-worktrees/基础库-密码公钥核验/库/标准库/语言核心/原语。内建。豫 | PID 29218 | 退出 0 | 运行 7/24 | 已完成 66
[启动] type-check-and-erase：/Users/zhiboc/repos/yuyan-worktrees/基础库-密码公钥核验/库/标准库/语言核心/引用。豫 | 运行 8/24
[启动] type-check-and-erase：/Users/zhiboc/repos/yuyan-worktrees/基础库-密码公钥核验/库/标准库/数据结构/小数术。豫 | 运行 9/24
[完成] 语法解析：/Users/zhiboc/repos/yuyan-worktrees/基础库-密码公钥核验/库/标准库/数据结构/爻术。豫 | PID 29218 | 退出 0 | 运行 8/24 | 已完成 67
[启动] parse：/Users/zhiboc/repos/yuyan-worktrees/基础库-密码公钥核验/库/标准库/数据结构/整数操作。豫 | 运行 9/24
[启动] type-check-and-erase：/Users/zhiboc/repos/yuyan-worktrees/基础库-密码公钥核验/库/标准库/数据结构/爻术。豫 | 运行 10/24
[完成] 类型检查：/Users/zhiboc/repos/yuyan-worktrees/基础库-密码公钥核验/库/标准库/控制/惰性求值。豫 | PID 29218 | 退出 0 | 运行 9/24 | 已完成 68
[完成] 语法解析：/Users/zhiboc/repos/yuyan-worktrees/基础库-密码公钥核验/库/标准库/数据结构/字节串。豫 | PID 29218 | 退出 0 | 运行 8/24 | 已完成 69
[启动] parse：/Users/zhiboc/repos/yuyan-worktrees/基础库-密码公钥核验/库/标准库/宿主。接口。豫 | 运行 9/24
[启动] parse：/Users/zhiboc/repos/yuyan-worktrees/基础库-密码公钥核验/库/标准库/数据结构/字节缓冲。豫 | 运行 10/24
[启动] type-check-and-erase：/Users/zhiboc/repos/yuyan-worktrees/基础库-密码公钥核验/库/标准库/数据结构/字节串。豫 | 运行 11/24
[完成] 语法解析：/Users/zhiboc/repos/yuyan-worktrees/基础库-密码公钥核验/库/标准库/宿主。接口。豫 | PID 29218 | 退出 0 | 运行 10/24 | 已完成 70
[启动] parse：/Users/zhiboc/repos/yuyan-worktrees/基础库-密码公钥核验/库/标准库/操作系统/进程。豫 | 运行 11/24
[启动] parse：/Users/zhiboc/repos/yuyan-worktrees/基础库-密码公钥核验/库/标准库/语言核心/异常。豫 | 运行 12/24
[启动] parse：/Users/zhiboc/repos/yuyan-worktrees/基础库-密码公钥核验/库/标准库/输入输出/笔。豫 | 运行 13/24
[启动] parse：/Users/zhiboc/repos/yuyan-worktrees/基础库-密码公钥核验/库/标准库/数据结构/小数操作。豫 | 运行 14/24
[启动] parse：/Users/zhiboc/repos/yuyan-worktrees/基础库-密码公钥核验/库/标准库/操作系统/系统名称。豫 | 运行 15/24
[启动] parse：/Users/zhiboc/repos/yuyan-worktrees/基础库-密码公钥核验/库/标准库/操作系统/环境变量。豫 | 运行 16/24
[启动] parse：/Users/zhiboc/repos/yuyan-worktrees/基础库-密码公钥核验/库/标准库/数学运算/随机。豫 | 运行 17/24
[完成] 类型检查：/Users/zhiboc/repos/yuyan-worktrees/基础库-密码公钥核验/库/标准库/数据结构/字节串。豫 | PID 29218 | 退出 0 | 运行 16/24 | 已完成 71
[启动] type-check-and-erase：/Users/zhiboc/repos/yuyan-worktrees/基础库-密码公钥核验/库/标准库/宿主。接口。豫 | 运行 17/24
[完成] 类型检查：/Users/zhiboc/repos/yuyan-worktrees/基础库-密码公钥核验/库/标准库/数据结构/小数术。豫 | PID 29218 | 退出 0 | 运行 16/24 | 已完成 72
[完成] 依赖分析：/Users/zhiboc/repos/yuyan-worktrees/基础库-密码公钥核验/库/标准库/数学运算/大小。豫 | PID 29218 | 退出 0 | 运行 15/24 | 已完成 73
[启动] parse：/Users/zhiboc/repos/yuyan-worktrees/基础库-密码公钥核验/库/标准库/数学运算/大小。豫 | 运行 16/24
[完成] 语法解析：/Users/zhiboc/repos/yuyan-worktrees/基础库-密码公钥核验/库/标准库/语言核心/异常。豫 | PID 29218 | 退出 0 | 运行 15/24 | 已完成 74
[启动] parse：/Users/zhiboc/repos/yuyan-worktrees/基础库-密码公钥核验/库/标准库/数据结构/可选值。豫 | 运行 16/24
[完成] 语法解析：/Users/zhiboc/repos/yuyan-worktrees/基础库-密码公钥核验/库/标准库/操作系统/进程。豫 | PID 29218 | 退出 0 | 运行 15/24 | 已完成 75
[完成] 语法解析：/Users/zhiboc/repos/yuyan-worktrees/基础库-密码公钥核验/库/标准库/数学运算/随机。豫 | PID 29218 | 退出 0 | 运行 14/24 | 已完成 76
[完成] 依赖分析：/Users/zhiboc/repos/yuyan-worktrees/基础库-密码公钥核验/库/标准库/语言核心/不安全。豫 | PID 29218 | 退出 0 | 运行 13/24 | 已完成 77
[启动] parse：/Users/zhiboc/repos/yuyan-worktrees/基础库-密码公钥核验/库/标准库/语言核心/不安全。豫 | 运行 14/24
[完成] 语法解析：/Users/zhiboc/repos/yuyan-worktrees/基础库-密码公钥核验/库/标准库/语言核心/异步原语。豫 | PID 29218 | 退出 0 | 运行 13/24 | 已完成 78
[启动] type-check-and-erase：/Users/zhiboc/repos/yuyan-worktrees/基础库-密码公钥核验/库/标准库/语言核心/异步原语。豫 | 运行 14/24
[完成] 语法解析：/Users/zhiboc/repos/yuyan-worktrees/基础库-密码公钥核验/库/标准库/数据结构/小数操作。豫 | PID 29218 | 退出 0 | 运行 13/24 | 已完成 79
[完成] 语法解析：/Users/zhiboc/repos/yuyan-worktrees/基础库-密码公钥核验/库/标准库/输入输出/笔。豫 | PID 29218 | 退出 0 | 运行 12/24 | 已完成 80
[启动] parse：/Users/zhiboc/repos/yuyan-worktrees/基础库-密码公钥核验/库/标准库/输入输出。豫 | 运行 13/24
[完成] 语法解析：/Users/zhiboc/repos/yuyan-worktrees/基础库-密码公钥核验/库/标准库/数据结构/字节缓冲。豫 | PID 29218 | 退出 0 | 运行 12/24 | 已完成 81
[启动] type-check-and-erase：/Users/zhiboc/repos/yuyan-worktrees/基础库-密码公钥核验/库/标准库/数据结构/字节缓冲。豫 | 运行 13/24
[完成] 类型检查：/Users/zhiboc/repos/yuyan-worktrees/基础库-密码公钥核验/库/标准库/数据结构/爻术。豫 | PID 29218 | 退出 0 | 运行 12/24 | 已完成 82
[完成] 语法解析：/Users/zhiboc/repos/yuyan-worktrees/基础库-密码公钥核验/库/标准库/操作系统/环境变量。豫 | PID 29218 | 退出 0 | 运行 11/24 | 已完成 83
[完成] 类型检查：/Users/zhiboc/repos/yuyan-worktrees/基础库-密码公钥核验/库/标准库/宿主。接口。豫 | PID 29218 | 退出 0 | 运行 10/24 | 已完成 84
[启动] type-check-and-erase：/Users/zhiboc/repos/yuyan-worktrees/基础库-密码公钥核验/库/标准库/操作系统/进程。豫 | 运行 11/24
[启动] type-check-and-erase：/Users/zhiboc/repos/yuyan-worktrees/基础库-密码公钥核验/库/标准库/语言核心/异常。豫 | 运行 12/24
[启动] type-check-and-erase：/Users/zhiboc/repos/yuyan-worktrees/基础库-密码公钥核验/库/标准库/输入输出/笔。豫 | 运行 13/24
[启动] type-check-and-erase：/Users/zhiboc/repos/yuyan-worktrees/基础库-密码公钥核验/库/标准库/数据结构/小数操作。豫 | 运行 14/24
[启动] type-check-and-erase：/Users/zhiboc/repos/yuyan-worktrees/基础库-密码公钥核验/库/标准库/操作系统/环境变量。豫 | 运行 15/24
[启动] type-check-and-erase：/Users/zhiboc/repos/yuyan-worktrees/基础库-密码公钥核验/库/标准库/数学运算/随机。豫 | 运行 16/24
[完成] 语法解析：/Users/zhiboc/repos/yuyan-worktrees/基础库-密码公钥核验/库/标准库/输入输出。豫 | PID 29218 | 退出 0 | 运行 15/24 | 已完成 85
[完成] 语法解析：/Users/zhiboc/repos/yuyan-worktrees/基础库-密码公钥核验/库/标准库/操作系统/系统名称。豫 | PID 29218 | 退出 0 | 运行 14/24 | 已完成 86
[启动] type-check-and-erase：/Users/zhiboc/repos/yuyan-worktrees/基础库-密码公钥核验/库/标准库/操作系统/系统名称。豫 | 运行 15/24
[完成] 语法解析：/Users/zhiboc/repos/yuyan-worktrees/基础库-密码公钥核验/库/标准库/数学运算/转换。豫 | PID 29218 | 退出 0 | 运行 14/24 | 已完成 87
[启动] type-check-and-erase：/Users/zhiboc/repos/yuyan-worktrees/基础库-密码公钥核验/库/标准库/数学运算/转换。豫 | 运行 15/24
[完成] 类型检查：/Users/zhiboc/repos/yuyan-worktrees/基础库-密码公钥核验/库/标准库/语言核心/异步原语。豫 | PID 29218 | 退出 0 | 运行 14/24 | 已完成 88
[完成] 语法解析：/Users/zhiboc/repos/yuyan-worktrees/基础库-密码公钥核验/库/标准库/数学运算/大小。豫 | PID 29218 | 退出 0 | 运行 13/24 | 已完成 89
[启动] type-check-and-erase：/Users/zhiboc/repos/yuyan-worktrees/基础库-密码公钥核验/库/标准库/数学运算/大小。豫 | 运行 14/24
[完成] 类型检查：/Users/zhiboc/repos/yuyan-worktrees/基础库-密码公钥核验/库/标准库/操作系统/进程。豫 | PID 29218 | 退出 0 | 运行 13/24 | 已完成 90
[完成] 类型检查：/Users/zhiboc/repos/yuyan-worktrees/基础库-密码公钥核验/库/标准库/语言核心/异常。豫 | PID 29218 | 退出 0 | 运行 12/24 | 已完成 91
[完成] 类型检查：/Users/zhiboc/repos/yuyan-worktrees/基础库-密码公钥核验/库/标准库/操作系统/环境变量。豫 | PID 29218 | 退出 0 | 运行 11/24 | 已完成 92
[完成] 语法解析：/Users/zhiboc/repos/yuyan-worktrees/基础库-密码公钥核验/库/标准库/语言核心/不安全。豫 | PID 29218 | 退出 0 | 运行 10/24 | 已完成 93
[启动] parse：/Users/zhiboc/repos/yuyan-worktrees/基础库-密码公钥核验/库/标准库/语言核心。豫 | 运行 11/24
[启动] type-check-and-erase：/Users/zhiboc/repos/yuyan-worktrees/基础库-密码公钥核验/库/标准库/语言核心/不安全。豫 | 运行 12/24
[完成] 语法解析：/Users/zhiboc/repos/yuyan-worktrees/基础库-密码公钥核验/库/标准库/数据结构/可选值。豫 | PID 29218 | 退出 0 | 运行 11/24 | 已完成 94
[启动] type-check-and-erase：/Users/zhiboc/repos/yuyan-worktrees/基础库-密码公钥核验/库/标准库/数据结构/可选值。豫 | 运行 12/24
[完成] 类型检查：/Users/zhiboc/repos/yuyan-worktrees/基础库-密码公钥核验/库/标准库/数学运算/随机。豫 | PID 29218 | 退出 0 | 运行 11/24 | 已完成 95
[完成] 语法解析：/Users/zhiboc/repos/yuyan-worktrees/基础库-密码公钥核验/库/标准库/语言核心。豫 | PID 29218 | 退出 0 | 运行 10/24 | 已完成 96
[完成] 语法解析：/Users/zhiboc/repos/yuyan-worktrees/基础库-密码公钥核验/库/标准库/数据结构/整数操作。豫 | PID 29218 | 退出 0 | 运行 9/24 | 已完成 97
[启动] parse：/Users/zhiboc/repos/yuyan-worktrees/基础库-密码公钥核验/库/标准库/操作系统/时间。豫 | 运行 10/24
[启动] parse：/Users/zhiboc/repos/yuyan-worktrees/基础库-密码公钥核验/库/标准库/数据结构/多态列。豫 | 运行 11/24
[启动] parse：/Users/zhiboc/repos/yuyan-worktrees/基础库-密码公钥核验/库/标准库/网络/传输控制协议。豫 | 运行 12/24
[启动] type-check-and-erase：/Users/zhiboc/repos/yuyan-worktrees/基础库-密码公钥核验/库/标准库/数据结构/整数操作。豫 | 运行 13/24
[完成] 类型检查：/Users/zhiboc/repos/yuyan-worktrees/基础库-密码公钥核验/库/标准库/语言核心/引用。豫 | PID 29218 | 退出 0 | 运行 12/24 | 已完成 98
[完成] 类型检查：/Users/zhiboc/repos/yuyan-worktrees/基础库-密码公钥核验/库/标准库/数学运算/大小。豫 | PID 29218 | 退出 0 | 运行 11/24 | 已完成 99
[完成] 语法解析：/Users/zhiboc/repos/yuyan-worktrees/基础库-密码公钥核验/库/标准库/操作系统/时间。豫 | PID 29218 | 退出 0 | 运行 10/24 | 已完成 100
[完成] 类型检查：/Users/zhiboc/repos/yuyan-worktrees/基础库-密码公钥核验/库/标准库/数据结构/整数操作。豫 | PID 29218 | 退出 0 | 运行 9/24 | 已完成 101
[完成] 类型检查：/Users/zhiboc/repos/yuyan-worktrees/基础库-密码公钥核验/库/标准库/操作系统/系统名称。豫 | PID 29218 | 退出 0 | 运行 8/24 | 已完成 102
[完成] 类型检查：/Users/zhiboc/repos/yuyan-worktrees/基础库-密码公钥核验/库/标准库/数学运算/转换。豫 | PID 29218 | 退出 0 | 运行 7/24 | 已完成 103
[完成] 类型检查：/Users/zhiboc/repos/yuyan-worktrees/基础库-密码公钥核验/库/标准库/语言核心/不安全。豫 | PID 29218 | 退出 0 | 运行 6/24 | 已完成 104
[启动] type-check-and-erase：/Users/zhiboc/repos/yuyan-worktrees/基础库-密码公钥核验/库/标准库/语言核心。豫 | 运行 7/24
[完成] 类型检查：/Users/zhiboc/repos/yuyan-worktrees/基础库-密码公钥核验/库/标准库/数据结构/可选值。豫 | PID 29218 | 退出 0 | 运行 6/24 | 已完成 105
[完成] 类型检查：/Users/zhiboc/repos/yuyan-worktrees/基础库-密码公钥核验/库/标准库/数据结构/小数操作。豫 | PID 29218 | 退出 0 | 运行 5/24 | 已完成 106
[启动] type-check-and-erase：/Users/zhiboc/repos/yuyan-worktrees/基础库-密码公钥核验/库/标准库/操作系统/时间。豫 | 运行 6/24
[完成] 类型检查：/Users/zhiboc/repos/yuyan-worktrees/基础库-密码公钥核验/库/标准库/数据结构/字节缓冲。豫 | PID 29218 | 退出 0 | 运行 5/24 | 已完成 107
[完成] 语法解析：/Users/zhiboc/repos/yuyan-worktrees/基础库-密码公钥核验/库/标准库/数据结构/多态列。豫 | PID 29218 | 退出 0 | 运行 4/24 | 已完成 108
[启动] parse：/Users/zhiboc/repos/yuyan-worktrees/基础库-密码公钥核验/库/标准库/宿主带列。接口。豫 | 运行 5/24
[启动] parse：/Users/zhiboc/repos/yuyan-worktrees/基础库-密码公钥核验/库/标准库/数据结构/多态列工具。豫 | 运行 6/24
[启动] parse：/Users/zhiboc/repos/yuyan-worktrees/基础库-密码公钥核验/库/标准库/数学运算/数组转换。豫 | 运行 7/24
[启动] parse：/Users/zhiboc/repos/yuyan-worktrees/基础库-密码公钥核验/库/标准库/数学运算/具体列。豫 | 运行 8/24
[完成] 类型检查：/Users/zhiboc/repos/yuyan-worktrees/基础库-密码公钥核验/库/标准库/语言核心。豫 | PID 29218 | 退出 0 | 运行 7/24 | 已完成 109
[完成] 语法解析：/Users/zhiboc/repos/yuyan-worktrees/基础库-密码公钥核验/库/标准库/数据结构/多态列工具。豫 | PID 29218 | 退出 0 | 运行 6/24 | 已完成 110
[完成] 语法解析：/Users/zhiboc/repos/yuyan-worktrees/基础库-密码公钥核验/库/标准库/数学运算/具体列。豫 | PID 29218 | 退出 0 | 运行 5/24 | 已完成 111
[完成] 类型检查：/Users/zhiboc/repos/yuyan-worktrees/基础库-密码公钥核验/库/标准库/输入输出/笔。豫 | PID 29218 | 退出 0 | 运行 4/24 | 已完成 112
[启动] type-check-and-erase：/Users/zhiboc/repos/yuyan-worktrees/基础库-密码公钥核验/库/标准库/输入输出。豫 | 运行 5/24
[启动] type-check-and-erase：/Users/zhiboc/repos/yuyan-worktrees/基础库-密码公钥核验/库/标准库/数据结构/多态列。豫 | 运行 6/24
[完成] 类型检查：/Users/zhiboc/repos/yuyan-worktrees/基础库-密码公钥核验/库/标准库/操作系统/时间。豫 | PID 29218 | 退出 0 | 运行 5/24 | 已完成 113
[完成] 语法解析：/Users/zhiboc/repos/yuyan-worktrees/基础库-密码公钥核验/库/标准库/数学运算/数组转换。豫 | PID 29218 | 退出 0 | 运行 4/24 | 已完成 114
[启动] parse：/Users/zhiboc/repos/yuyan-worktrees/基础库-密码公钥核验/库/标准库/数据结构/字符串术。豫 | 运行 5/24
[启动] parse：/Users/zhiboc/repos/yuyan-worktrees/基础库-密码公钥核验/库/标准库/数据结构/字符流术。豫 | 运行 6/24
[启动] parse：/Users/zhiboc/repos/yuyan-worktrees/基础库-密码公钥核验/库/标准库/数学运算。豫 | 运行 7/24
[完成] 类型检查：/Users/zhiboc/repos/yuyan-worktrees/基础库-密码公钥核验/库/标准库/输入输出。豫 | PID 29218 | 退出 0 | 运行 6/24 | 已完成 115
[完成] 语法解析：/Users/zhiboc/repos/yuyan-worktrees/基础库-密码公钥核验/库/标准库/网络/传输控制协议。豫 | PID 29218 | 退出 0 | 运行 5/24 | 已完成 116
[启动] type-check-and-erase：/Users/zhiboc/repos/yuyan-worktrees/基础库-密码公钥核验/库/标准库/网络/传输控制协议。豫 | 运行 6/24
[完成] 语法解析：/Users/zhiboc/repos/yuyan-worktrees/基础库-密码公钥核验/库/标准库/数学运算。豫 | PID 29218 | 退出 0 | 运行 5/24 | 已完成 117
[完成] 语法解析：/Users/zhiboc/repos/yuyan-worktrees/基础库-密码公钥核验/库/标准库/宿主带列。接口。豫 | PID 29218 | 退出 0 | 运行 4/24 | 已完成 118
[启动] parse：/Users/zhiboc/repos/yuyan-worktrees/基础库-密码公钥核验/库/标准库/操作系统/命令行参数。豫 | 运行 5/24
[启动] parse：/Users/zhiboc/repos/yuyan-worktrees/基础库-密码公钥核验/库/标准库/操作系统/文件系统。豫 | 运行 6/24
[启动] parse：/Users/zhiboc/repos/yuyan-worktrees/基础库-密码公钥核验/库/标准库/控制/异步。豫 | 运行 7/24
[完成] 语法解析：/Users/zhiboc/repos/yuyan-worktrees/基础库-密码公钥核验/库/标准库/操作系统/文件系统。豫 | PID 29218 | 退出 0 | 运行 6/24 | 已完成 119
[完成] 语法解析：/Users/zhiboc/repos/yuyan-worktrees/基础库-密码公钥核验/库/标准库/数据结构/字符串术。豫 | PID 29218 | 退出 0 | 运行 5/24 | 已完成 120
[启动] parse：/Users/zhiboc/repos/yuyan-worktrees/基础库-密码公钥核验/库/标准库/操作系统/子进程。豫 | 运行 6/24
[启动] parse：/Users/zhiboc/repos/yuyan-worktrees/基础库-密码公钥核验/库/标准库/数据结构/特殊字符。豫 | 运行 7/24
[启动] parse：/Users/zhiboc/repos/yuyan-worktrees/基础库-密码公钥核验/库/标准库/数据结构/对子术。豫 | 运行 8/24
[完成] 语法解析：/Users/zhiboc/repos/yuyan-worktrees/基础库-密码公钥核验/库/标准库/数据结构/字符流术。豫 | PID 29218 | 退出 0 | 运行 7/24 | 已完成 121
[完成] 类型检查：/Users/zhiboc/repos/yuyan-worktrees/基础库-密码公钥核验/库/标准库/网络/传输控制协议。豫 | PID 29218 | 退出 0 | 运行 6/24 | 已完成 122
[完成] 语法解析：/Users/zhiboc/repos/yuyan-worktrees/基础库-密码公钥核验/库/标准库/操作系统/命令行参数。豫 | PID 29218 | 退出 0 | 运行 5/24 | 已完成 123
[完成] 语法解析：/Users/zhiboc/repos/yuyan-worktrees/基础库-密码公钥核验/库/标准库/数据结构/对子术。豫 | PID 29218 | 退出 0 | 运行 4/24 | 已完成 124
[启动] parse：/Users/zhiboc/repos/yuyan-worktrees/基础库-密码公钥核验/库/标准库/数据结构/列表搜索。豫 | 运行 5/24
[完成] 语法解析：/Users/zhiboc/repos/yuyan-worktrees/基础库-密码公钥核验/库/标准库/数据结构/列表搜索。豫 | PID 29218 | 退出 0 | 运行 4/24 | 已完成 125
[启动] parse：/Users/zhiboc/repos/yuyan-worktrees/基础库-密码公钥核验/库/标准库/数据结构/字典术。豫 | 运行 5/24
[完成] 语法解析：/Users/zhiboc/repos/yuyan-worktrees/基础库-密码公钥核验/库/标准库/控制/异步。豫 | PID 29218 | 退出 0 | 运行 4/24 | 已完成 126
[启动] parse：/Users/zhiboc/repos/yuyan-worktrees/基础库-密码公钥核验/库/标准库/网络/异步传输控制协议。豫 | 运行 5/24
[启动] parse：/Users/zhiboc/repos/yuyan-worktrees/基础库-密码公钥核验/库/标准库/控制。豫 | 运行 6/24
[完成] 语法解析：/Users/zhiboc/repos/yuyan-worktrees/基础库-密码公钥核验/库/标准库/数据结构/字典术。豫 | PID 29218 | 退出 0 | 运行 5/24 | 已完成 127
[启动] parse：/Users/zhiboc/repos/yuyan-worktrees/基础库-密码公钥核验/库/标准库/豫言标准内核。豫 | 运行 6/24
[完成] 语法解析：/Users/zhiboc/repos/yuyan-worktrees/基础库-密码公钥核验/库/标准库/网络/异步传输控制协议。豫 | PID 29218 | 退出 0 | 运行 5/24 | 已完成 128
[完成] 语法解析：/Users/zhiboc/repos/yuyan-worktrees/基础库-密码公钥核验/库/标准库/豫言标准内核。豫 | PID 29218 | 退出 0 | 运行 4/24 | 已完成 129
[启动] parse：/Users/zhiboc/repos/yuyan-worktrees/基础库-密码公钥核验/库/标准库/操作系统/路径。豫 | 运行 5/24
[完成] 语法解析：/Users/zhiboc/repos/yuyan-worktrees/基础库-密码公钥核验/库/标准库/数据结构/特殊字符。豫 | PID 29218 | 退出 0 | 运行 4/24 | 已完成 130
[启动] parse：/Users/zhiboc/repos/yuyan-worktrees/基础库-密码公钥核验/库/标准库/数据结构。豫 | 运行 5/24
[启动] parse：/Users/zhiboc/repos/yuyan-worktrees/基础库-密码公钥核验/库/标准库/网络/超文本传输协议。豫 | 运行 6/24
[完成] 语法解析：/Users/zhiboc/repos/yuyan-worktrees/基础库-密码公钥核验/库/标准库/操作系统/子进程。豫 | PID 29218 | 退出 0 | 运行 5/24 | 已完成 131
[完成] 语法解析：/Users/zhiboc/repos/yuyan-worktrees/基础库-密码公钥核验/库/标准库/操作系统/路径。豫 | PID 29218 | 退出 0 | 运行 4/24 | 已完成 132
[启动] parse：/Users/zhiboc/repos/yuyan-worktrees/基础库-密码公钥核验/库/标准库/操作系统。豫 | 运行 5/24
[完成] 语法解析：/Users/zhiboc/repos/yuyan-worktrees/基础库-密码公钥核验/库/标准库/网络/超文本传输协议。豫 | PID 29218 | 退出 0 | 运行 4/24 | 已完成 133
[启动] parse：/Users/zhiboc/repos/yuyan-worktrees/基础库-密码公钥核验/库/标准库/网络。豫 | 运行 5/24
[完成] 语法解析：/Users/zhiboc/repos/yuyan-worktrees/基础库-密码公钥核验/库/标准库/数据结构。豫 | PID 29218 | 退出 0 | 运行 4/24 | 已完成 134
[完成] 语法解析：/Users/zhiboc/repos/yuyan-worktrees/基础库-密码公钥核验/库/标准库/操作系统。豫 | PID 29218 | 退出 0 | 运行 3/24 | 已完成 135
[完成] 类型检查：/Users/zhiboc/repos/yuyan-worktrees/基础库-密码公钥核验/库/标准库/数据结构/多态列。豫 | PID 29218 | 退出 0 | 运行 2/24 | 已完成 136
[启动] type-check-and-erase：/Users/zhiboc/repos/yuyan-worktrees/基础库-密码公钥核验/库/标准库/宿主带列。接口。豫 | 运行 3/24
[启动] type-check-and-erase：/Users/zhiboc/repos/yuyan-worktrees/基础库-密码公钥核验/库/标准库/数据结构/多态列工具。豫 | 运行 4/24
[启动] type-check-and-erase：/Users/zhiboc/repos/yuyan-worktrees/基础库-密码公钥核验/库/标准库/数学运算/数组转换。豫 | 运行 5/24
[启动] type-check-and-erase：/Users/zhiboc/repos/yuyan-worktrees/基础库-密码公钥核验/库/标准库/数学运算/具体列。豫 | 运行 6/24
[完成] 语法解析：/Users/zhiboc/repos/yuyan-worktrees/基础库-密码公钥核验/库/标准库/网络。豫 | PID 29218 | 退出 0 | 运行 5/24 | 已完成 137
[完成] 类型检查：/Users/zhiboc/repos/yuyan-worktrees/基础库-密码公钥核验/库/标准库/宿主带列。接口。豫 | PID 29218 | 退出 0 | 运行 4/24 | 已完成 138
[启动] type-check-and-erase：/Users/zhiboc/repos/yuyan-worktrees/基础库-密码公钥核验/库/标准库/操作系统/命令行参数。豫 | 运行 5/24
[启动] type-check-and-erase：/Users/zhiboc/repos/yuyan-worktrees/基础库-密码公钥核验/库/标准库/操作系统/文件系统。豫 | 运行 6/24
[启动] type-check-and-erase：/Users/zhiboc/repos/yuyan-worktrees/基础库-密码公钥核验/库/标准库/控制/异步。豫 | 运行 7/24
[完成] 语法解析：/Users/zhiboc/repos/yuyan-worktrees/基础库-密码公钥核验/库/标准库/控制。豫 | PID 29218 | 退出 0 | 运行 6/24 | 已完成 139
[启动] parse：/Users/zhiboc/repos/yuyan-worktrees/基础库-密码公钥核验/库/标准库/总集。豫 | 运行 7/24
[完成] 类型检查：/Users/zhiboc/repos/yuyan-worktrees/基础库-密码公钥核验/库/标准库/操作系统/命令行参数。豫 | PID 29218 | 退出 0 | 运行 6/24 | 已完成 140
[完成] 类型检查：/Users/zhiboc/repos/yuyan-worktrees/基础库-密码公钥核验/库/标准库/数学运算/具体列。豫 | PID 29218 | 退出 0 | 运行 5/24 | 已完成 141
[完成] 类型检查：/Users/zhiboc/repos/yuyan-worktrees/基础库-密码公钥核验/库/标准库/数学运算/数组转换。豫 | PID 29218 | 退出 0 | 运行 4/24 | 已完成 142
[启动] type-check-and-erase：/Users/zhiboc/repos/yuyan-worktrees/基础库-密码公钥核验/库/标准库/数据结构/字符流术。豫 | 运行 5/24
[启动] type-check-and-erase：/Users/zhiboc/repos/yuyan-worktrees/基础库-密码公钥核验/库/标准库/数学运算。豫 | 运行 6/24
[完成] 类型检查：/Users/zhiboc/repos/yuyan-worktrees/基础库-密码公钥核验/库/标准库/数据结构/多态列工具。豫 | PID 29218 | 退出 0 | 运行 5/24 | 已完成 143
[启动] type-check-and-erase：/Users/zhiboc/repos/yuyan-worktrees/基础库-密码公钥核验/库/标准库/数据结构/字符串术。豫 | 运行 6/24
[完成] 语法解析：/Users/zhiboc/repos/yuyan-worktrees/基础库-密码公钥核验/库/标准库/总集。豫 | PID 29218 | 退出 0 | 运行 5/24 | 已完成 144
[启动] parse：/Users/zhiboc/repos/yuyan-worktrees/基础库-密码公钥核验/库/基础库/密码与安全/密码/曲线。豫 | 运行 6/24
[启动] parse：/Users/zhiboc/repos/yuyan-worktrees/基础库-密码公钥核验/库/基础库/密码与安全/密码/散列。豫 | 运行 7/24
[完成] 类型检查：/Users/zhiboc/repos/yuyan-worktrees/基础库-密码公钥核验/库/标准库/操作系统/文件系统。豫 | PID 29218 | 退出 0 | 运行 6/24 | 已完成 145
[完成] 语法解析：/Users/zhiboc/repos/yuyan-worktrees/基础库-密码公钥核验/库/基础库/密码与安全/密码/曲线。豫 | PID 29218 | 退出 0 | 运行 5/24 | 已完成 146
[完成] 类型检查：/Users/zhiboc/repos/yuyan-worktrees/基础库-密码公钥核验/库/标准库/数学运算。豫 | PID 29218 | 退出 0 | 运行 4/24 | 已完成 147
[完成] 类型检查：/Users/zhiboc/repos/yuyan-worktrees/基础库-密码公钥核验/库/标准库/数据结构/字符流术。豫 | PID 29218 | 退出 0 | 运行 3/24 | 已完成 148
[完成] 类型检查：/Users/zhiboc/repos/yuyan-worktrees/基础库-密码公钥核验/库/标准库/控制/异步。豫 | PID 29218 | 退出 0 | 运行 2/24 | 已完成 149
[启动] type-check-and-erase：/Users/zhiboc/repos/yuyan-worktrees/基础库-密码公钥核验/库/标准库/网络/异步传输控制协议。豫 | 运行 3/24
[启动] type-check-and-erase：/Users/zhiboc/repos/yuyan-worktrees/基础库-密码公钥核验/库/标准库/控制。豫 | 运行 4/24
[完成] 语法解析：/Users/zhiboc/repos/yuyan-worktrees/基础库-密码公钥核验/库/基础库/密码与安全/密码/散列。豫 | PID 29218 | 退出 0 | 运行 3/24 | 已完成 150
[启动] parse：/Users/zhiboc/repos/yuyan-worktrees/基础库-密码公钥核验/库/基础库/密码与安全/密码/宽字散列。豫 | 运行 4/24
[完成] 类型检查：/Users/zhiboc/repos/yuyan-worktrees/基础库-密码公钥核验/库/标准库/数据结构/字符串术。豫 | PID 29218 | 退出 0 | 运行 3/24 | 已完成 151
[启动] type-check-and-erase：/Users/zhiboc/repos/yuyan-worktrees/基础库-密码公钥核验/库/标准库/操作系统/子进程。豫 | 运行 4/24
[启动] type-check-and-erase：/Users/zhiboc/repos/yuyan-worktrees/基础库-密码公钥核验/库/标准库/数据结构/特殊字符。豫 | 运行 5/24
[启动] type-check-and-erase：/Users/zhiboc/repos/yuyan-worktrees/基础库-密码公钥核验/库/标准库/数据结构/对子术。豫 | 运行 6/24
[完成] 类型检查：/Users/zhiboc/repos/yuyan-worktrees/基础库-密码公钥核验/库/标准库/网络/异步传输控制协议。豫 | PID 29218 | 退出 0 | 运行 5/24 | 已完成 152
[完成] 语法解析：/Users/zhiboc/repos/yuyan-worktrees/基础库-密码公钥核验/库/基础库/密码与安全/密码/宽字散列。豫 | PID 29218 | 退出 0 | 运行 4/24 | 已完成 153
[启动] parse：/Users/zhiboc/repos/yuyan-worktrees/基础库-密码公钥核验/库/基础库/密码与安全/密码/爱德曲线。豫 | 运行 5/24
[完成] 类型检查：/Users/zhiboc/repos/yuyan-worktrees/基础库-密码公钥核验/库/标准库/操作系统/子进程。豫 | PID 29218 | 退出 0 | 运行 4/24 | 已完成 154
[完成] 类型检查：/Users/zhiboc/repos/yuyan-worktrees/基础库-密码公钥核验/库/标准库/数据结构/对子术。豫 | PID 29218 | 退出 0 | 运行 3/24 | 已完成 155
[启动] type-check-and-erase：/Users/zhiboc/repos/yuyan-worktrees/基础库-密码公钥核验/库/标准库/数据结构/列表搜索。豫 | 运行 4/24
[完成] 类型检查：/Users/zhiboc/repos/yuyan-worktrees/基础库-密码公钥核验/库/标准库/控制。豫 | PID 29218 | 退出 0 | 运行 3/24 | 已完成 156
[完成] 语法解析：/Users/zhiboc/repos/yuyan-worktrees/基础库-密码公钥核验/库/基础库/密码与安全/密码/爱德曲线。豫 | PID 29218 | 退出 0 | 运行 2/24 | 已完成 157
[完成] 类型检查：/Users/zhiboc/repos/yuyan-worktrees/基础库-密码公钥核验/库/标准库/数据结构/列表搜索。豫 | PID 29218 | 退出 0 | 运行 1/24 | 已完成 158
[启动] type-check-and-erase：/Users/zhiboc/repos/yuyan-worktrees/基础库-密码公钥核验/库/标准库/数据结构/字典术。豫 | 运行 2/24
[完成] 类型检查：/Users/zhiboc/repos/yuyan-worktrees/基础库-密码公钥核验/库/标准库/数据结构/特殊字符。豫 | PID 29218 | 退出 0 | 运行 1/24 | 已完成 159
[启动] type-check-and-erase：/Users/zhiboc/repos/yuyan-worktrees/基础库-密码公钥核验/库/标准库/网络/超文本传输协议。豫 | 运行 2/24
[完成] 类型检查：/Users/zhiboc/repos/yuyan-worktrees/基础库-密码公钥核验/库/标准库/数据结构/字典术。豫 | PID 29218 | 退出 0 | 运行 1/24 | 已完成 160
[启动] type-check-and-erase：/Users/zhiboc/repos/yuyan-worktrees/基础库-密码公钥核验/库/标准库/数据结构。豫 | 运行 2/24
[启动] type-check-and-erase：/Users/zhiboc/repos/yuyan-worktrees/基础库-密码公钥核验/库/标准库/豫言标准内核。豫 | 运行 3/24
[完成] 类型检查：/Users/zhiboc/repos/yuyan-worktrees/基础库-密码公钥核验/库/标准库/网络/超文本传输协议。豫 | PID 29218 | 退出 0 | 运行 2/24 | 已完成 161
[启动] type-check-and-erase：/Users/zhiboc/repos/yuyan-worktrees/基础库-密码公钥核验/库/标准库/网络。豫 | 运行 3/24
[完成] 类型检查：/Users/zhiboc/repos/yuyan-worktrees/基础库-密码公钥核验/库/标准库/网络。豫 | PID 29218 | 退出 0 | 运行 2/24 | 已完成 162
[完成] 类型检查：/Users/zhiboc/repos/yuyan-worktrees/基础库-密码公钥核验/库/标准库/数据结构。豫 | PID 29218 | 退出 0 | 运行 1/24 | 已完成 163
[完成] 类型检查：/Users/zhiboc/repos/yuyan-worktrees/基础库-密码公钥核验/库/标准库/豫言标准内核。豫 | PID 29218 | 退出 0 | 运行 0/24 | 已完成 164
[启动] type-check-and-erase：/Users/zhiboc/repos/yuyan-worktrees/基础库-密码公钥核验/库/标准库/操作系统/路径。豫 | 运行 1/24
[完成] 类型检查：/Users/zhiboc/repos/yuyan-worktrees/基础库-密码公钥核验/库/标准库/操作系统/路径。豫 | PID 29218 | 退出 0 | 运行 0/24 | 已完成 165
[启动] type-check-and-erase：/Users/zhiboc/repos/yuyan-worktrees/基础库-密码公钥核验/库/标准库/操作系统。豫 | 运行 1/24
[完成] 类型检查：/Users/zhiboc/repos/yuyan-worktrees/基础库-密码公钥核验/库/标准库/操作系统。豫 | PID 29218 | 退出 0 | 运行 0/24 | 已完成 166
[启动] type-check-and-erase：/Users/zhiboc/repos/yuyan-worktrees/基础库-密码公钥核验/库/标准库/总集。豫 | 运行 1/24
[完成] 类型检查：/Users/zhiboc/repos/yuyan-worktrees/基础库-密码公钥核验/库/标准库/总集。豫 | PID 29218 | 退出 0 | 运行 0/24 | 已完成 167
[启动] type-check-and-erase：/Users/zhiboc/repos/yuyan-worktrees/基础库-密码公钥核验/库/基础库/密码与安全/密码/曲线。豫 | 运行 1/24
[启动] type-check-and-erase：/Users/zhiboc/repos/yuyan-worktrees/基础库-密码公钥核验/库/基础库/密码与安全/密码/散列。豫 | 运行 2/24
[完成] 类型检查：/Users/zhiboc/repos/yuyan-worktrees/基础库-密码公钥核验/库/基础库/密码与安全/密码/曲线。豫 | PID 29218 | 退出 0 | 运行 1/24 | 已完成 168
[完成] 类型检查：/Users/zhiboc/repos/yuyan-worktrees/基础库-密码公钥核验/库/基础库/密码与安全/密码/散列。豫 | PID 29218 | 退出 0 | 运行 0/24 | 已完成 169
[启动] type-check-and-erase：/Users/zhiboc/repos/yuyan-worktrees/基础库-密码公钥核验/库/基础库/密码与安全/密码/宽字散列。豫 | 运行 1/24
[完成] 类型检查：/Users/zhiboc/repos/yuyan-worktrees/基础库-密码公钥核验/库/基础库/密码与安全/密码/宽字散列。豫 | PID 29218 | 退出 0 | 运行 0/24 | 已完成 170
[启动] type-check-and-erase：/Users/zhiboc/repos/yuyan-worktrees/基础库-密码公钥核验/库/基础库/密码与安全/密码/爱德曲线。豫 | 运行 1/24
[完成] 类型检查：/Users/zhiboc/repos/yuyan-worktrees/基础库-密码公钥核验/库/基础库/密码与安全/密码/爱德曲线。豫 | PID 29218 | 退出 0 | 运行 0/24 | 已完成 171
[启动] exec-gen：/Users/zhiboc/repos/yuyan-worktrees/基础库-密码公钥核验/库/基础库/密码与安全/密码/爱德曲线。豫 | 运行 1/24
[完成] 最终链接：/Users/zhiboc/repos/yuyan-worktrees/基础库-密码公钥核验/库/基础库/密码与安全/密码/爱德曲线。豫 | PID 29218 | 退出 0 | 运行 0/24 | 已完成 172
[2026-10-08 01:03:00] 当前路径：/Users/zhiboc/repos/yuyan-worktrees/基础库-密码公钥核验/yyRSA验证链

[2026-10-08 01:03:00] 当前路径：/Users/zhiboc/repos/yuyan-worktrees/基础库-密码公钥核验/yyRSA验证链
[启动] dependency-analysis：/Users/zhiboc/repos/yuyan-worktrees/基础库-密码公钥核验/库/基础库/密码与安全/密码/爱德签名。豫 | 运行 1/24
[完成] 依赖分析：/Users/zhiboc/repos/yuyan-worktrees/基础库-密码公钥核验/库/基础库/密码与安全/密码/爱德签名。豫 | PID 29225 | 退出 0 | 运行 0/24 | 已完成 1
[启动] dependency-analysis：/Users/zhiboc/repos/yuyan-worktrees/基础库-密码公钥核验/库/标准库/总集。豫 | 运行 1/24
[启动] dependency-analysis：/Users/zhiboc/repos/yuyan-worktrees/基础库-密码公钥核验/库/标准库/数据结构/整数操作。豫 | 运行 2/24
[启动] dependency-analysis：/Users/zhiboc/repos/yuyan-worktrees/基础库-密码公钥核验/库/基础库/密码与安全/密码/曲线。豫 | 运行 3/24
[启动] dependency-analysis：/Users/zhiboc/repos/yuyan-worktrees/基础库-密码公钥核验/库/基础库/密码与安全/密码/爱德曲线。豫 | 运行 4/24
[启动] dependency-analysis：/Users/zhiboc/repos/yuyan-worktrees/基础库-密码公钥核验/库/基础库/密码与安全/密码/字节。豫 | 运行 5/24
[启动] dependency-analysis：/Users/zhiboc/repos/yuyan-worktrees/基础库-密码公钥核验/库/基础库/密码与安全/密码/宽字散列。豫 | 运行 6/24
[完成] 依赖分析：/Users/zhiboc/repos/yuyan-worktrees/基础库-密码公钥核验/库/标准库/总集。豫 | PID 29225 | 退出 0 | 运行 5/24 | 已完成 2
[启动] dependency-analysis：/Users/zhiboc/repos/yuyan-worktrees/基础库-密码公钥核验/库/标准库/操作系统。豫 | 运行 6/24
[启动] dependency-analysis：/Users/zhiboc/repos/yuyan-worktrees/基础库-密码公钥核验/库/标准库/控制。豫 | 运行 7/24
[启动] dependency-analysis：/Users/zhiboc/repos/yuyan-worktrees/基础库-密码公钥核验/库/标准库/数学运算。豫 | 运行 8/24
[启动] dependency-analysis：/Users/zhiboc/repos/yuyan-worktrees/基础库-密码公钥核验/库/标准库/数据结构。豫 | 运行 9/24
[启动] dependency-analysis：/Users/zhiboc/repos/yuyan-worktrees/基础库-密码公钥核验/库/标准库/输入输出。豫 | 运行 10/24
[启动] dependency-analysis：/Users/zhiboc/repos/yuyan-worktrees/基础库-密码公钥核验/库/标准库/语言核心。豫 | 运行 11/24
[启动] dependency-analysis：/Users/zhiboc/repos/yuyan-worktrees/基础库-密码公钥核验/库/标准库/网络。豫 | 运行 12/24
[启动] dependency-analysis：/Users/zhiboc/repos/yuyan-worktrees/基础库-密码公钥核验/库/标准库/豫言标准内核。豫 | 运行 13/24
[完成] 依赖分析：/Users/zhiboc/repos/yuyan-worktrees/基础库-密码公钥核验/库/标准库/操作系统。豫 | PID 29225 | 退出 0 | 运行 12/24 | 已完成 3
[启动] dependency-analysis：/Users/zhiboc/repos/yuyan-worktrees/基础库-密码公钥核验/库/标准库/操作系统/子进程。豫 | 运行 13/24
[启动] dependency-analysis：/Users/zhiboc/repos/yuyan-worktrees/基础库-密码公钥核验/库/标准库/操作系统/命令行参数。豫 | 运行 14/24
[启动] dependency-analysis：/Users/zhiboc/repos/yuyan-worktrees/基础库-密码公钥核验/库/标准库/操作系统/文件系统。豫 | 运行 15/24
[启动] dependency-analysis：/Users/zhiboc/repos/yuyan-worktrees/基础库-密码公钥核验/库/标准库/操作系统/进程。豫 | 运行 16/24
[启动] dependency-analysis：/Users/zhiboc/repos/yuyan-worktrees/基础库-密码公钥核验/库/标准库/操作系统/时间。豫 | 运行 17/24
[启动] dependency-analysis：/Users/zhiboc/repos/yuyan-worktrees/基础库-密码公钥核验/库/标准库/操作系统/路径。豫 | 运行 18/24
[启动] dependency-analysis：/Users/zhiboc/repos/yuyan-worktrees/基础库-密码公钥核验/库/标准库/操作系统/系统名称。豫 | 运行 19/24
[启动] dependency-analysis：/Users/zhiboc/repos/yuyan-worktrees/基础库-密码公钥核验/库/标准库/操作系统/环境变量。豫 | 运行 20/24
[完成] 依赖分析：/Users/zhiboc/repos/yuyan-worktrees/基础库-密码公钥核验/库/标准库/数学运算。豫 | PID 29225 | 退出 0 | 运行 19/24 | 已完成 4
[启动] dependency-analysis：/Users/zhiboc/repos/yuyan-worktrees/基础库-密码公钥核验/库/标准库/数学运算/转换。豫 | 运行 20/24
[启动] dependency-analysis：/Users/zhiboc/repos/yuyan-worktrees/基础库-密码公钥核验/库/标准库/数学运算/具体列。豫 | 运行 21/24
[启动] dependency-analysis：/Users/zhiboc/repos/yuyan-worktrees/基础库-密码公钥核验/库/标准库/数学运算/随机。豫 | 运行 22/24
[启动] dependency-analysis：/Users/zhiboc/repos/yuyan-worktrees/基础库-密码公钥核验/库/标准库/数学运算/大小。豫 | 运行 23/24
[启动] dependency-analysis：/Users/zhiboc/repos/yuyan-worktrees/基础库-密码公钥核验/库/标准库/数学运算/数组转换。豫 | 运行 24/24
[完成] 依赖分析：/Users/zhiboc/repos/yuyan-worktrees/基础库-密码公钥核验/库/标准库/数据结构。豫 | PID 29225 | 退出 0 | 运行 23/24 | 已完成 5
[启动] dependency-analysis：/Users/zhiboc/repos/yuyan-worktrees/基础库-密码公钥核验/库/标准库/数据结构/多态列。豫 | 运行 24/24
[完成] 依赖分析：/Users/zhiboc/repos/yuyan-worktrees/基础库-密码公钥核验/库/标准库/输入输出。豫 | PID 29225 | 退出 0 | 运行 23/24 | 已完成 6
[启动] dependency-analysis：/Users/zhiboc/repos/yuyan-worktrees/基础库-密码公钥核验/库/标准库/数据结构/多态列工具。豫 | 运行 24/24
[完成] 依赖分析：/Users/zhiboc/repos/yuyan-worktrees/基础库-密码公钥核验/库/标准库/语言核心。豫 | PID 29225 | 退出 0 | 运行 23/24 | 已完成 7
[启动] dependency-analysis：/Users/zhiboc/repos/yuyan-worktrees/基础库-密码公钥核验/库/标准库/数据结构/爻术。豫 | 运行 24/24
[完成] 依赖分析：/Users/zhiboc/repos/yuyan-worktrees/基础库-密码公钥核验/库/标准库/网络。豫 | PID 29225 | 退出 0 | 运行 23/24 | 已完成 8
[启动] dependency-analysis：/Users/zhiboc/repos/yuyan-worktrees/基础库-密码公钥核验/库/标准库/数据结构/字符串术。豫 | 运行 24/24
[完成] 依赖分析：/Users/zhiboc/repos/yuyan-worktrees/基础库-密码公钥核验/库/标准库/豫言标准内核。豫 | PID 29225 | 退出 0 | 运行 23/24 | 已完成 9
[启动] dependency-analysis：/Users/zhiboc/repos/yuyan-worktrees/基础库-密码公钥核验/库/标准库/数据结构/字符流术。豫 | 运行 24/24
[完成] 依赖分析：/Users/zhiboc/repos/yuyan-worktrees/基础库-密码公钥核验/库/标准库/操作系统/子进程。豫 | PID 29225 | 退出 0 | 运行 23/24 | 已完成 10
[启动] dependency-analysis：/Users/zhiboc/repos/yuyan-worktrees/基础库-密码公钥核验/库/标准库/数据结构/特殊字符。豫 | 运行 24/24
[完成] 依赖分析：/Users/zhiboc/repos/yuyan-worktrees/基础库-密码公钥核验/库/标准库/操作系统/命令行参数。豫 | PID 29225 | 退出 0 | 运行 23/24 | 已完成 11
[启动] dependency-analysis：/Users/zhiboc/repos/yuyan-worktrees/基础库-密码公钥核验/库/标准库/数据结构/对子术。豫 | 运行 24/24
[完成] 依赖分析：/Users/zhiboc/repos/yuyan-worktrees/基础库-密码公钥核验/库/标准库/操作系统/进程。豫 | PID 29225 | 退出 0 | 运行 23/24 | 已完成 12
[启动] dependency-analysis：/Users/zhiboc/repos/yuyan-worktrees/基础库-密码公钥核验/库/标准库/数据结构/字典术。豫 | 运行 24/24
[完成] 依赖分析：/Users/zhiboc/repos/yuyan-worktrees/基础库-密码公钥核验/库/标准库/操作系统/时间。豫 | PID 29225 | 退出 0 | 运行 23/24 | 已完成 13
[启动] dependency-analysis：/Users/zhiboc/repos/yuyan-worktrees/基础库-密码公钥核验/库/标准库/数据结构/可选值。豫 | 运行 24/24
[完成] 依赖分析：/Users/zhiboc/repos/yuyan-worktrees/基础库-密码公钥核验/库/标准库/操作系统/路径。豫 | PID 29225 | 退出 0 | 运行 23/24 | 已完成 14
[启动] dependency-analysis：/Users/zhiboc/repos/yuyan-worktrees/基础库-密码公钥核验/库/标准库/数据结构/小数操作。豫 | 运行 24/24
[完成] 依赖分析：/Users/zhiboc/repos/yuyan-worktrees/基础库-密码公钥核验/库/标准库/操作系统/系统名称。豫 | PID 29225 | 退出 0 | 运行 23/24 | 已完成 15
[启动] dependency-analysis：/Users/zhiboc/repos/yuyan-worktrees/基础库-密码公钥核验/库/标准库/数据结构/小数术。豫 | 运行 24/24
[完成] 依赖分析：/Users/zhiboc/repos/yuyan-worktrees/基础库-密码公钥核验/库/标准库/操作系统/环境变量。豫 | PID 29225 | 退出 0 | 运行 23/24 | 已完成 16
[启动] dependency-analysis：/Users/zhiboc/repos/yuyan-worktrees/基础库-密码公钥核验/库/标准库/数据结构/列表搜索。豫 | 运行 24/24
[完成] 依赖分析：/Users/zhiboc/repos/yuyan-worktrees/基础库-密码公钥核验/库/标准库/数学运算/转换。豫 | PID 29225 | 退出 0 | 运行 23/24 | 已完成 17
[启动] dependency-analysis：/Users/zhiboc/repos/yuyan-worktrees/基础库-密码公钥核验/库/标准库/数据结构/函数操作。豫 | 运行 24/24
[完成] 依赖分析：/Users/zhiboc/repos/yuyan-worktrees/基础库-密码公钥核验/库/标准库/数学运算/随机。豫 | PID 29225 | 退出 0 | 运行 23/24 | 已完成 18
[启动] dependency-analysis：/Users/zhiboc/repos/yuyan-worktrees/基础库-密码公钥核验/库/标准库/数据结构/字节串。豫 | 运行 24/24
[完成] 依赖分析：/Users/zhiboc/repos/yuyan-worktrees/基础库-密码公钥核验/库/标准库/数学运算/大小。豫 | PID 29225 | 退出 0 | 运行 23/24 | 已完成 19
[启动] dependency-analysis：/Users/zhiboc/repos/yuyan-worktrees/基础库-密码公钥核验/库/标准库/数据结构/字节缓冲。豫 | 运行 24/24
[完成] 依赖分析：/Users/zhiboc/repos/yuyan-worktrees/基础库-密码公钥核验/库/标准库/数学运算/数组转换。豫 | PID 29225 | 退出 0 | 运行 23/24 | 已完成 20
[启动] dependency-analysis：/Users/zhiboc/repos/yuyan-worktrees/基础库-密码公钥核验/库/标准库/输入输出/笔。豫 | 运行 24/24
[完成] 依赖分析：/Users/zhiboc/repos/yuyan-worktrees/基础库-密码公钥核验/库/标准库/数据结构/多态列。豫 | PID 29225 | 退出 0 | 运行 23/24 | 已完成 21
[启动] dependency-analysis：/Users/zhiboc/repos/yuyan-worktrees/基础库-密码公钥核验/库/标准库/语言核心/内建类型。豫 | 运行 24/24
[完成] 依赖分析：/Users/zhiboc/repos/yuyan-worktrees/基础库-密码公钥核验/库/标准库/数据结构/多态列工具。豫 | PID 29225 | 退出 0 | 运行 23/24 | 已完成 22
[启动] dependency-analysis：/Users/zhiboc/repos/yuyan-worktrees/基础库-密码公钥核验/库/标准库/语言核心/续延。豫 | 运行 24/24
[完成] 依赖分析：/Users/zhiboc/repos/yuyan-worktrees/基础库-密码公钥核验/库/标准库/数据结构/爻术。豫 | PID 29225 | 退出 0 | 运行 23/24 | 已完成 23
[启动] dependency-analysis：/Users/zhiboc/repos/yuyan-worktrees/基础库-密码公钥核验/库/标准库/语言核心/异常。豫 | 运行 24/24
[完成] 依赖分析：/Users/zhiboc/repos/yuyan-worktrees/基础库-密码公钥核验/库/标准库/数据结构/字符串术。豫 | PID 29225 | 退出 0 | 运行 23/24 | 已完成 24
[启动] dependency-analysis：/Users/zhiboc/repos/yuyan-worktrees/基础库-密码公钥核验/库/标准库/语言核心/引用。豫 | 运行 24/24
[完成] 依赖分析：/Users/zhiboc/repos/yuyan-worktrees/基础库-密码公钥核验/库/标准库/数据结构/字符流术。豫 | PID 29225 | 退出 0 | 运行 23/24 | 已完成 25
[启动] dependency-analysis：/Users/zhiboc/repos/yuyan-worktrees/基础库-密码公钥核验/库/标准库/语言核心/不安全。豫 | 运行 24/24
[完成] 依赖分析：/Users/zhiboc/repos/yuyan-worktrees/基础库-密码公钥核验/库/标准库/数据结构/特殊字符。豫 | PID 29225 | 退出 0 | 运行 23/24 | 已完成 26
[启动] dependency-analysis：/Users/zhiboc/repos/yuyan-worktrees/基础库-密码公钥核验/库/标准库/语言核心/异步原语。豫 | 运行 24/24
[完成] 依赖分析：/Users/zhiboc/repos/yuyan-worktrees/基础库-密码公钥核验/库/标准库/数据结构/对子术。豫 | PID 29225 | 退出 0 | 运行 23/24 | 已完成 27
[启动] dependency-analysis：/Users/zhiboc/repos/yuyan-worktrees/基础库-密码公钥核验/库/标准库/网络/传输控制协议。豫 | 运行 24/24
[完成] 依赖分析：/Users/zhiboc/repos/yuyan-worktrees/基础库-密码公钥核验/库/标准库/数据结构/字典术。豫 | PID 29225 | 退出 0 | 运行 23/24 | 已完成 28
[启动] dependency-analysis：/Users/zhiboc/repos/yuyan-worktrees/基础库-密码公钥核验/库/标准库/网络/异步传输控制协议。豫 | 运行 24/24
[完成] 依赖分析：/Users/zhiboc/repos/yuyan-worktrees/基础库-密码公钥核验/库/标准库/数据结构/可选值。豫 | PID 29225 | 退出 0 | 运行 23/24 | 已完成 29
[启动] dependency-analysis：/Users/zhiboc/repos/yuyan-worktrees/基础库-密码公钥核验/库/标准库/网络/超文本传输协议。豫 | 运行 24/24
[完成] 依赖分析：/Users/zhiboc/repos/yuyan-worktrees/基础库-密码公钥核验/库/标准库/数据结构/小数操作。豫 | PID 29225 | 退出 0 | 运行 23/24 | 已完成 30
[启动] dependency-analysis：/Users/zhiboc/repos/yuyan-worktrees/基础库-密码公钥核验/库/标准库/控制/惰性求值。豫 | 运行 24/24
[完成] 依赖分析：/Users/zhiboc/repos/yuyan-worktrees/基础库-密码公钥核验/库/标准库/数据结构/小数术。豫 | PID 29225 | 退出 0 | 运行 23/24 | 已完成 31
[启动] dependency-analysis：/Users/zhiboc/repos/yuyan-worktrees/基础库-密码公钥核验/库/标准库/宿主带列。接口。豫 | 运行 24/24
[完成] 依赖分析：/Users/zhiboc/repos/yuyan-worktrees/基础库-密码公钥核验/库/标准库/数据结构/列表搜索。豫 | PID 29225 | 退出 0 | 运行 23/24 | 已完成 32
[启动] dependency-analysis：/Users/zhiboc/repos/yuyan-worktrees/基础库-密码公钥核验/库/标准库/宿主。接口。豫 | 运行 24/24
[完成] 依赖分析：/Users/zhiboc/repos/yuyan-worktrees/基础库-密码公钥核验/库/标准库/数据结构/函数操作。豫 | PID 29225 | 退出 0 | 运行 23/24 | 已完成 33
[启动] dependency-analysis：/Users/zhiboc/repos/yuyan-worktrees/基础库-密码公钥核验/库/标准库/语言核心/原语。内建。豫 | 运行 24/24
[完成] 依赖分析：/Users/zhiboc/repos/yuyan-worktrees/基础库-密码公钥核验/库/标准库/数据结构/字节串。豫 | PID 29225 | 退出 0 | 运行 23/24 | 已完成 34
[启动] parse：/Users/zhiboc/repos/yuyan-worktrees/基础库-密码公钥核验/库/标准库/数据结构/函数操作。豫 | 运行 24/24
[完成] 依赖分析：/Users/zhiboc/repos/yuyan-worktrees/基础库-密码公钥核验/库/标准库/数据结构/字节缓冲。豫 | PID 29225 | 退出 0 | 运行 23/24 | 已完成 35
[完成] 依赖分析：/Users/zhiboc/repos/yuyan-worktrees/基础库-密码公钥核验/库/标准库/输入输出/笔。豫 | PID 29225 | 退出 0 | 运行 22/24 | 已完成 36
[完成] 依赖分析：/Users/zhiboc/repos/yuyan-worktrees/基础库-密码公钥核验/库/标准库/语言核心/内建类型。豫 | PID 29225 | 退出 0 | 运行 21/24 | 已完成 37
[启动] parse：/Users/zhiboc/repos/yuyan-worktrees/基础库-密码公钥核验/库/标准库/语言核心/内建类型。豫 | 运行 22/24
[完成] 依赖分析：/Users/zhiboc/repos/yuyan-worktrees/基础库-密码公钥核验/库/标准库/语言核心/续延。豫 | PID 29225 | 退出 0 | 运行 21/24 | 已完成 38
[启动] parse：/Users/zhiboc/repos/yuyan-worktrees/基础库-密码公钥核验/库/标准库/语言核心/续延。豫 | 运行 22/24
[完成] 依赖分析：/Users/zhiboc/repos/yuyan-worktrees/基础库-密码公钥核验/库/标准库/语言核心/异常。豫 | PID 29225 | 退出 0 | 运行 21/24 | 已完成 39
[完成] 依赖分析：/Users/zhiboc/repos/yuyan-worktrees/基础库-密码公钥核验/库/标准库/语言核心/不安全。豫 | PID 29225 | 退出 0 | 运行 20/24 | 已完成 40
[完成] 依赖分析：/Users/zhiboc/repos/yuyan-worktrees/基础库-密码公钥核验/库/标准库/语言核心/异步原语。豫 | PID 29225 | 退出 0 | 运行 19/24 | 已完成 41
[完成] 依赖分析：/Users/zhiboc/repos/yuyan-worktrees/基础库-密码公钥核验/库/标准库/网络/传输控制协议。豫 | PID 29225 | 退出 0 | 运行 18/24 | 已完成 42
[完成] 依赖分析：/Users/zhiboc/repos/yuyan-worktrees/基础库-密码公钥核验/库/标准库/网络/异步传输控制协议。豫 | PID 29225 | 退出 0 | 运行 17/24 | 已完成 43
[启动] dependency-analysis：/Users/zhiboc/repos/yuyan-worktrees/基础库-密码公钥核验/库/标准库/控制/异步。豫 | 运行 18/24
[完成] 依赖分析：/Users/zhiboc/repos/yuyan-worktrees/基础库-密码公钥核验/库/标准库/网络/超文本传输协议。豫 | PID 29225 | 退出 0 | 运行 17/24 | 已完成 44
[完成] 依赖分析：/Users/zhiboc/repos/yuyan-worktrees/基础库-密码公钥核验/库/标准库/宿主带列。接口。豫 | PID 29225 | 退出 0 | 运行 16/24 | 已完成 45
[完成] 依赖分析：/Users/zhiboc/repos/yuyan-worktrees/基础库-密码公钥核验/库/标准库/宿主。接口。豫 | PID 29225 | 退出 0 | 运行 15/24 | 已完成 46
[完成] 依赖分析：/Users/zhiboc/repos/yuyan-worktrees/基础库-密码公钥核验/库/标准库/语言核心/原语。内建。豫 | PID 29225 | 退出 0 | 运行 14/24 | 已完成 47
[完成] 语法解析：/Users/zhiboc/repos/yuyan-worktrees/基础库-密码公钥核验/库/标准库/语言核心/内建类型。豫 | PID 29225 | 退出 0 | 运行 13/24 | 已完成 48
[启动] parse：/Users/zhiboc/repos/yuyan-worktrees/基础库-密码公钥核验/库/标准库/数学运算/大小。豫 | 运行 14/24
[启动] parse：/Users/zhiboc/repos/yuyan-worktrees/基础库-密码公钥核验/库/标准库/数据结构/爻术。豫 | 运行 15/24
[启动] parse：/Users/zhiboc/repos/yuyan-worktrees/基础库-密码公钥核验/库/标准库/语言核心/原语。内建。豫 | 运行 16/24
[启动] type-check-and-erase：/Users/zhiboc/repos/yuyan-worktrees/基础库-密码公钥核验/库/标准库/语言核心/内建类型。豫 | 运行 17/24
[完成] 依赖分析：/Users/zhiboc/repos/yuyan-worktrees/基础库-密码公钥核验/库/标准库/控制/异步。豫 | PID 29225 | 退出 0 | 运行 16/24 | 已完成 49
[完成] 语法解析：/Users/zhiboc/repos/yuyan-worktrees/基础库-密码公钥核验/库/标准库/数学运算/大小。豫 | PID 29225 | 退出 0 | 运行 15/24 | 已完成 50
[完成] 语法解析：/Users/zhiboc/repos/yuyan-worktrees/基础库-密码公钥核验/库/标准库/数据结构/爻术。豫 | PID 29225 | 退出 0 | 运行 14/24 | 已完成 51
[完成] 语法解析：/Users/zhiboc/repos/yuyan-worktrees/基础库-密码公钥核验/库/标准库/数据结构/函数操作。豫 | PID 29225 | 退出 0 | 运行 13/24 | 已完成 52
[启动] type-check-and-erase：/Users/zhiboc/repos/yuyan-worktrees/基础库-密码公钥核验/库/标准库/数据结构/函数操作。豫 | 运行 14/24
[完成] 依赖分析：/Users/zhiboc/repos/yuyan-worktrees/基础库-密码公钥核验/库/标准库/语言核心/引用。豫 | PID 29225 | 退出 0 | 运行 13/24 | 已完成 53
[完成] 依赖分析：/Users/zhiboc/repos/yuyan-worktrees/基础库-密码公钥核验/库/标准库/数学运算/具体列。豫 | PID 29225 | 退出 0 | 运行 12/24 | 已完成 54
[完成] 依赖分析：/Users/zhiboc/repos/yuyan-worktrees/基础库-密码公钥核验/库/标准库/操作系统/文件系统。豫 | PID 29225 | 退出 0 | 运行 11/24 | 已完成 55
[完成] 依赖分析：/Users/zhiboc/repos/yuyan-worktrees/基础库-密码公钥核验/库/标准库/控制。豫 | PID 29225 | 退出 0 | 运行 10/24 | 已完成 56
[完成] 依赖分析：/Users/zhiboc/repos/yuyan-worktrees/基础库-密码公钥核验/库/基础库/密码与安全/密码/宽字散列。豫 | PID 29225 | 退出 0 | 运行 9/24 | 已完成 57
[启动] dependency-analysis：/Users/zhiboc/repos/yuyan-worktrees/基础库-密码公钥核验/库/基础库/密码与安全/密码/散列。豫 | 运行 10/24
[完成] 依赖分析：/Users/zhiboc/repos/yuyan-worktrees/基础库-密码公钥核验/库/基础库/密码与安全/密码/字节。豫 | PID 29225 | 退出 0 | 运行 9/24 | 已完成 58
[完成] 依赖分析：/Users/zhiboc/repos/yuyan-worktrees/基础库-密码公钥核验/库/基础库/密码与安全/密码/爱德曲线。豫 | PID 29225 | 退出 0 | 运行 8/24 | 已完成 59
[完成] 依赖分析：/Users/zhiboc/repos/yuyan-worktrees/基础库-密码公钥核验/库/基础库/密码与安全/密码/曲线。豫 | PID 29225 | 退出 0 | 运行 7/24 | 已完成 60
[完成] 依赖分析：/Users/zhiboc/repos/yuyan-worktrees/基础库-密码公钥核验/库/标准库/数据结构/整数操作。豫 | PID 29225 | 退出 0 | 运行 6/24 | 已完成 61
[完成] 类型检查：/Users/zhiboc/repos/yuyan-worktrees/基础库-密码公钥核验/库/标准库/数据结构/函数操作。豫 | PID 29225 | 退出 0 | 运行 5/24 | 已完成 62
[完成] 类型检查：/Users/zhiboc/repos/yuyan-worktrees/基础库-密码公钥核验/库/标准库/语言核心/内建类型。豫 | PID 29225 | 退出 0 | 运行 4/24 | 已完成 63
[启动] type-check-and-erase：/Users/zhiboc/repos/yuyan-worktrees/基础库-密码公钥核验/库/标准库/数学运算/大小。豫 | 运行 5/24
[启动] type-check-and-erase：/Users/zhiboc/repos/yuyan-worktrees/基础库-密码公钥核验/库/标准库/数据结构/爻术。豫 | 运行 6/24
[完成] 语法解析：/Users/zhiboc/repos/yuyan-worktrees/基础库-密码公钥核验/库/标准库/语言核心/原语。内建。豫 | PID 29225 | 退出 0 | 运行 5/24 | 已完成 64
[启动] parse：/Users/zhiboc/repos/yuyan-worktrees/基础库-密码公钥核验/库/标准库/数学运算/转换。豫 | 运行 6/24
[启动] parse：/Users/zhiboc/repos/yuyan-worktrees/基础库-密码公钥核验/库/标准库/数据结构/小数术。豫 | 运行 7/24
[启动] parse：/Users/zhiboc/repos/yuyan-worktrees/基础库-密码公钥核验/库/标准库/数据结构/字节串。豫 | 运行 8/24
[启动] parse：/Users/zhiboc/repos/yuyan-worktrees/基础库-密码公钥核验/库/标准库/语言核心/不安全。豫 | 运行 9/24
[启动] parse：/Users/zhiboc/repos/yuyan-worktrees/基础库-密码公钥核验/库/标准库/语言核心/异步原语。豫 | 运行 10/24
[启动] parse：/Users/zhiboc/repos/yuyan-worktrees/基础库-密码公钥核验/库/标准库/语言核心/引用。豫 | 运行 11/24
[启动] parse：/Users/zhiboc/repos/yuyan-worktrees/基础库-密码公钥核验/库/标准库/数据结构/整数操作。豫 | 运行 12/24
[启动] type-check-and-erase：/Users/zhiboc/repos/yuyan-worktrees/基础库-密码公钥核验/库/标准库/语言核心/原语。内建。豫 | 运行 13/24
[完成] 语法解析：/Users/zhiboc/repos/yuyan-worktrees/基础库-密码公钥核验/库/标准库/语言核心/续延。豫 | PID 29225 | 退出 0 | 运行 12/24 | 已完成 65
[启动] type-check-and-erase：/Users/zhiboc/repos/yuyan-worktrees/基础库-密码公钥核验/库/标准库/语言核心/续延。豫 | 运行 13/24
[完成] 依赖分析：/Users/zhiboc/repos/yuyan-worktrees/基础库-密码公钥核验/库/标准库/控制/惰性求值。豫 | PID 29225 | 退出 0 | 运行 12/24 | 已完成 66
[启动] parse：/Users/zhiboc/repos/yuyan-worktrees/基础库-密码公钥核验/库/标准库/控制/惰性求值。豫 | 运行 13/24
[完成] 类型检查：/Users/zhiboc/repos/yuyan-worktrees/基础库-密码公钥核验/库/标准库/数学运算/大小。豫 | PID 29225 | 退出 0 | 运行 12/24 | 已完成 67
[完成] 类型检查：/Users/zhiboc/repos/yuyan-worktrees/基础库-密码公钥核验/库/标准库/数据结构/爻术。豫 | PID 29225 | 退出 0 | 运行 11/24 | 已完成 68
[完成] 语法解析：/Users/zhiboc/repos/yuyan-worktrees/基础库-密码公钥核验/库/标准库/数学运算/转换。豫 | PID 29225 | 退出 0 | 运行 10/24 | 已完成 69
[完成] 语法解析：/Users/zhiboc/repos/yuyan-worktrees/基础库-密码公钥核验/库/标准库/语言核心/不安全。豫 | PID 29225 | 退出 0 | 运行 9/24 | 已完成 70
[完成] 语法解析：/Users/zhiboc/repos/yuyan-worktrees/基础库-密码公钥核验/库/标准库/语言核心/异步原语。豫 | PID 29225 | 退出 0 | 运行 8/24 | 已完成 71
[完成] 类型检查：/Users/zhiboc/repos/yuyan-worktrees/基础库-密码公钥核验/库/标准库/语言核心/原语。内建。豫 | PID 29225 | 退出 0 | 运行 7/24 | 已完成 72
[启动] type-check-and-erase：/Users/zhiboc/repos/yuyan-worktrees/基础库-密码公钥核验/库/标准库/数学运算/转换。豫 | 运行 8/24
[启动] type-check-and-erase：/Users/zhiboc/repos/yuyan-worktrees/基础库-密码公钥核验/库/标准库/语言核心/不安全。豫 | 运行 9/24
[启动] type-check-and-erase：/Users/zhiboc/repos/yuyan-worktrees/基础库-密码公钥核验/库/标准库/语言核心/异步原语。豫 | 运行 10/24
[完成] 语法解析：/Users/zhiboc/repos/yuyan-worktrees/基础库-密码公钥核验/库/标准库/数据结构/字节串。豫 | PID 29225 | 退出 0 | 运行 9/24 | 已完成 73
[启动] parse：/Users/zhiboc/repos/yuyan-worktrees/基础库-密码公钥核验/库/标准库/数据结构/字节缓冲。豫 | 运行 10/24
[启动] parse：/Users/zhiboc/repos/yuyan-worktrees/基础库-密码公钥核验/库/标准库/宿主。接口。豫 | 运行 11/24
[启动] type-check-and-erase：/Users/zhiboc/repos/yuyan-worktrees/基础库-密码公钥核验/库/标准库/数据结构/字节串。豫 | 运行 12/24
[完成] 语法解析：/Users/zhiboc/repos/yuyan-worktrees/基础库-密码公钥核验/库/标准库/数据结构/小数术。豫 | PID 29225 | 退出 0 | 运行 11/24 | 已完成 74
[启动] type-check-and-erase：/Users/zhiboc/repos/yuyan-worktrees/基础库-密码公钥核验/库/标准库/数据结构/小数术。豫 | 运行 12/24
[完成] 依赖分析：/Users/zhiboc/repos/yuyan-worktrees/基础库-密码公钥核验/库/基础库/密码与安全/密码/散列。豫 | PID 29225 | 退出 0 | 运行 11/24 | 已完成 75
[完成] 类型检查：/Users/zhiboc/repos/yuyan-worktrees/基础库-密码公钥核验/库/标准库/语言核心/不安全。豫 | PID 29225 | 退出 0 | 运行 10/24 | 已完成 76
[完成] 类型检查：/Users/zhiboc/repos/yuyan-worktrees/基础库-密码公钥核验/库/标准库/语言核心/异步原语。豫 | PID 29225 | 退出 0 | 运行 9/24 | 已完成 77
[完成] 语法解析：/Users/zhiboc/repos/yuyan-worktrees/基础库-密码公钥核验/库/标准库/控制/惰性求值。豫 | PID 29225 | 退出 0 | 运行 8/24 | 已完成 78
[启动] type-check-and-erase：/Users/zhiboc/repos/yuyan-worktrees/基础库-密码公钥核验/库/标准库/控制/惰性求值。豫 | 运行 9/24
[完成] 语法解析：/Users/zhiboc/repos/yuyan-worktrees/基础库-密码公钥核验/库/标准库/数据结构/整数操作。豫 | PID 29225 | 退出 0 | 运行 8/24 | 已完成 79
[启动] type-check-and-erase：/Users/zhiboc/repos/yuyan-worktrees/基础库-密码公钥核验/库/标准库/数据结构/整数操作。豫 | 运行 9/24
[完成] 语法解析：/Users/zhiboc/repos/yuyan-worktrees/基础库-密码公钥核验/库/标准库/语言核心/引用。豫 | PID 29225 | 退出 0 | 运行 8/24 | 已完成 80
[启动] type-check-and-erase：/Users/zhiboc/repos/yuyan-worktrees/基础库-密码公钥核验/库/标准库/语言核心/引用。豫 | 运行 9/24
[完成] 语法解析：/Users/zhiboc/repos/yuyan-worktrees/基础库-密码公钥核验/库/标准库/数据结构/字节缓冲。豫 | PID 29225 | 退出 0 | 运行 8/24 | 已完成 81
[完成] 类型检查：/Users/zhiboc/repos/yuyan-worktrees/基础库-密码公钥核验/库/标准库/语言核心/续延。豫 | PID 29225 | 退出 0 | 运行 7/24 | 已完成 82
[完成] 类型检查：/Users/zhiboc/repos/yuyan-worktrees/基础库-密码公钥核验/库/标准库/控制/惰性求值。豫 | PID 29225 | 退出 0 | 运行 6/24 | 已完成 83
[完成] 类型检查：/Users/zhiboc/repos/yuyan-worktrees/基础库-密码公钥核验/库/标准库/数学运算/转换。豫 | PID 29225 | 退出 0 | 运行 5/24 | 已完成 84
[完成] 类型检查：/Users/zhiboc/repos/yuyan-worktrees/基础库-密码公钥核验/库/标准库/数据结构/小数术。豫 | PID 29225 | 退出 0 | 运行 4/24 | 已完成 85
[完成] 类型检查：/Users/zhiboc/repos/yuyan-worktrees/基础库-密码公钥核验/库/标准库/语言核心/引用。豫 | PID 29225 | 退出 0 | 运行 3/24 | 已完成 86
[完成] 类型检查：/Users/zhiboc/repos/yuyan-worktrees/基础库-密码公钥核验/库/标准库/数据结构/字节串。豫 | PID 29225 | 退出 0 | 运行 2/24 | 已完成 87
[启动] type-check-and-erase：/Users/zhiboc/repos/yuyan-worktrees/基础库-密码公钥核验/库/标准库/数据结构/字节缓冲。豫 | 运行 3/24
[完成] 类型检查：/Users/zhiboc/repos/yuyan-worktrees/基础库-密码公钥核验/库/标准库/数据结构/整数操作。豫 | PID 29225 | 退出 0 | 运行 2/24 | 已完成 88
[完成] 语法解析：/Users/zhiboc/repos/yuyan-worktrees/基础库-密码公钥核验/库/标准库/宿主。接口。豫 | PID 29225 | 退出 0 | 运行 1/24 | 已完成 89
[启动] parse：/Users/zhiboc/repos/yuyan-worktrees/基础库-密码公钥核验/库/标准库/操作系统/进程。豫 | 运行 2/24
[启动] parse：/Users/zhiboc/repos/yuyan-worktrees/基础库-密码公钥核验/库/标准库/操作系统/系统名称。豫 | 运行 3/24
[启动] parse：/Users/zhiboc/repos/yuyan-worktrees/基础库-密码公钥核验/库/标准库/操作系统/环境变量。豫 | 运行 4/24
[启动] parse：/Users/zhiboc/repos/yuyan-worktrees/基础库-密码公钥核验/库/标准库/数学运算/随机。豫 | 运行 5/24
[启动] parse：/Users/zhiboc/repos/yuyan-worktrees/基础库-密码公钥核验/库/标准库/数据结构/小数操作。豫 | 运行 6/24
[启动] parse：/Users/zhiboc/repos/yuyan-worktrees/基础库-密码公钥核验/库/标准库/输入输出/笔。豫 | 运行 7/24
[启动] parse：/Users/zhiboc/repos/yuyan-worktrees/基础库-密码公钥核验/库/标准库/语言核心/异常。豫 | 运行 8/24
[启动] parse：/Users/zhiboc/repos/yuyan-worktrees/基础库-密码公钥核验/库/标准库/网络/传输控制协议。豫 | 运行 9/24
[启动] type-check-and-erase：/Users/zhiboc/repos/yuyan-worktrees/基础库-密码公钥核验/库/标准库/宿主。接口。豫 | 运行 10/24
[完成] 语法解析：/Users/zhiboc/repos/yuyan-worktrees/基础库-密码公钥核验/库/标准库/操作系统/环境变量。豫 | PID 29225 | 退出 0 | 运行 9/24 | 已完成 90
[完成] 语法解析：/Users/zhiboc/repos/yuyan-worktrees/基础库-密码公钥核验/库/标准库/数学运算/随机。豫 | PID 29225 | 退出 0 | 运行 8/24 | 已完成 91
[完成] 语法解析：/Users/zhiboc/repos/yuyan-worktrees/基础库-密码公钥核验/库/标准库/数据结构/小数操作。豫 | PID 29225 | 退出 0 | 运行 7/24 | 已完成 92
[启动] parse：/Users/zhiboc/repos/yuyan-worktrees/基础库-密码公钥核验/库/标准库/操作系统/时间。豫 | 运行 8/24
[完成] 语法解析：/Users/zhiboc/repos/yuyan-worktrees/基础库-密码公钥核验/库/标准库/输入输出/笔。豫 | PID 29225 | 退出 0 | 运行 7/24 | 已完成 93
[启动] parse：/Users/zhiboc/repos/yuyan-worktrees/基础库-密码公钥核验/库/标准库/输入输出。豫 | 运行 8/24
[完成] 语法解析：/Users/zhiboc/repos/yuyan-worktrees/基础库-密码公钥核验/库/标准库/网络/传输控制协议。豫 | PID 29225 | 退出 0 | 运行 7/24 | 已完成 94
[完成] 语法解析：/Users/zhiboc/repos/yuyan-worktrees/基础库-密码公钥核验/库/标准库/操作系统/进程。豫 | PID 29225 | 退出 0 | 运行 6/24 | 已完成 95
[完成] 类型检查：/Users/zhiboc/repos/yuyan-worktrees/基础库-密码公钥核验/库/标准库/数据结构/字节缓冲。豫 | PID 29225 | 退出 0 | 运行 5/24 | 已完成 96
[完成] 语法解析：/Users/zhiboc/repos/yuyan-worktrees/基础库-密码公钥核验/库/标准库/操作系统/时间。豫 | PID 29225 | 退出 0 | 运行 4/24 | 已完成 97
[完成] 语法解析：/Users/zhiboc/repos/yuyan-worktrees/基础库-密码公钥核验/库/标准库/操作系统/系统名称。豫 | PID 29225 | 退出 0 | 运行 3/24 | 已完成 98
[完成] 语法解析：/Users/zhiboc/repos/yuyan-worktrees/基础库-密码公钥核验/库/标准库/语言核心/异常。豫 | PID 29225 | 退出 0 | 运行 2/24 | 已完成 99
[启动] parse：/Users/zhiboc/repos/yuyan-worktrees/基础库-密码公钥核验/库/标准库/语言核心。豫 | 运行 3/24
[启动] parse：/Users/zhiboc/repos/yuyan-worktrees/基础库-密码公钥核验/库/标准库/数据结构/可选值。豫 | 运行 4/24
[完成] 语法解析：/Users/zhiboc/repos/yuyan-worktrees/基础库-密码公钥核验/库/标准库/数据结构/可选值。豫 | PID 29225 | 退出 0 | 运行 3/24 | 已完成 100
[启动] parse：/Users/zhiboc/repos/yuyan-worktrees/基础库-密码公钥核验/库/标准库/数据结构/多态列。豫 | 运行 4/24
[完成] 语法解析：/Users/zhiboc/repos/yuyan-worktrees/基础库-密码公钥核验/库/标准库/输入输出。豫 | PID 29225 | 退出 0 | 运行 3/24 | 已完成 101
[完成] 语法解析：/Users/zhiboc/repos/yuyan-worktrees/基础库-密码公钥核验/库/标准库/数据结构/多态列。豫 | PID 29225 | 退出 0 | 运行 2/24 | 已完成 102
[启动] parse：/Users/zhiboc/repos/yuyan-worktrees/基础库-密码公钥核验/库/标准库/数学运算/数组转换。豫 | 运行 3/24
[启动] parse：/Users/zhiboc/repos/yuyan-worktrees/基础库-密码公钥核验/库/标准库/数据结构/多态列工具。豫 | 运行 4/24
[启动] parse：/Users/zhiboc/repos/yuyan-worktrees/基础库-密码公钥核验/库/标准库/宿主带列。接口。豫 | 运行 5/24
[启动] parse：/Users/zhiboc/repos/yuyan-worktrees/基础库-密码公钥核验/库/标准库/数学运算/具体列。豫 | 运行 6/24
[完成] 类型检查：/Users/zhiboc/repos/yuyan-worktrees/基础库-密码公钥核验/库/标准库/宿主。接口。豫 | PID 29225 | 退出 0 | 运行 5/24 | 已完成 103
[启动] type-check-and-erase：/Users/zhiboc/repos/yuyan-worktrees/基础库-密码公钥核验/库/标准库/操作系统/进程。豫 | 运行 6/24
[启动] type-check-and-erase：/Users/zhiboc/repos/yuyan-worktrees/基础库-密码公钥核验/库/标准库/操作系统/系统名称。豫 | 运行 7/24
[启动] type-check-and-erase：/Users/zhiboc/repos/yuyan-worktrees/基础库-密码公钥核验/库/标准库/操作系统/环境变量。豫 | 运行 8/24
[启动] type-check-and-erase：/Users/zhiboc/repos/yuyan-worktrees/基础库-密码公钥核验/库/标准库/数学运算/随机。豫 | 运行 9/24
[启动] type-check-and-erase：/Users/zhiboc/repos/yuyan-worktrees/基础库-密码公钥核验/库/标准库/数据结构/小数操作。豫 | 运行 10/24
[启动] type-check-and-erase：/Users/zhiboc/repos/yuyan-worktrees/基础库-密码公钥核验/库/标准库/输入输出/笔。豫 | 运行 11/24
[启动] type-check-and-erase：/Users/zhiboc/repos/yuyan-worktrees/基础库-密码公钥核验/库/标准库/语言核心/异常。豫 | 运行 12/24
[启动] type-check-and-erase：/Users/zhiboc/repos/yuyan-worktrees/基础库-密码公钥核验/库/标准库/网络/传输控制协议。豫 | 运行 13/24
[完成] 语法解析：/Users/zhiboc/repos/yuyan-worktrees/基础库-密码公钥核验/库/标准库/宿主带列。接口。豫 | PID 29225 | 退出 0 | 运行 12/24 | 已完成 104
[启动] parse：/Users/zhiboc/repos/yuyan-worktrees/基础库-密码公钥核验/库/标准库/操作系统/命令行参数。豫 | 运行 13/24
[启动] parse：/Users/zhiboc/repos/yuyan-worktrees/基础库-密码公钥核验/库/标准库/控制/异步。豫 | 运行 14/24
[启动] parse：/Users/zhiboc/repos/yuyan-worktrees/基础库-密码公钥核验/库/标准库/操作系统/文件系统。豫 | 运行 15/24
[完成] 语法解析：/Users/zhiboc/repos/yuyan-worktrees/基础库-密码公钥核验/库/标准库/数据结构/多态列工具。豫 | PID 29225 | 退出 0 | 运行 14/24 | 已完成 105
[完成] 语法解析：/Users/zhiboc/repos/yuyan-worktrees/基础库-密码公钥核验/库/标准库/数学运算/数组转换。豫 | PID 29225 | 退出 0 | 运行 13/24 | 已完成 106
[启动] parse：/Users/zhiboc/repos/yuyan-worktrees/基础库-密码公钥核验/库/标准库/数据结构/字符串术。豫 | 运行 14/24
[启动] parse：/Users/zhiboc/repos/yuyan-worktrees/基础库-密码公钥核验/库/标准库/数据结构/字符流术。豫 | 运行 15/24
[完成] 语法解析：/Users/zhiboc/repos/yuyan-worktrees/基础库-密码公钥核验/库/标准库/语言核心。豫 | PID 29225 | 退出 0 | 运行 14/24 | 已完成 107
[完成] 类型检查：/Users/zhiboc/repos/yuyan-worktrees/基础库-密码公钥核验/库/标准库/数据结构/小数操作。豫 | PID 29225 | 退出 0 | 运行 13/24 | 已完成 108
[启动] type-check-and-erase：/Users/zhiboc/repos/yuyan-worktrees/基础库-密码公钥核验/库/标准库/操作系统/时间。豫 | 运行 14/24
[完成] 类型检查：/Users/zhiboc/repos/yuyan-worktrees/基础库-密码公钥核验/库/标准库/操作系统/系统名称。豫 | PID 29225 | 退出 0 | 运行 13/24 | 已完成 109
[完成] 语法解析：/Users/zhiboc/repos/yuyan-worktrees/基础库-密码公钥核验/库/标准库/操作系统/命令行参数。豫 | PID 29225 | 退出 0 | 运行 12/24 | 已完成 110
[完成] 类型检查：/Users/zhiboc/repos/yuyan-worktrees/基础库-密码公钥核验/库/标准库/网络/传输控制协议。豫 | PID 29225 | 退出 0 | 运行 11/24 | 已完成 111
[完成] 类型检查：/Users/zhiboc/repos/yuyan-worktrees/基础库-密码公钥核验/库/标准库/语言核心/异常。豫 | PID 29225 | 退出 0 | 运行 10/24 | 已完成 112
[启动] type-check-and-erase：/Users/zhiboc/repos/yuyan-worktrees/基础库-密码公钥核验/库/标准库/语言核心。豫 | 运行 11/24
[启动] type-check-and-erase：/Users/zhiboc/repos/yuyan-worktrees/基础库-密码公钥核验/库/标准库/数据结构/可选值。豫 | 运行 12/24
[完成] 类型检查：/Users/zhiboc/repos/yuyan-worktrees/基础库-密码公钥核验/库/标准库/数学运算/随机。豫 | PID 29225 | 退出 0 | 运行 11/24 | 已完成 113
[完成] 语法解析：/Users/zhiboc/repos/yuyan-worktrees/基础库-密码公钥核验/库/标准库/控制/异步。豫 | PID 29225 | 退出 0 | 运行 10/24 | 已完成 114
[启动] parse：/Users/zhiboc/repos/yuyan-worktrees/基础库-密码公钥核验/库/标准库/网络/异步传输控制协议。豫 | 运行 11/24
[启动] parse：/Users/zhiboc/repos/yuyan-worktrees/基础库-密码公钥核验/库/标准库/控制。豫 | 运行 12/24
[完成] 类型检查：/Users/zhiboc/repos/yuyan-worktrees/基础库-密码公钥核验/库/标准库/输入输出/笔。豫 | PID 29225 | 退出 0 | 运行 11/24 | 已完成 115
[启动] type-check-and-erase：/Users/zhiboc/repos/yuyan-worktrees/基础库-密码公钥核验/库/标准库/输入输出。豫 | 运行 12/24
[完成] 类型检查：/Users/zhiboc/repos/yuyan-worktrees/基础库-密码公钥核验/库/标准库/操作系统/环境变量。豫 | PID 29225 | 退出 0 | 运行 11/24 | 已完成 116
[完成] 语法解析：/Users/zhiboc/repos/yuyan-worktrees/基础库-密码公钥核验/库/标准库/控制。豫 | PID 29225 | 退出 0 | 运行 10/24 | 已完成 117
[完成] 语法解析：/Users/zhiboc/repos/yuyan-worktrees/基础库-密码公钥核验/库/标准库/网络/异步传输控制协议。豫 | PID 29225 | 退出 0 | 运行 9/24 | 已完成 118
[完成] 类型检查：/Users/zhiboc/repos/yuyan-worktrees/基础库-密码公钥核验/库/标准库/操作系统/时间。豫 | PID 29225 | 退出 0 | 运行 8/24 | 已完成 119
[完成] 语法解析：/Users/zhiboc/repos/yuyan-worktrees/基础库-密码公钥核验/库/标准库/数据结构/字符串术。豫 | PID 29225 | 退出 0 | 运行 7/24 | 已完成 120
[启动] parse：/Users/zhiboc/repos/yuyan-worktrees/基础库-密码公钥核验/库/标准库/操作系统/子进程。豫 | 运行 8/24
[启动] parse：/Users/zhiboc/repos/yuyan-worktrees/基础库-密码公钥核验/库/标准库/数据结构/特殊字符。豫 | 运行 9/24
[启动] parse：/Users/zhiboc/repos/yuyan-worktrees/基础库-密码公钥核验/库/标准库/数据结构/对子术。豫 | 运行 10/24
[完成] 类型检查：/Users/zhiboc/repos/yuyan-worktrees/基础库-密码公钥核验/库/标准库/操作系统/进程。豫 | PID 29225 | 退出 0 | 运行 9/24 | 已完成 121
[完成] 语法解析：/Users/zhiboc/repos/yuyan-worktrees/基础库-密码公钥核验/库/标准库/数学运算/具体列。豫 | PID 29225 | 退出 0 | 运行 8/24 | 已完成 122
[启动] parse：/Users/zhiboc/repos/yuyan-worktrees/基础库-密码公钥核验/库/标准库/数学运算。豫 | 运行 9/24
[完成] 语法解析：/Users/zhiboc/repos/yuyan-worktrees/基础库-密码公钥核验/库/标准库/操作系统/子进程。豫 | PID 29225 | 退出 0 | 运行 8/24 | 已完成 123
[完成] 语法解析：/Users/zhiboc/repos/yuyan-worktrees/基础库-密码公钥核验/库/标准库/数据结构/对子术。豫 | PID 29225 | 退出 0 | 运行 7/24 | 已完成 124
[启动] parse：/Users/zhiboc/repos/yuyan-worktrees/基础库-密码公钥核验/库/标准库/数据结构/列表搜索。豫 | 运行 8/24
[完成] 语法解析：/Users/zhiboc/repos/yuyan-worktrees/基础库-密码公钥核验/库/标准库/数据结构/特殊字符。豫 | PID 29225 | 退出 0 | 运行 7/24 | 已完成 125
[启动] parse：/Users/zhiboc/repos/yuyan-worktrees/基础库-密码公钥核验/库/标准库/网络/超文本传输协议。豫 | 运行 8/24
[完成] 类型检查：/Users/zhiboc/repos/yuyan-worktrees/基础库-密码公钥核验/库/标准库/输入输出。豫 | PID 29225 | 退出 0 | 运行 7/24 | 已完成 126
[完成] 类型检查：/Users/zhiboc/repos/yuyan-worktrees/基础库-密码公钥核验/库/标准库/语言核心。豫 | PID 29225 | 退出 0 | 运行 6/24 | 已完成 127
[完成] 语法解析：/Users/zhiboc/repos/yuyan-worktrees/基础库-密码公钥核验/库/标准库/数学运算。豫 | PID 29225 | 退出 0 | 运行 5/24 | 已完成 128
[完成] 类型检查：/Users/zhiboc/repos/yuyan-worktrees/基础库-密码公钥核验/库/标准库/数据结构/可选值。豫 | PID 29225 | 退出 0 | 运行 4/24 | 已完成 129
[启动] type-check-and-erase：/Users/zhiboc/repos/yuyan-worktrees/基础库-密码公钥核验/库/标准库/数据结构/多态列。豫 | 运行 5/24
[完成] 语法解析：/Users/zhiboc/repos/yuyan-worktrees/基础库-密码公钥核验/库/标准库/操作系统/文件系统。豫 | PID 29225 | 退出 0 | 运行 4/24 | 已完成 130
[完成] 语法解析：/Users/zhiboc/repos/yuyan-worktrees/基础库-密码公钥核验/库/标准库/数据结构/字符流术。豫 | PID 29225 | 退出 0 | 运行 3/24 | 已完成 131
[完成] 类型检查：/Users/zhiboc/repos/yuyan-worktrees/基础库-密码公钥核验/库/标准库/数据结构/多态列。豫 | PID 29225 | 退出 0 | 运行 2/24 | 已完成 132
[启动] type-check-and-erase：/Users/zhiboc/repos/yuyan-worktrees/基础库-密码公钥核验/库/标准库/数学运算/数组转换。豫 | 运行 3/24
[启动] type-check-and-erase：/Users/zhiboc/repos/yuyan-worktrees/基础库-密码公钥核验/库/标准库/数据结构/多态列工具。豫 | 运行 4/24
[启动] type-check-and-erase：/Users/zhiboc/repos/yuyan-worktrees/基础库-密码公钥核验/库/标准库/宿主带列。接口。豫 | 运行 5/24
[启动] type-check-and-erase：/Users/zhiboc/repos/yuyan-worktrees/基础库-密码公钥核验/库/标准库/数学运算/具体列。豫 | 运行 6/24
[完成] 语法解析：/Users/zhiboc/repos/yuyan-worktrees/基础库-密码公钥核验/库/标准库/网络/超文本传输协议。豫 | PID 29225 | 退出 0 | 运行 5/24 | 已完成 133
[启动] parse：/Users/zhiboc/repos/yuyan-worktrees/基础库-密码公钥核验/库/标准库/网络。豫 | 运行 6/24
[完成] 语法解析：/Users/zhiboc/repos/yuyan-worktrees/基础库-密码公钥核验/库/标准库/数据结构/列表搜索。豫 | PID 29225 | 退出 0 | 运行 5/24 | 已完成 134
[启动] parse：/Users/zhiboc/repos/yuyan-worktrees/基础库-密码公钥核验/库/标准库/数据结构/字典术。豫 | 运行 6/24
[完成] 语法解析：/Users/zhiboc/repos/yuyan-worktrees/基础库-密码公钥核验/库/标准库/网络。豫 | PID 29225 | 退出 0 | 运行 5/24 | 已完成 135
[完成] 类型检查：/Users/zhiboc/repos/yuyan-worktrees/基础库-密码公钥核验/库/标准库/宿主带列。接口。豫 | PID 29225 | 退出 0 | 运行 4/24 | 已完成 136
[启动] type-check-and-erase：/Users/zhiboc/repos/yuyan-worktrees/基础库-密码公钥核验/库/标准库/操作系统/命令行参数。豫 | 运行 5/24
[启动] type-check-and-erase：/Users/zhiboc/repos/yuyan-worktrees/基础库-密码公钥核验/库/标准库/控制/异步。豫 | 运行 6/24
[启动] type-check-and-erase：/Users/zhiboc/repos/yuyan-worktrees/基础库-密码公钥核验/库/标准库/操作系统/文件系统。豫 | 运行 7/24
[完成] 语法解析：/Users/zhiboc/repos/yuyan-worktrees/基础库-密码公钥核验/库/标准库/数据结构/字典术。豫 | PID 29225 | 退出 0 | 运行 6/24 | 已完成 137
[启动] parse：/Users/zhiboc/repos/yuyan-worktrees/基础库-密码公钥核验/库/标准库/数据结构。豫 | 运行 7/24
[启动] parse：/Users/zhiboc/repos/yuyan-worktrees/基础库-密码公钥核验/库/标准库/豫言标准内核。豫 | 运行 8/24
[完成] 类型检查：/Users/zhiboc/repos/yuyan-worktrees/基础库-密码公钥核验/库/标准库/数据结构/多态列工具。豫 | PID 29225 | 退出 0 | 运行 7/24 | 已完成 138
[完成] 类型检查：/Users/zhiboc/repos/yuyan-worktrees/基础库-密码公钥核验/库/标准库/操作系统/命令行参数。豫 | PID 29225 | 退出 0 | 运行 6/24 | 已完成 139
[完成] 类型检查：/Users/zhiboc/repos/yuyan-worktrees/基础库-密码公钥核验/库/标准库/操作系统/文件系统。豫 | PID 29225 | 退出 0 | 运行 5/24 | 已完成 140
[完成] 语法解析：/Users/zhiboc/repos/yuyan-worktrees/基础库-密码公钥核验/库/标准库/豫言标准内核。豫 | PID 29225 | 退出 0 | 运行 4/24 | 已完成 141
[启动] parse：/Users/zhiboc/repos/yuyan-worktrees/基础库-密码公钥核验/库/标准库/操作系统/路径。豫 | 运行 5/24
[完成] 类型检查：/Users/zhiboc/repos/yuyan-worktrees/基础库-密码公钥核验/库/标准库/控制/异步。豫 | PID 29225 | 退出 0 | 运行 4/24 | 已完成 142
[启动] type-check-and-erase：/Users/zhiboc/repos/yuyan-worktrees/基础库-密码公钥核验/库/标准库/网络/异步传输控制协议。豫 | 运行 5/24
[启动] type-check-and-erase：/Users/zhiboc/repos/yuyan-worktrees/基础库-密码公钥核验/库/标准库/控制。豫 | 运行 6/24
[完成] 语法解析：/Users/zhiboc/repos/yuyan-worktrees/基础库-密码公钥核验/库/标准库/操作系统/路径。豫 | PID 29225 | 退出 0 | 运行 5/24 | 已完成 143
[启动] parse：/Users/zhiboc/repos/yuyan-worktrees/基础库-密码公钥核验/库/标准库/操作系统。豫 | 运行 6/24
[完成] 类型检查：/Users/zhiboc/repos/yuyan-worktrees/基础库-密码公钥核验/库/标准库/数学运算/数组转换。豫 | PID 29225 | 退出 0 | 运行 5/24 | 已完成 144
[启动] type-check-and-erase：/Users/zhiboc/repos/yuyan-worktrees/基础库-密码公钥核验/库/标准库/数据结构/字符串术。豫 | 运行 6/24
[启动] type-check-and-erase：/Users/zhiboc/repos/yuyan-worktrees/基础库-密码公钥核验/库/标准库/数据结构/字符流术。豫 | 运行 7/24
[完成] 语法解析：/Users/zhiboc/repos/yuyan-worktrees/基础库-密码公钥核验/库/标准库/数据结构。豫 | PID 29225 | 退出 0 | 运行 6/24 | 已完成 145
[完成] 类型检查：/Users/zhiboc/repos/yuyan-worktrees/基础库-密码公钥核验/库/标准库/网络/异步传输控制协议。豫 | PID 29225 | 退出 0 | 运行 5/24 | 已完成 146
[完成] 类型检查：/Users/zhiboc/repos/yuyan-worktrees/基础库-密码公钥核验/库/标准库/控制。豫 | PID 29225 | 退出 0 | 运行 4/24 | 已完成 147
[完成] 类型检查：/Users/zhiboc/repos/yuyan-worktrees/基础库-密码公钥核验/库/标准库/数据结构/字符串术。豫 | PID 29225 | 退出 0 | 运行 3/24 | 已完成 148
[启动] type-check-and-erase：/Users/zhiboc/repos/yuyan-worktrees/基础库-密码公钥核验/库/标准库/操作系统/子进程。豫 | 运行 4/24
[启动] type-check-and-erase：/Users/zhiboc/repos/yuyan-worktrees/基础库-密码公钥核验/库/标准库/数据结构/特殊字符。豫 | 运行 5/24
[启动] type-check-and-erase：/Users/zhiboc/repos/yuyan-worktrees/基础库-密码公钥核验/库/标准库/数据结构/对子术。豫 | 运行 6/24
[完成] 类型检查：/Users/zhiboc/repos/yuyan-worktrees/基础库-密码公钥核验/库/标准库/数学运算/具体列。豫 | PID 29225 | 退出 0 | 运行 5/24 | 已完成 149
[启动] type-check-and-erase：/Users/zhiboc/repos/yuyan-worktrees/基础库-密码公钥核验/库/标准库/数学运算。豫 | 运行 6/24
[完成] 语法解析：/Users/zhiboc/repos/yuyan-worktrees/基础库-密码公钥核验/库/标准库/操作系统。豫 | PID 29225 | 退出 0 | 运行 5/24 | 已完成 150
[启动] parse：/Users/zhiboc/repos/yuyan-worktrees/基础库-密码公钥核验/库/标准库/总集。豫 | 运行 6/24
[完成] 类型检查：/Users/zhiboc/repos/yuyan-worktrees/基础库-密码公钥核验/库/标准库/操作系统/子进程。豫 | PID 29225 | 退出 0 | 运行 5/24 | 已完成 151
[完成] 类型检查：/Users/zhiboc/repos/yuyan-worktrees/基础库-密码公钥核验/库/标准库/数据结构/字符流术。豫 | PID 29225 | 退出 0 | 运行 4/24 | 已完成 152
[完成] 类型检查：/Users/zhiboc/repos/yuyan-worktrees/基础库-密码公钥核验/库/标准库/数学运算。豫 | PID 29225 | 退出 0 | 运行 3/24 | 已完成 153
[完成] 类型检查：/Users/zhiboc/repos/yuyan-worktrees/基础库-密码公钥核验/库/标准库/数据结构/对子术。豫 | PID 29225 | 退出 0 | 运行 2/24 | 已完成 154
[启动] type-check-and-erase：/Users/zhiboc/repos/yuyan-worktrees/基础库-密码公钥核验/库/标准库/数据结构/列表搜索。豫 | 运行 3/24
[完成] 类型检查：/Users/zhiboc/repos/yuyan-worktrees/基础库-密码公钥核验/库/标准库/数据结构/特殊字符。豫 | PID 29225 | 退出 0 | 运行 2/24 | 已完成 155
[启动] type-check-and-erase：/Users/zhiboc/repos/yuyan-worktrees/基础库-密码公钥核验/库/标准库/网络/超文本传输协议。豫 | 运行 3/24
[完成] 类型检查：/Users/zhiboc/repos/yuyan-worktrees/基础库-密码公钥核验/库/标准库/网络/超文本传输协议。豫 | PID 29225 | 退出 0 | 运行 2/24 | 已完成 156
[启动] type-check-and-erase：/Users/zhiboc/repos/yuyan-worktrees/基础库-密码公钥核验/库/标准库/网络。豫 | 运行 3/24
[完成] 类型检查：/Users/zhiboc/repos/yuyan-worktrees/基础库-密码公钥核验/库/标准库/网络。豫 | PID 29225 | 退出 0 | 运行 2/24 | 已完成 157
[完成] 类型检查：/Users/zhiboc/repos/yuyan-worktrees/基础库-密码公钥核验/库/标准库/数据结构/列表搜索。豫 | PID 29225 | 退出 0 | 运行 1/24 | 已完成 158
[启动] type-check-and-erase：/Users/zhiboc/repos/yuyan-worktrees/基础库-密码公钥核验/库/标准库/数据结构/字典术。豫 | 运行 2/24
[完成] 语法解析：/Users/zhiboc/repos/yuyan-worktrees/基础库-密码公钥核验/库/标准库/总集。豫 | PID 29225 | 退出 0 | 运行 1/24 | 已完成 159
[启动] parse：/Users/zhiboc/repos/yuyan-worktrees/基础库-密码公钥核验/库/基础库/密码与安全/密码/字节。豫 | 运行 2/24
[启动] parse：/Users/zhiboc/repos/yuyan-worktrees/基础库-密码公钥核验/库/基础库/密码与安全/密码/曲线。豫 | 运行 3/24
[启动] parse：/Users/zhiboc/repos/yuyan-worktrees/基础库-密码公钥核验/库/基础库/密码与安全/密码/散列。豫 | 运行 4/24
[完成] 语法解析：/Users/zhiboc/repos/yuyan-worktrees/基础库-密码公钥核验/库/基础库/密码与安全/密码/字节。豫 | PID 29225 | 退出 0 | 运行 3/24 | 已完成 160
[完成] 语法解析：/Users/zhiboc/repos/yuyan-worktrees/基础库-密码公钥核验/库/基础库/密码与安全/密码/散列。豫 | PID 29225 | 退出 0 | 运行 2/24 | 已完成 161
[启动] parse：/Users/zhiboc/repos/yuyan-worktrees/基础库-密码公钥核验/库/基础库/密码与安全/密码/宽字散列。豫 | 运行 3/24
[完成] 语法解析：/Users/zhiboc/repos/yuyan-worktrees/基础库-密码公钥核验/库/基础库/密码与安全/密码/宽字散列。豫 | PID 29225 | 退出 0 | 运行 2/24 | 已完成 162
[完成] 类型检查：/Users/zhiboc/repos/yuyan-worktrees/基础库-密码公钥核验/库/标准库/数据结构/字典术。豫 | PID 29225 | 退出 0 | 运行 1/24 | 已完成 163
[启动] type-check-and-erase：/Users/zhiboc/repos/yuyan-worktrees/基础库-密码公钥核验/库/标准库/数据结构。豫 | 运行 2/24
[启动] type-check-and-erase：/Users/zhiboc/repos/yuyan-worktrees/基础库-密码公钥核验/库/标准库/豫言标准内核。豫 | 运行 3/24
[完成] 语法解析：/Users/zhiboc/repos/yuyan-worktrees/基础库-密码公钥核验/库/基础库/密码与安全/密码/曲线。豫 | PID 29225 | 退出 0 | 运行 2/24 | 已完成 164
[启动] parse：/Users/zhiboc/repos/yuyan-worktrees/基础库-密码公钥核验/库/基础库/密码与安全/密码/爱德曲线。豫 | 运行 3/24
[完成] 语法解析：/Users/zhiboc/repos/yuyan-worktrees/基础库-密码公钥核验/库/基础库/密码与安全/密码/爱德曲线。豫 | PID 29225 | 退出 0 | 运行 2/24 | 已完成 165
[启动] parse：/Users/zhiboc/repos/yuyan-worktrees/基础库-密码公钥核验/库/基础库/密码与安全/密码/爱德签名。豫 | 运行 3/24
[完成] 类型检查：/Users/zhiboc/repos/yuyan-worktrees/基础库-密码公钥核验/库/标准库/数据结构。豫 | PID 29225 | 退出 0 | 运行 2/24 | 已完成 166
[完成] 类型检查：/Users/zhiboc/repos/yuyan-worktrees/基础库-密码公钥核验/库/标准库/豫言标准内核。豫 | PID 29225 | 退出 0 | 运行 1/24 | 已完成 167
[启动] type-check-and-erase：/Users/zhiboc/repos/yuyan-worktrees/基础库-密码公钥核验/库/标准库/操作系统/路径。豫 | 运行 2/24
[完成] 类型检查：/Users/zhiboc/repos/yuyan-worktrees/基础库-密码公钥核验/库/标准库/操作系统/路径。豫 | PID 29225 | 退出 0 | 运行 1/24 | 已完成 168
[启动] type-check-and-erase：/Users/zhiboc/repos/yuyan-worktrees/基础库-密码公钥核验/库/标准库/操作系统。豫 | 运行 2/24
[完成] 语法解析：/Users/zhiboc/repos/yuyan-worktrees/基础库-密码公钥核验/库/基础库/密码与安全/密码/爱德签名。豫 | PID 29225 | 退出 0 | 运行 1/24 | 已完成 169
[完成] 类型检查：/Users/zhiboc/repos/yuyan-worktrees/基础库-密码公钥核验/库/标准库/操作系统。豫 | PID 29225 | 退出 0 | 运行 0/24 | 已完成 170
[启动] type-check-and-erase：/Users/zhiboc/repos/yuyan-worktrees/基础库-密码公钥核验/库/标准库/总集。豫 | 运行 1/24
[完成] 类型检查：/Users/zhiboc/repos/yuyan-worktrees/基础库-密码公钥核验/库/标准库/总集。豫 | PID 29225 | 退出 0 | 运行 0/24 | 已完成 171
[启动] type-check-and-erase：/Users/zhiboc/repos/yuyan-worktrees/基础库-密码公钥核验/库/基础库/密码与安全/密码/字节。豫 | 运行 1/24
[启动] type-check-and-erase：/Users/zhiboc/repos/yuyan-worktrees/基础库-密码公钥核验/库/基础库/密码与安全/密码/曲线。豫 | 运行 2/24
[启动] type-check-and-erase：/Users/zhiboc/repos/yuyan-worktrees/基础库-密码公钥核验/库/基础库/密码与安全/密码/散列。豫 | 运行 3/24
[完成] 类型检查：/Users/zhiboc/repos/yuyan-worktrees/基础库-密码公钥核验/库/基础库/密码与安全/密码/字节。豫 | PID 29225 | 退出 0 | 运行 2/24 | 已完成 172
[完成] 类型检查：/Users/zhiboc/repos/yuyan-worktrees/基础库-密码公钥核验/库/基础库/密码与安全/密码/曲线。豫 | PID 29225 | 退出 0 | 运行 1/24 | 已完成 173
[完成] 类型检查：/Users/zhiboc/repos/yuyan-worktrees/基础库-密码公钥核验/库/基础库/密码与安全/密码/散列。豫 | PID 29225 | 退出 0 | 运行 0/24 | 已完成 174
[启动] type-check-and-erase：/Users/zhiboc/repos/yuyan-worktrees/基础库-密码公钥核验/库/基础库/密码与安全/密码/宽字散列。豫 | 运行 1/24
[完成] 类型检查：/Users/zhiboc/repos/yuyan-worktrees/基础库-密码公钥核验/库/基础库/密码与安全/密码/宽字散列。豫 | PID 29225 | 退出 0 | 运行 0/24 | 已完成 175
[启动] type-check-and-erase：/Users/zhiboc/repos/yuyan-worktrees/基础库-密码公钥核验/库/基础库/密码与安全/密码/爱德曲线。豫 | 运行 1/24
[完成] 类型检查：/Users/zhiboc/repos/yuyan-worktrees/基础库-密码公钥核验/库/基础库/密码与安全/密码/爱德曲线。豫 | PID 29225 | 退出 0 | 运行 0/24 | 已完成 176
[启动] type-check-and-erase：/Users/zhiboc/repos/yuyan-worktrees/基础库-密码公钥核验/库/基础库/密码与安全/密码/爱德签名。豫 | 运行 1/24
[完成] 类型检查：/Users/zhiboc/repos/yuyan-worktrees/基础库-密码公钥核验/库/基础库/密码与安全/密码/爱德签名。豫 | PID 29225 | 退出 0 | 运行 0/24 | 已完成 177
[启动] exec-gen：/Users/zhiboc/repos/yuyan-worktrees/基础库-密码公钥核验/库/基础库/密码与安全/密码/爱德签名。豫 | 运行 1/24
[完成] 最终链接：/Users/zhiboc/repos/yuyan-worktrees/基础库-密码公钥核验/库/基础库/密码与安全/密码/爱德签名。豫 | PID 29225 | 退出 0 | 运行 0/24 | 已完成 178
[2026-10-08 01:03:01] 当前路径：/Users/zhiboc/repos/yuyan-worktrees/基础库-密码公钥核验/yyRSA验证链

[2026-10-08 01:03:01] 当前路径：/Users/zhiboc/repos/yuyan-worktrees/基础库-密码公钥核验/yyRSA验证链
[启动] dependency-analysis：/Users/zhiboc/repos/yuyan-worktrees/基础库-密码公钥核验/库/基础库/密码与安全/密码/爱德验签。豫 | 运行 1/24
[完成] 依赖分析：/Users/zhiboc/repos/yuyan-worktrees/基础库-密码公钥核验/库/基础库/密码与安全/密码/爱德验签。豫 | PID 29237 | 退出 0 | 运行 0/24 | 已完成 1
[启动] dependency-analysis：/Users/zhiboc/repos/yuyan-worktrees/基础库-密码公钥核验/库/标准库/总集。豫 | 运行 1/24
[启动] dependency-analysis：/Users/zhiboc/repos/yuyan-worktrees/基础库-密码公钥核验/库/标准库/数据结构/整数操作。豫 | 运行 2/24
[启动] dependency-analysis：/Users/zhiboc/repos/yuyan-worktrees/基础库-密码公钥核验/库/基础库/密码与安全/密码/曲线。豫 | 运行 3/24
[启动] dependency-analysis：/Users/zhiboc/repos/yuyan-worktrees/基础库-密码公钥核验/库/基础库/密码与安全/密码/爱德曲线。豫 | 运行 4/24
[启动] dependency-analysis：/Users/zhiboc/repos/yuyan-worktrees/基础库-密码公钥核验/库/基础库/密码与安全/密码/爱德签名。豫 | 运行 5/24
[启动] dependency-analysis：/Users/zhiboc/repos/yuyan-worktrees/基础库-密码公钥核验/库/基础库/密码与安全/密码/字节。豫 | 运行 6/24
[启动] dependency-analysis：/Users/zhiboc/repos/yuyan-worktrees/基础库-密码公钥核验/库/基础库/密码与安全/密码/宽字散列。豫 | 运行 7/24
[完成] 依赖分析：/Users/zhiboc/repos/yuyan-worktrees/基础库-密码公钥核验/库/标准库/总集。豫 | PID 29237 | 退出 0 | 运行 6/24 | 已完成 2
[启动] dependency-analysis：/Users/zhiboc/repos/yuyan-worktrees/基础库-密码公钥核验/库/标准库/操作系统。豫 | 运行 7/24
[启动] dependency-analysis：/Users/zhiboc/repos/yuyan-worktrees/基础库-密码公钥核验/库/标准库/控制。豫 | 运行 8/24
[启动] dependency-analysis：/Users/zhiboc/repos/yuyan-worktrees/基础库-密码公钥核验/库/标准库/数学运算。豫 | 运行 9/24
[启动] dependency-analysis：/Users/zhiboc/repos/yuyan-worktrees/基础库-密码公钥核验/库/标准库/数据结构。豫 | 运行 10/24
[启动] dependency-analysis：/Users/zhiboc/repos/yuyan-worktrees/基础库-密码公钥核验/库/标准库/输入输出。豫 | 运行 11/24
[启动] dependency-analysis：/Users/zhiboc/repos/yuyan-worktrees/基础库-密码公钥核验/库/标准库/语言核心。豫 | 运行 12/24
[启动] dependency-analysis：/Users/zhiboc/repos/yuyan-worktrees/基础库-密码公钥核验/库/标准库/网络。豫 | 运行 13/24
[启动] dependency-analysis：/Users/zhiboc/repos/yuyan-worktrees/基础库-密码公钥核验/库/标准库/豫言标准内核。豫 | 运行 14/24
[完成] 依赖分析：/Users/zhiboc/repos/yuyan-worktrees/基础库-密码公钥核验/库/标准库/操作系统。豫 | PID 29237 | 退出 0 | 运行 13/24 | 已完成 3
[启动] dependency-analysis：/Users/zhiboc/repos/yuyan-worktrees/基础库-密码公钥核验/库/标准库/操作系统/子进程。豫 | 运行 14/24
[启动] dependency-analysis：/Users/zhiboc/repos/yuyan-worktrees/基础库-密码公钥核验/库/标准库/操作系统/命令行参数。豫 | 运行 15/24
[启动] dependency-analysis：/Users/zhiboc/repos/yuyan-worktrees/基础库-密码公钥核验/库/标准库/操作系统/文件系统。豫 | 运行 16/24
[启动] dependency-analysis：/Users/zhiboc/repos/yuyan-worktrees/基础库-密码公钥核验/库/标准库/操作系统/进程。豫 | 运行 17/24
[启动] dependency-analysis：/Users/zhiboc/repos/yuyan-worktrees/基础库-密码公钥核验/库/标准库/操作系统/时间。豫 | 运行 18/24
[启动] dependency-analysis：/Users/zhiboc/repos/yuyan-worktrees/基础库-密码公钥核验/库/标准库/操作系统/路径。豫 | 运行 19/24
[启动] dependency-analysis：/Users/zhiboc/repos/yuyan-worktrees/基础库-密码公钥核验/库/标准库/操作系统/系统名称。豫 | 运行 20/24
[启动] dependency-analysis：/Users/zhiboc/repos/yuyan-worktrees/基础库-密码公钥核验/库/标准库/操作系统/环境变量。豫 | 运行 21/24
[完成] 依赖分析：/Users/zhiboc/repos/yuyan-worktrees/基础库-密码公钥核验/库/标准库/控制。豫 | PID 29237 | 退出 0 | 运行 20/24 | 已完成 4
[启动] dependency-analysis：/Users/zhiboc/repos/yuyan-worktrees/基础库-密码公钥核验/库/标准库/控制/惰性求值。豫 | 运行 21/24
[启动] dependency-analysis：/Users/zhiboc/repos/yuyan-worktrees/基础库-密码公钥核验/库/标准库/控制/异步。豫 | 运行 22/24
[完成] 依赖分析：/Users/zhiboc/repos/yuyan-worktrees/基础库-密码公钥核验/库/标准库/数据结构。豫 | PID 29237 | 退出 0 | 运行 21/24 | 已完成 5
[启动] dependency-analysis：/Users/zhiboc/repos/yuyan-worktrees/基础库-密码公钥核验/库/标准库/数据结构/多态列。豫 | 运行 22/24
[启动] dependency-analysis：/Users/zhiboc/repos/yuyan-worktrees/基础库-密码公钥核验/库/标准库/数据结构/多态列工具。豫 | 运行 23/24
[启动] dependency-analysis：/Users/zhiboc/repos/yuyan-worktrees/基础库-密码公钥核验/库/标准库/数据结构/爻术。豫 | 运行 24/24
[完成] 依赖分析：/Users/zhiboc/repos/yuyan-worktrees/基础库-密码公钥核验/库/标准库/输入输出。豫 | PID 29237 | 退出 0 | 运行 23/24 | 已完成 6
[启动] dependency-analysis：/Users/zhiboc/repos/yuyan-worktrees/基础库-密码公钥核验/库/标准库/数据结构/字符串术。豫 | 运行 24/24
[完成] 依赖分析：/Users/zhiboc/repos/yuyan-worktrees/基础库-密码公钥核验/库/标准库/网络。豫 | PID 29237 | 退出 0 | 运行 23/24 | 已完成 7
[启动] dependency-analysis：/Users/zhiboc/repos/yuyan-worktrees/基础库-密码公钥核验/库/标准库/数据结构/字符流术。豫 | 运行 24/24
[完成] 依赖分析：/Users/zhiboc/repos/yuyan-worktrees/基础库-密码公钥核验/库/标准库/操作系统/命令行参数。豫 | PID 29237 | 退出 0 | 运行 23/24 | 已完成 8
[启动] dependency-analysis：/Users/zhiboc/repos/yuyan-worktrees/基础库-密码公钥核验/库/标准库/数据结构/特殊字符。豫 | 运行 24/24
[完成] 依赖分析：/Users/zhiboc/repos/yuyan-worktrees/基础库-密码公钥核验/库/标准库/操作系统/文件系统。豫 | PID 29237 | 退出 0 | 运行 23/24 | 已完成 9
[启动] dependency-analysis：/Users/zhiboc/repos/yuyan-worktrees/基础库-密码公钥核验/库/标准库/数据结构/对子术。豫 | 运行 24/24
[完成] 依赖分析：/Users/zhiboc/repos/yuyan-worktrees/基础库-密码公钥核验/库/标准库/操作系统/进程。豫 | PID 29237 | 退出 0 | 运行 23/24 | 已完成 10
[启动] dependency-analysis：/Users/zhiboc/repos/yuyan-worktrees/基础库-密码公钥核验/库/标准库/数据结构/字典术。豫 | 运行 24/24
[完成] 依赖分析：/Users/zhiboc/repos/yuyan-worktrees/基础库-密码公钥核验/库/标准库/操作系统/时间。豫 | PID 29237 | 退出 0 | 运行 23/24 | 已完成 11
[启动] dependency-analysis：/Users/zhiboc/repos/yuyan-worktrees/基础库-密码公钥核验/库/标准库/数据结构/可选值。豫 | 运行 24/24
[完成] 依赖分析：/Users/zhiboc/repos/yuyan-worktrees/基础库-密码公钥核验/库/标准库/操作系统/环境变量。豫 | PID 29237 | 退出 0 | 运行 23/24 | 已完成 12
[启动] dependency-analysis：/Users/zhiboc/repos/yuyan-worktrees/基础库-密码公钥核验/库/标准库/数据结构/小数操作。豫 | 运行 24/24
[完成] 依赖分析：/Users/zhiboc/repos/yuyan-worktrees/基础库-密码公钥核验/库/标准库/数据结构/多态列。豫 | PID 29237 | 退出 0 | 运行 23/24 | 已完成 13
[启动] dependency-analysis：/Users/zhiboc/repos/yuyan-worktrees/基础库-密码公钥核验/库/标准库/数据结构/小数术。豫 | 运行 24/24
[完成] 依赖分析：/Users/zhiboc/repos/yuyan-worktrees/基础库-密码公钥核验/库/标准库/数据结构/字符串术。豫 | PID 29237 | 退出 0 | 运行 23/24 | 已完成 14
[启动] dependency-analysis：/Users/zhiboc/repos/yuyan-worktrees/基础库-密码公钥核验/库/标准库/数据结构/列表搜索。豫 | 运行 24/24
[完成] 依赖分析：/Users/zhiboc/repos/yuyan-worktrees/基础库-密码公钥核验/库/标准库/操作系统/路径。豫 | PID 29237 | 退出 0 | 运行 23/24 | 已完成 15
[启动] dependency-analysis：/Users/zhiboc/repos/yuyan-worktrees/基础库-密码公钥核验/库/标准库/数据结构/函数操作。豫 | 运行 24/24
[完成] 依赖分析：/Users/zhiboc/repos/yuyan-worktrees/基础库-密码公钥核验/库/标准库/操作系统/子进程。豫 | PID 29237 | 退出 0 | 运行 23/24 | 已完成 16
[启动] dependency-analysis：/Users/zhiboc/repos/yuyan-worktrees/基础库-密码公钥核验/库/标准库/数据结构/字节串。豫 | 运行 24/24
[完成] 依赖分析：/Users/zhiboc/repos/yuyan-worktrees/基础库-密码公钥核验/库/标准库/豫言标准内核。豫 | PID 29237 | 退出 0 | 运行 23/24 | 已完成 17
[启动] dependency-analysis：/Users/zhiboc/repos/yuyan-worktrees/基础库-密码公钥核验/库/标准库/数据结构/字节缓冲。豫 | 运行 24/24
[完成] 依赖分析：/Users/zhiboc/repos/yuyan-worktrees/基础库-密码公钥核验/库/标准库/语言核心。豫 | PID 29237 | 退出 0 | 运行 23/24 | 已完成 18
[启动] dependency-analysis：/Users/zhiboc/repos/yuyan-worktrees/基础库-密码公钥核验/库/标准库/输入输出/笔。豫 | 运行 24/24
[完成] 依赖分析：/Users/zhiboc/repos/yuyan-worktrees/基础库-密码公钥核验/库/基础库/密码与安全/密码/字节。豫 | PID 29237 | 退出 0 | 运行 23/24 | 已完成 19
[启动] dependency-analysis：/Users/zhiboc/repos/yuyan-worktrees/基础库-密码公钥核验/库/标准库/网络/传输控制协议。豫 | 运行 24/24
[完成] 依赖分析：/Users/zhiboc/repos/yuyan-worktrees/基础库-密码公钥核验/库/基础库/密码与安全/密码/爱德签名。豫 | PID 29237 | 退出 0 | 运行 23/24 | 已完成 20
[启动] dependency-analysis：/Users/zhiboc/repos/yuyan-worktrees/基础库-密码公钥核验/库/标准库/网络/异步传输控制协议。豫 | 运行 24/24
[完成] 依赖分析：/Users/zhiboc/repos/yuyan-worktrees/基础库-密码公钥核验/库/基础库/密码与安全/密码/爱德曲线。豫 | PID 29237 | 退出 0 | 运行 23/24 | 已完成 21
[启动] dependency-analysis：/Users/zhiboc/repos/yuyan-worktrees/基础库-密码公钥核验/库/标准库/网络/超文本传输协议。豫 | 运行 24/24
[完成] 依赖分析：/Users/zhiboc/repos/yuyan-worktrees/基础库-密码公钥核验/库/基础库/密码与安全/密码/曲线。豫 | PID 29237 | 退出 0 | 运行 23/24 | 已完成 22
[启动] dependency-analysis：/Users/zhiboc/repos/yuyan-worktrees/基础库-密码公钥核验/库/标准库/语言核心/内建类型。豫 | 运行 24/24
[完成] 依赖分析：/Users/zhiboc/repos/yuyan-worktrees/基础库-密码公钥核验/库/标准库/数据结构/整数操作。豫 | PID 29237 | 退出 0 | 运行 23/24 | 已完成 23
[启动] dependency-analysis：/Users/zhiboc/repos/yuyan-worktrees/基础库-密码公钥核验/库/标准库/宿主。接口。豫 | 运行 24/24
[完成] 依赖分析：/Users/zhiboc/repos/yuyan-worktrees/基础库-密码公钥核验/库/标准库/数据结构/函数操作。豫 | PID 29237 | 退出 0 | 运行 23/24 | 已完成 24
[启动] dependency-analysis：/Users/zhiboc/repos/yuyan-worktrees/基础库-密码公钥核验/库/标准库/宿主带列。接口。豫 | 运行 24/24
[完成] 依赖分析：/Users/zhiboc/repos/yuyan-worktrees/基础库-密码公钥核验/库/标准库/数据结构/字节串。豫 | PID 29237 | 退出 0 | 运行 23/24 | 已完成 25
[启动] dependency-analysis：/Users/zhiboc/repos/yuyan-worktrees/基础库-密码公钥核验/库/标准库/数学运算/转换。豫 | 运行 24/24
[完成] 依赖分析：/Users/zhiboc/repos/yuyan-worktrees/基础库-密码公钥核验/库/标准库/数据结构/列表搜索。豫 | PID 29237 | 退出 0 | 运行 23/24 | 已完成 26
[启动] dependency-analysis：/Users/zhiboc/repos/yuyan-worktrees/基础库-密码公钥核验/库/标准库/语言核心/异常。豫 | 运行 24/24
[完成] 依赖分析：/Users/zhiboc/repos/yuyan-worktrees/基础库-密码公钥核验/库/标准库/数据结构/小数术。豫 | PID 29237 | 退出 0 | 运行 23/24 | 已完成 27
[启动] dependency-analysis：/Users/zhiboc/repos/yuyan-worktrees/基础库-密码公钥核验/库/标准库/语言核心/续延。豫 | 运行 24/24
[完成] 依赖分析：/Users/zhiboc/repos/yuyan-worktrees/基础库-密码公钥核验/库/标准库/数据结构/小数操作。豫 | PID 29237 | 退出 0 | 运行 23/24 | 已完成 28
[启动] dependency-analysis：/Users/zhiboc/repos/yuyan-worktrees/基础库-密码公钥核验/库/标准库/语言核心/原语。内建。豫 | 运行 24/24
[完成] 依赖分析：/Users/zhiboc/repos/yuyan-worktrees/基础库-密码公钥核验/库/标准库/数据结构/字典术。豫 | PID 29237 | 退出 0 | 运行 23/24 | 已完成 29
[启动] dependency-analysis：/Users/zhiboc/repos/yuyan-worktrees/基础库-密码公钥核验/库/标准库/数学运算/数组转换。豫 | 运行 24/24
[完成] 依赖分析：/Users/zhiboc/repos/yuyan-worktrees/基础库-密码公钥核验/库/标准库/数据结构/特殊字符。豫 | PID 29237 | 退出 0 | 运行 23/24 | 已完成 30
[启动] dependency-analysis：/Users/zhiboc/repos/yuyan-worktrees/基础库-密码公钥核验/库/标准库/语言核心/异步原语。豫 | 运行 24/24
[完成] 依赖分析：/Users/zhiboc/repos/yuyan-worktrees/基础库-密码公钥核验/库/标准库/数据结构/多态列工具。豫 | PID 29237 | 退出 0 | 运行 23/24 | 已完成 31
[启动] dependency-analysis：/Users/zhiboc/repos/yuyan-worktrees/基础库-密码公钥核验/库/标准库/语言核心/引用。豫 | 运行 24/24
[完成] 依赖分析：/Users/zhiboc/repos/yuyan-worktrees/基础库-密码公钥核验/库/标准库/控制/惰性求值。豫 | PID 29237 | 退出 0 | 运行 23/24 | 已完成 32
[启动] dependency-analysis：/Users/zhiboc/repos/yuyan-worktrees/基础库-密码公钥核验/库/标准库/语言核心/不安全。豫 | 运行 24/24
[完成] 依赖分析：/Users/zhiboc/repos/yuyan-worktrees/基础库-密码公钥核验/库/基础库/密码与安全/密码/宽字散列。豫 | PID 29237 | 退出 0 | 运行 23/24 | 已完成 33
[启动] dependency-analysis：/Users/zhiboc/repos/yuyan-worktrees/基础库-密码公钥核验/库/基础库/密码与安全/密码/散列。豫 | 运行 24/24
[完成] 依赖分析：/Users/zhiboc/repos/yuyan-worktrees/基础库-密码公钥核验/库/标准库/宿主。接口。豫 | PID 29237 | 退出 0 | 运行 23/24 | 已完成 34
[启动] parse：/Users/zhiboc/repos/yuyan-worktrees/基础库-密码公钥核验/库/标准库/数据结构/函数操作。豫 | 运行 24/24
[完成] 依赖分析：/Users/zhiboc/repos/yuyan-worktrees/基础库-密码公钥核验/库/标准库/语言核心/内建类型。豫 | PID 29237 | 退出 0 | 运行 23/24 | 已完成 35
[启动] parse：/Users/zhiboc/repos/yuyan-worktrees/基础库-密码公钥核验/库/标准库/语言核心/内建类型。豫 | 运行 24/24
[完成] 依赖分析：/Users/zhiboc/repos/yuyan-worktrees/基础库-密码公钥核验/库/标准库/网络/超文本传输协议。豫 | PID 29237 | 退出 0 | 运行 23/24 | 已完成 36
[完成] 依赖分析：/Users/zhiboc/repos/yuyan-worktrees/基础库-密码公钥核验/库/标准库/网络/异步传输控制协议。豫 | PID 29237 | 退出 0 | 运行 22/24 | 已完成 37
[完成] 依赖分析：/Users/zhiboc/repos/yuyan-worktrees/基础库-密码公钥核验/库/标准库/输入输出/笔。豫 | PID 29237 | 退出 0 | 运行 21/24 | 已完成 38
[完成] 依赖分析：/Users/zhiboc/repos/yuyan-worktrees/基础库-密码公钥核验/库/标准库/数据结构/字节缓冲。豫 | PID 29237 | 退出 0 | 运行 20/24 | 已完成 39
[完成] 依赖分析：/Users/zhiboc/repos/yuyan-worktrees/基础库-密码公钥核验/库/标准库/数据结构/爻术。豫 | PID 29237 | 退出 0 | 运行 19/24 | 已完成 40
[完成] 依赖分析：/Users/zhiboc/repos/yuyan-worktrees/基础库-密码公钥核验/库/标准库/控制/异步。豫 | PID 29237 | 退出 0 | 运行 18/24 | 已完成 41
[完成] 依赖分析：/Users/zhiboc/repos/yuyan-worktrees/基础库-密码公钥核验/库/标准库/操作系统/系统名称。豫 | PID 29237 | 退出 0 | 运行 17/24 | 已完成 42
[完成] 依赖分析：/Users/zhiboc/repos/yuyan-worktrees/基础库-密码公钥核验/库/基础库/密码与安全/密码/散列。豫 | PID 29237 | 退出 0 | 运行 16/24 | 已完成 43
[完成] 依赖分析：/Users/zhiboc/repos/yuyan-worktrees/基础库-密码公钥核验/库/标准库/语言核心/引用。豫 | PID 29237 | 退出 0 | 运行 15/24 | 已完成 44
[完成] 依赖分析：/Users/zhiboc/repos/yuyan-worktrees/基础库-密码公钥核验/库/标准库/语言核心/原语。内建。豫 | PID 29237 | 退出 0 | 运行 14/24 | 已完成 45
[完成] 依赖分析：/Users/zhiboc/repos/yuyan-worktrees/基础库-密码公钥核验/库/标准库/语言核心/续延。豫 | PID 29237 | 退出 0 | 运行 13/24 | 已完成 46
[启动] parse：/Users/zhiboc/repos/yuyan-worktrees/基础库-密码公钥核验/库/标准库/语言核心/续延。豫 | 运行 14/24
[完成] 依赖分析：/Users/zhiboc/repos/yuyan-worktrees/基础库-密码公钥核验/库/标准库/语言核心/异常。豫 | PID 29237 | 退出 0 | 运行 13/24 | 已完成 47
[完成] 依赖分析：/Users/zhiboc/repos/yuyan-worktrees/基础库-密码公钥核验/库/标准库/数学运算/转换。豫 | PID 29237 | 退出 0 | 运行 12/24 | 已完成 48
[完成] 依赖分析：/Users/zhiboc/repos/yuyan-worktrees/基础库-密码公钥核验/库/标准库/数据结构/可选值。豫 | PID 29237 | 退出 0 | 运行 11/24 | 已完成 49
[完成] 依赖分析：/Users/zhiboc/repos/yuyan-worktrees/基础库-密码公钥核验/库/标准库/数学运算。豫 | PID 29237 | 退出 0 | 运行 10/24 | 已完成 50
[启动] dependency-analysis：/Users/zhiboc/repos/yuyan-worktrees/基础库-密码公钥核验/库/标准库/数学运算/具体列。豫 | 运行 11/24
[启动] dependency-analysis：/Users/zhiboc/repos/yuyan-worktrees/基础库-密码公钥核验/库/标准库/数学运算/随机。豫 | 运行 12/24
[启动] dependency-analysis：/Users/zhiboc/repos/yuyan-worktrees/基础库-密码公钥核验/库/标准库/数学运算/大小。豫 | 运行 13/24
[完成] 语法解析：/Users/zhiboc/repos/yuyan-worktrees/基础库-密码公钥核验/库/标准库/语言核心/内建类型。豫 | PID 29237 | 退出 0 | 运行 12/24 | 已完成 51
[启动] parse：/Users/zhiboc/repos/yuyan-worktrees/基础库-密码公钥核验/库/标准库/控制/惰性求值。豫 | 运行 13/24
[启动] parse：/Users/zhiboc/repos/yuyan-worktrees/基础库-密码公钥核验/库/标准库/数据结构/爻术。豫 | 运行 14/24
[启动] parse：/Users/zhiboc/repos/yuyan-worktrees/基础库-密码公钥核验/库/标准库/语言核心/原语。内建。豫 | 运行 15/24
[启动] type-check-and-erase：/Users/zhiboc/repos/yuyan-worktrees/基础库-密码公钥核验/库/标准库/语言核心/内建类型。豫 | 运行 16/24
[完成] 依赖分析：/Users/zhiboc/repos/yuyan-worktrees/基础库-密码公钥核验/库/标准库/语言核心/异步原语。豫 | PID 29237 | 退出 0 | 运行 15/24 | 已完成 52
[完成] 依赖分析：/Users/zhiboc/repos/yuyan-worktrees/基础库-密码公钥核验/库/标准库/数据结构/对子术。豫 | PID 29237 | 退出 0 | 运行 14/24 | 已完成 53
[完成] 依赖分析：/Users/zhiboc/repos/yuyan-worktrees/基础库-密码公钥核验/库/标准库/网络/传输控制协议。豫 | PID 29237 | 退出 0 | 运行 13/24 | 已完成 54
[完成] 依赖分析：/Users/zhiboc/repos/yuyan-worktrees/基础库-密码公钥核验/库/标准库/数据结构/字符流术。豫 | PID 29237 | 退出 0 | 运行 12/24 | 已完成 55
[完成] 依赖分析：/Users/zhiboc/repos/yuyan-worktrees/基础库-密码公钥核验/库/标准库/数学运算/随机。豫 | PID 29237 | 退出 0 | 运行 11/24 | 已完成 56
[完成] 依赖分析：/Users/zhiboc/repos/yuyan-worktrees/基础库-密码公钥核验/库/标准库/数学运算/大小。豫 | PID 29237 | 退出 0 | 运行 10/24 | 已完成 57
[启动] parse：/Users/zhiboc/repos/yuyan-worktrees/基础库-密码公钥核验/库/标准库/数学运算/大小。豫 | 运行 11/24
[完成] 依赖分析：/Users/zhiboc/repos/yuyan-worktrees/基础库-密码公钥核验/库/标准库/语言核心/不安全。豫 | PID 29237 | 退出 0 | 运行 10/24 | 已完成 58
[完成] 语法解析：/Users/zhiboc/repos/yuyan-worktrees/基础库-密码公钥核验/库/标准库/语言核心/原语。内建。豫 | PID 29237 | 退出 0 | 运行 9/24 | 已完成 59
[启动] parse：/Users/zhiboc/repos/yuyan-worktrees/基础库-密码公钥核验/库/标准库/数据结构/字节串。豫 | 运行 10/24
[启动] parse：/Users/zhiboc/repos/yuyan-worktrees/基础库-密码公钥核验/库/标准库/数据结构/小数术。豫 | 运行 11/24
[启动] parse：/Users/zhiboc/repos/yuyan-worktrees/基础库-密码公钥核验/库/标准库/语言核心/引用。豫 | 运行 12/24
[启动] parse：/Users/zhiboc/repos/yuyan-worktrees/基础库-密码公钥核验/库/标准库/数学运算/转换。豫 | 运行 13/24
[启动] parse：/Users/zhiboc/repos/yuyan-worktrees/基础库-密码公钥核验/库/标准库/语言核心/异步原语。豫 | 运行 14/24
[启动] parse：/Users/zhiboc/repos/yuyan-worktrees/基础库-密码公钥核验/库/标准库/语言核心/不安全。豫 | 运行 15/24
[完成] 语法解析：/Users/zhiboc/repos/yuyan-worktrees/基础库-密码公钥核验/库/标准库/数据结构/爻术。豫 | PID 29237 | 退出 0 | 运行 14/24 | 已完成 60
[启动] parse：/Users/zhiboc/repos/yuyan-worktrees/基础库-密码公钥核验/库/标准库/数据结构/整数操作。豫 | 运行 15/24
[完成] 依赖分析：/Users/zhiboc/repos/yuyan-worktrees/基础库-密码公钥核验/库/标准库/宿主带列。接口。豫 | PID 29237 | 退出 0 | 运行 14/24 | 已完成 61
[完成] 语法解析：/Users/zhiboc/repos/yuyan-worktrees/基础库-密码公钥核验/库/标准库/语言核心/不安全。豫 | PID 29237 | 退出 0 | 运行 13/24 | 已完成 62
[完成] 语法解析：/Users/zhiboc/repos/yuyan-worktrees/基础库-密码公钥核验/库/标准库/数学运算/大小。豫 | PID 29237 | 退出 0 | 运行 12/24 | 已完成 63
[完成] 类型检查：/Users/zhiboc/repos/yuyan-worktrees/基础库-密码公钥核验/库/标准库/语言核心/内建类型。豫 | PID 29237 | 退出 0 | 运行 11/24 | 已完成 64
[启动] type-check-and-erase：/Users/zhiboc/repos/yuyan-worktrees/基础库-密码公钥核验/库/标准库/数据结构/爻术。豫 | 运行 12/24
[启动] type-check-and-erase：/Users/zhiboc/repos/yuyan-worktrees/基础库-密码公钥核验/库/标准库/语言核心/原语。内建。豫 | 运行 13/24
[启动] type-check-and-erase：/Users/zhiboc/repos/yuyan-worktrees/基础库-密码公钥核验/库/标准库/数学运算/大小。豫 | 运行 14/24
[完成] 语法解析：/Users/zhiboc/repos/yuyan-worktrees/基础库-密码公钥核验/库/标准库/控制/惰性求值。豫 | PID 29237 | 退出 0 | 运行 13/24 | 已完成 65
[启动] type-check-and-erase：/Users/zhiboc/repos/yuyan-worktrees/基础库-密码公钥核验/库/标准库/控制/惰性求值。豫 | 运行 14/24
[完成] 语法解析：/Users/zhiboc/repos/yuyan-worktrees/基础库-密码公钥核验/库/标准库/语言核心/续延。豫 | PID 29237 | 退出 0 | 运行 13/24 | 已完成 66
[启动] type-check-and-erase：/Users/zhiboc/repos/yuyan-worktrees/基础库-密码公钥核验/库/标准库/语言核心/续延。豫 | 运行 14/24
[完成] 语法解析：/Users/zhiboc/repos/yuyan-worktrees/基础库-密码公钥核验/库/标准库/数据结构/函数操作。豫 | PID 29237 | 退出 0 | 运行 13/24 | 已完成 67
[启动] type-check-and-erase：/Users/zhiboc/repos/yuyan-worktrees/基础库-密码公钥核验/库/标准库/数据结构/函数操作。豫 | 运行 14/24
[完成] 依赖分析：/Users/zhiboc/repos/yuyan-worktrees/基础库-密码公钥核验/库/标准库/数学运算/数组转换。豫 | PID 29237 | 退出 0 | 运行 13/24 | 已完成 68
[完成] 类型检查：/Users/zhiboc/repos/yuyan-worktrees/基础库-密码公钥核验/库/标准库/语言核心/原语。内建。豫 | PID 29237 | 退出 0 | 运行 12/24 | 已完成 69
[启动] type-check-and-erase：/Users/zhiboc/repos/yuyan-worktrees/基础库-密码公钥核验/库/标准库/语言核心/不安全。豫 | 运行 13/24
[完成] 类型检查：/Users/zhiboc/repos/yuyan-worktrees/基础库-密码公钥核验/库/标准库/数据结构/爻术。豫 | PID 29237 | 退出 0 | 运行 12/24 | 已完成 70
[完成] 语法解析：/Users/zhiboc/repos/yuyan-worktrees/基础库-密码公钥核验/库/标准库/数据结构/整数操作。豫 | PID 29237 | 退出 0 | 运行 11/24 | 已完成 71
[启动] type-check-and-erase：/Users/zhiboc/repos/yuyan-worktrees/基础库-密码公钥核验/库/标准库/数据结构/整数操作。豫 | 运行 12/24
[完成] 语法解析：/Users/zhiboc/repos/yuyan-worktrees/基础库-密码公钥核验/库/标准库/语言核心/异步原语。豫 | PID 29237 | 退出 0 | 运行 11/24 | 已完成 72
[启动] type-check-and-erase：/Users/zhiboc/repos/yuyan-worktrees/基础库-密码公钥核验/库/标准库/语言核心/异步原语。豫 | 运行 12/24
[完成] 语法解析：/Users/zhiboc/repos/yuyan-worktrees/基础库-密码公钥核验/库/标准库/数学运算/转换。豫 | PID 29237 | 退出 0 | 运行 11/24 | 已完成 73
[启动] type-check-and-erase：/Users/zhiboc/repos/yuyan-worktrees/基础库-密码公钥核验/库/标准库/数学运算/转换。豫 | 运行 12/24
[完成] 语法解析：/Users/zhiboc/repos/yuyan-worktrees/基础库-密码公钥核验/库/标准库/语言核心/引用。豫 | PID 29237 | 退出 0 | 运行 11/24 | 已完成 74
[启动] type-check-and-erase：/Users/zhiboc/repos/yuyan-worktrees/基础库-密码公钥核验/库/标准库/语言核心/引用。豫 | 运行 12/24
[完成] 类型检查：/Users/zhiboc/repos/yuyan-worktrees/基础库-密码公钥核验/库/标准库/数据结构/函数操作。豫 | PID 29237 | 退出 0 | 运行 11/24 | 已完成 75
[完成] 类型检查：/Users/zhiboc/repos/yuyan-worktrees/基础库-密码公钥核验/库/标准库/语言核心/续延。豫 | PID 29237 | 退出 0 | 运行 10/24 | 已完成 76
[完成] 类型检查：/Users/zhiboc/repos/yuyan-worktrees/基础库-密码公钥核验/库/标准库/数学运算/大小。豫 | PID 29237 | 退出 0 | 运行 9/24 | 已完成 77
[完成] 语法解析：/Users/zhiboc/repos/yuyan-worktrees/基础库-密码公钥核验/库/标准库/数据结构/小数术。豫 | PID 29237 | 退出 0 | 运行 8/24 | 已完成 78
[启动] type-check-and-erase：/Users/zhiboc/repos/yuyan-worktrees/基础库-密码公钥核验/库/标准库/数据结构/小数术。豫 | 运行 9/24
[完成] 语法解析：/Users/zhiboc/repos/yuyan-worktrees/基础库-密码公钥核验/库/标准库/数据结构/字节串。豫 | PID 29237 | 退出 0 | 运行 8/24 | 已完成 79
[启动] parse：/Users/zhiboc/repos/yuyan-worktrees/基础库-密码公钥核验/库/标准库/宿主。接口。豫 | 运行 9/24
[启动] parse：/Users/zhiboc/repos/yuyan-worktrees/基础库-密码公钥核验/库/标准库/数据结构/字节缓冲。豫 | 运行 10/24
[启动] type-check-and-erase：/Users/zhiboc/repos/yuyan-worktrees/基础库-密码公钥核验/库/标准库/数据结构/字节串。豫 | 运行 11/24
[完成] 类型检查：/Users/zhiboc/repos/yuyan-worktrees/基础库-密码公钥核验/库/标准库/数据结构/整数操作。豫 | PID 29237 | 退出 0 | 运行 10/24 | 已完成 80
[完成] 类型检查：/Users/zhiboc/repos/yuyan-worktrees/基础库-密码公钥核验/库/标准库/语言核心/不安全。豫 | PID 29237 | 退出 0 | 运行 9/24 | 已完成 81
[完成] 类型检查：/Users/zhiboc/repos/yuyan-worktrees/基础库-密码公钥核验/库/标准库/控制/惰性求值。豫 | PID 29237 | 退出 0 | 运行 8/24 | 已完成 82
[完成] 语法解析：/Users/zhiboc/repos/yuyan-worktrees/基础库-密码公钥核验/库/标准库/宿主。接口。豫 | PID 29237 | 退出 0 | 运行 7/24 | 已完成 83
[启动] parse：/Users/zhiboc/repos/yuyan-worktrees/基础库-密码公钥核验/库/标准库/操作系统/进程。豫 | 运行 8/24
[启动] parse：/Users/zhiboc/repos/yuyan-worktrees/基础库-密码公钥核验/库/标准库/操作系统/环境变量。豫 | 运行 9/24
[启动] parse：/Users/zhiboc/repos/yuyan-worktrees/基础库-密码公钥核验/库/标准库/数据结构/小数操作。豫 | 运行 10/24
[启动] parse：/Users/zhiboc/repos/yuyan-worktrees/基础库-密码公钥核验/库/标准库/输入输出/笔。豫 | 运行 11/24
[启动] parse：/Users/zhiboc/repos/yuyan-worktrees/基础库-密码公钥核验/库/标准库/操作系统/系统名称。豫 | 运行 12/24
[启动] parse：/Users/zhiboc/repos/yuyan-worktrees/基础库-密码公钥核验/库/标准库/语言核心/异常。豫 | 运行 13/24
[启动] parse：/Users/zhiboc/repos/yuyan-worktrees/基础库-密码公钥核验/库/标准库/网络/传输控制协议。豫 | 运行 14/24
[启动] parse：/Users/zhiboc/repos/yuyan-worktrees/基础库-密码公钥核验/库/标准库/数学运算/随机。豫 | 运行 15/24
[完成] 语法解析：/Users/zhiboc/repos/yuyan-worktrees/基础库-密码公钥核验/库/标准库/操作系统/环境变量。豫 | PID 29237 | 退出 0 | 运行 14/24 | 已完成 84
[完成] 语法解析：/Users/zhiboc/repos/yuyan-worktrees/基础库-密码公钥核验/库/标准库/操作系统/系统名称。豫 | PID 29237 | 退出 0 | 运行 13/24 | 已完成 85
[完成] 语法解析：/Users/zhiboc/repos/yuyan-worktrees/基础库-密码公钥核验/库/标准库/数据结构/字节缓冲。豫 | PID 29237 | 退出 0 | 运行 12/24 | 已完成 86
[完成] 类型检查：/Users/zhiboc/repos/yuyan-worktrees/基础库-密码公钥核验/库/标准库/语言核心/引用。豫 | PID 29237 | 退出 0 | 运行 11/24 | 已完成 87
[完成] 类型检查：/Users/zhiboc/repos/yuyan-worktrees/基础库-密码公钥核验/库/标准库/数学运算/转换。豫 | PID 29237 | 退出 0 | 运行 10/24 | 已完成 88
[完成] 类型检查：/Users/zhiboc/repos/yuyan-worktrees/基础库-密码公钥核验/库/标准库/语言核心/异步原语。豫 | PID 29237 | 退出 0 | 运行 9/24 | 已完成 89
[完成] 语法解析：/Users/zhiboc/repos/yuyan-worktrees/基础库-密码公钥核验/库/标准库/数学运算/随机。豫 | PID 29237 | 退出 0 | 运行 8/24 | 已完成 90
[完成] 类型检查：/Users/zhiboc/repos/yuyan-worktrees/基础库-密码公钥核验/库/标准库/数据结构/小数术。豫 | PID 29237 | 退出 0 | 运行 7/24 | 已完成 91
[完成] 语法解析：/Users/zhiboc/repos/yuyan-worktrees/基础库-密码公钥核验/库/标准库/输入输出/笔。豫 | PID 29237 | 退出 0 | 运行 6/24 | 已完成 92
[启动] parse：/Users/zhiboc/repos/yuyan-worktrees/基础库-密码公钥核验/库/标准库/输入输出。豫 | 运行 7/24
[完成] 语法解析：/Users/zhiboc/repos/yuyan-worktrees/基础库-密码公钥核验/库/标准库/数据结构/小数操作。豫 | PID 29237 | 退出 0 | 运行 6/24 | 已完成 93
[启动] parse：/Users/zhiboc/repos/yuyan-worktrees/基础库-密码公钥核验/库/标准库/操作系统/时间。豫 | 运行 7/24
[完成] 语法解析：/Users/zhiboc/repos/yuyan-worktrees/基础库-密码公钥核验/库/标准库/网络/传输控制协议。豫 | PID 29237 | 退出 0 | 运行 6/24 | 已完成 94
[完成] 依赖分析：/Users/zhiboc/repos/yuyan-worktrees/基础库-密码公钥核验/库/标准库/数学运算/具体列。豫 | PID 29237 | 退出 0 | 运行 5/24 | 已完成 95
[完成] 语法解析：/Users/zhiboc/repos/yuyan-worktrees/基础库-密码公钥核验/库/标准库/操作系统/进程。豫 | PID 29237 | 退出 0 | 运行 4/24 | 已完成 96
[完成] 类型检查：/Users/zhiboc/repos/yuyan-worktrees/基础库-密码公钥核验/库/标准库/数据结构/字节串。豫 | PID 29237 | 退出 0 | 运行 3/24 | 已完成 97
[启动] type-check-and-erase：/Users/zhiboc/repos/yuyan-worktrees/基础库-密码公钥核验/库/标准库/宿主。接口。豫 | 运行 4/24
[启动] type-check-and-erase：/Users/zhiboc/repos/yuyan-worktrees/基础库-密码公钥核验/库/标准库/数据结构/字节缓冲。豫 | 运行 5/24
[完成] 类型检查：/Users/zhiboc/repos/yuyan-worktrees/基础库-密码公钥核验/库/标准库/宿主。接口。豫 | PID 29237 | 退出 0 | 运行 4/24 | 已完成 98
[启动] type-check-and-erase：/Users/zhiboc/repos/yuyan-worktrees/基础库-密码公钥核验/库/标准库/操作系统/进程。豫 | 运行 5/24
[启动] type-check-and-erase：/Users/zhiboc/repos/yuyan-worktrees/基础库-密码公钥核验/库/标准库/操作系统/环境变量。豫 | 运行 6/24
[启动] type-check-and-erase：/Users/zhiboc/repos/yuyan-worktrees/基础库-密码公钥核验/库/标准库/数据结构/小数操作。豫 | 运行 7/24
[启动] type-check-and-erase：/Users/zhiboc/repos/yuyan-worktrees/基础库-密码公钥核验/库/标准库/输入输出/笔。豫 | 运行 8/24
[启动] type-check-and-erase：/Users/zhiboc/repos/yuyan-worktrees/基础库-密码公钥核验/库/标准库/操作系统/系统名称。豫 | 运行 9/24
[启动] type-check-and-erase：/Users/zhiboc/repos/yuyan-worktrees/基础库-密码公钥核验/库/标准库/网络/传输控制协议。豫 | 运行 10/24
[启动] type-check-and-erase：/Users/zhiboc/repos/yuyan-worktrees/基础库-密码公钥核验/库/标准库/数学运算/随机。豫 | 运行 11/24
[完成] 语法解析：/Users/zhiboc/repos/yuyan-worktrees/基础库-密码公钥核验/库/标准库/操作系统/时间。豫 | PID 29237 | 退出 0 | 运行 10/24 | 已完成 99
[完成] 语法解析：/Users/zhiboc/repos/yuyan-worktrees/基础库-密码公钥核验/库/标准库/输入输出。豫 | PID 29237 | 退出 0 | 运行 9/24 | 已完成 100
[完成] 语法解析：/Users/zhiboc/repos/yuyan-worktrees/基础库-密码公钥核验/库/标准库/语言核心/异常。豫 | PID 29237 | 退出 0 | 运行 8/24 | 已完成 101
[启动] parse：/Users/zhiboc/repos/yuyan-worktrees/基础库-密码公钥核验/库/标准库/语言核心。豫 | 运行 9/24
[启动] parse：/Users/zhiboc/repos/yuyan-worktrees/基础库-密码公钥核验/库/标准库/数据结构/可选值。豫 | 运行 10/24
[启动] type-check-and-erase：/Users/zhiboc/repos/yuyan-worktrees/基础库-密码公钥核验/库/标准库/语言核心/异常。豫 | 运行 11/24
[完成] 类型检查：/Users/zhiboc/repos/yuyan-worktrees/基础库-密码公钥核验/库/标准库/数学运算/随机。豫 | PID 29237 | 退出 0 | 运行 10/24 | 已完成 102
[完成] 类型检查：/Users/zhiboc/repos/yuyan-worktrees/基础库-密码公钥核验/库/标准库/网络/传输控制协议。豫 | PID 29237 | 退出 0 | 运行 9/24 | 已完成 103
[完成] 类型检查：/Users/zhiboc/repos/yuyan-worktrees/基础库-密码公钥核验/库/标准库/操作系统/系统名称。豫 | PID 29237 | 退出 0 | 运行 8/24 | 已完成 104
[完成] 类型检查：/Users/zhiboc/repos/yuyan-worktrees/基础库-密码公钥核验/库/标准库/输入输出/笔。豫 | PID 29237 | 退出 0 | 运行 7/24 | 已完成 105
[启动] type-check-and-erase：/Users/zhiboc/repos/yuyan-worktrees/基础库-密码公钥核验/库/标准库/输入输出。豫 | 运行 8/24
[完成] 类型检查：/Users/zhiboc/repos/yuyan-worktrees/基础库-密码公钥核验/库/标准库/操作系统/环境变量。豫 | PID 29237 | 退出 0 | 运行 7/24 | 已完成 106
[完成] 语法解析：/Users/zhiboc/repos/yuyan-worktrees/基础库-密码公钥核验/库/标准库/语言核心。豫 | PID 29237 | 退出 0 | 运行 6/24 | 已完成 107
[完成] 语法解析：/Users/zhiboc/repos/yuyan-worktrees/基础库-密码公钥核验/库/标准库/数据结构/可选值。豫 | PID 29237 | 退出 0 | 运行 5/24 | 已完成 108
[启动] parse：/Users/zhiboc/repos/yuyan-worktrees/基础库-密码公钥核验/库/标准库/数据结构/多态列。豫 | 运行 6/24
[完成] 类型检查：/Users/zhiboc/repos/yuyan-worktrees/基础库-密码公钥核验/库/标准库/操作系统/进程。豫 | PID 29237 | 退出 0 | 运行 5/24 | 已完成 109
[完成] 语法解析：/Users/zhiboc/repos/yuyan-worktrees/基础库-密码公钥核验/库/标准库/数据结构/多态列。豫 | PID 29237 | 退出 0 | 运行 4/24 | 已完成 110
[启动] parse：/Users/zhiboc/repos/yuyan-worktrees/基础库-密码公钥核验/库/标准库/数据结构/多态列工具。豫 | 运行 5/24
[启动] parse：/Users/zhiboc/repos/yuyan-worktrees/基础库-密码公钥核验/库/标准库/宿主带列。接口。豫 | 运行 6/24
[启动] parse：/Users/zhiboc/repos/yuyan-worktrees/基础库-密码公钥核验/库/标准库/数学运算/数组转换。豫 | 运行 7/24
[启动] parse：/Users/zhiboc/repos/yuyan-worktrees/基础库-密码公钥核验/库/标准库/数学运算/具体列。豫 | 运行 8/24
[完成] 类型检查：/Users/zhiboc/repos/yuyan-worktrees/基础库-密码公钥核验/库/标准库/数据结构/小数操作。豫 | PID 29237 | 退出 0 | 运行 7/24 | 已完成 111
[启动] type-check-and-erase：/Users/zhiboc/repos/yuyan-worktrees/基础库-密码公钥核验/库/标准库/操作系统/时间。豫 | 运行 8/24
[完成] 类型检查：/Users/zhiboc/repos/yuyan-worktrees/基础库-密码公钥核验/库/标准库/数据结构/字节缓冲。豫 | PID 29237 | 退出 0 | 运行 7/24 | 已完成 112
[完成] 语法解析：/Users/zhiboc/repos/yuyan-worktrees/基础库-密码公钥核验/库/标准库/数学运算/数组转换。豫 | PID 29237 | 退出 0 | 运行 6/24 | 已完成 113
[启动] parse：/Users/zhiboc/repos/yuyan-worktrees/基础库-密码公钥核验/库/标准库/数据结构/字符流术。豫 | 运行 7/24
[完成] 类型检查：/Users/zhiboc/repos/yuyan-worktrees/基础库-密码公钥核验/库/标准库/语言核心/异常。豫 | PID 29237 | 退出 0 | 运行 6/24 | 已完成 114
[启动] type-check-and-erase：/Users/zhiboc/repos/yuyan-worktrees/基础库-密码公钥核验/库/标准库/语言核心。豫 | 运行 7/24
[启动] type-check-and-erase：/Users/zhiboc/repos/yuyan-worktrees/基础库-密码公钥核验/库/标准库/数据结构/可选值。豫 | 运行 8/24
[完成] 类型检查：/Users/zhiboc/repos/yuyan-worktrees/基础库-密码公钥核验/库/标准库/操作系统/时间。豫 | PID 29237 | 退出 0 | 运行 7/24 | 已完成 115
[完成] 类型检查：/Users/zhiboc/repos/yuyan-worktrees/基础库-密码公钥核验/库/标准库/输入输出。豫 | PID 29237 | 退出 0 | 运行 6/24 | 已完成 116
[完成] 类型检查：/Users/zhiboc/repos/yuyan-worktrees/基础库-密码公钥核验/库/标准库/数据结构/可选值。豫 | PID 29237 | 退出 0 | 运行 5/24 | 已完成 117
[启动] type-check-and-erase：/Users/zhiboc/repos/yuyan-worktrees/基础库-密码公钥核验/库/标准库/数据结构/多态列。豫 | 运行 6/24
[完成] 类型检查：/Users/zhiboc/repos/yuyan-worktrees/基础库-密码公钥核验/库/标准库/语言核心。豫 | PID 29237 | 退出 0 | 运行 5/24 | 已完成 118
[完成] 语法解析：/Users/zhiboc/repos/yuyan-worktrees/基础库-密码公钥核验/库/标准库/宿主带列。接口。豫 | PID 29237 | 退出 0 | 运行 4/24 | 已完成 119
[启动] parse：/Users/zhiboc/repos/yuyan-worktrees/基础库-密码公钥核验/库/标准库/操作系统/命令行参数。豫 | 运行 5/24
[启动] parse：/Users/zhiboc/repos/yuyan-worktrees/基础库-密码公钥核验/库/标准库/操作系统/文件系统。豫 | 运行 6/24
[启动] parse：/Users/zhiboc/repos/yuyan-worktrees/基础库-密码公钥核验/库/标准库/控制/异步。豫 | 运行 7/24
[完成] 语法解析：/Users/zhiboc/repos/yuyan-worktrees/基础库-密码公钥核验/库/标准库/操作系统/命令行参数。豫 | PID 29237 | 退出 0 | 运行 6/24 | 已完成 120
[完成] 类型检查：/Users/zhiboc/repos/yuyan-worktrees/基础库-密码公钥核验/库/标准库/数据结构/多态列。豫 | PID 29237 | 退出 0 | 运行 5/24 | 已完成 121
[启动] type-check-and-erase：/Users/zhiboc/repos/yuyan-worktrees/基础库-密码公钥核验/库/标准库/宿主带列。接口。豫 | 运行 6/24
[启动] type-check-and-erase：/Users/zhiboc/repos/yuyan-worktrees/基础库-密码公钥核验/库/标准库/数学运算/数组转换。豫 | 运行 7/24
[完成] 语法解析：/Users/zhiboc/repos/yuyan-worktrees/基础库-密码公钥核验/库/标准库/数据结构/字符流术。豫 | PID 29237 | 退出 0 | 运行 6/24 | 已完成 122
[完成] 语法解析：/Users/zhiboc/repos/yuyan-worktrees/基础库-密码公钥核验/库/标准库/控制/异步。豫 | PID 29237 | 退出 0 | 运行 5/24 | 已完成 123
[启动] parse：/Users/zhiboc/repos/yuyan-worktrees/基础库-密码公钥核验/库/标准库/控制。豫 | 运行 6/24
[启动] parse：/Users/zhiboc/repos/yuyan-worktrees/基础库-密码公钥核验/库/标准库/网络/异步传输控制协议。豫 | 运行 7/24
[完成] 语法解析：/Users/zhiboc/repos/yuyan-worktrees/基础库-密码公钥核验/库/标准库/数据结构/多态列工具。豫 | PID 29237 | 退出 0 | 运行 6/24 | 已完成 124
[启动] parse：/Users/zhiboc/repos/yuyan-worktrees/基础库-密码公钥核验/库/标准库/数据结构/字符串术。豫 | 运行 7/24
[启动] type-check-and-erase：/Users/zhiboc/repos/yuyan-worktrees/基础库-密码公钥核验/库/标准库/数据结构/多态列工具。豫 | 运行 8/24
[完成] 语法解析：/Users/zhiboc/repos/yuyan-worktrees/基础库-密码公钥核验/库/标准库/操作系统/文件系统。豫 | PID 29237 | 退出 0 | 运行 7/24 | 已完成 125
[完成] 语法解析：/Users/zhiboc/repos/yuyan-worktrees/基础库-密码公钥核验/库/标准库/控制。豫 | PID 29237 | 退出 0 | 运行 6/24 | 已完成 126
[完成] 类型检查：/Users/zhiboc/repos/yuyan-worktrees/基础库-密码公钥核验/库/标准库/数学运算/数组转换。豫 | PID 29237 | 退出 0 | 运行 5/24 | 已完成 127
[启动] type-check-and-erase：/Users/zhiboc/repos/yuyan-worktrees/基础库-密码公钥核验/库/标准库/数据结构/字符流术。豫 | 运行 6/24
[完成] 类型检查：/Users/zhiboc/repos/yuyan-worktrees/基础库-密码公钥核验/库/标准库/宿主带列。接口。豫 | PID 29237 | 退出 0 | 运行 5/24 | 已完成 128
[启动] type-check-and-erase：/Users/zhiboc/repos/yuyan-worktrees/基础库-密码公钥核验/库/标准库/操作系统/命令行参数。豫 | 运行 6/24
[启动] type-check-and-erase：/Users/zhiboc/repos/yuyan-worktrees/基础库-密码公钥核验/库/标准库/操作系统/文件系统。豫 | 运行 7/24
[启动] type-check-and-erase：/Users/zhiboc/repos/yuyan-worktrees/基础库-密码公钥核验/库/标准库/控制/异步。豫 | 运行 8/24
[完成] 语法解析：/Users/zhiboc/repos/yuyan-worktrees/基础库-密码公钥核验/库/标准库/网络/异步传输控制协议。豫 | PID 29237 | 退出 0 | 运行 7/24 | 已完成 129
[完成] 语法解析：/Users/zhiboc/repos/yuyan-worktrees/基础库-密码公钥核验/库/标准库/数学运算/具体列。豫 | PID 29237 | 退出 0 | 运行 6/24 | 已完成 130
[启动] parse：/Users/zhiboc/repos/yuyan-worktrees/基础库-密码公钥核验/库/标准库/数学运算。豫 | 运行 7/24
[启动] type-check-and-erase：/Users/zhiboc/repos/yuyan-worktrees/基础库-密码公钥核验/库/标准库/数学运算/具体列。豫 | 运行 8/24
[完成] 类型检查：/Users/zhiboc/repos/yuyan-worktrees/基础库-密码公钥核验/库/标准库/操作系统/文件系统。豫 | PID 29237 | 退出 0 | 运行 7/24 | 已完成 131
[完成] 类型检查：/Users/zhiboc/repos/yuyan-worktrees/基础库-密码公钥核验/库/标准库/控制/异步。豫 | PID 29237 | 退出 0 | 运行 6/24 | 已完成 132
[启动] type-check-and-erase：/Users/zhiboc/repos/yuyan-worktrees/基础库-密码公钥核验/库/标准库/控制。豫 | 运行 7/24
[启动] type-check-and-erase：/Users/zhiboc/repos/yuyan-worktrees/基础库-密码公钥核验/库/标准库/网络/异步传输控制协议。豫 | 运行 8/24
[完成] 类型检查：/Users/zhiboc/repos/yuyan-worktrees/基础库-密码公钥核验/库/标准库/数据结构/多态列工具。豫 | PID 29237 | 退出 0 | 运行 7/24 | 已完成 133
[完成] 语法解析：/Users/zhiboc/repos/yuyan-worktrees/基础库-密码公钥核验/库/标准库/数学运算。豫 | PID 29237 | 退出 0 | 运行 6/24 | 已完成 134
[完成] 类型检查：/Users/zhiboc/repos/yuyan-worktrees/基础库-密码公钥核验/库/标准库/数据结构/字符流术。豫 | PID 29237 | 退出 0 | 运行 5/24 | 已完成 135
[完成] 类型检查：/Users/zhiboc/repos/yuyan-worktrees/基础库-密码公钥核验/库/标准库/网络/异步传输控制协议。豫 | PID 29237 | 退出 0 | 运行 4/24 | 已完成 136
[完成] 语法解析：/Users/zhiboc/repos/yuyan-worktrees/基础库-密码公钥核验/库/标准库/数据结构/字符串术。豫 | PID 29237 | 退出 0 | 运行 3/24 | 已完成 137
[启动] parse：/Users/zhiboc/repos/yuyan-worktrees/基础库-密码公钥核验/库/标准库/操作系统/子进程。豫 | 运行 4/24
[启动] parse：/Users/zhiboc/repos/yuyan-worktrees/基础库-密码公钥核验/库/标准库/数据结构/特殊字符。豫 | 运行 5/24
[启动] parse：/Users/zhiboc/repos/yuyan-worktrees/基础库-密码公钥核验/库/标准库/数据结构/对子术。豫 | 运行 6/24
[启动] type-check-and-erase：/Users/zhiboc/repos/yuyan-worktrees/基础库-密码公钥核验/库/标准库/数据结构/字符串术。豫 | 运行 7/24
[完成] 类型检查：/Users/zhiboc/repos/yuyan-worktrees/基础库-密码公钥核验/库/标准库/控制。豫 | PID 29237 | 退出 0 | 运行 6/24 | 已完成 138
[完成] 语法解析：/Users/zhiboc/repos/yuyan-worktrees/基础库-密码公钥核验/库/标准库/数据结构/对子术。豫 | PID 29237 | 退出 0 | 运行 5/24 | 已完成 139
[启动] parse：/Users/zhiboc/repos/yuyan-worktrees/基础库-密码公钥核验/库/标准库/数据结构/列表搜索。豫 | 运行 6/24
[完成] 类型检查：/Users/zhiboc/repos/yuyan-worktrees/基础库-密码公钥核验/库/标准库/数学运算/具体列。豫 | PID 29237 | 退出 0 | 运行 5/24 | 已完成 140
[启动] type-check-and-erase：/Users/zhiboc/repos/yuyan-worktrees/基础库-密码公钥核验/库/标准库/数学运算。豫 | 运行 6/24
[完成] 语法解析：/Users/zhiboc/repos/yuyan-worktrees/基础库-密码公钥核验/库/标准库/数据结构/特殊字符。豫 | PID 29237 | 退出 0 | 运行 5/24 | 已完成 141
[启动] parse：/Users/zhiboc/repos/yuyan-worktrees/基础库-密码公钥核验/库/标准库/网络/超文本传输协议。豫 | 运行 6/24
[完成] 类型检查：/Users/zhiboc/repos/yuyan-worktrees/基础库-密码公钥核验/库/标准库/数据结构/字符串术。豫 | PID 29237 | 退出 0 | 运行 5/24 | 已完成 142
[启动] type-check-and-erase：/Users/zhiboc/repos/yuyan-worktrees/基础库-密码公钥核验/库/标准库/数据结构/特殊字符。豫 | 运行 6/24
[启动] type-check-and-erase：/Users/zhiboc/repos/yuyan-worktrees/基础库-密码公钥核验/库/标准库/数据结构/对子术。豫 | 运行 7/24
[完成] 类型检查：/Users/zhiboc/repos/yuyan-worktrees/基础库-密码公钥核验/库/标准库/操作系统/命令行参数。豫 | PID 29237 | 退出 0 | 运行 6/24 | 已完成 143
[完成] 语法解析：/Users/zhiboc/repos/yuyan-worktrees/基础库-密码公钥核验/库/标准库/网络/超文本传输协议。豫 | PID 29237 | 退出 0 | 运行 5/24 | 已完成 144
[启动] parse：/Users/zhiboc/repos/yuyan-worktrees/基础库-密码公钥核验/库/标准库/网络。豫 | 运行 6/24
[完成] 语法解析：/Users/zhiboc/repos/yuyan-worktrees/基础库-密码公钥核验/库/标准库/数据结构/列表搜索。豫 | PID 29237 | 退出 0 | 运行 5/24 | 已完成 145
[启动] parse：/Users/zhiboc/repos/yuyan-worktrees/基础库-密码公钥核验/库/标准库/数据结构/字典术。豫 | 运行 6/24
[完成] 类型检查：/Users/zhiboc/repos/yuyan-worktrees/基础库-密码公钥核验/库/标准库/数据结构/对子术。豫 | PID 29237 | 退出 0 | 运行 5/24 | 已完成 146
[启动] type-check-and-erase：/Users/zhiboc/repos/yuyan-worktrees/基础库-密码公钥核验/库/标准库/数据结构/列表搜索。豫 | 运行 6/24
[完成] 类型检查：/Users/zhiboc/repos/yuyan-worktrees/基础库-密码公钥核验/库/标准库/数学运算。豫 | PID 29237 | 退出 0 | 运行 5/24 | 已完成 147
[完成] 语法解析：/Users/zhiboc/repos/yuyan-worktrees/基础库-密码公钥核验/库/标准库/操作系统/子进程。豫 | PID 29237 | 退出 0 | 运行 4/24 | 已完成 148
[启动] type-check-and-erase：/Users/zhiboc/repos/yuyan-worktrees/基础库-密码公钥核验/库/标准库/操作系统/子进程。豫 | 运行 5/24
[完成] 语法解析：/Users/zhiboc/repos/yuyan-worktrees/基础库-密码公钥核验/库/标准库/网络。豫 | PID 29237 | 退出 0 | 运行 4/24 | 已完成 149
[完成] 语法解析：/Users/zhiboc/repos/yuyan-worktrees/基础库-密码公钥核验/库/标准库/数据结构/字典术。豫 | PID 29237 | 退出 0 | 运行 3/24 | 已完成 150
[启动] parse：/Users/zhiboc/repos/yuyan-worktrees/基础库-密码公钥核验/库/标准库/数据结构。豫 | 运行 4/24
[启动] parse：/Users/zhiboc/repos/yuyan-worktrees/基础库-密码公钥核验/库/标准库/豫言标准内核。豫 | 运行 5/24
[完成] 类型检查：/Users/zhiboc/repos/yuyan-worktrees/基础库-密码公钥核验/库/标准库/数据结构/列表搜索。豫 | PID 29237 | 退出 0 | 运行 4/24 | 已完成 151
[启动] type-check-and-erase：/Users/zhiboc/repos/yuyan-worktrees/基础库-密码公钥核验/库/标准库/数据结构/字典术。豫 | 运行 5/24
[完成] 类型检查：/Users/zhiboc/repos/yuyan-worktrees/基础库-密码公钥核验/库/标准库/操作系统/子进程。豫 | PID 29237 | 退出 0 | 运行 4/24 | 已完成 152
[完成] 语法解析：/Users/zhiboc/repos/yuyan-worktrees/基础库-密码公钥核验/库/标准库/数据结构。豫 | PID 29237 | 退出 0 | 运行 3/24 | 已完成 153
[完成] 类型检查：/Users/zhiboc/repos/yuyan-worktrees/基础库-密码公钥核验/库/标准库/数据结构/特殊字符。豫 | PID 29237 | 退出 0 | 运行 2/24 | 已完成 154
[启动] type-check-and-erase：/Users/zhiboc/repos/yuyan-worktrees/基础库-密码公钥核验/库/标准库/网络/超文本传输协议。豫 | 运行 3/24
[完成] 语法解析：/Users/zhiboc/repos/yuyan-worktrees/基础库-密码公钥核验/库/标准库/豫言标准内核。豫 | PID 29237 | 退出 0 | 运行 2/24 | 已完成 155
[启动] parse：/Users/zhiboc/repos/yuyan-worktrees/基础库-密码公钥核验/库/标准库/操作系统/路径。豫 | 运行 3/24
[完成] 类型检查：/Users/zhiboc/repos/yuyan-worktrees/基础库-密码公钥核验/库/标准库/网络/超文本传输协议。豫 | PID 29237 | 退出 0 | 运行 2/24 | 已完成 156
[启动] type-check-and-erase：/Users/zhiboc/repos/yuyan-worktrees/基础库-密码公钥核验/库/标准库/网络。豫 | 运行 3/24
[完成] 类型检查：/Users/zhiboc/repos/yuyan-worktrees/基础库-密码公钥核验/库/标准库/数据结构/字典术。豫 | PID 29237 | 退出 0 | 运行 2/24 | 已完成 157
[启动] type-check-and-erase：/Users/zhiboc/repos/yuyan-worktrees/基础库-密码公钥核验/库/标准库/数据结构。豫 | 运行 3/24
[启动] type-check-and-erase：/Users/zhiboc/repos/yuyan-worktrees/基础库-密码公钥核验/库/标准库/豫言标准内核。豫 | 运行 4/24
[完成] 语法解析：/Users/zhiboc/repos/yuyan-worktrees/基础库-密码公钥核验/库/标准库/操作系统/路径。豫 | PID 29237 | 退出 0 | 运行 3/24 | 已完成 158
[启动] parse：/Users/zhiboc/repos/yuyan-worktrees/基础库-密码公钥核验/库/标准库/操作系统。豫 | 运行 4/24
[完成] 类型检查：/Users/zhiboc/repos/yuyan-worktrees/基础库-密码公钥核验/库/标准库/网络。豫 | PID 29237 | 退出 0 | 运行 3/24 | 已完成 159
[完成] 类型检查：/Users/zhiboc/repos/yuyan-worktrees/基础库-密码公钥核验/库/标准库/豫言标准内核。豫 | PID 29237 | 退出 0 | 运行 2/24 | 已完成 160
[启动] type-check-and-erase：/Users/zhiboc/repos/yuyan-worktrees/基础库-密码公钥核验/库/标准库/操作系统/路径。豫 | 运行 3/24
[完成] 类型检查：/Users/zhiboc/repos/yuyan-worktrees/基础库-密码公钥核验/库/标准库/数据结构。豫 | PID 29237 | 退出 0 | 运行 2/24 | 已完成 161
[完成] 语法解析：/Users/zhiboc/repos/yuyan-worktrees/基础库-密码公钥核验/库/标准库/操作系统。豫 | PID 29237 | 退出 0 | 运行 1/24 | 已完成 162
[启动] parse：/Users/zhiboc/repos/yuyan-worktrees/基础库-密码公钥核验/库/标准库/总集。豫 | 运行 2/24
[完成] 类型检查：/Users/zhiboc/repos/yuyan-worktrees/基础库-密码公钥核验/库/标准库/操作系统/路径。豫 | PID 29237 | 退出 0 | 运行 1/24 | 已完成 163
[启动] type-check-and-erase：/Users/zhiboc/repos/yuyan-worktrees/基础库-密码公钥核验/库/标准库/操作系统。豫 | 运行 2/24
[完成] 语法解析：/Users/zhiboc/repos/yuyan-worktrees/基础库-密码公钥核验/库/标准库/总集。豫 | PID 29237 | 退出 0 | 运行 1/24 | 已完成 164
[启动] parse：/Users/zhiboc/repos/yuyan-worktrees/基础库-密码公钥核验/库/基础库/密码与安全/密码/字节。豫 | 运行 2/24
[启动] parse：/Users/zhiboc/repos/yuyan-worktrees/基础库-密码公钥核验/库/基础库/密码与安全/密码/曲线。豫 | 运行 3/24
[启动] parse：/Users/zhiboc/repos/yuyan-worktrees/基础库-密码公钥核验/库/基础库/密码与安全/密码/散列。豫 | 运行 4/24
[完成] 类型检查：/Users/zhiboc/repos/yuyan-worktrees/基础库-密码公钥核验/库/标准库/操作系统。豫 | PID 29237 | 退出 0 | 运行 3/24 | 已完成 165
[启动] type-check-and-erase：/Users/zhiboc/repos/yuyan-worktrees/基础库-密码公钥核验/库/标准库/总集。豫 | 运行 4/24
[完成] 语法解析：/Users/zhiboc/repos/yuyan-worktrees/基础库-密码公钥核验/库/基础库/密码与安全/密码/字节。豫 | PID 29237 | 退出 0 | 运行 3/24 | 已完成 166
[完成] 类型检查：/Users/zhiboc/repos/yuyan-worktrees/基础库-密码公钥核验/库/标准库/总集。豫 | PID 29237 | 退出 0 | 运行 2/24 | 已完成 167
[启动] type-check-and-erase：/Users/zhiboc/repos/yuyan-worktrees/基础库-密码公钥核验/库/基础库/密码与安全/密码/字节。豫 | 运行 3/24
[完成] 语法解析：/Users/zhiboc/repos/yuyan-worktrees/基础库-密码公钥核验/库/基础库/密码与安全/密码/曲线。豫 | PID 29237 | 退出 0 | 运行 2/24 | 已完成 168
[启动] type-check-and-erase：/Users/zhiboc/repos/yuyan-worktrees/基础库-密码公钥核验/库/基础库/密码与安全/密码/曲线。豫 | 运行 3/24
[完成] 类型检查：/Users/zhiboc/repos/yuyan-worktrees/基础库-密码公钥核验/库/基础库/密码与安全/密码/字节。豫 | PID 29237 | 退出 0 | 运行 2/24 | 已完成 169
[完成] 类型检查：/Users/zhiboc/repos/yuyan-worktrees/基础库-密码公钥核验/库/基础库/密码与安全/密码/曲线。豫 | PID 29237 | 退出 0 | 运行 1/24 | 已完成 170
[完成] 语法解析：/Users/zhiboc/repos/yuyan-worktrees/基础库-密码公钥核验/库/基础库/密码与安全/密码/散列。豫 | PID 29237 | 退出 0 | 运行 0/24 | 已完成 171
[启动] parse：/Users/zhiboc/repos/yuyan-worktrees/基础库-密码公钥核验/库/基础库/密码与安全/密码/宽字散列。豫 | 运行 1/24
[启动] type-check-and-erase：/Users/zhiboc/repos/yuyan-worktrees/基础库-密码公钥核验/库/基础库/密码与安全/密码/散列。豫 | 运行 2/24
[完成] 类型检查：/Users/zhiboc/repos/yuyan-worktrees/基础库-密码公钥核验/库/基础库/密码与安全/密码/散列。豫 | PID 29237 | 退出 0 | 运行 1/24 | 已完成 172
[完成] 语法解析：/Users/zhiboc/repos/yuyan-worktrees/基础库-密码公钥核验/库/基础库/密码与安全/密码/宽字散列。豫 | PID 29237 | 退出 0 | 运行 0/24 | 已完成 173
[启动] parse：/Users/zhiboc/repos/yuyan-worktrees/基础库-密码公钥核验/库/基础库/密码与安全/密码/爱德曲线。豫 | 运行 1/24
[启动] type-check-and-erase：/Users/zhiboc/repos/yuyan-worktrees/基础库-密码公钥核验/库/基础库/密码与安全/密码/宽字散列。豫 | 运行 2/24
[完成] 语法解析：/Users/zhiboc/repos/yuyan-worktrees/基础库-密码公钥核验/库/基础库/密码与安全/密码/爱德曲线。豫 | PID 29237 | 退出 0 | 运行 1/24 | 已完成 174
[启动] parse：/Users/zhiboc/repos/yuyan-worktrees/基础库-密码公钥核验/库/基础库/密码与安全/密码/爱德签名。豫 | 运行 2/24
[完成] 语法解析：/Users/zhiboc/repos/yuyan-worktrees/基础库-密码公钥核验/库/基础库/密码与安全/密码/爱德签名。豫 | PID 29237 | 退出 0 | 运行 1/24 | 已完成 175
[启动] parse：/Users/zhiboc/repos/yuyan-worktrees/基础库-密码公钥核验/库/基础库/密码与安全/密码/爱德验签。豫 | 运行 2/24
[完成] 类型检查：/Users/zhiboc/repos/yuyan-worktrees/基础库-密码公钥核验/库/基础库/密码与安全/密码/宽字散列。豫 | PID 29237 | 退出 0 | 运行 1/24 | 已完成 176
[启动] type-check-and-erase：/Users/zhiboc/repos/yuyan-worktrees/基础库-密码公钥核验/库/基础库/密码与安全/密码/爱德曲线。豫 | 运行 2/24
[完成] 语法解析：/Users/zhiboc/repos/yuyan-worktrees/基础库-密码公钥核验/库/基础库/密码与安全/密码/爱德验签。豫 | PID 29237 | 退出 0 | 运行 1/24 | 已完成 177
[完成] 类型检查：/Users/zhiboc/repos/yuyan-worktrees/基础库-密码公钥核验/库/基础库/密码与安全/密码/爱德曲线。豫 | PID 29237 | 退出 0 | 运行 0/24 | 已完成 178
[启动] type-check-and-erase：/Users/zhiboc/repos/yuyan-worktrees/基础库-密码公钥核验/库/基础库/密码与安全/密码/爱德签名。豫 | 运行 1/24
[完成] 类型检查：/Users/zhiboc/repos/yuyan-worktrees/基础库-密码公钥核验/库/基础库/密码与安全/密码/爱德签名。豫 | PID 29237 | 退出 0 | 运行 0/24 | 已完成 179
[启动] type-check-and-erase：/Users/zhiboc/repos/yuyan-worktrees/基础库-密码公钥核验/库/基础库/密码与安全/密码/爱德验签。豫 | 运行 1/24
[完成] 类型检查：/Users/zhiboc/repos/yuyan-worktrees/基础库-密码公钥核验/库/基础库/密码与安全/密码/爱德验签。豫 | PID 29237 | 退出 0 | 运行 0/24 | 已完成 180
[启动] exec-gen：/Users/zhiboc/repos/yuyan-worktrees/基础库-密码公钥核验/库/基础库/密码与安全/密码/爱德验签。豫 | 运行 1/24
[完成] 最终链接：/Users/zhiboc/repos/yuyan-worktrees/基础库-密码公钥核验/库/基础库/密码与安全/密码/爱德验签。豫 | PID 29237 | 退出 0 | 运行 0/24 | 已完成 181
[2026-10-08 01:03:02] 当前路径：/Users/zhiboc/repos/yuyan-worktrees/基础库-密码公钥核验/yyRSA验证链

[2026-10-08 01:03:02] 当前路径：/Users/zhiboc/repos/yuyan-worktrees/基础库-密码公钥核验/yyRSA验证链
[启动] dependency-analysis：/Users/zhiboc/repos/yuyan-worktrees/基础库-密码公钥核验/库/基础库/密码与安全/密码/认证。豫 | 运行 1/24
[完成] 依赖分析：/Users/zhiboc/repos/yuyan-worktrees/基础库-密码公钥核验/库/基础库/密码与安全/密码/认证。豫 | PID 29242 | 退出 0 | 运行 0/24 | 已完成 1
[启动] dependency-analysis：/Users/zhiboc/repos/yuyan-worktrees/基础库-密码公钥核验/库/标准库/总集。豫 | 运行 1/24
[启动] dependency-analysis：/Users/zhiboc/repos/yuyan-worktrees/基础库-密码公钥核验/库/标准库/数据结构/整数操作。豫 | 运行 2/24
[启动] dependency-analysis：/Users/zhiboc/repos/yuyan-worktrees/基础库-密码公钥核验/库/基础库/密码与安全/密码/对称。豫 | 运行 3/24
[完成] 依赖分析：/Users/zhiboc/repos/yuyan-worktrees/基础库-密码公钥核验/库/标准库/总集。豫 | PID 29242 | 退出 0 | 运行 2/24 | 已完成 2
[启动] dependency-analysis：/Users/zhiboc/repos/yuyan-worktrees/基础库-密码公钥核验/库/标准库/操作系统。豫 | 运行 3/24
[启动] dependency-analysis：/Users/zhiboc/repos/yuyan-worktrees/基础库-密码公钥核验/库/标准库/控制。豫 | 运行 4/24
[启动] dependency-analysis：/Users/zhiboc/repos/yuyan-worktrees/基础库-密码公钥核验/库/标准库/数学运算。豫 | 运行 5/24
[启动] dependency-analysis：/Users/zhiboc/repos/yuyan-worktrees/基础库-密码公钥核验/库/标准库/数据结构。豫 | 运行 6/24
[启动] dependency-analysis：/Users/zhiboc/repos/yuyan-worktrees/基础库-密码公钥核验/库/标准库/输入输出。豫 | 运行 7/24
[启动] dependency-analysis：/Users/zhiboc/repos/yuyan-worktrees/基础库-密码公钥核验/库/标准库/语言核心。豫 | 运行 8/24
[启动] dependency-analysis：/Users/zhiboc/repos/yuyan-worktrees/基础库-密码公钥核验/库/标准库/网络。豫 | 运行 9/24
[启动] dependency-analysis：/Users/zhiboc/repos/yuyan-worktrees/基础库-密码公钥核验/库/标准库/豫言标准内核。豫 | 运行 10/24
[完成] 依赖分析：/Users/zhiboc/repos/yuyan-worktrees/基础库-密码公钥核验/库/标准库/操作系统。豫 | PID 29242 | 退出 0 | 运行 9/24 | 已完成 3
[启动] dependency-analysis：/Users/zhiboc/repos/yuyan-worktrees/基础库-密码公钥核验/库/标准库/操作系统/子进程。豫 | 运行 10/24
[启动] dependency-analysis：/Users/zhiboc/repos/yuyan-worktrees/基础库-密码公钥核验/库/标准库/操作系统/命令行参数。豫 | 运行 11/24
[启动] dependency-analysis：/Users/zhiboc/repos/yuyan-worktrees/基础库-密码公钥核验/库/标准库/操作系统/文件系统。豫 | 运行 12/24
[启动] dependency-analysis：/Users/zhiboc/repos/yuyan-worktrees/基础库-密码公钥核验/库/标准库/操作系统/进程。豫 | 运行 13/24
[启动] dependency-analysis：/Users/zhiboc/repos/yuyan-worktrees/基础库-密码公钥核验/库/标准库/操作系统/时间。豫 | 运行 14/24
[启动] dependency-analysis：/Users/zhiboc/repos/yuyan-worktrees/基础库-密码公钥核验/库/标准库/操作系统/路径。豫 | 运行 15/24
[启动] dependency-analysis：/Users/zhiboc/repos/yuyan-worktrees/基础库-密码公钥核验/库/标准库/操作系统/系统名称。豫 | 运行 16/24
[启动] dependency-analysis：/Users/zhiboc/repos/yuyan-worktrees/基础库-密码公钥核验/库/标准库/操作系统/环境变量。豫 | 运行 17/24
[完成] 依赖分析：/Users/zhiboc/repos/yuyan-worktrees/基础库-密码公钥核验/库/标准库/数据结构/整数操作。豫 | PID 29242 | 退出 0 | 运行 16/24 | 已完成 4
[启动] dependency-analysis：/Users/zhiboc/repos/yuyan-worktrees/基础库-密码公钥核验/库/标准库/语言核心/内建类型。豫 | 运行 17/24
[启动] dependency-analysis：/Users/zhiboc/repos/yuyan-worktrees/基础库-密码公钥核验/库/标准库/语言核心/原语。内建。豫 | 运行 18/24
[启动] dependency-analysis：/Users/zhiboc/repos/yuyan-worktrees/基础库-密码公钥核验/库/标准库/数据结构/爻术。豫 | 运行 19/24
[完成] 依赖分析：/Users/zhiboc/repos/yuyan-worktrees/基础库-密码公钥核验/库/标准库/操作系统/子进程。豫 | PID 29242 | 退出 0 | 运行 18/24 | 已完成 5
[启动] dependency-analysis：/Users/zhiboc/repos/yuyan-worktrees/基础库-密码公钥核验/库/标准库/语言核心/异常。豫 | 运行 19/24
[启动] dependency-analysis：/Users/zhiboc/repos/yuyan-worktrees/基础库-密码公钥核验/库/标准库/数据结构/字符串术。豫 | 运行 20/24
[启动] dependency-analysis：/Users/zhiboc/repos/yuyan-worktrees/基础库-密码公钥核验/库/标准库/数据结构/多态列。豫 | 运行 21/24
[启动] dependency-analysis：/Users/zhiboc/repos/yuyan-worktrees/基础库-密码公钥核验/库/标准库/输入输出/笔。豫 | 运行 22/24
[启动] dependency-analysis：/Users/zhiboc/repos/yuyan-worktrees/基础库-密码公钥核验/库/标准库/宿主带列。接口。豫 | 运行 23/24
[启动] dependency-analysis：/Users/zhiboc/repos/yuyan-worktrees/基础库-密码公钥核验/库/标准库/宿主。接口。豫 | 运行 24/24
[完成] 依赖分析：/Users/zhiboc/repos/yuyan-worktrees/基础库-密码公钥核验/库/标准库/操作系统/命令行参数。豫 | PID 29242 | 退出 0 | 运行 23/24 | 已完成 6
[完成] 依赖分析：/Users/zhiboc/repos/yuyan-worktrees/基础库-密码公钥核验/库/标准库/语言核心/原语。内建。豫 | PID 29242 | 退出 0 | 运行 22/24 | 已完成 7
[完成] 依赖分析：/Users/zhiboc/repos/yuyan-worktrees/基础库-密码公钥核验/库/标准库/输入输出/笔。豫 | PID 29242 | 退出 0 | 运行 21/24 | 已完成 8
[完成] 依赖分析：/Users/zhiboc/repos/yuyan-worktrees/基础库-密码公钥核验/库/标准库/宿主带列。接口。豫 | PID 29242 | 退出 0 | 运行 20/24 | 已完成 9
[完成] 依赖分析：/Users/zhiboc/repos/yuyan-worktrees/基础库-密码公钥核验/库/标准库/数学运算。豫 | PID 29242 | 退出 0 | 运行 19/24 | 已完成 10
[启动] dependency-analysis：/Users/zhiboc/repos/yuyan-worktrees/基础库-密码公钥核验/库/标准库/数学运算/转换。豫 | 运行 20/24
[启动] dependency-analysis：/Users/zhiboc/repos/yuyan-worktrees/基础库-密码公钥核验/库/标准库/数学运算/具体列。豫 | 运行 21/24
[启动] dependency-analysis：/Users/zhiboc/repos/yuyan-worktrees/基础库-密码公钥核验/库/标准库/数学运算/随机。豫 | 运行 22/24
[启动] dependency-analysis：/Users/zhiboc/repos/yuyan-worktrees/基础库-密码公钥核验/库/标准库/数学运算/大小。豫 | 运行 23/24
[启动] dependency-analysis：/Users/zhiboc/repos/yuyan-worktrees/基础库-密码公钥核验/库/标准库/数学运算/数组转换。豫 | 运行 24/24
[完成] 依赖分析：/Users/zhiboc/repos/yuyan-worktrees/基础库-密码公钥核验/库/基础库/密码与安全/密码/对称。豫 | PID 29242 | 退出 0 | 运行 23/24 | 已完成 11
[启动] dependency-analysis：/Users/zhiboc/repos/yuyan-worktrees/基础库-密码公钥核验/库/标准库/数据结构/字节串。豫 | 运行 24/24
[完成] 依赖分析：/Users/zhiboc/repos/yuyan-worktrees/基础库-密码公钥核验/库/标准库/数学运算/转换。豫 | PID 29242 | 退出 0 | 运行 23/24 | 已完成 12
[启动] dependency-analysis：/Users/zhiboc/repos/yuyan-worktrees/基础库-密码公钥核验/库/标准库/数学运算/安全随机。豫 | 运行 24/24
[完成] 依赖分析：/Users/zhiboc/repos/yuyan-worktrees/基础库-密码公钥核验/库/标准库/数学运算/随机。豫 | PID 29242 | 退出 0 | 运行 23/24 | 已完成 13
[完成] 依赖分析：/Users/zhiboc/repos/yuyan-worktrees/基础库-密码公钥核验/库/标准库/数学运算/具体列。豫 | PID 29242 | 退出 0 | 运行 22/24 | 已完成 14
[启动] dependency-analysis：/Users/zhiboc/repos/yuyan-worktrees/基础库-密码公钥核验/库/标准库/数据结构/小数操作。豫 | 运行 23/24
[完成] 依赖分析：/Users/zhiboc/repos/yuyan-worktrees/基础库-密码公钥核验/库/标准库/网络。豫 | PID 29242 | 退出 0 | 运行 22/24 | 已完成 15
[启动] dependency-analysis：/Users/zhiboc/repos/yuyan-worktrees/基础库-密码公钥核验/库/标准库/网络/传输控制协议。豫 | 运行 23/24
[启动] dependency-analysis：/Users/zhiboc/repos/yuyan-worktrees/基础库-密码公钥核验/库/标准库/网络/异步传输控制协议。豫 | 运行 24/24
[完成] 依赖分析：/Users/zhiboc/repos/yuyan-worktrees/基础库-密码公钥核验/库/标准库/数据结构。豫 | PID 29242 | 退出 0 | 运行 23/24 | 已完成 16
[启动] dependency-analysis：/Users/zhiboc/repos/yuyan-worktrees/基础库-密码公钥核验/库/标准库/网络/超文本传输协议。豫 | 运行 24/24
[完成] 依赖分析：/Users/zhiboc/repos/yuyan-worktrees/基础库-密码公钥核验/库/标准库/控制。豫 | PID 29242 | 退出 0 | 运行 23/24 | 已完成 17
[启动] dependency-analysis：/Users/zhiboc/repos/yuyan-worktrees/基础库-密码公钥核验/库/标准库/数据结构/多态列工具。豫 | 运行 24/24
[完成] 依赖分析：/Users/zhiboc/repos/yuyan-worktrees/基础库-密码公钥核验/库/标准库/数据结构/小数操作。豫 | PID 29242 | 退出 0 | 运行 23/24 | 已完成 18
[启动] dependency-analysis：/Users/zhiboc/repos/yuyan-worktrees/基础库-密码公钥核验/库/标准库/数据结构/字符流术。豫 | 运行 24/24
[完成] 依赖分析：/Users/zhiboc/repos/yuyan-worktrees/基础库-密码公钥核验/库/标准库/数学运算/安全随机。豫 | PID 29242 | 退出 0 | 运行 23/24 | 已完成 19
[启动] dependency-analysis：/Users/zhiboc/repos/yuyan-worktrees/基础库-密码公钥核验/库/标准库/数据结构/特殊字符。豫 | 运行 24/24
[完成] 依赖分析：/Users/zhiboc/repos/yuyan-worktrees/基础库-密码公钥核验/库/标准库/数据结构/字节串。豫 | PID 29242 | 退出 0 | 运行 23/24 | 已完成 20
[启动] dependency-analysis：/Users/zhiboc/repos/yuyan-worktrees/基础库-密码公钥核验/库/标准库/数据结构/对子术。豫 | 运行 24/24
[完成] 依赖分析：/Users/zhiboc/repos/yuyan-worktrees/基础库-密码公钥核验/库/标准库/网络/超文本传输协议。豫 | PID 29242 | 退出 0 | 运行 23/24 | 已完成 21
[启动] dependency-analysis：/Users/zhiboc/repos/yuyan-worktrees/基础库-密码公钥核验/库/标准库/数据结构/字典术。豫 | 运行 24/24
[完成] 依赖分析：/Users/zhiboc/repos/yuyan-worktrees/基础库-密码公钥核验/库/标准库/网络/异步传输控制协议。豫 | PID 29242 | 退出 0 | 运行 23/24 | 已完成 22
[启动] dependency-analysis：/Users/zhiboc/repos/yuyan-worktrees/基础库-密码公钥核验/库/标准库/数据结构/可选值。豫 | 运行 24/24
[完成] 依赖分析：/Users/zhiboc/repos/yuyan-worktrees/基础库-密码公钥核验/库/标准库/网络/传输控制协议。豫 | PID 29242 | 退出 0 | 运行 23/24 | 已完成 23
[启动] dependency-analysis：/Users/zhiboc/repos/yuyan-worktrees/基础库-密码公钥核验/库/标准库/数据结构/小数术。豫 | 运行 24/24
[完成] 依赖分析：/Users/zhiboc/repos/yuyan-worktrees/基础库-密码公钥核验/库/标准库/数据结构/多态列工具。豫 | PID 29242 | 退出 0 | 运行 23/24 | 已完成 24
[启动] dependency-analysis：/Users/zhiboc/repos/yuyan-worktrees/基础库-密码公钥核验/库/标准库/数据结构/列表搜索。豫 | 运行 24/24
[完成] 依赖分析：/Users/zhiboc/repos/yuyan-worktrees/基础库-密码公钥核验/库/标准库/数据结构/字典术。豫 | PID 29242 | 退出 0 | 运行 23/24 | 已完成 25
[启动] dependency-analysis：/Users/zhiboc/repos/yuyan-worktrees/基础库-密码公钥核验/库/标准库/数据结构/函数操作。豫 | 运行 24/24
[完成] 依赖分析：/Users/zhiboc/repos/yuyan-worktrees/基础库-密码公钥核验/库/标准库/数据结构/可选值。豫 | PID 29242 | 退出 0 | 运行 23/24 | 已完成 26
[启动] dependency-analysis：/Users/zhiboc/repos/yuyan-worktrees/基础库-密码公钥核验/库/标准库/数据结构/字节缓冲。豫 | 运行 24/24
[完成] 依赖分析：/Users/zhiboc/repos/yuyan-worktrees/基础库-密码公钥核验/库/标准库/数据结构/列表搜索。豫 | PID 29242 | 退出 0 | 运行 23/24 | 已完成 27
[启动] dependency-analysis：/Users/zhiboc/repos/yuyan-worktrees/基础库-密码公钥核验/库/标准库/控制/惰性求值。豫 | 运行 24/24
[完成] 依赖分析：/Users/zhiboc/repos/yuyan-worktrees/基础库-密码公钥核验/库/标准库/数据结构/字符流术。豫 | PID 29242 | 退出 0 | 运行 23/24 | 已完成 28
[启动] dependency-analysis：/Users/zhiboc/repos/yuyan-worktrees/基础库-密码公钥核验/库/标准库/控制/异步。豫 | 运行 24/24
[完成] 依赖分析：/Users/zhiboc/repos/yuyan-worktrees/基础库-密码公钥核验/库/标准库/语言核心。豫 | PID 29242 | 退出 0 | 运行 23/24 | 已完成 29
[启动] dependency-analysis：/Users/zhiboc/repos/yuyan-worktrees/基础库-密码公钥核验/库/标准库/语言核心/引用。豫 | 运行 24/24
[完成] 依赖分析：/Users/zhiboc/repos/yuyan-worktrees/基础库-密码公钥核验/库/标准库/输入输出。豫 | PID 29242 | 退出 0 | 运行 23/24 | 已完成 30
[启动] dependency-analysis：/Users/zhiboc/repos/yuyan-worktrees/基础库-密码公钥核验/库/标准库/语言核心/续延。豫 | 运行 24/24
[完成] 依赖分析：/Users/zhiboc/repos/yuyan-worktrees/基础库-密码公钥核验/库/标准库/豫言标准内核。豫 | PID 29242 | 退出 0 | 运行 23/24 | 已完成 31
[启动] dependency-analysis：/Users/zhiboc/repos/yuyan-worktrees/基础库-密码公钥核验/库/标准库/语言核心/不安全。豫 | 运行 24/24
[完成] 依赖分析：/Users/zhiboc/repos/yuyan-worktrees/基础库-密码公钥核验/库/标准库/语言核心/引用。豫 | PID 29242 | 退出 0 | 运行 23/24 | 已完成 32
[启动] dependency-analysis：/Users/zhiboc/repos/yuyan-worktrees/基础库-密码公钥核验/库/标准库/语言核心/异步原语。豫 | 运行 24/24
[完成] 依赖分析：/Users/zhiboc/repos/yuyan-worktrees/基础库-密码公钥核验/库/标准库/语言核心/续延。豫 | PID 29242 | 退出 0 | 运行 23/24 | 已完成 33
[启动] parse：/Users/zhiboc/repos/yuyan-worktrees/基础库-密码公钥核验/库/标准库/语言核心/续延。豫 | 运行 24/24
[完成] 依赖分析：/Users/zhiboc/repos/yuyan-worktrees/基础库-密码公钥核验/库/标准库/语言核心/不安全。豫 | PID 29242 | 退出 0 | 运行 23/24 | 已完成 34
[完成] 依赖分析：/Users/zhiboc/repos/yuyan-worktrees/基础库-密码公钥核验/库/标准库/语言核心/异步原语。豫 | PID 29242 | 退出 0 | 运行 22/24 | 已完成 35
[完成] 依赖分析：/Users/zhiboc/repos/yuyan-worktrees/基础库-密码公钥核验/库/标准库/操作系统/系统名称。豫 | PID 29242 | 退出 0 | 运行 21/24 | 已完成 36
[完成] 依赖分析：/Users/zhiboc/repos/yuyan-worktrees/基础库-密码公钥核验/库/标准库/操作系统/进程。豫 | PID 29242 | 退出 0 | 运行 20/24 | 已完成 37
[完成] 依赖分析：/Users/zhiboc/repos/yuyan-worktrees/基础库-密码公钥核验/库/标准库/操作系统/时间。豫 | PID 29242 | 退出 0 | 运行 19/24 | 已完成 38
[完成] 语法解析：/Users/zhiboc/repos/yuyan-worktrees/基础库-密码公钥核验/库/标准库/语言核心/续延。豫 | PID 29242 | 退出 0 | 运行 18/24 | 已完成 39
[启动] type-check-and-erase：/Users/zhiboc/repos/yuyan-worktrees/基础库-密码公钥核验/库/标准库/语言核心/续延。豫 | 运行 19/24
[完成] 依赖分析：/Users/zhiboc/repos/yuyan-worktrees/基础库-密码公钥核验/库/标准库/语言核心/内建类型。豫 | PID 29242 | 退出 0 | 运行 18/24 | 已完成 40
[启动] parse：/Users/zhiboc/repos/yuyan-worktrees/基础库-密码公钥核验/库/标准库/语言核心/内建类型。豫 | 运行 19/24
[完成] 依赖分析：/Users/zhiboc/repos/yuyan-worktrees/基础库-密码公钥核验/库/标准库/数据结构/字符串术。豫 | PID 29242 | 退出 0 | 运行 18/24 | 已完成 41
[完成] 依赖分析：/Users/zhiboc/repos/yuyan-worktrees/基础库-密码公钥核验/库/标准库/数据结构/爻术。豫 | PID 29242 | 退出 0 | 运行 17/24 | 已完成 42
[完成] 依赖分析：/Users/zhiboc/repos/yuyan-worktrees/基础库-密码公钥核验/库/标准库/语言核心/异常。豫 | PID 29242 | 退出 0 | 运行 16/24 | 已完成 43
[完成] 依赖分析：/Users/zhiboc/repos/yuyan-worktrees/基础库-密码公钥核验/库/标准库/宿主。接口。豫 | PID 29242 | 退出 0 | 运行 15/24 | 已完成 44
[完成] 语法解析：/Users/zhiboc/repos/yuyan-worktrees/基础库-密码公钥核验/库/标准库/语言核心/内建类型。豫 | PID 29242 | 退出 0 | 运行 14/24 | 已完成 45
[启动] parse：/Users/zhiboc/repos/yuyan-worktrees/基础库-密码公钥核验/库/标准库/语言核心/原语。内建。豫 | 运行 15/24
[启动] parse：/Users/zhiboc/repos/yuyan-worktrees/基础库-密码公钥核验/库/标准库/数据结构/爻术。豫 | 运行 16/24
[启动] type-check-and-erase：/Users/zhiboc/repos/yuyan-worktrees/基础库-密码公钥核验/库/标准库/语言核心/内建类型。豫 | 运行 17/24
[完成] 类型检查：/Users/zhiboc/repos/yuyan-worktrees/基础库-密码公钥核验/库/标准库/语言核心/续延。豫 | PID 29242 | 退出 0 | 运行 16/24 | 已完成 46
[完成] 依赖分析：/Users/zhiboc/repos/yuyan-worktrees/基础库-密码公钥核验/库/标准库/数据结构/多态列。豫 | PID 29242 | 退出 0 | 运行 15/24 | 已完成 47
[完成] 依赖分析：/Users/zhiboc/repos/yuyan-worktrees/基础库-密码公钥核验/库/标准库/操作系统/文件系统。豫 | PID 29242 | 退出 0 | 运行 14/24 | 已完成 48
[完成] 依赖分析：/Users/zhiboc/repos/yuyan-worktrees/基础库-密码公钥核验/库/标准库/操作系统/环境变量。豫 | PID 29242 | 退出 0 | 运行 13/24 | 已完成 49
[完成] 类型检查：/Users/zhiboc/repos/yuyan-worktrees/基础库-密码公钥核验/库/标准库/语言核心/内建类型。豫 | PID 29242 | 退出 0 | 运行 12/24 | 已完成 50
[完成] 依赖分析：/Users/zhiboc/repos/yuyan-worktrees/基础库-密码公钥核验/库/标准库/数据结构/对子术。豫 | PID 29242 | 退出 0 | 运行 11/24 | 已完成 51
[完成] 依赖分析：/Users/zhiboc/repos/yuyan-worktrees/基础库-密码公钥核验/库/标准库/数据结构/字节缓冲。豫 | PID 29242 | 退出 0 | 运行 10/24 | 已完成 52
[完成] 依赖分析：/Users/zhiboc/repos/yuyan-worktrees/基础库-密码公钥核验/库/标准库/数据结构/特殊字符。豫 | PID 29242 | 退出 0 | 运行 9/24 | 已完成 53
[完成] 依赖分析：/Users/zhiboc/repos/yuyan-worktrees/基础库-密码公钥核验/库/标准库/控制/惰性求值。豫 | PID 29242 | 退出 0 | 运行 8/24 | 已完成 54
[启动] parse：/Users/zhiboc/repos/yuyan-worktrees/基础库-密码公钥核验/库/标准库/控制/惰性求值。豫 | 运行 9/24
[完成] 依赖分析：/Users/zhiboc/repos/yuyan-worktrees/基础库-密码公钥核验/库/标准库/数学运算/大小。豫 | PID 29242 | 退出 0 | 运行 8/24 | 已完成 55
[启动] parse：/Users/zhiboc/repos/yuyan-worktrees/基础库-密码公钥核验/库/标准库/数学运算/大小。豫 | 运行 9/24
[完成] 依赖分析：/Users/zhiboc/repos/yuyan-worktrees/基础库-密码公钥核验/库/标准库/数学运算/数组转换。豫 | PID 29242 | 退出 0 | 运行 8/24 | 已完成 56
[完成] 语法解析：/Users/zhiboc/repos/yuyan-worktrees/基础库-密码公钥核验/库/标准库/数据结构/爻术。豫 | PID 29242 | 退出 0 | 运行 7/24 | 已完成 57
[启动] type-check-and-erase：/Users/zhiboc/repos/yuyan-worktrees/基础库-密码公钥核验/库/标准库/数据结构/爻术。豫 | 运行 8/24
[完成] 依赖分析：/Users/zhiboc/repos/yuyan-worktrees/基础库-密码公钥核验/库/标准库/操作系统/路径。豫 | PID 29242 | 退出 0 | 运行 7/24 | 已完成 58
[完成] 语法解析：/Users/zhiboc/repos/yuyan-worktrees/基础库-密码公钥核验/库/标准库/数学运算/大小。豫 | PID 29242 | 退出 0 | 运行 6/24 | 已完成 59
[启动] type-check-and-erase：/Users/zhiboc/repos/yuyan-worktrees/基础库-密码公钥核验/库/标准库/数学运算/大小。豫 | 运行 7/24
[完成] 类型检查：/Users/zhiboc/repos/yuyan-worktrees/基础库-密码公钥核验/库/标准库/数据结构/爻术。豫 | PID 29242 | 退出 0 | 运行 6/24 | 已完成 60
[完成] 依赖分析：/Users/zhiboc/repos/yuyan-worktrees/基础库-密码公钥核验/库/标准库/数据结构/函数操作。豫 | PID 29242 | 退出 0 | 运行 5/24 | 已完成 61
[启动] parse：/Users/zhiboc/repos/yuyan-worktrees/基础库-密码公钥核验/库/标准库/数据结构/函数操作。豫 | 运行 6/24
[完成] 依赖分析：/Users/zhiboc/repos/yuyan-worktrees/基础库-密码公钥核验/库/标准库/数据结构/小数术。豫 | PID 29242 | 退出 0 | 运行 5/24 | 已完成 62
[完成] 类型检查：/Users/zhiboc/repos/yuyan-worktrees/基础库-密码公钥核验/库/标准库/数学运算/大小。豫 | PID 29242 | 退出 0 | 运行 4/24 | 已完成 63
[完成] 语法解析：/Users/zhiboc/repos/yuyan-worktrees/基础库-密码公钥核验/库/标准库/数据结构/函数操作。豫 | PID 29242 | 退出 0 | 运行 3/24 | 已完成 64
[启动] type-check-and-erase：/Users/zhiboc/repos/yuyan-worktrees/基础库-密码公钥核验/库/标准库/数据结构/函数操作。豫 | 运行 4/24
[完成] 语法解析：/Users/zhiboc/repos/yuyan-worktrees/基础库-密码公钥核验/库/标准库/控制/惰性求值。豫 | PID 29242 | 退出 0 | 运行 3/24 | 已完成 65
[启动] type-check-and-erase：/Users/zhiboc/repos/yuyan-worktrees/基础库-密码公钥核验/库/标准库/控制/惰性求值。豫 | 运行 4/24
[完成] 类型检查：/Users/zhiboc/repos/yuyan-worktrees/基础库-密码公钥核验/库/标准库/数据结构/函数操作。豫 | PID 29242 | 退出 0 | 运行 3/24 | 已完成 66
[完成] 语法解析：/Users/zhiboc/repos/yuyan-worktrees/基础库-密码公钥核验/库/标准库/语言核心/原语。内建。豫 | PID 29242 | 退出 0 | 运行 2/24 | 已完成 67
[启动] parse：/Users/zhiboc/repos/yuyan-worktrees/基础库-密码公钥核验/库/标准库/数据结构/整数操作。豫 | 运行 3/24
[启动] parse：/Users/zhiboc/repos/yuyan-worktrees/基础库-密码公钥核验/库/标准库/数学运算/转换。豫 | 运行 4/24
[启动] parse：/Users/zhiboc/repos/yuyan-worktrees/基础库-密码公钥核验/库/标准库/数据结构/字节串。豫 | 运行 5/24
[启动] parse：/Users/zhiboc/repos/yuyan-worktrees/基础库-密码公钥核验/库/标准库/语言核心/引用。豫 | 运行 6/24
[启动] parse：/Users/zhiboc/repos/yuyan-worktrees/基础库-密码公钥核验/库/标准库/语言核心/不安全。豫 | 运行 7/24
[启动] parse：/Users/zhiboc/repos/yuyan-worktrees/基础库-密码公钥核验/库/标准库/语言核心/异步原语。豫 | 运行 8/24
[启动] parse：/Users/zhiboc/repos/yuyan-worktrees/基础库-密码公钥核验/库/标准库/数据结构/小数术。豫 | 运行 9/24
[启动] type-check-and-erase：/Users/zhiboc/repos/yuyan-worktrees/基础库-密码公钥核验/库/标准库/语言核心/原语。内建。豫 | 运行 10/24
[完成] 类型检查：/Users/zhiboc/repos/yuyan-worktrees/基础库-密码公钥核验/库/标准库/控制/惰性求值。豫 | PID 29242 | 退出 0 | 运行 9/24 | 已完成 68
[完成] 语法解析：/Users/zhiboc/repos/yuyan-worktrees/基础库-密码公钥核验/库/标准库/数据结构/整数操作。豫 | PID 29242 | 退出 0 | 运行 8/24 | 已完成 69
[完成] 依赖分析：/Users/zhiboc/repos/yuyan-worktrees/基础库-密码公钥核验/库/标准库/控制/异步。豫 | PID 29242 | 退出 0 | 运行 7/24 | 已完成 70
[完成] 语法解析：/Users/zhiboc/repos/yuyan-worktrees/基础库-密码公钥核验/库/标准库/数学运算/转换。豫 | PID 29242 | 退出 0 | 运行 6/24 | 已完成 71
[完成] 语法解析：/Users/zhiboc/repos/yuyan-worktrees/基础库-密码公钥核验/库/标准库/语言核心/引用。豫 | PID 29242 | 退出 0 | 运行 5/24 | 已完成 72
[完成] 语法解析：/Users/zhiboc/repos/yuyan-worktrees/基础库-密码公钥核验/库/标准库/数据结构/小数术。豫 | PID 29242 | 退出 0 | 运行 4/24 | 已完成 73
[完成] 类型检查：/Users/zhiboc/repos/yuyan-worktrees/基础库-密码公钥核验/库/标准库/语言核心/原语。内建。豫 | PID 29242 | 退出 0 | 运行 3/24 | 已完成 74
[启动] type-check-and-erase：/Users/zhiboc/repos/yuyan-worktrees/基础库-密码公钥核验/库/标准库/数据结构/整数操作。豫 | 运行 4/24
[启动] type-check-and-erase：/Users/zhiboc/repos/yuyan-worktrees/基础库-密码公钥核验/库/标准库/数学运算/转换。豫 | 运行 5/24
[启动] type-check-and-erase：/Users/zhiboc/repos/yuyan-worktrees/基础库-密码公钥核验/库/标准库/语言核心/引用。豫 | 运行 6/24
[启动] type-check-and-erase：/Users/zhiboc/repos/yuyan-worktrees/基础库-密码公钥核验/库/标准库/数据结构/小数术。豫 | 运行 7/24
[完成] 类型检查：/Users/zhiboc/repos/yuyan-worktrees/基础库-密码公钥核验/库/标准库/数据结构/整数操作。豫 | PID 29242 | 退出 0 | 运行 6/24 | 已完成 75
[完成] 类型检查：/Users/zhiboc/repos/yuyan-worktrees/基础库-密码公钥核验/库/标准库/数学运算/转换。豫 | PID 29242 | 退出 0 | 运行 5/24 | 已完成 76
[完成] 类型检查：/Users/zhiboc/repos/yuyan-worktrees/基础库-密码公钥核验/库/标准库/数据结构/小数术。豫 | PID 29242 | 退出 0 | 运行 4/24 | 已完成 77
[完成] 语法解析：/Users/zhiboc/repos/yuyan-worktrees/基础库-密码公钥核验/库/标准库/数据结构/字节串。豫 | PID 29242 | 退出 0 | 运行 3/24 | 已完成 78
[启动] parse：/Users/zhiboc/repos/yuyan-worktrees/基础库-密码公钥核验/库/标准库/宿主。接口。豫 | 运行 4/24
[启动] parse：/Users/zhiboc/repos/yuyan-worktrees/基础库-密码公钥核验/库/标准库/数据结构/字节缓冲。豫 | 运行 5/24
[启动] type-check-and-erase：/Users/zhiboc/repos/yuyan-worktrees/基础库-密码公钥核验/库/标准库/数据结构/字节串。豫 | 运行 6/24
[完成] 语法解析：/Users/zhiboc/repos/yuyan-worktrees/基础库-密码公钥核验/库/标准库/语言核心/不安全。豫 | PID 29242 | 退出 0 | 运行 5/24 | 已完成 79
[启动] type-check-and-erase：/Users/zhiboc/repos/yuyan-worktrees/基础库-密码公钥核验/库/标准库/语言核心/不安全。豫 | 运行 6/24
[完成] 语法解析：/Users/zhiboc/repos/yuyan-worktrees/基础库-密码公钥核验/库/标准库/语言核心/异步原语。豫 | PID 29242 | 退出 0 | 运行 5/24 | 已完成 80
[启动] type-check-and-erase：/Users/zhiboc/repos/yuyan-worktrees/基础库-密码公钥核验/库/标准库/语言核心/异步原语。豫 | 运行 6/24
[完成] 语法解析：/Users/zhiboc/repos/yuyan-worktrees/基础库-密码公钥核验/库/标准库/数据结构/字节缓冲。豫 | PID 29242 | 退出 0 | 运行 5/24 | 已完成 81
[完成] 类型检查：/Users/zhiboc/repos/yuyan-worktrees/基础库-密码公钥核验/库/标准库/语言核心/不安全。豫 | PID 29242 | 退出 0 | 运行 4/24 | 已完成 82
[完成] 类型检查：/Users/zhiboc/repos/yuyan-worktrees/基础库-密码公钥核验/库/标准库/语言核心/引用。豫 | PID 29242 | 退出 0 | 运行 3/24 | 已完成 83
[完成] 类型检查：/Users/zhiboc/repos/yuyan-worktrees/基础库-密码公钥核验/库/标准库/数据结构/字节串。豫 | PID 29242 | 退出 0 | 运行 2/24 | 已完成 84
[启动] type-check-and-erase：/Users/zhiboc/repos/yuyan-worktrees/基础库-密码公钥核验/库/标准库/数据结构/字节缓冲。豫 | 运行 3/24
[完成] 类型检查：/Users/zhiboc/repos/yuyan-worktrees/基础库-密码公钥核验/库/标准库/语言核心/异步原语。豫 | PID 29242 | 退出 0 | 运行 2/24 | 已完成 85
[完成] 类型检查：/Users/zhiboc/repos/yuyan-worktrees/基础库-密码公钥核验/库/标准库/数据结构/字节缓冲。豫 | PID 29242 | 退出 0 | 运行 1/24 | 已完成 86
[完成] 语法解析：/Users/zhiboc/repos/yuyan-worktrees/基础库-密码公钥核验/库/标准库/宿主。接口。豫 | PID 29242 | 退出 0 | 运行 0/24 | 已完成 87
[启动] parse：/Users/zhiboc/repos/yuyan-worktrees/基础库-密码公钥核验/库/标准库/输入输出/笔。豫 | 运行 1/24
[启动] parse：/Users/zhiboc/repos/yuyan-worktrees/基础库-密码公钥核验/库/标准库/数学运算/随机。豫 | 运行 2/24
[启动] parse：/Users/zhiboc/repos/yuyan-worktrees/基础库-密码公钥核验/库/标准库/数据结构/小数操作。豫 | 运行 3/24
[启动] parse：/Users/zhiboc/repos/yuyan-worktrees/基础库-密码公钥核验/库/标准库/数学运算/安全随机。豫 | 运行 4/24
[启动] parse：/Users/zhiboc/repos/yuyan-worktrees/基础库-密码公钥核验/库/标准库/网络/传输控制协议。豫 | 运行 5/24
[启动] parse：/Users/zhiboc/repos/yuyan-worktrees/基础库-密码公钥核验/库/标准库/操作系统/系统名称。豫 | 运行 6/24
[启动] parse：/Users/zhiboc/repos/yuyan-worktrees/基础库-密码公钥核验/库/标准库/操作系统/进程。豫 | 运行 7/24
[启动] parse：/Users/zhiboc/repos/yuyan-worktrees/基础库-密码公钥核验/库/标准库/语言核心/异常。豫 | 运行 8/24
[启动] parse：/Users/zhiboc/repos/yuyan-worktrees/基础库-密码公钥核验/库/标准库/操作系统/环境变量。豫 | 运行 9/24
[启动] type-check-and-erase：/Users/zhiboc/repos/yuyan-worktrees/基础库-密码公钥核验/库/标准库/宿主。接口。豫 | 运行 10/24
[完成] 语法解析：/Users/zhiboc/repos/yuyan-worktrees/基础库-密码公钥核验/库/标准库/网络/传输控制协议。豫 | PID 29242 | 退出 0 | 运行 9/24 | 已完成 88
[完成] 语法解析：/Users/zhiboc/repos/yuyan-worktrees/基础库-密码公钥核验/库/标准库/操作系统/系统名称。豫 | PID 29242 | 退出 0 | 运行 8/24 | 已完成 89
[完成] 语法解析：/Users/zhiboc/repos/yuyan-worktrees/基础库-密码公钥核验/库/标准库/数据结构/小数操作。豫 | PID 29242 | 退出 0 | 运行 7/24 | 已完成 90
[启动] parse：/Users/zhiboc/repos/yuyan-worktrees/基础库-密码公钥核验/库/标准库/操作系统/时间。豫 | 运行 8/24
[完成] 语法解析：/Users/zhiboc/repos/yuyan-worktrees/基础库-密码公钥核验/库/标准库/输入输出/笔。豫 | PID 29242 | 退出 0 | 运行 7/24 | 已完成 91
[启动] parse：/Users/zhiboc/repos/yuyan-worktrees/基础库-密码公钥核验/库/标准库/输入输出。豫 | 运行 8/24
[完成] 类型检查：/Users/zhiboc/repos/yuyan-worktrees/基础库-密码公钥核验/库/标准库/宿主。接口。豫 | PID 29242 | 退出 0 | 运行 7/24 | 已完成 92
[启动] type-check-and-erase：/Users/zhiboc/repos/yuyan-worktrees/基础库-密码公钥核验/库/标准库/输入输出/笔。豫 | 运行 8/24
[启动] type-check-and-erase：/Users/zhiboc/repos/yuyan-worktrees/基础库-密码公钥核验/库/标准库/数据结构/小数操作。豫 | 运行 9/24
[启动] type-check-and-erase：/Users/zhiboc/repos/yuyan-worktrees/基础库-密码公钥核验/库/标准库/网络/传输控制协议。豫 | 运行 10/24
[启动] type-check-and-erase：/Users/zhiboc/repos/yuyan-worktrees/基础库-密码公钥核验/库/标准库/操作系统/系统名称。豫 | 运行 11/24
[完成] 语法解析：/Users/zhiboc/repos/yuyan-worktrees/基础库-密码公钥核验/库/标准库/操作系统/环境变量。豫 | PID 29242 | 退出 0 | 运行 10/24 | 已完成 93
[启动] type-check-and-erase：/Users/zhiboc/repos/yuyan-worktrees/基础库-密码公钥核验/库/标准库/操作系统/环境变量。豫 | 运行 11/24
[完成] 语法解析：/Users/zhiboc/repos/yuyan-worktrees/基础库-密码公钥核验/库/标准库/输入输出。豫 | PID 29242 | 退出 0 | 运行 10/24 | 已完成 94
[完成] 语法解析：/Users/zhiboc/repos/yuyan-worktrees/基础库-密码公钥核验/库/标准库/操作系统/时间。豫 | PID 29242 | 退出 0 | 运行 9/24 | 已完成 95
[完成] 语法解析：/Users/zhiboc/repos/yuyan-worktrees/基础库-密码公钥核验/库/标准库/数学运算/随机。豫 | PID 29242 | 退出 0 | 运行 8/24 | 已完成 96
[启动] type-check-and-erase：/Users/zhiboc/repos/yuyan-worktrees/基础库-密码公钥核验/库/标准库/数学运算/随机。豫 | 运行 9/24
[完成] 语法解析：/Users/zhiboc/repos/yuyan-worktrees/基础库-密码公钥核验/库/标准库/语言核心/异常。豫 | PID 29242 | 退出 0 | 运行 8/24 | 已完成 97
[启动] parse：/Users/zhiboc/repos/yuyan-worktrees/基础库-密码公钥核验/库/标准库/数据结构/可选值。豫 | 运行 9/24
[启动] parse：/Users/zhiboc/repos/yuyan-worktrees/基础库-密码公钥核验/库/标准库/语言核心。豫 | 运行 10/24
[启动] type-check-and-erase：/Users/zhiboc/repos/yuyan-worktrees/基础库-密码公钥核验/库/标准库/语言核心/异常。豫 | 运行 11/24
[完成] 类型检查：/Users/zhiboc/repos/yuyan-worktrees/基础库-密码公钥核验/库/标准库/操作系统/系统名称。豫 | PID 29242 | 退出 0 | 运行 10/24 | 已完成 98
[完成] 类型检查：/Users/zhiboc/repos/yuyan-worktrees/基础库-密码公钥核验/库/标准库/操作系统/环境变量。豫 | PID 29242 | 退出 0 | 运行 9/24 | 已完成 99
[完成] 语法解析：/Users/zhiboc/repos/yuyan-worktrees/基础库-密码公钥核验/库/标准库/操作系统/进程。豫 | PID 29242 | 退出 0 | 运行 8/24 | 已完成 100
[启动] type-check-and-erase：/Users/zhiboc/repos/yuyan-worktrees/基础库-密码公钥核验/库/标准库/操作系统/进程。豫 | 运行 9/24
[完成] 类型检查：/Users/zhiboc/repos/yuyan-worktrees/基础库-密码公钥核验/库/标准库/数学运算/随机。豫 | PID 29242 | 退出 0 | 运行 8/24 | 已完成 101
[完成] 类型检查：/Users/zhiboc/repos/yuyan-worktrees/基础库-密码公钥核验/库/标准库/操作系统/进程。豫 | PID 29242 | 退出 0 | 运行 7/24 | 已完成 102
[完成] 类型检查：/Users/zhiboc/repos/yuyan-worktrees/基础库-密码公钥核验/库/标准库/网络/传输控制协议。豫 | PID 29242 | 退出 0 | 运行 6/24 | 已完成 103
[完成] 语法解析：/Users/zhiboc/repos/yuyan-worktrees/基础库-密码公钥核验/库/标准库/数学运算/安全随机。豫 | PID 29242 | 退出 0 | 运行 5/24 | 已完成 104
[启动] type-check-and-erase：/Users/zhiboc/repos/yuyan-worktrees/基础库-密码公钥核验/库/标准库/数学运算/安全随机。豫 | 运行 6/24
[完成] 类型检查：/Users/zhiboc/repos/yuyan-worktrees/基础库-密码公钥核验/库/标准库/数据结构/小数操作。豫 | PID 29242 | 退出 0 | 运行 5/24 | 已完成 105
[启动] type-check-and-erase：/Users/zhiboc/repos/yuyan-worktrees/基础库-密码公钥核验/库/标准库/操作系统/时间。豫 | 运行 6/24
[完成] 类型检查：/Users/zhiboc/repos/yuyan-worktrees/基础库-密码公钥核验/库/标准库/数学运算/安全随机。豫 | PID 29242 | 退出 0 | 运行 5/24 | 已完成 106
[完成] 语法解析：/Users/zhiboc/repos/yuyan-worktrees/基础库-密码公钥核验/库/标准库/数据结构/可选值。豫 | PID 29242 | 退出 0 | 运行 4/24 | 已完成 107
[启动] parse：/Users/zhiboc/repos/yuyan-worktrees/基础库-密码公钥核验/库/标准库/数据结构/多态列。豫 | 运行 5/24
[完成] 类型检查：/Users/zhiboc/repos/yuyan-worktrees/基础库-密码公钥核验/库/标准库/输入输出/笔。豫 | PID 29242 | 退出 0 | 运行 4/24 | 已完成 108
[启动] type-check-and-erase：/Users/zhiboc/repos/yuyan-worktrees/基础库-密码公钥核验/库/标准库/输入输出。豫 | 运行 5/24
[完成] 语法解析：/Users/zhiboc/repos/yuyan-worktrees/基础库-密码公钥核验/库/标准库/数据结构/多态列。豫 | PID 29242 | 退出 0 | 运行 4/24 | 已完成 109
[启动] parse：/Users/zhiboc/repos/yuyan-worktrees/基础库-密码公钥核验/库/标准库/宿主带列。接口。豫 | 运行 5/24
[启动] parse：/Users/zhiboc/repos/yuyan-worktrees/基础库-密码公钥核验/库/标准库/数学运算/具体列。豫 | 运行 6/24
[启动] parse：/Users/zhiboc/repos/yuyan-worktrees/基础库-密码公钥核验/库/标准库/数据结构/多态列工具。豫 | 运行 7/24
[启动] parse：/Users/zhiboc/repos/yuyan-worktrees/基础库-密码公钥核验/库/标准库/数学运算/数组转换。豫 | 运行 8/24
[完成] 类型检查：/Users/zhiboc/repos/yuyan-worktrees/基础库-密码公钥核验/库/标准库/操作系统/时间。豫 | PID 29242 | 退出 0 | 运行 7/24 | 已完成 110
[完成] 类型检查：/Users/zhiboc/repos/yuyan-worktrees/基础库-密码公钥核验/库/标准库/输入输出。豫 | PID 29242 | 退出 0 | 运行 6/24 | 已完成 111
[完成] 语法解析：/Users/zhiboc/repos/yuyan-worktrees/基础库-密码公钥核验/库/标准库/宿主带列。接口。豫 | PID 29242 | 退出 0 | 运行 5/24 | 已完成 112
[启动] parse：/Users/zhiboc/repos/yuyan-worktrees/基础库-密码公钥核验/库/标准库/操作系统/命令行参数。豫 | 运行 6/24
[启动] parse：/Users/zhiboc/repos/yuyan-worktrees/基础库-密码公钥核验/库/标准库/操作系统/文件系统。豫 | 运行 7/24
[启动] parse：/Users/zhiboc/repos/yuyan-worktrees/基础库-密码公钥核验/库/标准库/控制/异步。豫 | 运行 8/24
[完成] 语法解析：/Users/zhiboc/repos/yuyan-worktrees/基础库-密码公钥核验/库/标准库/数学运算/数组转换。豫 | PID 29242 | 退出 0 | 运行 7/24 | 已完成 113
[启动] parse：/Users/zhiboc/repos/yuyan-worktrees/基础库-密码公钥核验/库/标准库/数据结构/字符流术。豫 | 运行 8/24
[完成] 语法解析：/Users/zhiboc/repos/yuyan-worktrees/基础库-密码公钥核验/库/标准库/操作系统/命令行参数。豫 | PID 29242 | 退出 0 | 运行 7/24 | 已完成 114
[完成] 类型检查：/Users/zhiboc/repos/yuyan-worktrees/基础库-密码公钥核验/库/标准库/语言核心/异常。豫 | PID 29242 | 退出 0 | 运行 6/24 | 已完成 115
[启动] type-check-and-erase：/Users/zhiboc/repos/yuyan-worktrees/基础库-密码公钥核验/库/标准库/数据结构/可选值。豫 | 运行 7/24
[完成] 语法解析：/Users/zhiboc/repos/yuyan-worktrees/基础库-密码公钥核验/库/标准库/数据结构/字符流术。豫 | PID 29242 | 退出 0 | 运行 6/24 | 已完成 116
[完成] 语法解析：/Users/zhiboc/repos/yuyan-worktrees/基础库-密码公钥核验/库/标准库/语言核心。豫 | PID 29242 | 退出 0 | 运行 5/24 | 已完成 117
[启动] type-check-and-erase：/Users/zhiboc/repos/yuyan-worktrees/基础库-密码公钥核验/库/标准库/语言核心。豫 | 运行 6/24
[完成] 语法解析：/Users/zhiboc/repos/yuyan-worktrees/基础库-密码公钥核验/库/标准库/数学运算/具体列。豫 | PID 29242 | 退出 0 | 运行 5/24 | 已完成 118
[启动] parse：/Users/zhiboc/repos/yuyan-worktrees/基础库-密码公钥核验/库/标准库/数学运算。豫 | 运行 6/24
[完成] 语法解析：/Users/zhiboc/repos/yuyan-worktrees/基础库-密码公钥核验/库/标准库/数学运算。豫 | PID 29242 | 退出 0 | 运行 5/24 | 已完成 119
[完成] 类型检查：/Users/zhiboc/repos/yuyan-worktrees/基础库-密码公钥核验/库/标准库/语言核心。豫 | PID 29242 | 退出 0 | 运行 4/24 | 已完成 120
[完成] 类型检查：/Users/zhiboc/repos/yuyan-worktrees/基础库-密码公钥核验/库/标准库/数据结构/可选值。豫 | PID 29242 | 退出 0 | 运行 3/24 | 已完成 121
[启动] type-check-and-erase：/Users/zhiboc/repos/yuyan-worktrees/基础库-密码公钥核验/库/标准库/数据结构/多态列。豫 | 运行 4/24
[完成] 类型检查：/Users/zhiboc/repos/yuyan-worktrees/基础库-密码公钥核验/库/标准库/数据结构/多态列。豫 | PID 29242 | 退出 0 | 运行 3/24 | 已完成 122
[启动] type-check-and-erase：/Users/zhiboc/repos/yuyan-worktrees/基础库-密码公钥核验/库/标准库/宿主带列。接口。豫 | 运行 4/24
[启动] type-check-and-erase：/Users/zhiboc/repos/yuyan-worktrees/基础库-密码公钥核验/库/标准库/数学运算/具体列。豫 | 运行 5/24
[启动] type-check-and-erase：/Users/zhiboc/repos/yuyan-worktrees/基础库-密码公钥核验/库/标准库/数学运算/数组转换。豫 | 运行 6/24
[完成] 语法解析：/Users/zhiboc/repos/yuyan-worktrees/基础库-密码公钥核验/库/标准库/操作系统/文件系统。豫 | PID 29242 | 退出 0 | 运行 5/24 | 已完成 123
[完成] 类型检查：/Users/zhiboc/repos/yuyan-worktrees/基础库-密码公钥核验/库/标准库/宿主带列。接口。豫 | PID 29242 | 退出 0 | 运行 4/24 | 已完成 124
[启动] type-check-and-erase：/Users/zhiboc/repos/yuyan-worktrees/基础库-密码公钥核验/库/标准库/操作系统/命令行参数。豫 | 运行 5/24
[启动] type-check-and-erase：/Users/zhiboc/repos/yuyan-worktrees/基础库-密码公钥核验/库/标准库/操作系统/文件系统。豫 | 运行 6/24
[完成] 语法解析：/Users/zhiboc/repos/yuyan-worktrees/基础库-密码公钥核验/库/标准库/数据结构/多态列工具。豫 | PID 29242 | 退出 0 | 运行 5/24 | 已完成 125
[启动] parse：/Users/zhiboc/repos/yuyan-worktrees/基础库-密码公钥核验/库/标准库/数据结构/字符串术。豫 | 运行 6/24
[启动] type-check-and-erase：/Users/zhiboc/repos/yuyan-worktrees/基础库-密码公钥核验/库/标准库/数据结构/多态列工具。豫 | 运行 7/24
[完成] 类型检查：/Users/zhiboc/repos/yuyan-worktrees/基础库-密码公钥核验/库/标准库/数学运算/具体列。豫 | PID 29242 | 退出 0 | 运行 6/24 | 已完成 126
[完成] 类型检查：/Users/zhiboc/repos/yuyan-worktrees/基础库-密码公钥核验/库/标准库/操作系统/命令行参数。豫 | PID 29242 | 退出 0 | 运行 5/24 | 已完成 127
[完成] 类型检查：/Users/zhiboc/repos/yuyan-worktrees/基础库-密码公钥核验/库/标准库/数学运算/数组转换。豫 | PID 29242 | 退出 0 | 运行 4/24 | 已完成 128
[启动] type-check-and-erase：/Users/zhiboc/repos/yuyan-worktrees/基础库-密码公钥核验/库/标准库/数学运算。豫 | 运行 5/24
[启动] type-check-and-erase：/Users/zhiboc/repos/yuyan-worktrees/基础库-密码公钥核验/库/标准库/数据结构/字符流术。豫 | 运行 6/24
[完成] 语法解析：/Users/zhiboc/repos/yuyan-worktrees/基础库-密码公钥核验/库/标准库/控制/异步。豫 | PID 29242 | 退出 0 | 运行 5/24 | 已完成 129
[启动] parse：/Users/zhiboc/repos/yuyan-worktrees/基础库-密码公钥核验/库/标准库/控制。豫 | 运行 6/24
[启动] parse：/Users/zhiboc/repos/yuyan-worktrees/基础库-密码公钥核验/库/标准库/网络/异步传输控制协议。豫 | 运行 7/24
[启动] type-check-and-erase：/Users/zhiboc/repos/yuyan-worktrees/基础库-密码公钥核验/库/标准库/控制/异步。豫 | 运行 8/24
[完成] 类型检查：/Users/zhiboc/repos/yuyan-worktrees/基础库-密码公钥核验/库/标准库/操作系统/文件系统。豫 | PID 29242 | 退出 0 | 运行 7/24 | 已完成 130
[完成] 类型检查：/Users/zhiboc/repos/yuyan-worktrees/基础库-密码公钥核验/库/标准库/数据结构/多态列工具。豫 | PID 29242 | 退出 0 | 运行 6/24 | 已完成 131
[完成] 语法解析：/Users/zhiboc/repos/yuyan-worktrees/基础库-密码公钥核验/库/标准库/数据结构/字符串术。豫 | PID 29242 | 退出 0 | 运行 5/24 | 已完成 132
[启动] parse：/Users/zhiboc/repos/yuyan-worktrees/基础库-密码公钥核验/库/标准库/操作系统/子进程。豫 | 运行 6/24
[启动] parse：/Users/zhiboc/repos/yuyan-worktrees/基础库-密码公钥核验/库/标准库/数据结构/对子术。豫 | 运行 7/24
[启动] parse：/Users/zhiboc/repos/yuyan-worktrees/基础库-密码公钥核验/库/标准库/数据结构/特殊字符。豫 | 运行 8/24
[启动] type-check-and-erase：/Users/zhiboc/repos/yuyan-worktrees/基础库-密码公钥核验/库/标准库/数据结构/字符串术。豫 | 运行 9/24
[完成] 语法解析：/Users/zhiboc/repos/yuyan-worktrees/基础库-密码公钥核验/库/标准库/网络/异步传输控制协议。豫 | PID 29242 | 退出 0 | 运行 8/24 | 已完成 133
[完成] 语法解析：/Users/zhiboc/repos/yuyan-worktrees/基础库-密码公钥核验/库/标准库/操作系统/子进程。豫 | PID 29242 | 退出 0 | 运行 7/24 | 已完成 134
[完成] 语法解析：/Users/zhiboc/repos/yuyan-worktrees/基础库-密码公钥核验/库/标准库/数据结构/对子术。豫 | PID 29242 | 退出 0 | 运行 6/24 | 已完成 135
[启动] parse：/Users/zhiboc/repos/yuyan-worktrees/基础库-密码公钥核验/库/标准库/数据结构/列表搜索。豫 | 运行 7/24
[完成] 类型检查：/Users/zhiboc/repos/yuyan-worktrees/基础库-密码公钥核验/库/标准库/数据结构/字符流术。豫 | PID 29242 | 退出 0 | 运行 6/24 | 已完成 136
[完成] 语法解析：/Users/zhiboc/repos/yuyan-worktrees/基础库-密码公钥核验/库/标准库/数据结构/列表搜索。豫 | PID 29242 | 退出 0 | 运行 5/24 | 已完成 137
[启动] parse：/Users/zhiboc/repos/yuyan-worktrees/基础库-密码公钥核验/库/标准库/数据结构/字典术。豫 | 运行 6/24
[完成] 类型检查：/Users/zhiboc/repos/yuyan-worktrees/基础库-密码公钥核验/库/标准库/数学运算。豫 | PID 29242 | 退出 0 | 运行 5/24 | 已完成 138
[完成] 语法解析：/Users/zhiboc/repos/yuyan-worktrees/基础库-密码公钥核验/库/标准库/控制。豫 | PID 29242 | 退出 0 | 运行 4/24 | 已完成 139
[完成] 语法解析：/Users/zhiboc/repos/yuyan-worktrees/基础库-密码公钥核验/库/标准库/数据结构/字典术。豫 | PID 29242 | 退出 0 | 运行 3/24 | 已完成 140
[启动] parse：/Users/zhiboc/repos/yuyan-worktrees/基础库-密码公钥核验/库/标准库/豫言标准内核。豫 | 运行 4/24
[完成] 类型检查：/Users/zhiboc/repos/yuyan-worktrees/基础库-密码公钥核验/库/标准库/控制/异步。豫 | PID 29242 | 退出 0 | 运行 3/24 | 已完成 141
[启动] type-check-and-erase：/Users/zhiboc/repos/yuyan-worktrees/基础库-密码公钥核验/库/标准库/控制。豫 | 运行 4/24
[启动] type-check-and-erase：/Users/zhiboc/repos/yuyan-worktrees/基础库-密码公钥核验/库/标准库/网络/异步传输控制协议。豫 | 运行 5/24
[完成] 语法解析：/Users/zhiboc/repos/yuyan-worktrees/基础库-密码公钥核验/库/标准库/豫言标准内核。豫 | PID 29242 | 退出 0 | 运行 4/24 | 已完成 142
[启动] parse：/Users/zhiboc/repos/yuyan-worktrees/基础库-密码公钥核验/库/标准库/操作系统/路径。豫 | 运行 5/24
[完成] 类型检查：/Users/zhiboc/repos/yuyan-worktrees/基础库-密码公钥核验/库/标准库/控制。豫 | PID 29242 | 退出 0 | 运行 4/24 | 已完成 143
[完成] 语法解析：/Users/zhiboc/repos/yuyan-worktrees/基础库-密码公钥核验/库/标准库/操作系统/路径。豫 | PID 29242 | 退出 0 | 运行 3/24 | 已完成 144
[启动] parse：/Users/zhiboc/repos/yuyan-worktrees/基础库-密码公钥核验/库/标准库/操作系统。豫 | 运行 4/24
[完成] 语法解析：/Users/zhiboc/repos/yuyan-worktrees/基础库-密码公钥核验/库/标准库/操作系统。豫 | PID 29242 | 退出 0 | 运行 3/24 | 已完成 145
[完成] 类型检查：/Users/zhiboc/repos/yuyan-worktrees/基础库-密码公钥核验/库/标准库/数据结构/字符串术。豫 | PID 29242 | 退出 0 | 运行 2/24 | 已完成 146
[启动] type-check-and-erase：/Users/zhiboc/repos/yuyan-worktrees/基础库-密码公钥核验/库/标准库/操作系统/子进程。豫 | 运行 3/24
[启动] type-check-and-erase：/Users/zhiboc/repos/yuyan-worktrees/基础库-密码公钥核验/库/标准库/数据结构/对子术。豫 | 运行 4/24
[完成] 类型检查：/Users/zhiboc/repos/yuyan-worktrees/基础库-密码公钥核验/库/标准库/数据结构/对子术。豫 | PID 29242 | 退出 0 | 运行 3/24 | 已完成 147
[启动] type-check-and-erase：/Users/zhiboc/repos/yuyan-worktrees/基础库-密码公钥核验/库/标准库/数据结构/列表搜索。豫 | 运行 4/24
[完成] 类型检查：/Users/zhiboc/repos/yuyan-worktrees/基础库-密码公钥核验/库/标准库/网络/异步传输控制协议。豫 | PID 29242 | 退出 0 | 运行 3/24 | 已完成 148
[完成] 语法解析：/Users/zhiboc/repos/yuyan-worktrees/基础库-密码公钥核验/库/标准库/数据结构/特殊字符。豫 | PID 29242 | 退出 0 | 运行 2/24 | 已完成 149
[启动] parse：/Users/zhiboc/repos/yuyan-worktrees/基础库-密码公钥核验/库/标准库/数据结构。豫 | 运行 3/24
[启动] parse：/Users/zhiboc/repos/yuyan-worktrees/基础库-密码公钥核验/库/标准库/网络/超文本传输协议。豫 | 运行 4/24
[启动] type-check-and-erase：/Users/zhiboc/repos/yuyan-worktrees/基础库-密码公钥核验/库/标准库/数据结构/特殊字符。豫 | 运行 5/24
[完成] 类型检查：/Users/zhiboc/repos/yuyan-worktrees/基础库-密码公钥核验/库/标准库/数据结构/列表搜索。豫 | PID 29242 | 退出 0 | 运行 4/24 | 已完成 150
[启动] type-check-and-erase：/Users/zhiboc/repos/yuyan-worktrees/基础库-密码公钥核验/库/标准库/数据结构/字典术。豫 | 运行 5/24
[完成] 语法解析：/Users/zhiboc/repos/yuyan-worktrees/基础库-密码公钥核验/库/标准库/网络/超文本传输协议。豫 | PID 29242 | 退出 0 | 运行 4/24 | 已完成 151
[启动] parse：/Users/zhiboc/repos/yuyan-worktrees/基础库-密码公钥核验/库/标准库/网络。豫 | 运行 5/24
[完成] 类型检查：/Users/zhiboc/repos/yuyan-worktrees/基础库-密码公钥核验/库/标准库/操作系统/子进程。豫 | PID 29242 | 退出 0 | 运行 4/24 | 已完成 152
[完成] 语法解析：/Users/zhiboc/repos/yuyan-worktrees/基础库-密码公钥核验/库/标准库/网络。豫 | PID 29242 | 退出 0 | 运行 3/24 | 已完成 153
[完成] 语法解析：/Users/zhiboc/repos/yuyan-worktrees/基础库-密码公钥核验/库/标准库/数据结构。豫 | PID 29242 | 退出 0 | 运行 2/24 | 已完成 154
[启动] parse：/Users/zhiboc/repos/yuyan-worktrees/基础库-密码公钥核验/库/标准库/总集。豫 | 运行 3/24
[完成] 类型检查：/Users/zhiboc/repos/yuyan-worktrees/基础库-密码公钥核验/库/标准库/数据结构/字典术。豫 | PID 29242 | 退出 0 | 运行 2/24 | 已完成 155
[启动] type-check-and-erase：/Users/zhiboc/repos/yuyan-worktrees/基础库-密码公钥核验/库/标准库/豫言标准内核。豫 | 运行 3/24
[完成] 类型检查：/Users/zhiboc/repos/yuyan-worktrees/基础库-密码公钥核验/库/标准库/数据结构/特殊字符。豫 | PID 29242 | 退出 0 | 运行 2/24 | 已完成 156
[启动] type-check-and-erase：/Users/zhiboc/repos/yuyan-worktrees/基础库-密码公钥核验/库/标准库/数据结构。豫 | 运行 3/24
[启动] type-check-and-erase：/Users/zhiboc/repos/yuyan-worktrees/基础库-密码公钥核验/库/标准库/网络/超文本传输协议。豫 | 运行 4/24
[完成] 语法解析：/Users/zhiboc/repos/yuyan-worktrees/基础库-密码公钥核验/库/标准库/总集。豫 | PID 29242 | 退出 0 | 运行 3/24 | 已完成 157
[启动] parse：/Users/zhiboc/repos/yuyan-worktrees/基础库-密码公钥核验/库/基础库/密码与安全/密码/对称。豫 | 运行 4/24
[完成] 语法解析：/Users/zhiboc/repos/yuyan-worktrees/基础库-密码公钥核验/库/基础库/密码与安全/密码/对称。豫 | PID 29242 | 退出 0 | 运行 3/24 | 已完成 158
[启动] parse：/Users/zhiboc/repos/yuyan-worktrees/基础库-密码公钥核验/库/基础库/密码与安全/密码/认证。豫 | 运行 4/24
[完成] 类型检查：/Users/zhiboc/repos/yuyan-worktrees/基础库-密码公钥核验/库/标准库/数据结构。豫 | PID 29242 | 退出 0 | 运行 3/24 | 已完成 159
[完成] 类型检查：/Users/zhiboc/repos/yuyan-worktrees/基础库-密码公钥核验/库/标准库/豫言标准内核。豫 | PID 29242 | 退出 0 | 运行 2/24 | 已完成 160
[启动] type-check-and-erase：/Users/zhiboc/repos/yuyan-worktrees/基础库-密码公钥核验/库/标准库/操作系统/路径。豫 | 运行 3/24
[完成] 类型检查：/Users/zhiboc/repos/yuyan-worktrees/基础库-密码公钥核验/库/标准库/操作系统/路径。豫 | PID 29242 | 退出 0 | 运行 2/24 | 已完成 161
[启动] type-check-and-erase：/Users/zhiboc/repos/yuyan-worktrees/基础库-密码公钥核验/库/标准库/操作系统。豫 | 运行 3/24
[完成] 类型检查：/Users/zhiboc/repos/yuyan-worktrees/基础库-密码公钥核验/库/标准库/网络/超文本传输协议。豫 | PID 29242 | 退出 0 | 运行 2/24 | 已完成 162
[启动] type-check-and-erase：/Users/zhiboc/repos/yuyan-worktrees/基础库-密码公钥核验/库/标准库/网络。豫 | 运行 3/24
[完成] 语法解析：/Users/zhiboc/repos/yuyan-worktrees/基础库-密码公钥核验/库/基础库/密码与安全/密码/认证。豫 | PID 29242 | 退出 0 | 运行 2/24 | 已完成 163
[完成] 类型检查：/Users/zhiboc/repos/yuyan-worktrees/基础库-密码公钥核验/库/标准库/网络。豫 | PID 29242 | 退出 0 | 运行 1/24 | 已完成 164
[完成] 类型检查：/Users/zhiboc/repos/yuyan-worktrees/基础库-密码公钥核验/库/标准库/操作系统。豫 | PID 29242 | 退出 0 | 运行 0/24 | 已完成 165
[启动] type-check-and-erase：/Users/zhiboc/repos/yuyan-worktrees/基础库-密码公钥核验/库/标准库/总集。豫 | 运行 1/24
[完成] 类型检查：/Users/zhiboc/repos/yuyan-worktrees/基础库-密码公钥核验/库/标准库/总集。豫 | PID 29242 | 退出 0 | 运行 0/24 | 已完成 166
[启动] type-check-and-erase：/Users/zhiboc/repos/yuyan-worktrees/基础库-密码公钥核验/库/基础库/密码与安全/密码/对称。豫 | 运行 1/24
[完成] 类型检查：/Users/zhiboc/repos/yuyan-worktrees/基础库-密码公钥核验/库/基础库/密码与安全/密码/对称。豫 | PID 29242 | 退出 0 | 运行 0/24 | 已完成 167
[启动] type-check-and-erase：/Users/zhiboc/repos/yuyan-worktrees/基础库-密码公钥核验/库/基础库/密码与安全/密码/认证。豫 | 运行 1/24
[完成] 类型检查：/Users/zhiboc/repos/yuyan-worktrees/基础库-密码公钥核验/库/基础库/密码与安全/密码/认证。豫 | PID 29242 | 退出 0 | 运行 0/24 | 已完成 168
[启动] exec-gen：/Users/zhiboc/repos/yuyan-worktrees/基础库-密码公钥核验/库/基础库/密码与安全/密码/认证。豫 | 运行 1/24
[完成] 最终链接：/Users/zhiboc/repos/yuyan-worktrees/基础库-密码公钥核验/库/基础库/密码与安全/密码/认证。豫 | PID 29242 | 退出 0 | 运行 0/24 | 已完成 169
[2026-10-08 01:03:03] 当前路径：/Users/zhiboc/repos/yuyan-worktrees/基础库-密码公钥核验/yyRSA验证链

[2026-10-08 01:03:03] 当前路径：/Users/zhiboc/repos/yuyan-worktrees/基础库-密码公钥核验/yyRSA验证链
[启动] dependency-analysis：/Users/zhiboc/repos/yuyan-worktrees/基础库-密码公钥核验/库/基础库/密码与安全/密码/通用派生。豫 | 运行 1/24
[完成] 依赖分析：/Users/zhiboc/repos/yuyan-worktrees/基础库-密码公钥核验/库/基础库/密码与安全/密码/通用派生。豫 | PID 29249 | 退出 0 | 运行 0/24 | 已完成 1
[启动] dependency-analysis：/Users/zhiboc/repos/yuyan-worktrees/基础库-密码公钥核验/库/标准库/总集。豫 | 运行 1/24
[启动] dependency-analysis：/Users/zhiboc/repos/yuyan-worktrees/基础库-密码公钥核验/库/标准库/数据结构/整数操作。豫 | 运行 2/24
[启动] dependency-analysis：/Users/zhiboc/repos/yuyan-worktrees/基础库-密码公钥核验/库/基础库/密码与安全/密码/字节。豫 | 运行 3/24
[完成] 依赖分析：/Users/zhiboc/repos/yuyan-worktrees/基础库-密码公钥核验/库/标准库/总集。豫 | PID 29249 | 退出 0 | 运行 2/24 | 已完成 2
[启动] dependency-analysis：/Users/zhiboc/repos/yuyan-worktrees/基础库-密码公钥核验/库/标准库/操作系统。豫 | 运行 3/24
[启动] dependency-analysis：/Users/zhiboc/repos/yuyan-worktrees/基础库-密码公钥核验/库/标准库/控制。豫 | 运行 4/24
[启动] dependency-analysis：/Users/zhiboc/repos/yuyan-worktrees/基础库-密码公钥核验/库/标准库/数学运算。豫 | 运行 5/24
[启动] dependency-analysis：/Users/zhiboc/repos/yuyan-worktrees/基础库-密码公钥核验/库/标准库/数据结构。豫 | 运行 6/24
[启动] dependency-analysis：/Users/zhiboc/repos/yuyan-worktrees/基础库-密码公钥核验/库/标准库/输入输出。豫 | 运行 7/24
[启动] dependency-analysis：/Users/zhiboc/repos/yuyan-worktrees/基础库-密码公钥核验/库/标准库/语言核心。豫 | 运行 8/24
[启动] dependency-analysis：/Users/zhiboc/repos/yuyan-worktrees/基础库-密码公钥核验/库/标准库/网络。豫 | 运行 9/24
[启动] dependency-analysis：/Users/zhiboc/repos/yuyan-worktrees/基础库-密码公钥核验/库/标准库/豫言标准内核。豫 | 运行 10/24
[完成] 依赖分析：/Users/zhiboc/repos/yuyan-worktrees/基础库-密码公钥核验/库/标准库/操作系统。豫 | PID 29249 | 退出 0 | 运行 9/24 | 已完成 3
[启动] dependency-analysis：/Users/zhiboc/repos/yuyan-worktrees/基础库-密码公钥核验/库/标准库/操作系统/子进程。豫 | 运行 10/24
[启动] dependency-analysis：/Users/zhiboc/repos/yuyan-worktrees/基础库-密码公钥核验/库/标准库/操作系统/命令行参数。豫 | 运行 11/24
[启动] dependency-analysis：/Users/zhiboc/repos/yuyan-worktrees/基础库-密码公钥核验/库/标准库/操作系统/文件系统。豫 | 运行 12/24
[启动] dependency-analysis：/Users/zhiboc/repos/yuyan-worktrees/基础库-密码公钥核验/库/标准库/操作系统/进程。豫 | 运行 13/24
[启动] dependency-analysis：/Users/zhiboc/repos/yuyan-worktrees/基础库-密码公钥核验/库/标准库/操作系统/时间。豫 | 运行 14/24
[启动] dependency-analysis：/Users/zhiboc/repos/yuyan-worktrees/基础库-密码公钥核验/库/标准库/操作系统/路径。豫 | 运行 15/24
[启动] dependency-analysis：/Users/zhiboc/repos/yuyan-worktrees/基础库-密码公钥核验/库/标准库/操作系统/系统名称。豫 | 运行 16/24
[启动] dependency-analysis：/Users/zhiboc/repos/yuyan-worktrees/基础库-密码公钥核验/库/标准库/操作系统/环境变量。豫 | 运行 17/24
[完成] 依赖分析：/Users/zhiboc/repos/yuyan-worktrees/基础库-密码公钥核验/库/标准库/数学运算。豫 | PID 29249 | 退出 0 | 运行 16/24 | 已完成 4
[启动] dependency-analysis：/Users/zhiboc/repos/yuyan-worktrees/基础库-密码公钥核验/库/标准库/数学运算/转换。豫 | 运行 17/24
[启动] dependency-analysis：/Users/zhiboc/repos/yuyan-worktrees/基础库-密码公钥核验/库/标准库/数学运算/具体列。豫 | 运行 18/24
[启动] dependency-analysis：/Users/zhiboc/repos/yuyan-worktrees/基础库-密码公钥核验/库/标准库/数学运算/随机。豫 | 运行 19/24
[启动] dependency-analysis：/Users/zhiboc/repos/yuyan-worktrees/基础库-密码公钥核验/库/标准库/数学运算/大小。豫 | 运行 20/24
[启动] dependency-analysis：/Users/zhiboc/repos/yuyan-worktrees/基础库-密码公钥核验/库/标准库/数学运算/数组转换。豫 | 运行 21/24
[完成] 依赖分析：/Users/zhiboc/repos/yuyan-worktrees/基础库-密码公钥核验/库/标准库/输入输出。豫 | PID 29249 | 退出 0 | 运行 20/24 | 已完成 5
[启动] dependency-analysis：/Users/zhiboc/repos/yuyan-worktrees/基础库-密码公钥核验/库/标准库/输入输出/笔。豫 | 运行 21/24
[完成] 依赖分析：/Users/zhiboc/repos/yuyan-worktrees/基础库-密码公钥核验/库/标准库/语言核心。豫 | PID 29249 | 退出 0 | 运行 20/24 | 已完成 6
[启动] dependency-analysis：/Users/zhiboc/repos/yuyan-worktrees/基础库-密码公钥核验/库/标准库/语言核心/内建类型。豫 | 运行 21/24
[启动] dependency-analysis：/Users/zhiboc/repos/yuyan-worktrees/基础库-密码公钥核验/库/标准库/语言核心/续延。豫 | 运行 22/24
[启动] dependency-analysis：/Users/zhiboc/repos/yuyan-worktrees/基础库-密码公钥核验/库/标准库/语言核心/异常。豫 | 运行 23/24
[启动] dependency-analysis：/Users/zhiboc/repos/yuyan-worktrees/基础库-密码公钥核验/库/标准库/语言核心/引用。豫 | 运行 24/24
[完成] 依赖分析：/Users/zhiboc/repos/yuyan-worktrees/基础库-密码公钥核验/库/标准库/网络。豫 | PID 29249 | 退出 0 | 运行 23/24 | 已完成 7
[启动] dependency-analysis：/Users/zhiboc/repos/yuyan-worktrees/基础库-密码公钥核验/库/标准库/语言核心/不安全。豫 | 运行 24/24
[完成] 依赖分析：/Users/zhiboc/repos/yuyan-worktrees/基础库-密码公钥核验/库/标准库/豫言标准内核。豫 | PID 29249 | 退出 0 | 运行 23/24 | 已完成 8
[启动] dependency-analysis：/Users/zhiboc/repos/yuyan-worktrees/基础库-密码公钥核验/库/标准库/语言核心/异步原语。豫 | 运行 24/24
[完成] 依赖分析：/Users/zhiboc/repos/yuyan-worktrees/基础库-密码公钥核验/库/标准库/操作系统/路径。豫 | PID 29249 | 退出 0 | 运行 23/24 | 已完成 9
[启动] dependency-analysis：/Users/zhiboc/repos/yuyan-worktrees/基础库-密码公钥核验/库/标准库/网络/传输控制协议。豫 | 运行 24/24
[完成] 依赖分析：/Users/zhiboc/repos/yuyan-worktrees/基础库-密码公钥核验/库/标准库/操作系统/系统名称。豫 | PID 29249 | 退出 0 | 运行 23/24 | 已完成 10
[启动] dependency-analysis：/Users/zhiboc/repos/yuyan-worktrees/基础库-密码公钥核验/库/标准库/网络/异步传输控制协议。豫 | 运行 24/24
[完成] 依赖分析：/Users/zhiboc/repos/yuyan-worktrees/基础库-密码公钥核验/库/标准库/操作系统/环境变量。豫 | PID 29249 | 退出 0 | 运行 23/24 | 已完成 11
[启动] dependency-analysis：/Users/zhiboc/repos/yuyan-worktrees/基础库-密码公钥核验/库/标准库/网络/超文本传输协议。豫 | 运行 24/24
[完成] 依赖分析：/Users/zhiboc/repos/yuyan-worktrees/基础库-密码公钥核验/库/标准库/数学运算/转换。豫 | PID 29249 | 退出 0 | 运行 23/24 | 已完成 12
[启动] dependency-analysis：/Users/zhiboc/repos/yuyan-worktrees/基础库-密码公钥核验/库/标准库/数据结构/多态列。豫 | 运行 24/24
[完成] 依赖分析：/Users/zhiboc/repos/yuyan-worktrees/基础库-密码公钥核验/库/标准库/数学运算/具体列。豫 | PID 29249 | 退出 0 | 运行 23/24 | 已完成 13
[启动] dependency-analysis：/Users/zhiboc/repos/yuyan-worktrees/基础库-密码公钥核验/库/标准库/数据结构/多态列工具。豫 | 运行 24/24
[完成] 依赖分析：/Users/zhiboc/repos/yuyan-worktrees/基础库-密码公钥核验/库/标准库/数学运算/随机。豫 | PID 29249 | 退出 0 | 运行 23/24 | 已完成 14
[启动] dependency-analysis：/Users/zhiboc/repos/yuyan-worktrees/基础库-密码公钥核验/库/标准库/数据结构/字符串术。豫 | 运行 24/24
[完成] 依赖分析：/Users/zhiboc/repos/yuyan-worktrees/基础库-密码公钥核验/库/标准库/数学运算/大小。豫 | PID 29249 | 退出 0 | 运行 23/24 | 已完成 15
[启动] dependency-analysis：/Users/zhiboc/repos/yuyan-worktrees/基础库-密码公钥核验/库/标准库/数据结构/爻术。豫 | 运行 24/24
[完成] 依赖分析：/Users/zhiboc/repos/yuyan-worktrees/基础库-密码公钥核验/库/标准库/数学运算/数组转换。豫 | PID 29249 | 退出 0 | 运行 23/24 | 已完成 16
[启动] dependency-analysis：/Users/zhiboc/repos/yuyan-worktrees/基础库-密码公钥核验/库/标准库/数据结构/小数术。豫 | 运行 24/24
[完成] 依赖分析：/Users/zhiboc/repos/yuyan-worktrees/基础库-密码公钥核验/库/标准库/输入输出/笔。豫 | PID 29249 | 退出 0 | 运行 23/24 | 已完成 17
[启动] dependency-analysis：/Users/zhiboc/repos/yuyan-worktrees/基础库-密码公钥核验/库/标准库/数据结构/可选值。豫 | 运行 24/24
[完成] 依赖分析：/Users/zhiboc/repos/yuyan-worktrees/基础库-密码公钥核验/库/标准库/语言核心/内建类型。豫 | PID 29249 | 退出 0 | 运行 23/24 | 已完成 18
[启动] dependency-analysis：/Users/zhiboc/repos/yuyan-worktrees/基础库-密码公钥核验/库/标准库/数据结构/字典术。豫 | 运行 24/24
[完成] 依赖分析：/Users/zhiboc/repos/yuyan-worktrees/基础库-密码公钥核验/库/标准库/语言核心/异常。豫 | PID 29249 | 退出 0 | 运行 23/24 | 已完成 19
[启动] dependency-analysis：/Users/zhiboc/repos/yuyan-worktrees/基础库-密码公钥核验/库/标准库/控制/惰性求值。豫 | 运行 24/24
[完成] 依赖分析：/Users/zhiboc/repos/yuyan-worktrees/基础库-密码公钥核验/库/标准库/语言核心/引用。豫 | PID 29249 | 退出 0 | 运行 23/24 | 已完成 20
[启动] dependency-analysis：/Users/zhiboc/repos/yuyan-worktrees/基础库-密码公钥核验/库/标准库/宿主。接口。豫 | 运行 24/24
[完成] 依赖分析：/Users/zhiboc/repos/yuyan-worktrees/基础库-密码公钥核验/库/标准库/网络/传输控制协议。豫 | PID 29249 | 退出 0 | 运行 23/24 | 已完成 21
[启动] dependency-analysis：/Users/zhiboc/repos/yuyan-worktrees/基础库-密码公钥核验/库/标准库/语言核心/原语。内建。豫 | 运行 24/24
[完成] 依赖分析：/Users/zhiboc/repos/yuyan-worktrees/基础库-密码公钥核验/库/标准库/数据结构/多态列。豫 | PID 29249 | 退出 0 | 运行 23/24 | 已完成 22
[启动] dependency-analysis：/Users/zhiboc/repos/yuyan-worktrees/基础库-密码公钥核验/库/标准库/数据结构/小数操作。豫 | 运行 24/24
[完成] 依赖分析：/Users/zhiboc/repos/yuyan-worktrees/基础库-密码公钥核验/库/标准库/数据结构/小数术。豫 | PID 29249 | 退出 0 | 运行 23/24 | 已完成 23
[启动] dependency-analysis：/Users/zhiboc/repos/yuyan-worktrees/基础库-密码公钥核验/库/标准库/数据结构/字节串。豫 | 运行 24/24
[完成] 依赖分析：/Users/zhiboc/repos/yuyan-worktrees/基础库-密码公钥核验/库/标准库/操作系统/进程。豫 | PID 29249 | 退出 0 | 运行 23/24 | 已完成 24
[启动] parse：/Users/zhiboc/repos/yuyan-worktrees/基础库-密码公钥核验/库/标准库/语言核心/内建类型。豫 | 运行 24/24
[完成] 依赖分析：/Users/zhiboc/repos/yuyan-worktrees/基础库-密码公钥核验/库/标准库/操作系统/文件系统。豫 | PID 29249 | 退出 0 | 运行 23/24 | 已完成 25
[启动] dependency-analysis：/Users/zhiboc/repos/yuyan-worktrees/基础库-密码公钥核验/库/标准库/宿主带列。接口。豫 | 运行 24/24
[完成] 依赖分析：/Users/zhiboc/repos/yuyan-worktrees/基础库-密码公钥核验/库/标准库/操作系统/命令行参数。豫 | PID 29249 | 退出 0 | 运行 23/24 | 已完成 26
[完成] 依赖分析：/Users/zhiboc/repos/yuyan-worktrees/基础库-密码公钥核验/库/标准库/操作系统/子进程。豫 | PID 29249 | 退出 0 | 运行 22/24 | 已完成 27
[完成] 依赖分析：/Users/zhiboc/repos/yuyan-worktrees/基础库-密码公钥核验/库/标准库/数据结构。豫 | PID 29249 | 退出 0 | 运行 21/24 | 已完成 28
[启动] dependency-analysis：/Users/zhiboc/repos/yuyan-worktrees/基础库-密码公钥核验/库/标准库/数据结构/字符流术。豫 | 运行 22/24
[启动] dependency-analysis：/Users/zhiboc/repos/yuyan-worktrees/基础库-密码公钥核验/库/标准库/数据结构/特殊字符。豫 | 运行 23/24
[启动] dependency-analysis：/Users/zhiboc/repos/yuyan-worktrees/基础库-密码公钥核验/库/标准库/数据结构/对子术。豫 | 运行 24/24
[完成] 依赖分析：/Users/zhiboc/repos/yuyan-worktrees/基础库-密码公钥核验/库/标准库/控制。豫 | PID 29249 | 退出 0 | 运行 23/24 | 已完成 29
[启动] dependency-analysis：/Users/zhiboc/repos/yuyan-worktrees/基础库-密码公钥核验/库/标准库/数据结构/列表搜索。豫 | 运行 24/24
[完成] 依赖分析：/Users/zhiboc/repos/yuyan-worktrees/基础库-密码公钥核验/库/基础库/密码与安全/密码/字节。豫 | PID 29249 | 退出 0 | 运行 23/24 | 已完成 30
[启动] dependency-analysis：/Users/zhiboc/repos/yuyan-worktrees/基础库-密码公钥核验/库/标准库/数据结构/函数操作。豫 | 运行 24/24
[完成] 依赖分析：/Users/zhiboc/repos/yuyan-worktrees/基础库-密码公钥核验/库/标准库/数据结构/整数操作。豫 | PID 29249 | 退出 0 | 运行 23/24 | 已完成 31
[启动] dependency-analysis：/Users/zhiboc/repos/yuyan-worktrees/基础库-密码公钥核验/库/标准库/数据结构/字节缓冲。豫 | 运行 24/24
[完成] 语法解析：/Users/zhiboc/repos/yuyan-worktrees/基础库-密码公钥核验/库/标准库/语言核心/内建类型。豫 | PID 29249 | 退出 0 | 运行 23/24 | 已完成 32
[启动] dependency-analysis：/Users/zhiboc/repos/yuyan-worktrees/基础库-密码公钥核验/库/标准库/控制/异步。豫 | 运行 24/24
[完成] 依赖分析：/Users/zhiboc/repos/yuyan-worktrees/基础库-密码公钥核验/库/标准库/数据结构/函数操作。豫 | PID 29249 | 退出 0 | 运行 23/24 | 已完成 33
[启动] parse：/Users/zhiboc/repos/yuyan-worktrees/基础库-密码公钥核验/库/标准库/数学运算/大小。豫 | 运行 24/24
[完成] 依赖分析：/Users/zhiboc/repos/yuyan-worktrees/基础库-密码公钥核验/库/标准库/控制/异步。豫 | PID 29249 | 退出 0 | 运行 23/24 | 已完成 34
[启动] parse：/Users/zhiboc/repos/yuyan-worktrees/基础库-密码公钥核验/库/标准库/数据结构/函数操作。豫 | 运行 24/24
[完成] 依赖分析：/Users/zhiboc/repos/yuyan-worktrees/基础库-密码公钥核验/库/标准库/数据结构/列表搜索。豫 | PID 29249 | 退出 0 | 运行 23/24 | 已完成 35
[启动] type-check-and-erase：/Users/zhiboc/repos/yuyan-worktrees/基础库-密码公钥核验/库/标准库/语言核心/内建类型。豫 | 运行 24/24
[完成] 依赖分析：/Users/zhiboc/repos/yuyan-worktrees/基础库-密码公钥核验/库/标准库/数据结构/对子术。豫 | PID 29249 | 退出 0 | 运行 23/24 | 已完成 36
[完成] 依赖分析：/Users/zhiboc/repos/yuyan-worktrees/基础库-密码公钥核验/库/标准库/数据结构/字符流术。豫 | PID 29249 | 退出 0 | 运行 22/24 | 已完成 37
[完成] 依赖分析：/Users/zhiboc/repos/yuyan-worktrees/基础库-密码公钥核验/库/标准库/宿主带列。接口。豫 | PID 29249 | 退出 0 | 运行 21/24 | 已完成 38
[完成] 依赖分析：/Users/zhiboc/repos/yuyan-worktrees/基础库-密码公钥核验/库/标准库/数据结构/字节串。豫 | PID 29249 | 退出 0 | 运行 20/24 | 已完成 39
[完成] 依赖分析：/Users/zhiboc/repos/yuyan-worktrees/基础库-密码公钥核验/库/标准库/数据结构/小数操作。豫 | PID 29249 | 退出 0 | 运行 19/24 | 已完成 40
[完成] 依赖分析：/Users/zhiboc/repos/yuyan-worktrees/基础库-密码公钥核验/库/标准库/语言核心/原语。内建。豫 | PID 29249 | 退出 0 | 运行 18/24 | 已完成 41
[启动] parse：/Users/zhiboc/repos/yuyan-worktrees/基础库-密码公钥核验/库/标准库/语言核心/原语。内建。豫 | 运行 19/24
[完成] 依赖分析：/Users/zhiboc/repos/yuyan-worktrees/基础库-密码公钥核验/库/标准库/数据结构/字典术。豫 | PID 29249 | 退出 0 | 运行 18/24 | 已完成 42
[完成] 依赖分析：/Users/zhiboc/repos/yuyan-worktrees/基础库-密码公钥核验/库/标准库/数据结构/爻术。豫 | PID 29249 | 退出 0 | 运行 17/24 | 已完成 43
[启动] parse：/Users/zhiboc/repos/yuyan-worktrees/基础库-密码公钥核验/库/标准库/数据结构/爻术。豫 | 运行 18/24
[完成] 依赖分析：/Users/zhiboc/repos/yuyan-worktrees/基础库-密码公钥核验/库/标准库/数据结构/字符串术。豫 | PID 29249 | 退出 0 | 运行 17/24 | 已完成 44
[完成] 依赖分析：/Users/zhiboc/repos/yuyan-worktrees/基础库-密码公钥核验/库/标准库/网络/超文本传输协议。豫 | PID 29249 | 退出 0 | 运行 16/24 | 已完成 45
[完成] 依赖分析：/Users/zhiboc/repos/yuyan-worktrees/基础库-密码公钥核验/库/标准库/语言核心/异步原语。豫 | PID 29249 | 退出 0 | 运行 15/24 | 已完成 46
[完成] 依赖分析：/Users/zhiboc/repos/yuyan-worktrees/基础库-密码公钥核验/库/标准库/操作系统/时间。豫 | PID 29249 | 退出 0 | 运行 14/24 | 已完成 47
[完成] 语法解析：/Users/zhiboc/repos/yuyan-worktrees/基础库-密码公钥核验/库/标准库/数据结构/函数操作。豫 | PID 29249 | 退出 0 | 运行 13/24 | 已完成 48
[启动] type-check-and-erase：/Users/zhiboc/repos/yuyan-worktrees/基础库-密码公钥核验/库/标准库/数据结构/函数操作。豫 | 运行 14/24
[完成] 语法解析：/Users/zhiboc/repos/yuyan-worktrees/基础库-密码公钥核验/库/标准库/数学运算/大小。豫 | PID 29249 | 退出 0 | 运行 13/24 | 已完成 49
[完成] 依赖分析：/Users/zhiboc/repos/yuyan-worktrees/基础库-密码公钥核验/库/标准库/数据结构/字节缓冲。豫 | PID 29249 | 退出 0 | 运行 12/24 | 已完成 50
[完成] 依赖分析：/Users/zhiboc/repos/yuyan-worktrees/基础库-密码公钥核验/库/标准库/控制/惰性求值。豫 | PID 29249 | 退出 0 | 运行 11/24 | 已完成 51
[启动] parse：/Users/zhiboc/repos/yuyan-worktrees/基础库-密码公钥核验/库/标准库/控制/惰性求值。豫 | 运行 12/24
[完成] 依赖分析：/Users/zhiboc/repos/yuyan-worktrees/基础库-密码公钥核验/库/标准库/数据结构/多态列工具。豫 | PID 29249 | 退出 0 | 运行 11/24 | 已完成 52
[完成] 依赖分析：/Users/zhiboc/repos/yuyan-worktrees/基础库-密码公钥核验/库/标准库/网络/异步传输控制协议。豫 | PID 29249 | 退出 0 | 运行 10/24 | 已完成 53
[完成] 依赖分析：/Users/zhiboc/repos/yuyan-worktrees/基础库-密码公钥核验/库/标准库/宿主。接口。豫 | PID 29249 | 退出 0 | 运行 9/24 | 已完成 54
[完成] 类型检查：/Users/zhiboc/repos/yuyan-worktrees/基础库-密码公钥核验/库/标准库/数据结构/函数操作。豫 | PID 29249 | 退出 0 | 运行 8/24 | 已完成 55
[完成] 语法解析：/Users/zhiboc/repos/yuyan-worktrees/基础库-密码公钥核验/库/标准库/控制/惰性求值。豫 | PID 29249 | 退出 0 | 运行 7/24 | 已完成 56
[完成] 依赖分析：/Users/zhiboc/repos/yuyan-worktrees/基础库-密码公钥核验/库/标准库/数据结构/特殊字符。豫 | PID 29249 | 退出 0 | 运行 6/24 | 已完成 57
[完成] 类型检查：/Users/zhiboc/repos/yuyan-worktrees/基础库-密码公钥核验/库/标准库/语言核心/内建类型。豫 | PID 29249 | 退出 0 | 运行 5/24 | 已完成 58
[启动] type-check-and-erase：/Users/zhiboc/repos/yuyan-worktrees/基础库-密码公钥核验/库/标准库/数学运算/大小。豫 | 运行 6/24
[启动] type-check-and-erase：/Users/zhiboc/repos/yuyan-worktrees/基础库-密码公钥核验/库/标准库/控制/惰性求值。豫 | 运行 7/24
[完成] 依赖分析：/Users/zhiboc/repos/yuyan-worktrees/基础库-密码公钥核验/库/标准库/语言核心/续延。豫 | PID 29249 | 退出 0 | 运行 6/24 | 已完成 59
[启动] parse：/Users/zhiboc/repos/yuyan-worktrees/基础库-密码公钥核验/库/标准库/语言核心/续延。豫 | 运行 7/24
[完成] 语法解析：/Users/zhiboc/repos/yuyan-worktrees/基础库-密码公钥核验/库/标准库/语言核心/续延。豫 | PID 29249 | 退出 0 | 运行 6/24 | 已完成 60
[启动] type-check-and-erase：/Users/zhiboc/repos/yuyan-worktrees/基础库-密码公钥核验/库/标准库/语言核心/续延。豫 | 运行 7/24
[完成] 类型检查：/Users/zhiboc/repos/yuyan-worktrees/基础库-密码公钥核验/库/标准库/数学运算/大小。豫 | PID 29249 | 退出 0 | 运行 6/24 | 已完成 61
[完成] 依赖分析：/Users/zhiboc/repos/yuyan-worktrees/基础库-密码公钥核验/库/标准库/语言核心/不安全。豫 | PID 29249 | 退出 0 | 运行 5/24 | 已完成 62
[完成] 语法解析：/Users/zhiboc/repos/yuyan-worktrees/基础库-密码公钥核验/库/标准库/数据结构/爻术。豫 | PID 29249 | 退出 0 | 运行 4/24 | 已完成 63
[启动] type-check-and-erase：/Users/zhiboc/repos/yuyan-worktrees/基础库-密码公钥核验/库/标准库/数据结构/爻术。豫 | 运行 5/24
[完成] 类型检查：/Users/zhiboc/repos/yuyan-worktrees/基础库-密码公钥核验/库/标准库/语言核心/续延。豫 | PID 29249 | 退出 0 | 运行 4/24 | 已完成 64
[完成] 依赖分析：/Users/zhiboc/repos/yuyan-worktrees/基础库-密码公钥核验/库/标准库/数据结构/可选值。豫 | PID 29249 | 退出 0 | 运行 3/24 | 已完成 65
[完成] 类型检查：/Users/zhiboc/repos/yuyan-worktrees/基础库-密码公钥核验/库/标准库/数据结构/爻术。豫 | PID 29249 | 退出 0 | 运行 2/24 | 已完成 66
[完成] 语法解析：/Users/zhiboc/repos/yuyan-worktrees/基础库-密码公钥核验/库/标准库/语言核心/原语。内建。豫 | PID 29249 | 退出 0 | 运行 1/24 | 已完成 67
[启动] parse：/Users/zhiboc/repos/yuyan-worktrees/基础库-密码公钥核验/库/标准库/数学运算/转换。豫 | 运行 2/24
[启动] parse：/Users/zhiboc/repos/yuyan-worktrees/基础库-密码公钥核验/库/标准库/语言核心/引用。豫 | 运行 3/24
[启动] parse：/Users/zhiboc/repos/yuyan-worktrees/基础库-密码公钥核验/库/标准库/数据结构/小数术。豫 | 运行 4/24
[启动] parse：/Users/zhiboc/repos/yuyan-worktrees/基础库-密码公钥核验/库/标准库/数据结构/整数操作。豫 | 运行 5/24
[启动] parse：/Users/zhiboc/repos/yuyan-worktrees/基础库-密码公钥核验/库/标准库/数据结构/字节串。豫 | 运行 6/24
[启动] parse：/Users/zhiboc/repos/yuyan-worktrees/基础库-密码公钥核验/库/标准库/语言核心/异步原语。豫 | 运行 7/24
[启动] parse：/Users/zhiboc/repos/yuyan-worktrees/基础库-密码公钥核验/库/标准库/语言核心/不安全。豫 | 运行 8/24
[启动] type-check-and-erase：/Users/zhiboc/repos/yuyan-worktrees/基础库-密码公钥核验/库/标准库/语言核心/原语。内建。豫 | 运行 9/24
[完成] 语法解析：/Users/zhiboc/repos/yuyan-worktrees/基础库-密码公钥核验/库/标准库/数学运算/转换。豫 | PID 29249 | 退出 0 | 运行 8/24 | 已完成 68
[完成] 语法解析：/Users/zhiboc/repos/yuyan-worktrees/基础库-密码公钥核验/库/标准库/数据结构/小数术。豫 | PID 29249 | 退出 0 | 运行 7/24 | 已完成 69
[完成] 类型检查：/Users/zhiboc/repos/yuyan-worktrees/基础库-密码公钥核验/库/标准库/控制/惰性求值。豫 | PID 29249 | 退出 0 | 运行 6/24 | 已完成 70
[完成] 语法解析：/Users/zhiboc/repos/yuyan-worktrees/基础库-密码公钥核验/库/标准库/数据结构/字节串。豫 | PID 29249 | 退出 0 | 运行 5/24 | 已完成 71
[启动] parse：/Users/zhiboc/repos/yuyan-worktrees/基础库-密码公钥核验/库/标准库/数据结构/字节缓冲。豫 | 运行 6/24
[启动] parse：/Users/zhiboc/repos/yuyan-worktrees/基础库-密码公钥核验/库/标准库/宿主。接口。豫 | 运行 7/24
[完成] 语法解析：/Users/zhiboc/repos/yuyan-worktrees/基础库-密码公钥核验/库/标准库/语言核心/不安全。豫 | PID 29249 | 退出 0 | 运行 6/24 | 已完成 72
[完成] 语法解析：/Users/zhiboc/repos/yuyan-worktrees/基础库-密码公钥核验/库/标准库/宿主。接口。豫 | PID 29249 | 退出 0 | 运行 5/24 | 已完成 73
[启动] parse：/Users/zhiboc/repos/yuyan-worktrees/基础库-密码公钥核验/库/标准库/操作系统/系统名称。豫 | 运行 6/24
[启动] parse：/Users/zhiboc/repos/yuyan-worktrees/基础库-密码公钥核验/库/标准库/操作系统/环境变量。豫 | 运行 7/24
[启动] parse：/Users/zhiboc/repos/yuyan-worktrees/基础库-密码公钥核验/库/标准库/数学运算/随机。豫 | 运行 8/24
[启动] parse：/Users/zhiboc/repos/yuyan-worktrees/基础库-密码公钥核验/库/标准库/输入输出/笔。豫 | 运行 9/24
[启动] parse：/Users/zhiboc/repos/yuyan-worktrees/基础库-密码公钥核验/库/标准库/语言核心/异常。豫 | 运行 10/24
[启动] parse：/Users/zhiboc/repos/yuyan-worktrees/基础库-密码公钥核验/库/标准库/操作系统/进程。豫 | 运行 11/24
[启动] parse：/Users/zhiboc/repos/yuyan-worktrees/基础库-密码公钥核验/库/标准库/数据结构/小数操作。豫 | 运行 12/24
[完成] 语法解析：/Users/zhiboc/repos/yuyan-worktrees/基础库-密码公钥核验/库/标准库/操作系统/系统名称。豫 | PID 29249 | 退出 0 | 运行 11/24 | 已完成 74
[完成] 语法解析：/Users/zhiboc/repos/yuyan-worktrees/基础库-密码公钥核验/库/标准库/数学运算/随机。豫 | PID 29249 | 退出 0 | 运行 10/24 | 已完成 75
[完成] 语法解析：/Users/zhiboc/repos/yuyan-worktrees/基础库-密码公钥核验/库/标准库/操作系统/环境变量。豫 | PID 29249 | 退出 0 | 运行 9/24 | 已完成 76
[完成] 语法解析：/Users/zhiboc/repos/yuyan-worktrees/基础库-密码公钥核验/库/标准库/数据结构/整数操作。豫 | PID 29249 | 退出 0 | 运行 8/24 | 已完成 77
[启动] parse：/Users/zhiboc/repos/yuyan-worktrees/基础库-密码公钥核验/库/标准库/网络/传输控制协议。豫 | 运行 9/24
[完成] 语法解析：/Users/zhiboc/repos/yuyan-worktrees/基础库-密码公钥核验/库/标准库/语言核心/异常。豫 | PID 29249 | 退出 0 | 运行 8/24 | 已完成 78
[启动] parse：/Users/zhiboc/repos/yuyan-worktrees/基础库-密码公钥核验/库/标准库/数据结构/可选值。豫 | 运行 9/24
[完成] 语法解析：/Users/zhiboc/repos/yuyan-worktrees/基础库-密码公钥核验/库/标准库/输入输出/笔。豫 | PID 29249 | 退出 0 | 运行 8/24 | 已完成 79
[启动] parse：/Users/zhiboc/repos/yuyan-worktrees/基础库-密码公钥核验/库/标准库/输入输出。豫 | 运行 9/24
[完成] 语法解析：/Users/zhiboc/repos/yuyan-worktrees/基础库-密码公钥核验/库/标准库/数据结构/小数操作。豫 | PID 29249 | 退出 0 | 运行 8/24 | 已完成 80
[启动] parse：/Users/zhiboc/repos/yuyan-worktrees/基础库-密码公钥核验/库/标准库/操作系统/时间。豫 | 运行 9/24
[完成] 语法解析：/Users/zhiboc/repos/yuyan-worktrees/基础库-密码公钥核验/库/标准库/操作系统/进程。豫 | PID 29249 | 退出 0 | 运行 8/24 | 已完成 81
[完成] 语法解析：/Users/zhiboc/repos/yuyan-worktrees/基础库-密码公钥核验/库/标准库/语言核心/引用。豫 | PID 29249 | 退出 0 | 运行 7/24 | 已完成 82
[完成] 语法解析：/Users/zhiboc/repos/yuyan-worktrees/基础库-密码公钥核验/库/标准库/网络/传输控制协议。豫 | PID 29249 | 退出 0 | 运行 6/24 | 已完成 83
[完成] 语法解析：/Users/zhiboc/repos/yuyan-worktrees/基础库-密码公钥核验/库/标准库/数据结构/可选值。豫 | PID 29249 | 退出 0 | 运行 5/24 | 已完成 84
[启动] parse：/Users/zhiboc/repos/yuyan-worktrees/基础库-密码公钥核验/库/标准库/数据结构/多态列。豫 | 运行 6/24
[完成] 语法解析：/Users/zhiboc/repos/yuyan-worktrees/基础库-密码公钥核验/库/标准库/输入输出。豫 | PID 29249 | 退出 0 | 运行 5/24 | 已完成 85
[完成] 语法解析：/Users/zhiboc/repos/yuyan-worktrees/基础库-密码公钥核验/库/标准库/操作系统/时间。豫 | PID 29249 | 退出 0 | 运行 4/24 | 已完成 86
[完成] 语法解析：/Users/zhiboc/repos/yuyan-worktrees/基础库-密码公钥核验/库/标准库/数据结构/字节缓冲。豫 | PID 29249 | 退出 0 | 运行 3/24 | 已完成 87
[完成] 语法解析：/Users/zhiboc/repos/yuyan-worktrees/基础库-密码公钥核验/库/标准库/数据结构/多态列。豫 | PID 29249 | 退出 0 | 运行 2/24 | 已完成 88
[启动] parse：/Users/zhiboc/repos/yuyan-worktrees/基础库-密码公钥核验/库/标准库/数学运算/具体列。豫 | 运行 3/24
[启动] parse：/Users/zhiboc/repos/yuyan-worktrees/基础库-密码公钥核验/库/标准库/数学运算/数组转换。豫 | 运行 4/24
[启动] parse：/Users/zhiboc/repos/yuyan-worktrees/基础库-密码公钥核验/库/标准库/宿主带列。接口。豫 | 运行 5/24
[启动] parse：/Users/zhiboc/repos/yuyan-worktrees/基础库-密码公钥核验/库/标准库/数据结构/多态列工具。豫 | 运行 6/24
[完成] 语法解析：/Users/zhiboc/repos/yuyan-worktrees/基础库-密码公钥核验/库/标准库/数学运算/数组转换。豫 | PID 29249 | 退出 0 | 运行 5/24 | 已完成 89
[启动] parse：/Users/zhiboc/repos/yuyan-worktrees/基础库-密码公钥核验/库/标准库/数据结构/字符流术。豫 | 运行 6/24
[完成] 类型检查：/Users/zhiboc/repos/yuyan-worktrees/基础库-密码公钥核验/库/标准库/语言核心/原语。内建。豫 | PID 29249 | 退出 0 | 运行 5/24 | 已完成 90
[启动] type-check-and-erase：/Users/zhiboc/repos/yuyan-worktrees/基础库-密码公钥核验/库/标准库/数学运算/转换。豫 | 运行 6/24
[启动] type-check-and-erase：/Users/zhiboc/repos/yuyan-worktrees/基础库-密码公钥核验/库/标准库/语言核心/引用。豫 | 运行 7/24
[启动] type-check-and-erase：/Users/zhiboc/repos/yuyan-worktrees/基础库-密码公钥核验/库/标准库/数据结构/小数术。豫 | 运行 8/24
[启动] type-check-and-erase：/Users/zhiboc/repos/yuyan-worktrees/基础库-密码公钥核验/库/标准库/数据结构/整数操作。豫 | 运行 9/24
[启动] type-check-and-erase：/Users/zhiboc/repos/yuyan-worktrees/基础库-密码公钥核验/库/标准库/数据结构/字节串。豫 | 运行 10/24
[启动] type-check-and-erase：/Users/zhiboc/repos/yuyan-worktrees/基础库-密码公钥核验/库/标准库/语言核心/不安全。豫 | 运行 11/24
[完成] 语法解析：/Users/zhiboc/repos/yuyan-worktrees/基础库-密码公钥核验/库/标准库/数学运算/具体列。豫 | PID 29249 | 退出 0 | 运行 10/24 | 已完成 91
[启动] parse：/Users/zhiboc/repos/yuyan-worktrees/基础库-密码公钥核验/库/标准库/数学运算。豫 | 运行 11/24
[完成] 类型检查：/Users/zhiboc/repos/yuyan-worktrees/基础库-密码公钥核验/库/标准库/数学运算/转换。豫 | PID 29249 | 退出 0 | 运行 10/24 | 已完成 92
[完成] 语法解析：/Users/zhiboc/repos/yuyan-worktrees/基础库-密码公钥核验/库/标准库/数据结构/多态列工具。豫 | PID 29249 | 退出 0 | 运行 9/24 | 已完成 93
[启动] parse：/Users/zhiboc/repos/yuyan-worktrees/基础库-密码公钥核验/库/标准库/数据结构/字符串术。豫 | 运行 10/24
[完成] 语法解析：/Users/zhiboc/repos/yuyan-worktrees/基础库-密码公钥核验/库/标准库/数据结构/字符流术。豫 | PID 29249 | 退出 0 | 运行 9/24 | 已完成 94
[完成] 语法解析：/Users/zhiboc/repos/yuyan-worktrees/基础库-密码公钥核验/库/标准库/语言核心/异步原语。豫 | PID 29249 | 退出 0 | 运行 8/24 | 已完成 95
[启动] parse：/Users/zhiboc/repos/yuyan-worktrees/基础库-密码公钥核验/库/标准库/语言核心。豫 | 运行 9/24
[启动] type-check-and-erase：/Users/zhiboc/repos/yuyan-worktrees/基础库-密码公钥核验/库/标准库/语言核心/异步原语。豫 | 运行 10/24
[完成] 类型检查：/Users/zhiboc/repos/yuyan-worktrees/基础库-密码公钥核验/库/标准库/数据结构/小数术。豫 | PID 29249 | 退出 0 | 运行 9/24 | 已完成 96
[完成] 语法解析：/Users/zhiboc/repos/yuyan-worktrees/基础库-密码公钥核验/库/标准库/宿主带列。接口。豫 | PID 29249 | 退出 0 | 运行 8/24 | 已完成 97
[启动] parse：/Users/zhiboc/repos/yuyan-worktrees/基础库-密码公钥核验/库/标准库/操作系统/文件系统。豫 | 运行 9/24
[启动] parse：/Users/zhiboc/repos/yuyan-worktrees/基础库-密码公钥核验/库/标准库/操作系统/命令行参数。豫 | 运行 10/24
[启动] parse：/Users/zhiboc/repos/yuyan-worktrees/基础库-密码公钥核验/库/标准库/控制/异步。豫 | 运行 11/24
[完成] 类型检查：/Users/zhiboc/repos/yuyan-worktrees/基础库-密码公钥核验/库/标准库/语言核心/不安全。豫 | PID 29249 | 退出 0 | 运行 10/24 | 已完成 98
[完成] 语法解析：/Users/zhiboc/repos/yuyan-worktrees/基础库-密码公钥核验/库/标准库/语言核心。豫 | PID 29249 | 退出 0 | 运行 9/24 | 已完成 99
[完成] 语法解析：/Users/zhiboc/repos/yuyan-worktrees/基础库-密码公钥核验/库/标准库/数学运算。豫 | PID 29249 | 退出 0 | 运行 8/24 | 已完成 100
[完成] 类型检查：/Users/zhiboc/repos/yuyan-worktrees/基础库-密码公钥核验/库/标准库/语言核心/异步原语。豫 | PID 29249 | 退出 0 | 运行 7/24 | 已完成 101
[完成] 语法解析：/Users/zhiboc/repos/yuyan-worktrees/基础库-密码公钥核验/库/标准库/操作系统/命令行参数。豫 | PID 29249 | 退出 0 | 运行 6/24 | 已完成 102
[完成] 语法解析：/Users/zhiboc/repos/yuyan-worktrees/基础库-密码公钥核验/库/标准库/操作系统/文件系统。豫 | PID 29249 | 退出 0 | 运行 5/24 | 已完成 103
[完成] 语法解析：/Users/zhiboc/repos/yuyan-worktrees/基础库-密码公钥核验/库/标准库/控制/异步。豫 | PID 29249 | 退出 0 | 运行 4/24 | 已完成 104
[启动] parse：/Users/zhiboc/repos/yuyan-worktrees/基础库-密码公钥核验/库/标准库/控制。豫 | 运行 5/24
[启动] parse：/Users/zhiboc/repos/yuyan-worktrees/基础库-密码公钥核验/库/标准库/网络/异步传输控制协议。豫 | 运行 6/24
[完成] 语法解析：/Users/zhiboc/repos/yuyan-worktrees/基础库-密码公钥核验/库/标准库/网络/异步传输控制协议。豫 | PID 29249 | 退出 0 | 运行 5/24 | 已完成 105
[完成] 语法解析：/Users/zhiboc/repos/yuyan-worktrees/基础库-密码公钥核验/库/标准库/控制。豫 | PID 29249 | 退出 0 | 运行 4/24 | 已完成 106
[完成] 类型检查：/Users/zhiboc/repos/yuyan-worktrees/基础库-密码公钥核验/库/标准库/语言核心/引用。豫 | PID 29249 | 退出 0 | 运行 3/24 | 已完成 107
[完成] 语法解析：/Users/zhiboc/repos/yuyan-worktrees/基础库-密码公钥核验/库/标准库/数据结构/字符串术。豫 | PID 29249 | 退出 0 | 运行 2/24 | 已完成 108
[启动] parse：/Users/zhiboc/repos/yuyan-worktrees/基础库-密码公钥核验/库/标准库/操作系统/子进程。豫 | 运行 3/24
[启动] parse：/Users/zhiboc/repos/yuyan-worktrees/基础库-密码公钥核验/库/标准库/数据结构/对子术。豫 | 运行 4/24
[启动] parse：/Users/zhiboc/repos/yuyan-worktrees/基础库-密码公钥核验/库/标准库/数据结构/特殊字符。豫 | 运行 5/24
[完成] 语法解析：/Users/zhiboc/repos/yuyan-worktrees/基础库-密码公钥核验/库/标准库/操作系统/子进程。豫 | PID 29249 | 退出 0 | 运行 4/24 | 已完成 109
[完成] 语法解析：/Users/zhiboc/repos/yuyan-worktrees/基础库-密码公钥核验/库/标准库/数据结构/特殊字符。豫 | PID 29249 | 退出 0 | 运行 3/24 | 已完成 110
[启动] parse：/Users/zhiboc/repos/yuyan-worktrees/基础库-密码公钥核验/库/标准库/网络/超文本传输协议。豫 | 运行 4/24
[完成] 类型检查：/Users/zhiboc/repos/yuyan-worktrees/基础库-密码公钥核验/库/标准库/数据结构/字节串。豫 | PID 29249 | 退出 0 | 运行 3/24 | 已完成 111
[启动] type-check-and-erase：/Users/zhiboc/repos/yuyan-worktrees/基础库-密码公钥核验/库/标准库/数据结构/字节缓冲。豫 | 运行 4/24
[启动] type-check-and-erase：/Users/zhiboc/repos/yuyan-worktrees/基础库-密码公钥核验/库/标准库/宿主。接口。豫 | 运行 5/24
[完成] 语法解析：/Users/zhiboc/repos/yuyan-worktrees/基础库-密码公钥核验/库/标准库/网络/超文本传输协议。豫 | PID 29249 | 退出 0 | 运行 4/24 | 已完成 112
[启动] parse：/Users/zhiboc/repos/yuyan-worktrees/基础库-密码公钥核验/库/标准库/网络。豫 | 运行 5/24
[完成] 类型检查：/Users/zhiboc/repos/yuyan-worktrees/基础库-密码公钥核验/库/标准库/数据结构/整数操作。豫 | PID 29249 | 退出 0 | 运行 4/24 | 已完成 113
[完成] 类型检查：/Users/zhiboc/repos/yuyan-worktrees/基础库-密码公钥核验/库/标准库/数据结构/字节缓冲。豫 | PID 29249 | 退出 0 | 运行 3/24 | 已完成 114
[完成] 类型检查：/Users/zhiboc/repos/yuyan-worktrees/基础库-密码公钥核验/库/标准库/宿主。接口。豫 | PID 29249 | 退出 0 | 运行 2/24 | 已完成 115
[启动] type-check-and-erase：/Users/zhiboc/repos/yuyan-worktrees/基础库-密码公钥核验/库/标准库/操作系统/系统名称。豫 | 运行 3/24
[启动] type-check-and-erase：/Users/zhiboc/repos/yuyan-worktrees/基础库-密码公钥核验/库/标准库/操作系统/环境变量。豫 | 运行 4/24
[启动] type-check-and-erase：/Users/zhiboc/repos/yuyan-worktrees/基础库-密码公钥核验/库/标准库/数学运算/随机。豫 | 运行 5/24
[启动] type-check-and-erase：/Users/zhiboc/repos/yuyan-worktrees/基础库-密码公钥核验/库/标准库/输入输出/笔。豫 | 运行 6/24
[启动] type-check-and-erase：/Users/zhiboc/repos/yuyan-worktrees/基础库-密码公钥核验/库/标准库/语言核心/异常。豫 | 运行 7/24
[启动] type-check-and-erase：/Users/zhiboc/repos/yuyan-worktrees/基础库-密码公钥核验/库/标准库/网络/传输控制协议。豫 | 运行 8/24
[启动] type-check-and-erase：/Users/zhiboc/repos/yuyan-worktrees/基础库-密码公钥核验/库/标准库/操作系统/进程。豫 | 运行 9/24
[启动] type-check-and-erase：/Users/zhiboc/repos/yuyan-worktrees/基础库-密码公钥核验/库/标准库/数据结构/小数操作。豫 | 运行 10/24
[完成] 语法解析：/Users/zhiboc/repos/yuyan-worktrees/基础库-密码公钥核验/库/标准库/网络。豫 | PID 29249 | 退出 0 | 运行 9/24 | 已完成 116
[完成] 语法解析：/Users/zhiboc/repos/yuyan-worktrees/基础库-密码公钥核验/库/标准库/数据结构/对子术。豫 | PID 29249 | 退出 0 | 运行 8/24 | 已完成 117
[启动] parse：/Users/zhiboc/repos/yuyan-worktrees/基础库-密码公钥核验/库/标准库/数据结构/列表搜索。豫 | 运行 9/24
[完成] 类型检查：/Users/zhiboc/repos/yuyan-worktrees/基础库-密码公钥核验/库/标准库/输入输出/笔。豫 | PID 29249 | 退出 0 | 运行 8/24 | 已完成 118
[启动] type-check-and-erase：/Users/zhiboc/repos/yuyan-worktrees/基础库-密码公钥核验/库/标准库/输入输出。豫 | 运行 9/24
[完成] 类型检查：/Users/zhiboc/repos/yuyan-worktrees/基础库-密码公钥核验/库/标准库/操作系统/环境变量。豫 | PID 29249 | 退出 0 | 运行 8/24 | 已完成 119
[完成] 语法解析：/Users/zhiboc/repos/yuyan-worktrees/基础库-密码公钥核验/库/标准库/数据结构/列表搜索。豫 | PID 29249 | 退出 0 | 运行 7/24 | 已完成 120
[启动] parse：/Users/zhiboc/repos/yuyan-worktrees/基础库-密码公钥核验/库/标准库/数据结构/字典术。豫 | 运行 8/24
[完成] 类型检查：/Users/zhiboc/repos/yuyan-worktrees/基础库-密码公钥核验/库/标准库/操作系统/系统名称。豫 | PID 29249 | 退出 0 | 运行 7/24 | 已完成 121
[完成] 类型检查：/Users/zhiboc/repos/yuyan-worktrees/基础库-密码公钥核验/库/标准库/输入输出。豫 | PID 29249 | 退出 0 | 运行 6/24 | 已完成 122
[完成] 类型检查：/Users/zhiboc/repos/yuyan-worktrees/基础库-密码公钥核验/库/标准库/操作系统/进程。豫 | PID 29249 | 退出 0 | 运行 5/24 | 已完成 123
[完成] 类型检查：/Users/zhiboc/repos/yuyan-worktrees/基础库-密码公钥核验/库/标准库/网络/传输控制协议。豫 | PID 29249 | 退出 0 | 运行 4/24 | 已完成 124
[完成] 类型检查：/Users/zhiboc/repos/yuyan-worktrees/基础库-密码公钥核验/库/标准库/语言核心/异常。豫 | PID 29249 | 退出 0 | 运行 3/24 | 已完成 125
[启动] type-check-and-erase：/Users/zhiboc/repos/yuyan-worktrees/基础库-密码公钥核验/库/标准库/语言核心。豫 | 运行 4/24
[启动] type-check-and-erase：/Users/zhiboc/repos/yuyan-worktrees/基础库-密码公钥核验/库/标准库/数据结构/可选值。豫 | 运行 5/24
[完成] 类型检查：/Users/zhiboc/repos/yuyan-worktrees/基础库-密码公钥核验/库/标准库/数据结构/可选值。豫 | PID 29249 | 退出 0 | 运行 4/24 | 已完成 126
[启动] type-check-and-erase：/Users/zhiboc/repos/yuyan-worktrees/基础库-密码公钥核验/库/标准库/数据结构/多态列。豫 | 运行 5/24
[完成] 类型检查：/Users/zhiboc/repos/yuyan-worktrees/基础库-密码公钥核验/库/标准库/语言核心。豫 | PID 29249 | 退出 0 | 运行 4/24 | 已完成 127
[完成] 类型检查：/Users/zhiboc/repos/yuyan-worktrees/基础库-密码公钥核验/库/标准库/数据结构/小数操作。豫 | PID 29249 | 退出 0 | 运行 3/24 | 已完成 128
[启动] type-check-and-erase：/Users/zhiboc/repos/yuyan-worktrees/基础库-密码公钥核验/库/标准库/操作系统/时间。豫 | 运行 4/24
[完成] 类型检查：/Users/zhiboc/repos/yuyan-worktrees/基础库-密码公钥核验/库/标准库/数据结构/多态列。豫 | PID 29249 | 退出 0 | 运行 3/24 | 已完成 129
[启动] type-check-and-erase：/Users/zhiboc/repos/yuyan-worktrees/基础库-密码公钥核验/库/标准库/数学运算/具体列。豫 | 运行 4/24
[启动] type-check-and-erase：/Users/zhiboc/repos/yuyan-worktrees/基础库-密码公钥核验/库/标准库/数学运算/数组转换。豫 | 运行 5/24
[启动] type-check-and-erase：/Users/zhiboc/repos/yuyan-worktrees/基础库-密码公钥核验/库/标准库/宿主带列。接口。豫 | 运行 6/24
[启动] type-check-and-erase：/Users/zhiboc/repos/yuyan-worktrees/基础库-密码公钥核验/库/标准库/数据结构/多态列工具。豫 | 运行 7/24
[完成] 语法解析：/Users/zhiboc/repos/yuyan-worktrees/基础库-密码公钥核验/库/标准库/数据结构/字典术。豫 | PID 29249 | 退出 0 | 运行 6/24 | 已完成 130
[启动] parse：/Users/zhiboc/repos/yuyan-worktrees/基础库-密码公钥核验/库/标准库/豫言标准内核。豫 | 运行 7/24
[启动] parse：/Users/zhiboc/repos/yuyan-worktrees/基础库-密码公钥核验/库/标准库/数据结构。豫 | 运行 8/24
[完成] 类型检查：/Users/zhiboc/repos/yuyan-worktrees/基础库-密码公钥核验/库/标准库/数学运算/随机。豫 | PID 29249 | 退出 0 | 运行 7/24 | 已完成 131
[完成] 类型检查：/Users/zhiboc/repos/yuyan-worktrees/基础库-密码公钥核验/库/标准库/操作系统/时间。豫 | PID 29249 | 退出 0 | 运行 6/24 | 已完成 132
[完成] 类型检查：/Users/zhiboc/repos/yuyan-worktrees/基础库-密码公钥核验/库/标准库/数学运算/具体列。豫 | PID 29249 | 退出 0 | 运行 5/24 | 已完成 133
[完成] 类型检查：/Users/zhiboc/repos/yuyan-worktrees/基础库-密码公钥核验/库/标准库/宿主带列。接口。豫 | PID 29249 | 退出 0 | 运行 4/24 | 已完成 134
[启动] type-check-and-erase：/Users/zhiboc/repos/yuyan-worktrees/基础库-密码公钥核验/库/标准库/操作系统/文件系统。豫 | 运行 5/24
[启动] type-check-and-erase：/Users/zhiboc/repos/yuyan-worktrees/基础库-密码公钥核验/库/标准库/操作系统/命令行参数。豫 | 运行 6/24
[启动] type-check-and-erase：/Users/zhiboc/repos/yuyan-worktrees/基础库-密码公钥核验/库/标准库/控制/异步。豫 | 运行 7/24
[完成] 语法解析：/Users/zhiboc/repos/yuyan-worktrees/基础库-密码公钥核验/库/标准库/数据结构。豫 | PID 29249 | 退出 0 | 运行 6/24 | 已完成 135
[完成] 类型检查：/Users/zhiboc/repos/yuyan-worktrees/基础库-密码公钥核验/库/标准库/数据结构/多态列工具。豫 | PID 29249 | 退出 0 | 运行 5/24 | 已完成 136
[完成] 类型检查：/Users/zhiboc/repos/yuyan-worktrees/基础库-密码公钥核验/库/标准库/操作系统/文件系统。豫 | PID 29249 | 退出 0 | 运行 4/24 | 已完成 137
[完成] 类型检查：/Users/zhiboc/repos/yuyan-worktrees/基础库-密码公钥核验/库/标准库/操作系统/命令行参数。豫 | PID 29249 | 退出 0 | 运行 3/24 | 已完成 138
[完成] 类型检查：/Users/zhiboc/repos/yuyan-worktrees/基础库-密码公钥核验/库/标准库/数学运算/数组转换。豫 | PID 29249 | 退出 0 | 运行 2/24 | 已完成 139
[启动] type-check-and-erase：/Users/zhiboc/repos/yuyan-worktrees/基础库-密码公钥核验/库/标准库/数学运算。豫 | 运行 3/24
[启动] type-check-and-erase：/Users/zhiboc/repos/yuyan-worktrees/基础库-密码公钥核验/库/标准库/数据结构/字符流术。豫 | 运行 4/24
[启动] type-check-and-erase：/Users/zhiboc/repos/yuyan-worktrees/基础库-密码公钥核验/库/标准库/数据结构/字符串术。豫 | 运行 5/24
[完成] 语法解析：/Users/zhiboc/repos/yuyan-worktrees/基础库-密码公钥核验/库/标准库/豫言标准内核。豫 | PID 29249 | 退出 0 | 运行 4/24 | 已完成 140
[启动] parse：/Users/zhiboc/repos/yuyan-worktrees/基础库-密码公钥核验/库/标准库/操作系统/路径。豫 | 运行 5/24
[完成] 类型检查：/Users/zhiboc/repos/yuyan-worktrees/基础库-密码公钥核验/库/标准库/控制/异步。豫 | PID 29249 | 退出 0 | 运行 4/24 | 已完成 141
[启动] type-check-and-erase：/Users/zhiboc/repos/yuyan-worktrees/基础库-密码公钥核验/库/标准库/控制。豫 | 运行 5/24
[启动] type-check-and-erase：/Users/zhiboc/repos/yuyan-worktrees/基础库-密码公钥核验/库/标准库/网络/异步传输控制协议。豫 | 运行 6/24
[完成] 语法解析：/Users/zhiboc/repos/yuyan-worktrees/基础库-密码公钥核验/库/标准库/操作系统/路径。豫 | PID 29249 | 退出 0 | 运行 5/24 | 已完成 142
[启动] parse：/Users/zhiboc/repos/yuyan-worktrees/基础库-密码公钥核验/库/标准库/操作系统。豫 | 运行 6/24
[完成] 类型检查：/Users/zhiboc/repos/yuyan-worktrees/基础库-密码公钥核验/库/标准库/数学运算。豫 | PID 29249 | 退出 0 | 运行 5/24 | 已完成 143
[完成] 类型检查：/Users/zhiboc/repos/yuyan-worktrees/基础库-密码公钥核验/库/标准库/数据结构/字符流术。豫 | PID 29249 | 退出 0 | 运行 4/24 | 已完成 144
[完成] 类型检查：/Users/zhiboc/repos/yuyan-worktrees/基础库-密码公钥核验/库/标准库/控制。豫 | PID 29249 | 退出 0 | 运行 3/24 | 已完成 145
[完成] 语法解析：/Users/zhiboc/repos/yuyan-worktrees/基础库-密码公钥核验/库/标准库/操作系统。豫 | PID 29249 | 退出 0 | 运行 2/24 | 已完成 146
[启动] parse：/Users/zhiboc/repos/yuyan-worktrees/基础库-密码公钥核验/库/标准库/总集。豫 | 运行 3/24
[完成] 语法解析：/Users/zhiboc/repos/yuyan-worktrees/基础库-密码公钥核验/库/标准库/总集。豫 | PID 29249 | 退出 0 | 运行 2/24 | 已完成 147
[启动] parse：/Users/zhiboc/repos/yuyan-worktrees/基础库-密码公钥核验/库/基础库/密码与安全/密码/字节。豫 | 运行 3/24
[完成] 类型检查：/Users/zhiboc/repos/yuyan-worktrees/基础库-密码公钥核验/库/标准库/数据结构/字符串术。豫 | PID 29249 | 退出 0 | 运行 2/24 | 已完成 148
[启动] type-check-and-erase：/Users/zhiboc/repos/yuyan-worktrees/基础库-密码公钥核验/库/标准库/操作系统/子进程。豫 | 运行 3/24
[启动] type-check-and-erase：/Users/zhiboc/repos/yuyan-worktrees/基础库-密码公钥核验/库/标准库/数据结构/对子术。豫 | 运行 4/24
[启动] type-check-and-erase：/Users/zhiboc/repos/yuyan-worktrees/基础库-密码公钥核验/库/标准库/数据结构/特殊字符。豫 | 运行 5/24
[完成] 语法解析：/Users/zhiboc/repos/yuyan-worktrees/基础库-密码公钥核验/库/基础库/密码与安全/密码/字节。豫 | PID 29249 | 退出 0 | 运行 4/24 | 已完成 149
[启动] parse：/Users/zhiboc/repos/yuyan-worktrees/基础库-密码公钥核验/库/基础库/密码与安全/密码/通用派生。豫 | 运行 5/24
[完成] 类型检查：/Users/zhiboc/repos/yuyan-worktrees/基础库-密码公钥核验/库/标准库/网络/异步传输控制协议。豫 | PID 29249 | 退出 0 | 运行 4/24 | 已完成 150
[完成] 类型检查：/Users/zhiboc/repos/yuyan-worktrees/基础库-密码公钥核验/库/标准库/数据结构/对子术。豫 | PID 29249 | 退出 0 | 运行 3/24 | 已完成 151
[启动] type-check-and-erase：/Users/zhiboc/repos/yuyan-worktrees/基础库-密码公钥核验/库/标准库/数据结构/列表搜索。豫 | 运行 4/24
[完成] 类型检查：/Users/zhiboc/repos/yuyan-worktrees/基础库-密码公钥核验/库/标准库/数据结构/列表搜索。豫 | PID 29249 | 退出 0 | 运行 3/24 | 已完成 152
[启动] type-check-and-erase：/Users/zhiboc/repos/yuyan-worktrees/基础库-密码公钥核验/库/标准库/数据结构/字典术。豫 | 运行 4/24
[完成] 类型检查：/Users/zhiboc/repos/yuyan-worktrees/基础库-密码公钥核验/库/标准库/数据结构/特殊字符。豫 | PID 29249 | 退出 0 | 运行 3/24 | 已完成 153
[启动] type-check-and-erase：/Users/zhiboc/repos/yuyan-worktrees/基础库-密码公钥核验/库/标准库/网络/超文本传输协议。豫 | 运行 4/24
[完成] 语法解析：/Users/zhiboc/repos/yuyan-worktrees/基础库-密码公钥核验/库/基础库/密码与安全/密码/通用派生。豫 | PID 29249 | 退出 0 | 运行 3/24 | 已完成 154
[完成] 类型检查：/Users/zhiboc/repos/yuyan-worktrees/基础库-密码公钥核验/库/标准库/数据结构/字典术。豫 | PID 29249 | 退出 0 | 运行 2/24 | 已完成 155
[启动] type-check-and-erase：/Users/zhiboc/repos/yuyan-worktrees/基础库-密码公钥核验/库/标准库/豫言标准内核。豫 | 运行 3/24
[启动] type-check-and-erase：/Users/zhiboc/repos/yuyan-worktrees/基础库-密码公钥核验/库/标准库/数据结构。豫 | 运行 4/24
[完成] 类型检查：/Users/zhiboc/repos/yuyan-worktrees/基础库-密码公钥核验/库/标准库/网络/超文本传输协议。豫 | PID 29249 | 退出 0 | 运行 3/24 | 已完成 156
[启动] type-check-and-erase：/Users/zhiboc/repos/yuyan-worktrees/基础库-密码公钥核验/库/标准库/网络。豫 | 运行 4/24
[完成] 类型检查：/Users/zhiboc/repos/yuyan-worktrees/基础库-密码公钥核验/库/标准库/网络。豫 | PID 29249 | 退出 0 | 运行 3/24 | 已完成 157
[完成] 类型检查：/Users/zhiboc/repos/yuyan-worktrees/基础库-密码公钥核验/库/标准库/豫言标准内核。豫 | PID 29249 | 退出 0 | 运行 2/24 | 已完成 158
[启动] type-check-and-erase：/Users/zhiboc/repos/yuyan-worktrees/基础库-密码公钥核验/库/标准库/操作系统/路径。豫 | 运行 3/24
[完成] 类型检查：/Users/zhiboc/repos/yuyan-worktrees/基础库-密码公钥核验/库/标准库/操作系统/子进程。豫 | PID 29249 | 退出 0 | 运行 2/24 | 已完成 159
[完成] 类型检查：/Users/zhiboc/repos/yuyan-worktrees/基础库-密码公钥核验/库/标准库/数据结构。豫 | PID 29249 | 退出 0 | 运行 1/24 | 已完成 160
[完成] 类型检查：/Users/zhiboc/repos/yuyan-worktrees/基础库-密码公钥核验/库/标准库/操作系统/路径。豫 | PID 29249 | 退出 0 | 运行 0/24 | 已完成 161
[启动] type-check-and-erase：/Users/zhiboc/repos/yuyan-worktrees/基础库-密码公钥核验/库/标准库/操作系统。豫 | 运行 1/24
[完成] 类型检查：/Users/zhiboc/repos/yuyan-worktrees/基础库-密码公钥核验/库/标准库/操作系统。豫 | PID 29249 | 退出 0 | 运行 0/24 | 已完成 162
[启动] type-check-and-erase：/Users/zhiboc/repos/yuyan-worktrees/基础库-密码公钥核验/库/标准库/总集。豫 | 运行 1/24
[完成] 类型检查：/Users/zhiboc/repos/yuyan-worktrees/基础库-密码公钥核验/库/标准库/总集。豫 | PID 29249 | 退出 0 | 运行 0/24 | 已完成 163
[启动] type-check-and-erase：/Users/zhiboc/repos/yuyan-worktrees/基础库-密码公钥核验/库/基础库/密码与安全/密码/字节。豫 | 运行 1/24
[完成] 类型检查：/Users/zhiboc/repos/yuyan-worktrees/基础库-密码公钥核验/库/基础库/密码与安全/密码/字节。豫 | PID 29249 | 退出 0 | 运行 0/24 | 已完成 164
[启动] type-check-and-erase：/Users/zhiboc/repos/yuyan-worktrees/基础库-密码公钥核验/库/基础库/密码与安全/密码/通用派生。豫 | 运行 1/24
[完成] 类型检查：/Users/zhiboc/repos/yuyan-worktrees/基础库-密码公钥核验/库/基础库/密码与安全/密码/通用派生。豫 | PID 29249 | 退出 0 | 运行 0/24 | 已完成 165
[启动] exec-gen：/Users/zhiboc/repos/yuyan-worktrees/基础库-密码公钥核验/库/基础库/密码与安全/密码/通用派生。豫 | 运行 1/24
[完成] 最终链接：/Users/zhiboc/repos/yuyan-worktrees/基础库-密码公钥核验/库/基础库/密码与安全/密码/通用派生。豫 | PID 29249 | 退出 0 | 运行 0/24 | 已完成 166
[2026-10-08 01:03:04] 当前路径：/Users/zhiboc/repos/yuyan-worktrees/基础库-密码公钥核验/yyRSA验证链

