寻观「标准库」之书。
寻观「编码转换」之「索引查询」之书。

「大五码索引格」乃「引用类」于（「或可有」于「混合数组引用类」）也。
「大五码索引格」者「新引用」授以（「或可有」于「混合数组引用类」）于（「可无」授以「混合数组引用类」）也。

「大五码索引」乃化「有」而「混合数组引用类」也。
「大五码索引」者会「无」而
  「首次解索引」
    于「大五码索引格」
    于
    『942,17392,943,19506,944,17923,945,17830,946,17784,947,160359,948,19831,949,17843,950,162993,951,19682,952,163013,953,15253,954,18230,955,18244,956,19527,957,19520,958,148159,959,144919,960,160594,961,159371,962,159954,963,19543,964,172881,965,18255,966,17882,967,19589,968,162924,969,19719,970,19108,971,18081,972,158499,973,29221,974,154196,975,137827,976,146950,977,147297,978,26189,979,22267,981,32149,982,22813,983,166841,984,15860,985,38708,986,162799,987,23515,988,138590,989,23204,990,13861,991,171696,992,23249,993,23479,994,23804,995,26478,996,34195,997,170309,998,29793,999,29853,1000,14453,1001,138579,1002,145054,1003,155681,1004,16108,1005,153822,1006,15093,1007,31484,1008,40855,1009,147809,1010,166157,1011,143850,1012,133770,1013,143966,1014,17162,1015,33924,1016,40854,1017,37935,1018,18736,1019,34323,1020,22678,1021,38730,1022,37400,1023,31184,1024,31282,1025,26208,1026,27177,1027,34973,1028,29772,1029,31685,1030,26498,1031,31276,1032,21071,1033,36934,1034,13542,1035,29636,1036,155065,1037,29894,1038,40903,1039,22451,1040,18735,1041,21580,1042,16689,1043,145038,1044,22552,1045,31346,1046,162661,1047,35727,1048,18094,1049,159368,1050,16769,1051,155033,1052,31662,1053,140476,1054,40904,1055,140481,1056,140489,1057,140492,1058,40905,1059,34052,1060,144827,1061,16564,1062,40906,1063,17633,1064,175615,1065,25281,1066,28782,1067,40907,1099,12736,1100,12737,1101,12738,1102,12739,1103,12740,1104,131340,1105,12741,1106,131281,1107,131277,1108,12742,1109,12743,1110,131275,1111,139240,1112,12744,1113,131274,1114,12745,1115,12746,1116,12747,1117,12748,1118,131342,1119,12749,1120,12750,1121,256,1122,193,1123,461,1124,192,1125,274,1126,201,1127,282,1128,200,1129,332,1130,211,1131,465,1132,210,1134,7870,1136,7872,1137,202,1138,257,1139,225,1140,462,1141,224,1142,593,1143,275,1144,233,1145,283,1146,232,1147,299,1148,237,1149,464,1150,236,1151,333,1152,243,1153,466,1154,242,1155,363,1156,250,1157,468,1158,249,1159,470,1160,472,1161,474,1162,476,1163,252,1165,7871,1167,7873,1168,234,1169,609,1170,9178,1171,9179,1256,172969,1257,135493,1259,25866,1262,20029,1263,28381,1264,40270,1265,37343,1268,161589,1269,25745,1270,20250,1271,20264,1272,20392,1273,20822,1274,20852,1275,20892,1276,20964,1277,21153,1278,21160,1279,21307,1280,21326,1281,21457,1282,21464,1283,22242,1284,22768,1285,22788,1286,22791,1287,22834,1288,22836,1289,23398,1290,23454,1291,23455,1292,23706,1293,24198,1294,24635,1295,25993,1296,26622,1297,26628,1298,26725,1299,27982,1300,28860,1301,30005,1302,32420,1303,32428,1304,32442,1305,32455,1306,32463,1307,32479,1308,32518,1309,32567,1310,33402,1311,33487,1312,33647,1313,35270,1314,35774,1315,35810,1316,36710,1317,36711,1318,36718,1319,29713,1320,31996,1321,32205,1322,26950,1323,31433,1324,21031,1329,37260,1330,30904,1331,37214,1332,32956,1334,36107,1335,33014,1336,133607,1339,32927,1340,40647,1341,19661,1342,40393,1343,40460,1344,19518,1345,171510,1346,159758,1347,40458,1348,172339,1349,13761,1351,28314,1352,33342,1353,29977,1355,18705,1356,39532,1357,39567,1358,40857,1359,31111,1360,164972,1361,138698,1362,132560,1363,142054,1364,20004,1365,20097,1366,20096,1367,20103,1368,20159,1369,20203,1370,20279,1371,13388,1372,20413,1373,15944,1374,20483,1375,20616,1376,13437,1377,13459,1378,13477,1379,20870,1380,22789,1381,20955,1382,20988,1383,20997,1384,20105,1385,21113,1386,21136,1387,21287,1388,13767,1389,21417,1390,13649,1391,21424,1392,13651,1393,21442,1394,21539,1395,13677,1396,13682,1397,13953,1398,21651,1399,21667,1400,21684,1401,21689,1402,21712,1403,21743,1404,21784,1405,21795,1406,21800,1407,13720,1408,21823,1409,13733,1410,13759,1411,21975,1412,13765,1413,163204,1414,21797,1416,134210,1417,134421,1418,151851,1419,21904,1420,142534,1421,14828,1422,131905,1423,36422,1424,150968,1425,169189,1426,16467,1427,164030,1428,30586,1429,142392,1430,14900,1431,18389,1432,164189,1433,158194,1434,151018,1435,25821,1436,134524,1437,135092,1438,134357,1439,135412,1440,25741,1441,36478,1442,134806,1443,134155,1444,135012,1445,142505,1446,164438,1447,148691,1449,134470,1450,170573,1451,164073,1452,18420,1453,151207,1454,142530,1455,39602,1456,14951,1457,169460,1458,16365,1459,13574,1460,152263,1461,169940,1462,161992,1463,142660,1464,40302,1465,38933,1467,17369,1468,155813,1469,25780,1470,21731,1471,142668,1472,142282,1473,135287,1474,14843,1475,135279,1476,157402,1477,157462,1478,162208,1479,25834,1480,151634,1481,134211,1482,36456,1483,139681,1484,166732,1485,132913,1487,18443,1488,131497,1489,16378,1490,22643,1491,142733,1493,148936,1494,132348,1495,155799,1496,134988,1497,134550,1498,21881,1499,16571,1500,17338,1502,19124,1503,141926,1504,135325,1505,33194,1506,39157,1507,134556,1508,25465,1509,14846,1510,141173,1511,36288,1512,22177,1513,25724,1514,15939,1516,173569,1517,134665,1518,142031,1519,142537,1521,135368,1522,145858,1523,14738,1524,14854,1525,164507,1526,13688,1527,155209,1528,139463,1529,22098,1530,134961,1531,142514,1532,169760,1533,13500,1534,27709,1535,151099,1538,161140,1539,142987,1540,139784,1541,173659,1542,167117,1543,134778,1544,134196,1545,157724,1546,32659,1547,135375,1548,141315,1549,141625,1550,13819,1551,152035,1552,134796,1553,135053,1554,134826,1555,16275,1556,134960,1557,134471,1558,135503,1559,134732,1561,134827,1562,134057,1563,134472,1564,135360,1565,135485,1566,16377,1567,140950,1568,25650,1569,135085,1570,144372,1571,161337,1572,142286,1573,134526,1574,134527,1575,142417,1576,142421,1577,14872,1578,134808,1579,135367,1580,134958,1581,173618,1582,158544,1583,167122,1584,167321,1585,167114,1586,38314,1587,21708,1588,33476,1589,21945,1591,171715,1592,39974,1593,39606,1594,161630,1595,142830,1596,28992,1597,33133,1598,33004,1599,23580,1600,157042,1601,33076,1602,14231,1603,21343,1604,164029,1605,37302,1606,134906,1607,134671,1608,134775,1609,134907,1610,13789,1611,151019,1612,13833,1613,134358,1614,22191,1615,141237,1616,135369,1617,134672,1618,134776,1619,135288,1620,135496,1621,164359,1622,136277,1623,134777,1624,151120,1625,142756,1626,23124,1627,135197,1628,135198,1629,135413,1630,135414,1631,22428,1632,134673,1633,161428,1634,164557,1635,135093,1636,134779,1637,151934,1638,14083,1639,135094,1640,135552,1641,152280,1642,172733,1643,149978,1644,137274,1645,147831,1646,164476,1647,22681,1648,21096,1649,13850,1650,153405,1651,31666,1652,23400,1653,18432,1654,19244,1655,40743,1656,18919,1657,39967,1658,39821,1659,154484,1660,143677,1661,22011,1662,13810,1663,22153,1664,20008,1665,22786,1666,138177,1667,194680,1668,38737,1669,131206,1670,20059,1671,20155,1672,13630,1673,23587,1674,24401,1675,24516,1676,14586,1677,25164,1678,25909,1679,27514,1680,27701,1681,27706,1682,28780,1683,29227,1684,20012,1685,29357,1686,149737,1687,32594,1688,31035,1689,31993,1690,32595,1691,156266,1692,13505,1694,156491,1695,32770,1696,32896,1697,157202,1698,158033,1699,21341,1700,34916,1701,35265,1702,161970,1703,35744,1704,36125,1705,38021,1706,38264,1707,38271,1708,38376,1709,167439,1710,38886,1711,39029,1712,39118,1713,39134,1714,39267,1715,170000,1716,40060,1717,40479,1718,40644,1719,27503,1720,63751,1721,20023,1722,131207,1723,38429,1724,25143,1725,38050,1727,20539,1728,28158,1729,171123,1730,40870,1731,15817,1732,34959,1733,147790,1734,28791,1735,23797,1736,19232,1737,152013,1738,13657,1739,154928,1740,24866,1741,166450,1742,36775,1743,37366,1744,29073,1745,26393,1746,29626,1747,144001,1748,172295,1749,15499,1750,137600,1751,19216,1752,30948,1753,29698,1754,20910,1755,165647,1756,16393,1757,27235,1758,172730,1759,16931,1760,34319,1761,133743,1762,31274,1763,170311,1764,166634,1765,38741,1766,28749,1767,21284,1768,139390,1769,37876,1770,30425,1771,166371,1772,40871,1773,30685,1774,20131,1775,20464,1776,20668,1777,20015,1778,20247,1779,40872,1780,21556,1781,32139,1782,22674,1783,22736,1784,138678,1785,24210,1786,24217,1787,24514,1788,141074,1789,25995,1790,144377,1791,26905,1792,27203,1793,146531,1794,27903,1796,29184,1797,148741,1798,29580,1799,16091,1800,150035,1801,23317,1802,29881,1803,35715,1804,154788,1805,153237,1806,31379,1807,31724,1808,31939,1809,32364,1810,33528,1811,34199,1812,40873,1813,34960,1814,40874,1815,36537,1816,40875,1817,36815,1818,34143,1819,39392,1820,37409,1821,40876,1822,167353,1823,136255,1824,16497,1825,17058,1826,23066,1830,39016,1831,26475,1832,17014,1833,22333,1835,34262,1836,149883,1837,33471,1838,160013,1839,19585,1840,159092,1841,23931,1842,158485,1843,159678,1844,40877,1845,40878,1846,23446,1847,40879,1848,26343,1849,32347,1850,28247,1851,31178,1852,15752,1853,17603,1854,143958,1855,141206,1856,17306,1857,17718,1859,23765,1860,146202,1861,35577,1862,23672,1863,15634,1864,144721,1865,23928,1866,40882,1867,29015,1868,17752,1869,147692,1870,138787,1871,19575,1872,14712,1873,13386,1874,131492,1875,158785,1876,35532,1877,20404,1878,131641,1879,22975,1880,33132,1881,38998,1882,170234,1883,24379,1884,134047,1886,139713,1887,166253,1888,16642,1889,18107,1890,168057,1891,16135,1892,40883,1893,172469,1894,16632,1895,14294,1896,18167,1897,158790,1898,16764,1899,165554,1900,160767,1901,17773,1902,14548,1903,152730,1904,17761,1905,17691,1906,19849,1907,19579,1908,19830,1909,17898,1910,16328,1911,150287,1912,13921,1913,17630,1914,17597,1915,16877,1916,23870,1917,23880,1918,23894,1919,15868,1920,14351,1921,23972,1922,23993,1923,14368,1924,14392,1925,24130,1926,24253,1927,24357,1928,24451,1929,14600,1930,14612,1931,14655,1932,14669,1933,24791,1934,24893,1935,23781,1936,14729,1937,25015,1938,25017,1939,25039,1940,14776,1941,25132,1942,25232,1943,25317,1944,25368,1945,14840,1946,22193,1947,14851,1948,25570,1949,25595,1950,25607,1951,25690,1952,14923,1953,25792,1954,23829,1955,22049,1956,40863,1957,14999,1958,25990,1959,15037,1960,26111,1961,26195,1962,15090,1963,26258,1964,15138,1965,26390,1966,15170,1967,26532,1968,26624,1969,15192,1970,26698,1971,26756,1972,15218,1973,15217,1974,15227,1975,26889,1976,26947,1977,29276,1978,26980,1979,27039,1980,27013,1981,15292,1982,27094,1983,15325,1984,27237,1985,27252,1986,27249,1987,27266,1988,15340,1989,27289,1990,15346,1991,27307,1992,27317,1993,27348,1994,27382,1995,27521,1996,27585,1997,27626,1998,27765,1999,27818,2000,15563,2001,27906,2002,27910,2003,27942,2004,28033,2005,15599,2006,28068,2007,28081,2008,28181,2009,28184,2010,28201,2011,28294,2012,166336,2013,28347,2014,28386,2015,28378,2016,40831,2017,28392,2018,28393,2019,28452,2020,28468,2021,15686,2022,147265,2023,28545,2024,28606,2025,15722,2026,15733,2027,29111,2028,23705,2029,15754,2030,28716,2031,15761,2032,28752,2033,28756,2034,28783,2035,28799,2036,28809,2037,131877,2038,17345,2039,13809,2040,134872,2041,147159,2042,22462,2043,159443,2044,28990,2045,153568,2046,13902,2047,27042,2048,166889,2049,23412,2050,31305,2051,153825,2052,169177,2053,31333,2054,31357,2055,154028,2056,31419,2057,31408,2058,31426,2059,31427,2060,29137,2061,156813,2062,16842,2063,31450,2064,31453,2065,31466,2066,16879,2067,21682,2068,154625,2069,31499,2070,31573,2071,31529,2072,152334,2073,154878,2074,31650,2075,31599,2076,33692,2077,154548,2078,158847,2079,31696,2080,33825,2081,31634,2082,31672,2083,154912,2084,15789,2085,154725,2086,33938,2087,31738,2088,31750,2089,31797,2090,154817,2091,31812,2092,31875,2093,149634,2094,31910,2095,26237,2096,148856,2097,31945,2098,31943,2099,31974,2100,31860,2101,31987,2102,31989,2103,31950,2104,32359,2105,17693,2106,159300,2107,32093,2108,159446,2109,29837,2110,32137,2111,32171,2112,28981,2113,32179,2114,32210,2115,147543,2116,155689,2117,32228,2118,15635,2119,32245,2120,137209,2121,32229,2122,164717,2123,32285,2124,155937,2125,155994,2126,32366,2127,32402,2128,17195,2129,37996,2130,32295,2131,32576,2132,32577,2133,32583,2134,31030,2135,156368,2136,39393,2137,32663,2138,156497,2139,32675,2140,136801,2141,131176,2142,17756,2143,145254,2144,17667,2145,164666,2146,32762,2147,156809,2148,32773,2149,32776,2150,32797,2151,32808,2152,32815,2153,172167,2154,158915,2155,32827,2156,32828,2157,32865,2158,141076,2159,18825,2160,157222,2161,146915,2162,157416,2163,26405,2164,32935,2165,166472,2166,33031,2167,33050,2168,22704,2169,141046,2170,27775,2171,156824,2172,151480,2173,25831,2174,136330,2175,33304,2176,137310,2177,27219,2178,150117,2179,150165,2180,17530,2181,33321,2182,133901,2183,158290,2184,146814,2185,20473,2186,136445,2187,34018,2188,33634,2189,158474,2190,149927,2191,144688,2192,137075,2193,146936,2194,33450,2195,26907,2196,194964,2197,16859,2198,34123,2199,33488,2200,33562,2201,134678,2202,137140,2203,14017,2204,143741,2205,144730,2206,33403,2207,33506,2208,33560,2209,147083,2210,159139,2211,158469,2212,158615,2213,144846,2214,15807,2215,33565,2216,21996,2217,33669,2218,17675,2219,159141,2220,33708,2221,33729,2222,33747,2223,13438,2224,159444,2225,27223,2226,34138,2227,13462,2228,159298,2229,143087,2230,33880,2231,154596,2232,33905,2233,15827,2234,17636,2235,27303,2236,33866,2237,146613,2238,31064,2239,33960,2240,158614,2241,159351,2242,159299,2243,34014,2244,33807,2245,33681,2246,17568,2247,33939,2248,34020,2249,154769,2250,16960,2251,154816,2252,17731,2253,34100,2254,23282,2255,159385,2256,17703,2257,34163,2258,17686,2259,26559,2260,34326,2261,165413,2262,165435,2263,34241,2264,159880,2265,34306,2266,136578,2267,159949,2268,194994,2269,17770,2270,34344,2271,13896,2272,137378,2273,21495,2274,160666,2275,34430,2276,34673,2277,172280,2278,34798,2279,142375,2280,34737,2281,34778,2282,34831,2283,22113,2284,34412,2285,26710,2286,17935,2287,34885,2288,34886,2289,161248,2290,146873,2291,161252,2292,34910,2293,34972,2294,18011,2295,34996,2296,34997,2297,25537,2298,35013,2299,30583,2300,161551,2301,35207,2302,35210,2303,35238,2304,35241,2305,35239,2306,35260,2307,166437,2308,35303,2309,162084,2310,162493,2311,35484,2312,30611,2313,37374,2314,35472,2315,162393,2316,31465,2317,162618,2318,147343,2319,18195,2320,162616,2321,29052,2322,35596,2323,35615,2324,152624,2325,152933,2326,35647,2327,35660,2328,35661,2329,35497,2330,150138,2331,35728,2332,35739,2333,35503,2334,136927,2335,17941,2336,34895,2337,35995,2338,163156,2339,163215,2340,195028,2341,14117,2342,163155,2343,36054,2344,163224,2345,163261,2346,36114,2347,36099,2348,137488,2349,36059,2350,28764,2351,36113,2352,150729,2353,16080,2354,36215,2355,36265,2356,163842,2357,135188,2358,149898,2359,15228,2360,164284,2361,160012,2362,31463,2363,36525,2364,36534,2365,36547,2366,37588,2367,36633,2368,36653,2369,164709,2370,164882,2371,36773,2372,37635,2373,172703,2374,133712,2375,36787,2376,18730,2377,166366,2378,165181,2379,146875,2380,24312,2381,143970,2382,36857,2383,172052,2384,165564,2385,165121,2386,140069,2387,14720,2388,159447,2389,36919,2390,165180,2391,162494,2392,36961,2393,165228,2394,165387,2395,37032,2396,165651,2397,37060,2398,165606,2399,37038,2400,37117,2401,37223,2402,15088,2403,37289,2404,37316,2405,31916,2406,166195,2407,138889,2408,37390,2409,27807,2410,37441,2411,37474,2412,153017,2413,37561,2414,166598,2415,146587,2416,166668,2417,153051,2418,134449,2419,37676,2420,37739,2421,166625,2422,166891,2423,28815,2424,23235,2425,166626,2426,166629,2427,18789,2428,37444,2429,166892,2430,166969,2431,166911,2432,37747,2433,37979,2434,36540,2435,38277,2436,38310,2437,37926,2438,38304,2439,28662,2440,17081,2441,140922,2442,165592,2443,135804,2444,146990,2445,18911,2446,27676,2447,38523,2448,38550,2449,16748,2450,38563,2451,159445,2452,25050,2453,38582,2454,30965,2455,166624,2456,38589,2457,21452,2458,18849,2459,158904,2460,131700,2461,156688,2462,168111,2463,168165,2464,150225,2465,137493,2466,144138,2467,38705,2468,34370,2469,38710,2470,18959,2471,17725,2472,17797,2473,150249,2474,28789,2475,23361,2476,38683,2477,38748,2478,168405,2479,38743,2480,23370,2481,168427,2482,38751,2483,37925,2484,20688,2485,143543,2486,143548,2487,38793,2488,38815,2489,38833,2490,38846,2491,38848,2492,38866,2493,38880,2494,152684,2495,38894,2496,29724,2497,169011,2498,38911,2499,38901,2500,168989,2501,162170,2502,19153,2503,38964,2504,38963,2505,38987,2506,39014,2507,15118,2508,160117,2509,15697,2510,132656,2511,147804,2512,153350,2513,39114,2514,39095,2515,39112,2516,39111,2517,19199,2518,159015,2519,136915,2520,21936,2521,39137,2522,39142,2523,39148,2524,37752,2525,39225,2526,150057,2527,19314,2528,170071,2529,170245,2530,39413,2531,39436,2532,39483,2533,39440,2534,39512,2535,153381,2536,14020,2537,168113,2538,170965,2539,39648,2540,39650,2541,170757,2542,39668,2543,19470,2544,39700,2545,39725,2546,165376,2547,20532,2548,39732,2549,158120,2550,14531,2551,143485,2552,39760,2553,39744,2554,171326,2555,23109,2556,137315,2557,39822,2558,148043,2559,39938,2560,39935,2561,39948,2562,171624,2563,40404,2564,171959,2565,172434,2566,172459,2567,172257,2568,172323,2569,172511,2570,40318,2571,40323,2572,172340,2573,40462,2574,26760,2575,40388,2576,139611,2577,172435,2578,172576,2579,137531,2580,172595,2581,40249,2582,172217,2583,172724,2584,40592,2585,40597,2586,40606,2587,40610,2588,19764,2589,40618,2590,40623,2591,148324,2592,40641,2593,15200,2594,14821,2595,15645,2596,20274,2597,14270,2598,166955,2599,40706,2600,40712,2601,19350,2602,37924,2603,159138,2604,40727,2605,40726,2606,40761,2607,22175,2608,22154,2609,40773,2610,39352,2611,168075,2612,38898,2613,33919,2614,40802,2615,40809,2616,31452,2617,40846,2618,29206,2619,19390,2620,149877,2621,149947,2622,29047,2623,150008,2624,148296,2625,150097,2626,29598,2627,166874,2628,137466,2629,31135,2630,166270,2631,167478,2632,37737,2633,37875,2634,166468,2635,37612,2636,37761,2637,37835,2638,166252,2639,148665,2640,29207,2641,16107,2642,30578,2643,31299,2644,28880,2645,148595,2646,148472,2647,29054,2648,137199,2649,28835,2650,137406,2651,144793,2652,16071,2653,137349,2654,152623,2655,137208,2656,14114,2657,136955,2658,137273,2659,14049,2660,137076,2661,137425,2662,155467,2663,14115,2664,136896,2665,22363,2666,150053,2667,136190,2668,135848,2669,136134,2670,136374,2671,34051,2672,145062,2673,34051,2674,33877,2675,149908,2676,160101,2677,146993,2678,152924,2679,147195,2680,159826,2681,17652,2682,145134,2683,170397,2684,159526,2685,26617,2686,14131,2687,15381,2688,15847,2689,22636,2690,137506,2691,26640,2692,16471,2693,145215,2694,147681,2695,147595,2696,147727,2697,158753,2698,21707,2699,22174,2700,157361,2701,22162,2702,135135,2703,134056,2704,134669,2705,37830,2706,166675,2707,37788,2708,20216,2709,20779,2710,14361,2711,148534,2712,20156,2713,132197,2714,131967,2715,20299,2716,20362,2717,153169,2718,23144,2719,131499,2720,132043,2721,14745,2722,131850,2723,132116,2724,13365,2725,20265,2726,131776,2727,167603,2728,131701,2729,35546,2730,131596,2731,20120,2732,20685,2733,20749,2734,20386,2735,20227,2736,150030,2737,147082,2738,20290,2739,20526,2740,20588,2741,20609,2742,20428,2743,20453,2744,20568,2745,20732,2746,20825,2747,20827,2748,20829,2749,20830,2750,28278,2751,144789,2752,147001,2753,147135,2754,28018,2755,137348,2756,147081,2757,20904,2758,20931,2759,132576,2760,17629,2761,132259,2762,132242,2763,132241,2764,36218,2765,166556,2766,132878,2767,21081,2768,21156,2769,133235,2770,21217,2771,37742,2772,18042,2773,29068,2774,148364,2775,134176,2776,149932,2777,135396,2778,27089,2779,134685,2780,29817,2781,16094,2782,29849,2783,29716,2784,29782,2785,29592,2786,19342,2787,150204,2788,147597,2789,21456,2790,13700,2791,29199,2792,147657,2793,21940,2794,131909,2795,21709,2796,134086,2797,22301,2798,37469,2799,38644,2800,37734,2801,22493,2802,22413,2803,22399,2804,13886,2805,22731,2806,23193,2807,166470,2808,136954,2809,137071,2810,136976,2811,23084,2812,22968,2813,37519,2814,23166,2815,23247,2816,23058,2817,153926,2818,137715,2819,137313,2820,148117,2821,14069,2822,27909,2823,29763,2824,23073,2825,155267,2826,23169,2827,166871,2828,132115,2829,37856,2830,29836,2831,135939,2832,28933,2833,18802,2834,37896,2835,166395,2836,37821,2837,14240,2838,23582,2839,23710,2840,24158,2841,24136,2842,137622,2843,137596,2844,146158,2845,24269,2846,23375,2847,137475,2848,137476,2849,14081,2850,137376,2851,14045,2852,136958,2853,14035,2854,33066,2855,166471,2856,138682,2857,144498,2858,166312,2859,24332,2860,24334,2861,137511,2862,137131,2863,23147,2864,137019,2865,23364,2866,34324,2867,161277,2868,34912,2869,24702,2870,141408,2871,140843,2872,24539,2873,16056,2874,140719,2875,140734,2876,168072,2877,159603,2878,25024,2879,131134,2880,131142,2881,140827,2882,24985,2883,24984,2884,24693,2885,142491,2886,142599,2887,149204,2888,168269,2889,25713,2890,149093,2891,142186,2892,14889,2893,142114,2894,144464,2895,170218,2896,142968,2897,25399,2898,173147,2899,25782,2900,25393,2901,25553,2902,149987,2903,142695,2904,25252,2905,142497,2906,25659,2907,25963,2908,26994,2909,15348,2910,143502,2911,144045,2912,149897,2913,144043,2914,21773,2915,144096,2916,137433,2917,169023,2918,26318,2919,144009,2920,143795,2921,15072,2922,16784,2923,152964,2924,166690,2925,152975,2926,136956,2927,152923,2928,152613,2929,30958,2930,143619,2931,137258,2932,143924,2933,13412,2934,143887,2935,143746,2936,148169,2937,26254,2938,159012,2939,26219,2940,19347,2941,26160,2942,161904,2943,138731,2944,26211,2945,144082,2946,144097,2947,26142,2948,153714,2949,14545,2950,145466,2951,145340,2952,15257,2953,145314,2954,144382,2955,29904,2956,15254,2957,26511,2958,149034,2959,26806,2960,26654,2961,15300,2962,27326,2963,14435,2964,145365,2965,148615,2966,27187,2967,27218,2968,27337,2969,27397,2970,137490,2971,25873,2972,26776,2973,27212,2974,15319,2975,27258,2976,27479,2977,147392,2978,146586,2979,37792,2980,37618,2981,166890,2982,166603,2983,37513,2984,163870,2985,166364,2986,37991,2987,28069,2988,28427,2989,149996,2990,28007,2991,147327,2992,15759,2993,28164,2994,147516,2995,23101,2996,28170,2997,22599,2998,27940,2999,30786,3000,28987,3001,148250,3002,148086,3003,28913,3004,29264,3005,29319,3006,29332,3007,149391,3008,149285,3009,20857,3010,150180,3011,132587,3012,29818,3013,147192,3014,144991,3015,150090,3016,149783,3017,155617,3018,16134,3019,16049,3020,150239,3021,166947,3022,147253,3023,24743,3024,16115,3025,29900,3026,29756,3027,37767,3028,29751,3029,17567,3030,159210,3031,17745,3032,30083,3033,16227,3034,150745,3035,150790,3036,16216,3037,30037,3038,30323,3039,173510,3040,15129,3041,29800,3042,166604,3043,149931,3044,149902,3045,15099,3046,15821,3047,150094,3048,16127,3049,149957,3050,149747,3051,37370,3052,22322,3053,37698,3054,166627,3055,137316,3056,20703,3057,152097,3058,152039,3059,30584,3060,143922,3061,30478,3062,30479,3063,30587,3064,149143,3065,145281,3066,14942,3067,149744,3068,29752,3069,29851,3070,16063,3071,150202,3072,150215,3073,16584,3074,150166,3075,156078,3076,37639,3077,152961,3078,30750,3079,30861,3080,30856,3081,30930,3082,29648,3083,31065,3084,161601,3085,153315,3086,16654,3087,31131,3088,33942,3089,31141,3090,27181,3091,147194,3092,31290,3093,31220,3094,16750,3095,136934,3096,16690,3097,37429,3098,31217,3099,134476,3100,149900,3101,131737,3102,146874,3103,137070,3104,13719,3105,21867,3106,13680,3107,13994,3108,131540,3109,134157,3110,31458,3111,23129,3112,141045,3113,154287,3114,154268,3115,23053,3116,131675,3117,30960,3118,23082,3119,154566,3120,31486,3121,16889,3122,31837,3123,31853,3124,16913,3125,154547,3126,155324,3127,155302,3128,31949,3129,150009,3130,137136,3131,31886,3132,31868,3133,31918,3134,27314,3135,32220,3136,32263,3137,32211,3138,32590,3139,156257,3140,155996,3141,162632,3142,32151,3143,155266,3144,17002,3145,158581,3146,133398,3147,26582,3148,131150,3149,144847,3150,22468,3151,156690,3152,156664,3153,149858,3154,32733,3155,31527,3156,133164,3157,154345,3158,154947,3159,31500,3160,155150,3161,39398,3162,34373,3163,39523,3164,27164,3165,144447,3166,14818,3167,150007,3168,157101,3169,39455,3170,157088,3171,33920,3172,160039,3173,158929,3174,17642,3175,33079,3176,17410,3177,32966,3178,33033,3179,33090,3180,157620,3181,39107,3182,158274,3183,33378,3184,33381,3185,158289,3186,33875,3187,159143,3188,34320,3189,160283,3190,23174,3191,16767,3192,137280,3193,23339,3194,137377,3195,23268,3196,137432,3197,34464,3198,195004,3199,146831,3200,34861,3201,160802,3202,23042,3203,34926,3204,20293,3205,34951,3206,35007,3207,35046,3208,35173,3209,35149,3210,153219,3211,35156,3212,161669,3213,161668,3214,166901,3215,166873,3216,166812,3217,166393,3218,16045,3219,33955,3220,18165,3221,18127,3222,14322,3223,35389,3224,35356,3225,169032,3226,24397,3227,37419,3228,148100,3229,26068,3230,28969,3231,28868,3232,137285,3233,40301,3234,35999,3235,36073,3236,163292,3237,22938,3238,30659,3239,23024,3240,17262,3241,14036,3242,36394,3243,36519,3244,150537,3245,36656,3246,36682,3247,17140,3248,27736,3249,28603,3250,140065,3251,18587,3252,28537,3253,28299,3254,137178,3255,39913,3256,14005,3257,149807,3258,37051,3259,37015,3260,21873,3261,18694,3262,37307,3263,37892,3264,166475,3265,16482,3266,166652,3267,37927,3268,166941,3269,166971,3270,34021,3271,35371,3272,38297,3273,38311,3274,38295,3275,38294,3276,167220,3277,29765,3278,16066,3279,149759,3280,150082,3281,148458,3282,16103,3283,143909,3284,38543,3285,167655,3286,167526,3287,167525,3288,16076,3289,149997,3290,150136,3291,147438,3292,29714,3293,29803,3294,16124,3295,38721,3296,168112,3297,26695,3298,18973,3299,168083,3300,153567,3301,38749,3302,37736,3303,166281,3304,166950,3305,166703,3306,156606,3307,37562,3308,23313,3309,35689,3310,18748,3311,29689,3312,147995,3313,38811,3314,38769,3315,39224,3316,134950,3317,24001,3318,166853,3319,150194,3320,38943,3321,169178,3322,37622,3323,169431,3324,37349,3325,17600,3326,166736,3327,150119,3328,166756,3329,39132,3330,166469,3331,16128,3332,37418,3333,18725,3334,33812,3335,39227,3336,39245,3337,162566,3338,15869,3339,39323,3340,19311,3341,39338,3342,39516,3343,166757,3344,153800,3345,27279,3346,39457,3347,23294,3348,39471,3349,170225,3350,19344,3351,170312,3352,39356,3353,19389,3354,19351,3355,37757,3356,22642,3357,135938,3358,22562,3359,149944,3360,136424,3361,30788,3362,141087,3363,146872,3364,26821,3365,15741,3366,37976,3367,14631,3368,24912,3369,141185,3370,141675,3371,24839,3372,40015,3373,40019,3374,40059,3375,39989,3376,39952,3377,39807,3378,39887,3379,171565,3380,39839,3381,172533,3382,172286,3383,40225,3384,19630,3385,147716,3386,40472,3387,19632,3388,40204,3389,172468,3390,172269,3391,172275,3392,170287,3393,40357,3394,33981,3395,159250,3396,159711,3397,158594,3398,34300,3399,17715,3400,159140,3401,159364,3402,159216,3403,33824,3404,34286,3405,159232,3406,145367,3407,155748,3408,31202,3409,144796,3410,144960,3411,18733,3412,149982,3413,15714,3414,37851,3415,37566,3416,37704,3417,131775,3418,30905,3419,37495,3420,37965,3421,20452,3422,13376,3423,36964,3424,152925,3425,30781,3426,30804,3427,30902,3428,30795,3429,137047,3430,143817,3431,149825,3432,13978,3433,20338,3434,28634,3435,28633,3436,28702,3437,28702,3438,21524,3439,147893,3440,22459,3441,22771,3442,22410,3443,40214,3444,22487,3445,28980,3446,13487,3447,147884,3448,29163,3449,158784,3450,151447,3451,23336,3452,137141,3453,166473,3454,24844,3455,23246,3456,23051,3457,17084,3458,148616,3459,14124,3460,19323,3461,166396,3462,37819,3463,37816,3464,137430,3465,134941,3466,33906,3467,158912,3468,136211,3469,148218,3470,142374,3471,148417,3472,22932,3473,146871,3474,157505,3475,32168,3476,155995,3477,155812,3478,149945,3479,149899,3480,166394,3481,37605,3482,29666,3483,16105,3484,29876,3485,166755,3486,137375,3487,16097,3488,150195,3489,27352,3490,29683,3491,29691,3492,16086,3493,150078,3494,150164,3495,137177,3496,150118,3497,132007,3498,136228,3499,149989,3500,29768,3501,149782,3502,28837,3503,149878,3504,37508,3505,29670,3506,37727,3507,132350,3508,37681,3509,166606,3510,166422,3511,37766,3512,166887,3513,153045,3514,18741,3515,166530,3516,29035,3517,149827,3518,134399,3519,22180,3520,132634,3521,134123,3522,134328,3523,21762,3524,31172,3525,137210,3526,32254,3527,136898,3528,150096,3529,137298,3530,17710,3531,37889,3532,14090,3533,166592,3534,149933,3535,22960,3536,137407,3537,137347,3538,160900,3539,23201,3540,14050,3541,146779,3542,14000,3543,37471,3544,23161,3545,166529,3546,137314,3547,37748,3548,15565,3549,133812,3550,19094,3551,14730,3552,20724,3553,15721,3554,15692,3555,136092,3556,29045,3557,17147,3558,164376,3559,28175,3560,168164,3561,17643,3562,27991,3563,163407,3564,28775,3565,27823,3566,15574,3567,147437,3568,146989,3569,28162,3570,28428,3571,15727,3572,132085,3573,30033,3574,14012,3575,13512,3576,18048,3577,16090,3578,18545,3579,22980,3580,37486,3581,18750,3582,36673,3583,166940,3584,158656,3585,22546,3586,22472,3587,14038,3588,136274,3589,28926,3590,148322,3591,150129,3592,143331,3593,135856,3594,140221,3595,26809,3596,26983,3597,136088,3598,144613,3599,162804,3600,145119,3601,166531,3602,145366,3603,144378,3604,150687,3605,27162,3606,145069,3607,158903,3608,33854,3609,17631,3610,17614,3611,159014,3612,159057,3613,158850,3614,159710,3615,28439,3616,160009,3617,33597,3618,137018,3619,33773,3620,158848,3621,159827,3622,137179,3623,22921,3624,23170,3625,137139,3626,23137,3627,23153,3628,137477,3629,147964,3630,14125,3631,23023,3632,137020,3633,14023,3634,29070,3635,37776,3636,26266,3637,148133,3638,23150,3639,23083,3640,148115,3641,27179,3642,147193,3643,161590,3644,148571,3645,148170,3646,28957,3647,148057,3648,166369,3649,20400,3650,159016,3651,23746,3652,148686,3653,163405,3654,148413,3655,27148,3656,148054,3657,135940,3658,28838,3659,28979,3660,148457,3661,15781,3662,27871,3663,194597,3664,150095,3665,32357,3666,23019,3667,23855,3668,15859,3669,24412,3670,150109,3671,137183,3672,32164,3673,33830,3674,21637,3675,146170,3676,144128,3677,131604,3678,22398,3679,133333,3680,132633,3681,16357,3682,139166,3683,172726,3684,28675,3685,168283,3686,23920,3687,29583,3688,31955,3689,166489,3690,168992,3691,20424,3692,32743,3693,29389,3694,29456,3695,162548,3696,29496,3697,29497,3698,153334,3699,29505,3700,29512,3701,16041,3702,162584,3703,36972,3704,29173,3705,149746,3706,29665,3707,33270,3708,16074,3709,30476,3710,16081,3711,27810,3712,22269,3713,29721,3714,29726,3715,29727,3716,16098,3717,16112,3718,16116,3719,16122,3720,29907,3721,16142,3722,16211,3723,30018,3724,30061,3725,30066,3726,30093,3727,16252,3728,30152,3729,30172,3730,16320,3731,30285,3732,16343,3733,30324,3734,16348,3735,30330,3736,151388,3737,29064,3738,22051,3739,35200,3740,22633,3741,16413,3742,30531,3743,16441,3744,26465,3745,16453,3746,13787,3747,30616,3748,16490,3749,16495,3750,23646,3751,30654,3752,30667,3753,22770,3754,30744,3755,28857,3756,30748,3757,16552,3758,30777,3759,30791,3760,30801,3761,30822,3762,33864,3763,152885,3764,31027,3765,26627,3766,31026,3767,16643,3768,16649,3769,31121,3770,31129,3771,36795,3772,31238,3773,36796,3774,16743,3775,31377,3776,16818,3777,31420,3778,33401,3779,16836,3780,31439,3781,31451,3782,16847,3783,20001,3784,31586,3785,31596,3786,31611,3787,31762,3788,31771,3789,16992,3790,17018,3791,31867,3792,31900,3793,17036,3794,31928,3795,17044,3796,31981,3797,36755,3798,28864,3799,134351,3800,32207,3801,32212,3802,32208,3803,32253,3804,32686,3805,32692,3806,29343,3807,17303,3808,32800,3809,32805,3810,31545,3811,32814,3812,32817,3813,32852,3814,15820,3815,22452,3816,28832,3817,32951,3818,33001,3819,17389,3820,33036,3821,29482,3822,33038,3823,33042,3824,30048,3825,33044,3826,17409,3827,15161,3828,33110,3829,33113,3830,33114,3831,17427,3832,22586,3833,33148,3834,33156,3835,17445,3836,33171,3837,17453,3838,33189,3839,22511,3840,33217,3841,33252,3842,33364,3843,17551,3844,33446,3845,33398,3846,33482,3847,33496,3848,33535,3849,17584,3850,33623,3851,38505,3852,27018,3853,33797,3854,28917,3855,33892,3856,24803,3857,33928,3858,17668,3859,33982,3860,34017,3861,34040,3862,34064,3863,34104,3864,34130,3865,17723,3866,34159,3867,34160,3868,34272,3869,17783,3870,34418,3871,34450,3872,34482,3873,34543,3874,38469,3875,34699,3876,17926,3877,17943,3878,34990,3879,35071,3880,35108,3881,35143,3882,35217,3883,162151,3884,35369,3885,35384,3886,35476,3887,35508,3888,35921,3889,36052,3890,36082,3891,36124,3892,18328,3893,22623,3894,36291,3895,18413,3896,20206,3897,36410,3898,21976,3899,22356,3900,36465,3901,22005,3902,36528,3903,18487,3904,36558,3905,36578,3906,36580,3907,36589,3908,36594,3909,36791,3910,36801,3911,36810,3912,36812,3913,36915,3914,39364,3915,18605,3916,39136,3917,37395,3918,18718,3919,37416,3920,37464,3921,37483,3922,37553,3923,37550,3924,37567,3925,37603,3926,37611,3927,37619,3928,37620,3929,37629,3930,37699,3931,37764,3932,37805,3933,18757,3934,18769,3935,40639,3936,37911,3937,21249,3938,37917,3939,37933,3940,37950,3941,18794,3942,37972,3943,38009,3944,38189,3945,38306,3946,18855,3947,38388,3948,38451,3949,18917,3950,26528,3951,18980,3952,38720,3953,18997,3954,38834,3955,38850,3956,22100,3957,19172,3958,24808,3959,39097,3960,19225,3961,39153,3962,22596,3963,39182,3964,39193,3965,20916,3966,39196,3967,39223,3968,39234,3969,39261,3970,39266,3971,19312,3972,39365,3973,19357,3974,39484,3975,39695,3976,31363,3977,39785,3978,39809,3979,39901,3980,39921,3981,39924,3982,19565,3983,39968,3984,14191,3985,138178,3986,40265,3987,39994,3988,40702,3989,22096,3990,40339,3991,40381,3992,40384,3993,40444,3994,38134,3995,36790,3996,40571,3997,40620,3998,40625,3999,40637,4000,40646,4001,38108,4002,40674,4003,40689,4004,40696,4005,31432,4006,40772,4007,131220,4008,131767,4009,132000,4010,26906,4011,38083,4012,22956,4013,132311,4014,22592,4015,38081,4016,14265,4017,132565,4018,132629,4019,132726,4020,136890,4021,22359,4022,29043,4023,133826,4024,133837,4025,134079,4026,21610,4027,194619,4028,134091,4029,21662,4030,134139,4031,134203,4032,134227,4033,134245,4034,134268,4035,24807,4036,134285,4037,22138,4038,134325,4039,134365,4040,134381,4041,134511,4042,134578,4043,134600,4044,26965,4045,39983,4046,34725,4047,134660,4048,134670,4049,134871,4050,135056,4051,134957,4052,134771,4053,23584,4054,135100,4055,24075,4056,135260,4057,135247,4058,135286,4059,26398,4060,135291,4061,135304,4062,135318,4063,13895,4064,135359,4065,135379,4066,135471,4067,135483,4068,21348,4069,33965,4070,135907,4071,136053,4072,135990,4073,35713,4074,136567,4075,136729,4076,137155,4077,137159,4078,20088,4079,28859,4080,137261,4081,137578,4082,137773,4083,137797,4084,138282,4085,138352,4086,138412,4087,138952,4088,25283,4089,138965,4090,139029,4091,29080,4092,26709,4093,139333,4094,27113,4095,14024,4096,139900,4097,140247,4098,140282,4099,141098,4100,141425,4101,141647,4102,33533,4103,141671,4104,141715,4105,142037,4106,35237,4107,142056,4108,36768,4109,142094,4110,38840,4111,142143,4112,38983,4113,39613,4114,142412,4116,142472,4117,142519,4118,154600,4119,142600,4120,142610,4121,142775,4122,142741,4123,142914,4124,143220,4125,143308,4126,143411,4127,143462,4128,144159,4129,144350,4130,24497,4131,26184,4132,26303,4133,162425,4134,144743,4135,144883,4136,29185,4137,149946,4138,30679,4139,144922,4140,145174,4141,32391,4142,131910,4143,22709,4144,26382,4145,26904,4146,146087,4147,161367,4148,155618,4149,146961,4150,147129,4151,161278,4152,139418,4153,18640,4154,19128,4155,147737,4156,166554,4157,148206,4158,148237,4159,147515,4160,148276,4161,148374,4162,150085,4163,132554,4164,20946,4165,132625,4166,22943,4167,138920,4168,15294,4169,146687,4170,148484,4171,148694,4172,22408,4173,149108,4174,14747,4175,149295,4176,165352,4177,170441,4178,14178,4179,139715,4180,35678,4181,166734,4182,39382,4183,149522,4184,149755,4185,150037,4186,29193,4187,150208,4188,134264,4189,22885,4190,151205,4191,151430,4192,132985,4193,36570,4194,151596,4195,21135,4196,22335,4197,29041,4198,152217,4199,152601,4200,147274,4201,150183,4202,21948,4203,152646,4204,152686,4205,158546,4206,37332,4207,13427,4208,152895,4209,161330,4210,152926,4211,18200,4212,152930,4213,152934,4214,153543,4215,149823,4216,153693,4217,20582,4218,13563,4219,144332,4220,24798,4221,153859,4222,18300,4223,166216,4224,154286,4225,154505,4226,154630,4227,138640,4228,22433,4229,29009,4230,28598,4231,155906,4232,162834,4233,36950,4234,156082,4235,151450,4236,35682,4237,156674,4238,156746,4239,23899,4240,158711,4241,36662,4242,156804,4243,137500,4244,35562,4245,150006,4246,156808,4247,147439,4248,156946,4249,19392,4250,157119,4251,157365,4252,141083,4253,37989,4254,153569,4255,24981,4256,23079,4257,194765,4258,20411,4259,22201,4260,148769,4261,157436,4262,20074,4263,149812,4264,38486,4265,28047,4266,158909,4267,13848,4268,35191,4269,157593,4270,157806,4271,156689,4272,157790,4273,29151,4274,157895,4275,31554,4276,168128,4277,133649,4278,157990,4279,37124,4280,158009,4281,31301,4282,40432,4283,158202,4284,39462,4285,158253,4286,13919,4287,156777,4288,131105,4289,31107,4290,158260,4291,158555,4292,23852,4293,144665,4294,33743,4295,158621,4296,18128,4297,158884,4298,30011,4299,34917,4300,159150,4301,22710,4302,14108,4303,140685,4304,159819,4305,160205,4306,15444,4307,160384,4308,160389,4309,37505,4310,139642,4311,160395,4312,37680,4313,160486,4314,149968,4315,27705,4316,38047,4317,160848,4318,134904,4319,34855,4320,35061,4321,141606,4322,164979,4323,137137,4324,28344,4325,150058,4326,137248,4327,14756,4328,14009,4329,23568,4330,31203,4331,17727,4332,26294,4333,171181,4334,170148,4335,35139,4336,161740,4337,161880,4338,22230,4339,16607,4340,136714,4341,14753,4342,145199,4343,164072,4344,136133,4345,29101,4346,33638,4347,162269,4348,168360,4349,23143,4350,19639,4351,159919,4352,166315,4353,162301,4354,162314,4355,162571,4356,163174,4357,147834,4358,31555,4359,31102,4360,163849,4361,28597,4362,172767,4363,27139,4364,164632,4365,21410,4366,159239,4367,37823,4368,26678,4369,38749,4370,164207,4371,163875,4372,158133,4373,136173,4374,143919,4375,163912,4376,23941,4377,166960,4378,163971,4379,22293,4380,38947,4381,166217,4382,23979,4383,149896,4384,26046,4385,27093,4386,21458,4387,150181,4388,147329,4389,15377,4390,26422,4391,163984,4392,164084,4393,164142,4394,139169,4395,164175,4396,164233,4397,164271,4398,164378,4399,164614,4400,164655,4401,164746,4402,13770,4403,164968,4404,165546,4405,18682,4406,25574,4407,166230,4408,30728,4409,37461,4410,166328,4411,17394,4412,166375,4413,17375,4414,166376,4415,166726,4416,166868,4417,23032,4418,166921,4419,36619,4420,167877,4421,168172,4422,31569,4423,168208,4424,168252,4425,15863,4426,168286,4427,150218,4428,36816,4429,29327,4430,22155,4431,169191,4432,169449,4433,169392,4434,169400,4435,169778,4436,170193,4437,170313,4438,170346,4439,170435,4440,170536,4441,170766,4442,171354,4443,171419,4444,32415,4445,171768,4446,171811,4447,19620,4448,38215,4449,172691,4450,29090,4451,172799,4452,19857,4453,36882,4454,173515,4455,19868,4456,134300,4457,36798,4458,21953,4459,36794,4460,140464,4461,36793,4462,150163,4463,17673,4464,32383,4465,28502,4466,27313,4467,20202,4468,13540,4469,166700,4470,161949,4471,14138,4472,36480,4473,137205,4474,163876,4475,166764,4476,166809,4477,162366,4478,157359,4479,15851,4480,161365,4481,146615,4482,153141,4483,153942,4484,20122,4485,155265,4486,156248,4487,22207,4488,134765,4489,36366,4490,23405,4491,147080,4492,150686,4493,25566,4494,25296,4495,137206,4496,137339,4497,25904,4498,22061,4499,154698,4500,21530,4501,152337,4502,15814,4503,171416,4504,19581,4505,22050,4506,22046,4507,32585,4508,155352,4509,22901,4510,146752,4511,34672,4512,19996,4513,135146,4514,134473,4515,145082,4516,33047,4517,40286,4518,36120,4519,30267,4520,40005,4521,30286,4522,30649,4523,37701,4524,21554,4525,33096,4526,33527,4527,22053,4528,33074,4529,33816,4530,32957,4531,21994,4532,31074,4533,22083,4534,21526,4535,134813,4536,13774,4537,22021,4538,22001,4539,26353,4540,164578,4541,13869,4542,30004,4543,22000,4544,21946,4545,21655,4546,21874,4547,134209,4548,134294,4549,24272,4550,151880,4551,134774,4552,142434,4553,134818,4554,40619,4555,32090,4556,21982,4557,135285,4558,25245,4559,38765,4560,21652,4561,36045,4562,29174,4563,37238,4564,25596,4565,25529,4566,25598,4567,21865,4568,142147,4569,40050,4570,143027,4571,20890,4572,13535,4573,134567,4574,20903,4575,21581,4576,21790,4577,21779,4578,30310,4579,36397,4580,157834,4581,30129,4582,32950,4583,34820,4584,34694,4585,35015,4586,33206,4587,33820,4588,135361,4589,17644,4590,29444,4591,149254,4592,23440,4593,33547,4594,157843,4595,22139,4596,141044,4597,163119,4598,147875,4599,163187,4600,159440,4601,160438,4602,37232,4603,135641,4604,37384,4605,146684,4606,173737,4607,134828,4608,134905,4609,29286,4610,138402,4611,18254,4612,151490,4613,163833,4614,135147,4615,16634,4616,40029,4617,25887,4618,142752,4619,18675,4620,149472,4621,171388,4622,135148,4623,134666,4624,24674,4625,161187,4626,135149,4628,155720,4629,135559,4630,29091,4631,32398,4632,40272,4633,19994,4634,19972,4635,13687,4636,23309,4637,27826,4638,21351,4639,13996,4640,14812,4641,21373,4642,13989,4643,149016,4644,22682,4645,150382,4646,33325,4647,21579,4648,22442,4649,154261,4650,133497,4652,14930,4653,140389,4654,29556,4655,171692,4656,19721,4657,39917,4658,146686,4659,171824,4660,19547,4661,151465,4662,169374,4663,171998,4664,33884,4665,146870,4666,160434,4667,157619,4668,145184,4669,25390,4670,32037,4671,147191,4672,146988,4673,14890,4674,36872,4675,21196,4676,15988,4677,13946,4678,17897,4679,132238,4680,30272,4681,23280,4682,134838,4683,30842,4684,163630,4685,22695,4686,16575,4687,22140,4688,39819,4689,23924,4690,30292,4691,173108,4692,40581,4693,19681,4694,30201,4695,14331,4696,24857,4697,143578,4698,148466,4700,22109,4701,135849,4702,22439,4703,149859,4704,171526,4705,21044,4706,159918,4707,13741,4708,27722,4709,40316,4710,31830,4711,39737,4712,22494,4713,137068,4714,23635,4715,25811,4716,169168,4717,156469,4718,160100,4719,34477,4720,134440,4721,159010,4722,150242,4723,134513,4725,20990,4726,139023,4727,23950,4728,38659,4729,138705,4730,40577,4731,36940,4732,31519,4733,39682,4734,23761,4735,31651,4736,25192,4737,25397,4738,39679,4739,31695,4740,39722,4741,31870,4742,39726,4743,31810,4744,31878,4745,39957,4746,31740,4747,39689,4748,40727,4749,39963,4750,149822,4751,40794,4752,21875,4753,23491,4754,20477,4755,40600,4756,20466,4757,21088,4758,15878,4759,21201,4760,22375,4761,20566,4762,22967,4763,24082,4764,38856,4765,40363,4766,36700,4767,21609,4768,38836,4769,39232,4770,38842,4771,21292,4772,24880,4773,26924,4774,21466,4775,39946,4776,40194,4777,19515,4778,38465,4779,27008,4780,20646,4781,30022,4782,137069,4783,39386,4784,21107,4786,37209,4787,38529,4788,37212,4790,37201,4791,167575,4792,25471,4793,159011,4794,27338,4795,22033,4796,37262,4797,30074,4798,25221,4799,132092,4800,29519,4801,31856,4802,154657,4803,146685,4805,149785,4806,30422,4807,39837,4808,20010,4809,134356,4810,33726,4811,34882,4813,23626,4814,27072,4815,20717,4816,22394,4817,21023,4818,24053,4819,20174,4820,27697,4821,131570,4822,20281,4823,21660,4824,21722,4825,21146,4826,36226,4827,13822,4828,24332,4829,13811,4831,27474,4832,37244,4833,40869,4834,39831,4835,38958,4836,39092,4837,39610,4838,40616,4839,40580,4840,29050,4841,31508,4843,27642,4844,34840,4845,32632,4847,22048,4848,173642,4849,36471,4850,40787,4852,36308,4853,36431,4854,40476,4855,36353,4856,25218,4857,164733,4858,36392,4859,36469,4860,31443,4861,150135,4862,31294,4863,30936,4864,27882,4865,35431,4866,30215,4867,166490,4868,40742,4869,27854,4870,34774,4871,30147,4872,172722,4873,30803,4874,194624,4875,36108,4876,29410,4877,29553,4878,35629,4879,29442,4880,29937,4881,36075,4882,150203,4883,34351,4884,24506,4885,34976,4886,17591,4888,137275,4889,159237,4891,35454,4892,140571,4894,24829,4895,30311,4896,39639,4897,40260,4898,37742,4899,39823,4900,34805,4902,34831,4903,36087,4904,29484,4905,38689,4906,39856,4907,13782,4908,29362,4909,19463,4910,31825,4911,39242,4912,155993,4913,24921,4914,19460,4915,40598,4916,24957,4918,22367,4919,24943,4920,25254,4921,25145,4922,25294,4923,14940,4924,25058,4925,21418,4926,144373,4927,25444,4928,26626,4929,13778,4930,23895,4931,166850,4932,36826,4933,167481,4935,20697,4936,138566,4937,30982,4938,21298,4939,38456,4940,134971,4941,16485,4943,30718,4945,31938,4946,155418,4947,31962,4948,31277,4949,32870,4950,32867,4951,32077,4952,29957,4953,29938,4954,35220,4955,33306,4956,26380,4957,32866,4958,160902,4959,32859,4960,29936,4961,33027,4962,30500,4963,35209,4964,157644,4965,30035,4966,159441,4967,34729,4968,34766,4969,33224,4970,34700,4971,35401,4972,36013,4973,35651,4974,30507,4975,29944,4976,34010,4977,13877,4978,27058,4979,36262,4981,35241,4982,29800,4983,28089,4984,34753,4985,147473,4986,29927,4987,15835,4988,29046,4989,24740,4990,24988,4991,15569,4992,29026,4993,24695,4995,32625,4996,166701,4997,29264,4998,24809,4999,19326,5000,21024,5001,15384,5002,146631,5003,155351,5004,161366,5005,152881,5006,137540,5007,135934,5008,170243,5009,159196,5010,159917,5011,23745,5012,156077,5013,166415,5014,145015,5015,131310,5016,157766,5017,151310,5018,17762,5019,23327,5020,156492,5021,40784,5022,40614,5023,156267,5024,12288,5025,65292,5026,12289,5027,12290,5028,65294,5029,8231,5030,65307,5031,65306,5032,65311,5033,65281,5034,65072,5035,8230,5036,8229,5037,65104,5038,65105,5039,65106,5040,183,5041,65108,5042,65109,5043,65110,5044,65111,5045,65372,5046,8211,5047,65073,5048,8212,5049,65075,5050,9588,5051,65076,5052,65103,5053,65288,5054,65289,5055,65077,5056,65078,5057,65371,5058,65373,5059,65079,5060,65080,5061,12308,5062,12309,5063,65081,5064,65082,5065,12304,5066,12305,5067,65083,5068,65084,5069,12298,5070,12299,5071,65085,5072,65086,5073,12296,5074,12297,5075,65087,5076,65088,5077,12300,5078,12301,5079,65089,5080,65090,5081,12302,5082,12303,5083,65091,5084,65092,5085,65113,5086,65114,5087,65115,5088,65116,5089,65117,5090,65118,5091,8216,5092,8217,5093,8220,5094,8221,5095,12317,5096,12318,5097,8245,5098,8242,5099,65283,5100,65286,5101,65290,5102,8251,5103,167,5104,12291,5105,9675,5106,9679,5107,9651,5108,9650,5109,9678,5110,9734,5111,9733,5112,9671,5113,9670,5114,9633,5115,9632,5116,9661,5117,9660,5118,12963,5119,8453,5120,175,5121,65507,5122,65343,5123,717,5124,65097,5125,65098,5126,65101,5127,65102,5128,65099,5129,65100,5130,65119,5131,65120,5132,65121,5133,65291,5134,65293,5135,215,5136,247,5137,177,5138,8730,5139,65308,5140,65310,5141,65309,5142,8806,5143,8807,5144,8800,5145,8734,5146,8786,5147,8801,5148,65122,5149,65123,5150,65124,5151,65125,5152,65126,5153,65374,5154,8745,5155,8746,5156,8869,5157,8736,5158,8735,5159,8895,5160,13266,5161,13265,5162,8747,5163,8750,5164,8757,5165,8756,5166,9792,5167,9794,5168,8853,5169,8857,5170,8593,5171,8595,5172,8592,5173,8594,5174,8598,5175,8599,5176,8601,5177,8600,5178,8741,5179,8739,5180,65295,5181,65340,5182,8725,5183,65128,5184,65284,5185,65509,5186,12306,5187,65504,5188,65505,5189,65285,5190,65312,5191,8451,5192,8457,5193,65129,5194,65130,5195,65131,5196,13269,5197,13212,5198,13213,5199,13214,5200,13262,5201,13217,5202,13198,5203,13199,5204,13252,5205,176,5206,20825,5207,20827,5208,20830,5209,20829,5210,20833,5211,20835,5212,21991,5213,29929,5214,31950,5215,9601,5216,9602,5217,9603,5218,9604,5219,9605,5220,9606,5221,9607,5222,9608,5223,9615,5224,9614,5225,9613,5226,9612,5227,9611,5228,9610,5229,9609,5230,9532,5231,9524,5232,9516,5233,9508,5234,9500,5235,9620,5236,9472,5237,9474,5238,9621,5239,9484,5240,9488,5241,9492,5242,9496,5243,9581,5244,9582,5245,9584,5246,9583,5247,9552,5248,9566,5249,9578,5250,9569,5251,9698,5252,9699,5253,9701,5254,9700,5255,9585,5256,9586,5257,9587,5258,65296,5259,65297,5260,65298,5261,65299,5262,65300,5263,65301,5264,65302,5265,65303,5266,65304,5267,65305,5268,8544,5269,8545,5270,8546,5271,8547,5272,8548,5273,8549,5274,8550,5275,8551,5276,8552,5277,8553,5278,12321,5279,12322,5280,12323,5281,12324,5282,12325,5283,12326,5284,12327,5285,12328,5286,12329,5287,21313,5288,21316,5289,21317,5290,65313,5291,65314,5292,65315,5293,65316,5294,65317,5295,65318,5296,65319,5297,65320,5298,65321,5299,65322,5300,65323,5301,65324,5302,65325,5303,65326,5304,65327,5305,65328,5306,65329,5307,65330,5308,65331,5309,65332,5310,65333,5311,65334,5312,65335,5313,65336,5314,65337,5315,65338,5316,65345,5317,65346,5318,65347,5319,65348,5320,65349,5321,65350,5322,65351,5323,65352,5324,65353,5325,65354,5326,65355,5327,65356,5328,65357,5329,65358,5330,65359,5331,65360,5332,65361,5333,65362,5334,65363,5335,65364,5336,65365,5337,65366,5338,65367,5339,65368,5340,65369,5341,65370,5342,913,5343,914,5344,915,5345,916,5346,917,5347,918,5348,919,5349,920,5350,921,5351,922,5352,923,5353,924,5354,925,5355,926,5356,927,5357,928,5358,929,5359,931,5360,932,5361,933,5362,934,5363,935,5364,936,5365,937,5366,945,5367,946,5368,947,5369,948,5370,949,5371,950,5372,951,5373,952,5374,953,5375,954,5376,955,5377,956,5378,957,5379,958,5380,959,5381,960,5382,961,5383,963,5384,964,5385,965,5386,966,5387,967,5388,968,5389,969,5390,12549,5391,12550,5392,12551,5393,12552,5394,12553,5395,12554,5396,12555,5397,12556,5398,12557,5399,12558,5400,12559,5401,12560,5402,12561,5403,12562,5404,12563,5405,12564,5406,12565,5407,12566,5408,12567,5409,12568,5410,12569,5411,12570,5412,12571,5413,12572,5414,12573,5415,12574,5416,12575,5417,12576,5418,12577,5419,12578,5420,12579,5421,12580,5422,12581,5423,12582,5424,12583,5425,12584,5426,12585,5427,729,5428,713,5429,714,5430,711,5431,715,5432,9216,5433,9217,5434,9218,5435,9219,5436,9220,5437,9221,5438,9222,5439,9223,5440,9224,5441,9225,5442,9226,5443,9227,5444,9228,5445,9229,5446,9230,5447,9231,5448,9232,5449,9233,5450,9234,5451,9235,5452,9236,5453,9237,5454,9238,5455,9239,5456,9240,5457,9241,5458,9242,5459,9243,5460,9244,5461,9245,5462,9246,5463,9247,5464,9249,5465,8364,5495,19968,5496,20057,5497,19969,5498,19971,5499,20035,5500,20061,5501,20102,5502,20108,5503,20154,5504,20799,5505,20837,5506,20843,5507,20960,5508,20992,5509,20993,5510,21147,5511,21269,5512,21313,5513,21340,5514,21448,5515,19977,5516,19979,5517,19976,5518,19978,5519,20011,5520,20024,5521,20961,5522,20037,5523,20040,5524,20063,5525,20062,5526,20110,5527,20129,5528,20800,5529,20995,5530,21242,5531,21315,5532,21449,5533,21475,5534,22303,5535,22763,5536,22805,5537,22823,5538,22899,5539,23376,5540,23377,5541,23379,5542,23544,5543,23567,5544,23586,5545,23608,5546,23665,5547,24029,5548,24037,5549,24049,5550,24050,5551,24051,5552,24062,5553,24178,5554,24318,5555,24331,5556,24339,5557,25165,5558,19985,5559,19984,5560,19981,5561,20013,5562,20016,5563,20025,5564,20043,5565,23609,5566,20104,5567,20113,5568,20117,5569,20114,5570,20116,5571,20130,5572,20161,5573,20160,5574,20163,5575,20166,5576,20167,5577,20173,5578,20170,5579,20171,5580,20164,5581,20803,5582,20801,5583,20839,5584,20845,5585,20846,5586,20844,5587,20887,5588,20982,5589,20998,5590,20999,5591,21000,5592,21243,5593,21246,5594,21247,5595,21270,5596,21305,5597,21320,5598,21319,5599,21317,5600,21342,5601,21380,5602,21451,5603,21450,5604,21453,5605,22764,5606,22825,5607,22827,5608,22826,5609,22829,5610,23380,5611,23569,5612,23588,5613,23610,5614,23663,5615,24052,5616,24187,5617,24319,5618,24340,5619,24341,5620,24515,5621,25096,5622,25142,5623,25163,5624,25166,5625,25903,5626,25991,5627,26007,5628,26020,5629,26041,5630,26085,5631,26352,5632,26376,5633,26408,5634,27424,5635,27490,5636,27513,5637,27595,5638,27604,5639,27611,5640,27663,5641,27700,5642,28779,5643,29226,5644,29238,5645,29243,5646,29255,5647,29273,5648,29275,5649,29356,5650,29579,5651,19993,5652,19990,5653,19989,5654,19988,5655,19992,5656,20027,5657,20045,5658,20047,5659,20046,5660,20197,5661,20184,5662,20180,5663,20181,5664,20182,5665,20183,5666,20195,5667,20196,5668,20185,5669,20190,5670,20805,5671,20804,5672,20873,5673,20874,5674,20908,5675,20985,5676,20986,5677,20984,5678,21002,5679,21152,5680,21151,5681,21253,5682,21254,5683,21271,5684,21277,5685,20191,5686,21322,5687,21321,5688,21345,5689,21344,5690,21359,5691,21358,5692,21435,5693,21487,5694,21476,5695,21491,5696,21484,5697,21486,5698,21481,5699,21480,5700,21500,5701,21496,5702,21493,5703,21483,5704,21478,5705,21482,5706,21490,5707,21489,5708,21488,5709,21477,5710,21485,5711,21499,5712,22235,5713,22234,5714,22806,5715,22830,5716,22833,5717,22900,5718,22902,5719,23381,5720,23427,5721,23612,5722,24040,5723,24039,5724,24038,5725,24066,5726,24067,5727,24179,5728,24188,5729,24321,5730,24344,5731,24343,5732,24517,5733,25098,5734,25171,5735,25172,5736,25170,5737,25169,5738,26021,5739,26086,5740,26414,5741,26412,5742,26410,5743,26411,5744,26413,5745,27491,5746,27597,5747,27665,5748,27664,5749,27704,5750,27713,5751,27712,5752,27710,5753,29359,5754,29572,5755,29577,5756,29916,5757,29926,5758,29976,5759,29983,5760,29992,5761,29993,5762,30000,5763,30001,5764,30002,5765,30003,5766,30091,5767,30333,5768,30382,5769,30399,5770,30446,5771,30683,5772,30690,5773,30707,5774,31034,5775,31166,5776,31348,5777,31435,5778,19998,5779,19999,5780,20050,5781,20051,5782,20073,5783,20121,5784,20132,5785,20134,5786,20133,5787,20223,5788,20233,5789,20249,5790,20234,5791,20245,5792,20237,5793,20240,5794,20241,5795,20239,5796,20210,5797,20214,5798,20219,5799,20208,5800,20211,5801,20221,5802,20225,5803,20235,5804,20809,5805,20807,5806,20806,5807,20808,5808,20840,5809,20849,5810,20877,5811,20912,5812,21015,5813,21009,5814,21010,5815,21006,5816,21014,5817,21155,5818,21256,5819,21281,5820,21280,5821,21360,5822,21361,5823,21513,5824,21519,5825,21516,5826,21514,5827,21520,5828,21505,5829,21515,5830,21508,5831,21521,5832,21517,5833,21512,5834,21507,5835,21518,5836,21510,5837,21522,5838,22240,5839,22238,5840,22237,5841,22323,5842,22320,5843,22312,5844,22317,5845,22316,5846,22319,5847,22313,5848,22809,5849,22810,5850,22839,5851,22840,5852,22916,5853,22904,5854,22915,5855,22909,5856,22905,5857,22914,5858,22913,5859,23383,5860,23384,5861,23431,5862,23432,5863,23429,5864,23433,5865,23546,5866,23574,5867,23673,5868,24030,5869,24070,5870,24182,5871,24180,5872,24335,5873,24347,5874,24537,5875,24534,5876,25102,5877,25100,5878,25101,5879,25104,5880,25187,5881,25179,5882,25176,5883,25910,5884,26089,5885,26088,5886,26092,5887,26093,5888,26354,5889,26355,5890,26377,5891,26429,5892,26420,5893,26417,5894,26421,5895,27425,5896,27492,5897,27515,5898,27670,5899,27741,5900,27735,5901,27737,5902,27743,5903,27744,5904,27728,5905,27733,5906,27745,5907,27739,5908,27725,5909,27726,5910,28784,5911,29279,5912,29277,5913,30334,5914,31481,5915,31859,5916,31992,5917,32566,5918,32650,5919,32701,5920,32769,5921,32771,5922,32780,5923,32786,5924,32819,5925,32895,5926,32905,5927,32907,5928,32908,5929,33251,5930,33258,5931,33267,5932,33276,5933,33292,5934,33307,5935,33311,5936,33390,5937,33394,5938,33406,5939,34411,5940,34880,5941,34892,5942,34915,5943,35199,5944,38433,5945,20018,5946,20136,5947,20301,5948,20303,5949,20295,5950,20311,5951,20318,5952,20276,5953,20315,5954,20309,5955,20272,5956,20304,5957,20305,5958,20285,5959,20282,5960,20280,5961,20291,5962,20308,5963,20284,5964,20294,5965,20323,5966,20316,5967,20320,5968,20271,5969,20302,5970,20278,5971,20313,5972,20317,5973,20296,5974,20314,5975,20812,5976,20811,5977,20813,5978,20853,5979,20918,5980,20919,5981,21029,5982,21028,5983,21033,5984,21034,5985,21032,5986,21163,5987,21161,5988,21162,5989,21164,5990,21283,5991,21363,5992,21365,5993,21533,5994,21549,5995,21534,5996,21566,5997,21542,5998,21582,5999,21543,6000,21574,6001,21571,6002,21555,6003,21576,6004,21570,6005,21531,6006,21545,6007,21578,6008,21561,6009,21563,6010,21560,6011,21550,6012,21557,6013,21558,6014,21536,6015,21564,6016,21568,6017,21553,6018,21547,6019,21535,6020,21548,6021,22250,6022,22256,6023,22244,6024,22251,6025,22346,6026,22353,6027,22336,6028,22349,6029,22343,6030,22350,6031,22334,6032,22352,6033,22351,6034,22331,6035,22767,6036,22846,6037,22941,6038,22930,6039,22952,6040,22942,6041,22947,6042,22937,6043,22934,6044,22925,6045,22948,6046,22931,6047,22922,6048,22949,6049,23389,6050,23388,6051,23386,6052,23387,6053,23436,6054,23435,6055,23439,6056,23596,6057,23616,6058,23617,6059,23615,6060,23614,6061,23696,6062,23697,6063,23700,6064,23692,6065,24043,6066,24076,6067,24207,6068,24199,6069,24202,6070,24311,6071,24324,6072,24351,6073,24420,6074,24418,6075,24439,6076,24441,6077,24536,6078,24524,6079,24535,6080,24525,6081,24561,6082,24555,6083,24568,6084,24554,6085,25106,6086,25105,6087,25220,6088,25239,6089,25238,6090,25216,6091,25206,6092,25225,6093,25197,6094,25226,6095,25212,6096,25214,6097,25209,6098,25203,6099,25234,6100,25199,6101,25240,6102,25198,6103,25237,6104,25235,6105,25233,6106,25222,6107,25913,6108,25915,6109,25912,6110,26097,6111,26356,6112,26463,6113,26446,6114,26447,6115,26448,6116,26449,6117,26460,6118,26454,6119,26462,6120,26441,6121,26438,6122,26464,6123,26451,6124,26455,6125,27493,6126,27599,6127,27714,6128,27742,6129,27801,6130,27777,6131,27784,6132,27785,6133,27781,6134,27803,6135,27754,6136,27770,6137,27792,6138,27760,6139,27788,6140,27752,6141,27798,6142,27794,6143,27773,6144,27779,6145,27762,6146,27774,6147,27764,6148,27782,6149,27766,6150,27789,6151,27796,6152,27800,6153,27778,6154,28790,6155,28796,6156,28797,6157,28792,6158,29282,6159,29281,6160,29280,6161,29380,6162,29378,6163,29590,6164,29996,6165,29995,6166,30007,6167,30008,6168,30338,6169,30447,6170,30691,6171,31169,6172,31168,6173,31167,6174,31350,6175,31995,6176,32597,6177,32918,6178,32915,6179,32925,6180,32920,6181,32923,6182,32922,6183,32946,6184,33391,6185,33426,6186,33419,6187,33421,6188,35211,6189,35282,6190,35328,6191,35895,6192,35910,6193,35925,6194,35997,6195,36196,6196,36208,6197,36275,6198,36523,6199,36554,6200,36763,6201,36784,6202,36802,6203,36806,6204,36805,6205,36804,6206,24033,6207,37009,6208,37026,6209,37034,6210,37030,6211,37027,6212,37193,6213,37318,6214,37324,6215,38450,6216,38446,6217,38449,6218,38442,6219,38444,6220,20006,6221,20054,6222,20083,6223,20107,6224,20123,6225,20126,6226,20139,6227,20140,6228,20335,6229,20381,6230,20365,6231,20339,6232,20351,6233,20332,6234,20379,6235,20363,6236,20358,6237,20355,6238,20336,6239,20341,6240,20360,6241,20329,6242,20347,6243,20374,6244,20350,6245,20367,6246,20369,6247,20346,6248,20820,6249,20818,6250,20821,6251,20841,6252,20855,6253,20854,6254,20856,6255,20925,6256,20989,6257,21051,6258,21048,6259,21047,6260,21050,6261,21040,6262,21038,6263,21046,6264,21057,6265,21182,6266,21179,6267,21330,6268,21332,6269,21331,6270,21329,6271,21350,6272,21367,6273,21368,6274,21369,6275,21462,6276,21460,6277,21463,6278,21619,6279,21621,6280,21654,6281,21624,6282,21653,6283,21632,6284,21627,6285,21623,6286,21636,6287,21650,6288,21638,6289,21628,6290,21648,6291,21617,6292,21622,6293,21644,6294,21658,6295,21602,6296,21608,6297,21643,6298,21629,6299,21646,6300,22266,6301,22403,6302,22391,6303,22378,6304,22377,6305,22369,6306,22374,6307,22372,6308,22396,6309,22812,6310,22857,6311,22855,6312,22856,6313,22852,6314,22868,6315,22974,6316,22971,6317,22996,6318,22969,6319,22958,6320,22993,6321,22982,6322,22992,6323,22989,6324,22987,6325,22995,6326,22986,6327,22959,6328,22963,6329,22994,6330,22981,6331,23391,6332,23396,6333,23395,6334,23447,6335,23450,6336,23448,6337,23452,6338,23449,6339,23451,6340,23578,6341,23624,6342,23621,6343,23622,6344,23735,6345,23713,6346,23736,6347,23721,6348,23723,6349,23729,6350,23731,6351,24088,6352,24090,6353,24086,6354,24085,6355,24091,6356,24081,6357,24184,6358,24218,6359,24215,6360,24220,6361,24213,6362,24214,6363,24310,6364,24358,6365,24359,6366,24361,6367,24448,6368,24449,6369,24447,6370,24444,6371,24541,6372,24544,6373,24573,6374,24565,6375,24575,6376,24591,6377,24596,6378,24623,6379,24629,6380,24598,6381,24618,6382,24597,6383,24609,6384,24615,6385,24617,6386,24619,6387,24603,6388,25110,6389,25109,6390,25151,6391,25150,6392,25152,6393,25215,6394,25289,6395,25292,6396,25284,6397,25279,6398,25282,6399,25273,6400,25298,6401,25307,6402,25259,6403,25299,6404,25300,6405,25291,6406,25288,6407,25256,6408,25277,6409,25276,6410,25296,6411,25305,6412,25287,6413,25293,6414,25269,6415,25306,6416,25265,6417,25304,6418,25302,6419,25303,6420,25286,6421,25260,6422,25294,6423,25918,6424,26023,6425,26044,6426,26106,6427,26132,6428,26131,6429,26124,6430,26118,6431,26114,6432,26126,6433,26112,6434,26127,6435,26133,6436,26122,6437,26119,6438,26381,6439,26379,6440,26477,6441,26507,6442,26517,6443,26481,6444,26524,6445,26483,6446,26487,6447,26503,6448,26525,6449,26519,6450,26479,6451,26480,6452,26495,6453,26505,6454,26494,6455,26512,6456,26485,6457,26522,6458,26515,6459,26492,6460,26474,6461,26482,6462,27427,6463,27494,6464,27495,6465,27519,6466,27667,6467,27675,6468,27875,6469,27880,6470,27891,6471,27825,6472,27852,6473,27877,6474,27827,6475,27837,6476,27838,6477,27836,6478,27874,6479,27819,6480,27861,6481,27859,6482,27832,6483,27844,6484,27833,6485,27841,6486,27822,6487,27863,6488,27845,6489,27889,6490,27839,6491,27835,6492,27873,6493,27867,6494,27850,6495,27820,6496,27887,6497,27868,6498,27862,6499,27872,6500,28821,6501,28814,6502,28818,6503,28810,6504,28825,6505,29228,6506,29229,6507,29240,6508,29256,6509,29287,6510,29289,6511,29376,6512,29390,6513,29401,6514,29399,6515,29392,6516,29609,6517,29608,6518,29599,6519,29611,6520,29605,6521,30013,6522,30109,6523,30105,6524,30106,6525,30340,6526,30402,6527,30450,6528,30452,6529,30693,6530,30717,6531,31038,6532,31040,6533,31041,6534,31177,6535,31176,6536,31354,6537,31353,6538,31482,6539,31998,6540,32596,6541,32652,6542,32651,6543,32773,6544,32954,6545,32933,6546,32930,6547,32945,6548,32929,6549,32939,6550,32937,6551,32948,6552,32938,6553,32943,6554,33253,6555,33278,6556,33293,6557,33459,6558,33437,6559,33433,6560,33453,6561,33469,6562,33439,6563,33465,6564,33457,6565,33452,6566,33445,6567,33455,6568,33464,6569,33443,6570,33456,6571,33470,6572,33463,6573,34382,6574,34417,6575,21021,6576,34920,6577,36555,6578,36814,6579,36820,6580,36817,6581,37045,6582,37048,6583,37041,6584,37046,6585,37319,6586,37329,6587,38263,6588,38272,6589,38428,6590,38464,6591,38463,6592,38459,6593,38468,6594,38466,6595,38585,6596,38632,6597,38738,6598,38750,6599,20127,6600,20141,6601,20142,6602,20449,6603,20405,6604,20399,6605,20415,6606,20448,6607,20433,6608,20431,6609,20445,6610,20419,6611,20406,6612,20440,6613,20447,6614,20426,6615,20439,6616,20398,6617,20432,6618,20420,6619,20418,6620,20442,6621,20430,6622,20446,6623,20407,6624,20823,6625,20882,6626,20881,6627,20896,6628,21070,6629,21059,6630,21066,6631,21069,6632,21068,6633,21067,6634,21063,6635,21191,6636,21193,6637,21187,6638,21185,6639,21261,6640,21335,6641,21371,6642,21402,6643,21467,6644,21676,6645,21696,6646,21672,6647,21710,6648,21705,6649,21688,6650,21670,6651,21683,6652,21703,6653,21698,6654,21693,6655,21674,6656,21697,6657,21700,6658,21704,6659,21679,6660,21675,6661,21681,6662,21691,6663,21673,6664,21671,6665,21695,6666,22271,6667,22402,6668,22411,6669,22432,6670,22435,6671,22434,6672,22478,6673,22446,6674,22419,6675,22869,6676,22865,6677,22863,6678,22862,6679,22864,6680,23004,6681,23000,6682,23039,6683,23011,6684,23016,6685,23043,6686,23013,6687,23018,6688,23002,6689,23014,6690,23041,6691,23035,6692,23401,6693,23459,6694,23462,6695,23460,6696,23458,6697,23461,6698,23553,6699,23630,6700,23631,6701,23629,6702,23627,6703,23769,6704,23762,6705,24055,6706,24093,6707,24101,6708,24095,6709,24189,6710,24224,6711,24230,6712,24314,6713,24328,6714,24365,6715,24421,6716,24456,6717,24453,6718,24458,6719,24459,6720,24455,6721,24460,6722,24457,6723,24594,6724,24605,6725,24608,6726,24613,6727,24590,6728,24616,6729,24653,6730,24688,6731,24680,6732,24674,6733,24646,6734,24643,6735,24684,6736,24683,6737,24682,6738,24676,6739,25153,6740,25308,6741,25366,6742,25353,6743,25340,6744,25325,6745,25345,6746,25326,6747,25341,6748,25351,6749,25329,6750,25335,6751,25327,6752,25324,6753,25342,6754,25332,6755,25361,6756,25346,6757,25919,6758,25925,6759,26027,6760,26045,6761,26082,6762,26149,6763,26157,6764,26144,6765,26151,6766,26159,6767,26143,6768,26152,6769,26161,6770,26148,6771,26359,6772,26623,6773,26579,6774,26609,6775,26580,6776,26576,6777,26604,6778,26550,6779,26543,6780,26613,6781,26601,6782,26607,6783,26564,6784,26577,6785,26548,6786,26586,6787,26597,6788,26552,6789,26575,6790,26590,6791,26611,6792,26544,6793,26585,6794,26594,6795,26589,6796,26578,6797,27498,6798,27523,6799,27526,6800,27573,6801,27602,6802,27607,6803,27679,6804,27849,6805,27915,6806,27954,6807,27946,6808,27969,6809,27941,6810,27916,6811,27953,6812,27934,6813,27927,6814,27963,6815,27965,6816,27966,6817,27958,6818,27931,6819,27893,6820,27961,6821,27943,6822,27960,6823,27945,6824,27950,6825,27957,6826,27918,6827,27947,6828,28843,6829,28858,6830,28851,6831,28844,6832,28847,6833,28845,6834,28856,6835,28846,6836,28836,6837,29232,6838,29298,6839,29295,6840,29300,6841,29417,6842,29408,6843,29409,6844,29623,6845,29642,6846,29627,6847,29618,6848,29645,6849,29632,6850,29619,6851,29978,6852,29997,6853,30031,6854,30028,6855,30030,6856,30027,6857,30123,6858,30116,6859,30117,6860,30114,6861,30115,6862,30328,6863,30342,6864,30343,6865,30344,6866,30408,6867,30406,6868,30403,6869,30405,6870,30465,6871,30457,6872,30456,6873,30473,6874,30475,6875,30462,6876,30460,6877,30471,6878,30684,6879,30722,6880,30740,6881,30732,6882,30733,6883,31046,6884,31049,6885,31048,6886,31047,6887,31161,6888,31162,6889,31185,6890,31186,6891,31179,6892,31359,6893,31361,6894,31487,6895,31485,6896,31869,6897,32002,6898,32005,6899,32000,6900,32009,6901,32007,6902,32004,6903,32006,6904,32568,6905,32654,6906,32703,6907,32772,6908,32784,6909,32781,6910,32785,6911,32822,6912,32982,6913,32997,6914,32986,6915,32963,6916,32964,6917,32972,6918,32993,6919,32987,6920,32974,6921,32990,6922,32996,6923,32989,6924,33268,6925,33314,6926,33511,6927,33539,6928,33541,6929,33507,6930,33499,6931,33510,6932,33540,6933,33509,6934,33538,6935,33545,6936,33490,6937,33495,6938,33521,6939,33537,6940,33500,6941,33492,6942,33489,6943,33502,6944,33491,6945,33503,6946,33519,6947,33542,6948,34384,6949,34425,6950,34427,6951,34426,6952,34893,6953,34923,6954,35201,6955,35284,6956,35336,6957,35330,6958,35331,6959,35998,6960,36000,6961,36212,6962,36211,6963,36276,6964,36557,6965,36556,6966,36848,6967,36838,6968,36834,6969,36842,6970,36837,6971,36845,6972,36843,6973,36836,6974,36840,6975,37066,6976,37070,6977,37057,6978,37059,6979,37195,6980,37194,6981,37325,6982,38274,6983,38480,6984,38475,6985,38476,6986,38477,6987,38754,6988,38761,6989,38859,6990,38893,6991,38899,6992,38913,6993,39080,6994,39131,6995,39135,6996,39318,6997,39321,6998,20056,6999,20147,7000,20492,7001,20493,7002,20515,7003,20463,7004,20518,7005,20517,7006,20472,7007,20521,7008,20502,7009,20486,7010,20540,7011,20511,7012,20506,7013,20498,7014,20497,7015,20474,7016,20480,7017,20500,7018,20520,7019,20465,7020,20513,7021,20491,7022,20505,7023,20504,7024,20467,7025,20462,7026,20525,7027,20522,7028,20478,7029,20523,7030,20489,7031,20860,7032,20900,7033,20901,7034,20898,7035,20941,7036,20940,7037,20934,7038,20939,7039,21078,7040,21084,7041,21076,7042,21083,7043,21085,7044,21290,7045,21375,7046,21407,7047,21405,7048,21471,7049,21736,7050,21776,7051,21761,7052,21815,7053,21756,7054,21733,7055,21746,7056,21766,7057,21754,7058,21780,7059,21737,7060,21741,7061,21729,7062,21769,7063,21742,7064,21738,7065,21734,7066,21799,7067,21767,7068,21757,7069,21775,7070,22275,7071,22276,7072,22466,7073,22484,7074,22475,7075,22467,7076,22537,7077,22799,7078,22871,7079,22872,7080,22874,7081,23057,7082,23064,7083,23068,7084,23071,7085,23067,7086,23059,7087,23020,7088,23072,7089,23075,7090,23081,7091,23077,7092,23052,7093,23049,7094,23403,7095,23640,7096,23472,7097,23475,7098,23478,7099,23476,7100,23470,7101,23477,7102,23481,7103,23480,7104,23556,7105,23633,7106,23637,7107,23632,7108,23789,7109,23805,7110,23803,7111,23786,7112,23784,7113,23792,7114,23798,7115,23809,7116,23796,7117,24046,7118,24109,7119,24107,7120,24235,7121,24237,7122,24231,7123,24369,7124,24466,7125,24465,7126,24464,7127,24665,7128,24675,7129,24677,7130,24656,7131,24661,7132,24685,7133,24681,7134,24687,7135,24708,7136,24735,7137,24730,7138,24717,7139,24724,7140,24716,7141,24709,7142,24726,7143,25159,7144,25331,7145,25352,7146,25343,7147,25422,7148,25406,7149,25391,7150,25429,7151,25410,7152,25414,7153,25423,7154,25417,7155,25402,7156,25424,7157,25405,7158,25386,7159,25387,7160,25384,7161,25421,7162,25420,7163,25928,7164,25929,7165,26009,7166,26049,7167,26053,7168,26178,7169,26185,7170,26191,7171,26179,7172,26194,7173,26188,7174,26181,7175,26177,7176,26360,7177,26388,7178,26389,7179,26391,7180,26657,7181,26680,7182,26696,7183,26694,7184,26707,7185,26681,7186,26690,7187,26708,7188,26665,7189,26803,7190,26647,7191,26700,7192,26705,7193,26685,7194,26612,7195,26704,7196,26688,7197,26684,7198,26691,7199,26666,7200,26693,7201,26643,7202,26648,7203,26689,7204,27530,7205,27529,7206,27575,7207,27683,7208,27687,7209,27688,7210,27686,7211,27684,7212,27888,7213,28010,7214,28053,7215,28040,7216,28039,7217,28006,7218,28024,7219,28023,7220,27993,7221,28051,7222,28012,7223,28041,7224,28014,7225,27994,7226,28020,7227,28009,7228,28044,7229,28042,7230,28025,7231,28037,7232,28005,7233,28052,7234,28874,7235,28888,7236,28900,7237,28889,7238,28872,7239,28879,7240,29241,7241,29305,7242,29436,7243,29433,7244,29437,7245,29432,7246,29431,7247,29574,7248,29677,7249,29705,7250,29678,7251,29664,7252,29674,7253,29662,7254,30036,7255,30045,7256,30044,7257,30042,7258,30041,7259,30142,7260,30149,7261,30151,7262,30130,7263,30131,7264,30141,7265,30140,7266,30137,7267,30146,7268,30136,7269,30347,7270,30384,7271,30410,7272,30413,7273,30414,7274,30505,7275,30495,7276,30496,7277,30504,7278,30697,7279,30768,7280,30759,7281,30776,7282,30749,7283,30772,7284,30775,7285,30757,7286,30765,7287,30752,7288,30751,7289,30770,7290,31061,7291,31056,7292,31072,7293,31071,7294,31062,7295,31070,7296,31069,7297,31063,7298,31066,7299,31204,7300,31203,7301,31207,7302,31199,7303,31206,7304,31209,7305,31192,7306,31364,7307,31368,7308,31449,7309,31494,7310,31505,7311,31881,7312,32033,7313,32023,7314,32011,7315,32010,7316,32032,7317,32034,7318,32020,7319,32016,7320,32021,7321,32026,7322,32028,7323,32013,7324,32025,7325,32027,7326,32570,7327,32607,7328,32660,7329,32709,7330,32705,7331,32774,7332,32792,7333,32789,7334,32793,7335,32791,7336,32829,7337,32831,7338,33009,7339,33026,7340,33008,7341,33029,7342,33005,7343,33012,7344,33030,7345,33016,7346,33011,7347,33032,7348,33021,7349,33034,7350,33020,7351,33007,7352,33261,7353,33260,7354,33280,7355,33296,7356,33322,7357,33323,7358,33320,7359,33324,7360,33467,7361,33579,7362,33618,7363,33620,7364,33610,7365,33592,7366,33616,7367,33609,7368,33589,7369,33588,7370,33615,7371,33586,7372,33593,7373,33590,7374,33559,7375,33600,7376,33585,7377,33576,7378,33603,7379,34388,7380,34442,7381,34474,7382,34451,7383,34468,7384,34473,7385,34444,7386,34467,7387,34460,7388,34928,7389,34935,7390,34945,7391,34946,7392,34941,7393,34937,7394,35352,7395,35344,7396,35342,7397,35340,7398,35349,7399,35338,7400,35351,7401,35347,7402,35350,7403,35343,7404,35345,7405,35912,7406,35962,7407,35961,7408,36001,7409,36002,7410,36215,7411,36524,7412,36562,7413,36564,7414,36559,7415,36785,7416,36865,7417,36870,7418,36855,7419,36864,7420,36858,7421,36852,7422,36867,7423,36861,7424,36869,7425,36856,7426,37013,7427,37089,7428,37085,7429,37090,7430,37202,7431,37197,7432,37196,7433,37336,7434,37341,7435,37335,7436,37340,7437,37337,7438,38275,7439,38498,7440,38499,7441,38497,7442,38491,7443,38493,7444,38500,7445,38488,7446,38494,7447,38587,7448,39138,7449,39340,7450,39592,7451,39640,7452,39717,7453,39730,7454,39740,7455,20094,7456,20602,7457,20605,7458,20572,7459,20551,7460,20547,7461,20556,7462,20570,7463,20553,7464,20581,7465,20598,7466,20558,7467,20565,7468,20597,7469,20596,7470,20599,7471,20559,7472,20495,7473,20591,7474,20589,7475,20828,7476,20885,7477,20976,7478,21098,7479,21103,7480,21202,7481,21209,7482,21208,7483,21205,7484,21264,7485,21263,7486,21273,7487,21311,7488,21312,7489,21310,7490,21443,7491,26364,7492,21830,7493,21866,7494,21862,7495,21828,7496,21854,7497,21857,7498,21827,7499,21834,7500,21809,7501,21846,7502,21839,7503,21845,7504,21807,7505,21860,7506,21816,7507,21806,7508,21852,7509,21804,7510,21859,7511,21811,7512,21825,7513,21847,7514,22280,7515,22283,7516,22281,7517,22495,7518,22533,7519,22538,7520,22534,7521,22496,7522,22500,7523,22522,7524,22530,7525,22581,7526,22519,7527,22521,7528,22816,7529,22882,7530,23094,7531,23105,7532,23113,7533,23142,7534,23146,7535,23104,7536,23100,7537,23138,7538,23130,7539,23110,7540,23114,7541,23408,7542,23495,7543,23493,7544,23492,7545,23490,7546,23487,7547,23494,7548,23561,7549,23560,7550,23559,7551,23648,7552,23644,7553,23645,7554,23815,7555,23814,7556,23822,7557,23835,7558,23830,7559,23842,7560,23825,7561,23849,7562,23828,7563,23833,7564,23844,7565,23847,7566,23831,7567,24034,7568,24120,7569,24118,7570,24115,7571,24119,7572,24247,7573,24248,7574,24246,7575,24245,7576,24254,7577,24373,7578,24375,7579,24407,7580,24428,7581,24425,7582,24427,7583,24471,7584,24473,7585,24478,7586,24472,7587,24481,7588,24480,7589,24476,7590,24703,7591,24739,7592,24713,7593,24736,7594,24744,7595,24779,7596,24756,7597,24806,7598,24765,7599,24773,7600,24763,7601,24757,7602,24796,7603,24764,7604,24792,7605,24789,7606,24774,7607,24799,7608,24760,7609,24794,7610,24775,7611,25114,7612,25115,7613,25160,7614,25504,7615,25511,7616,25458,7617,25494,7618,25506,7619,25509,7620,25463,7621,25447,7622,25496,7623,25514,7624,25457,7625,25513,7626,25481,7627,25475,7628,25499,7629,25451,7630,25512,7631,25476,7632,25480,7633,25497,7634,25505,7635,25516,7636,25490,7637,25487,7638,25472,7639,25467,7640,25449,7641,25448,7642,25466,7643,25949,7644,25942,7645,25937,7646,25945,7647,25943,7648,21855,7649,25935,7650,25944,7651,25941,7652,25940,7653,26012,7654,26011,7655,26028,7656,26063,7657,26059,7658,26060,7659,26062,7660,26205,7661,26202,7662,26212,7663,26216,7664,26214,7665,26206,7666,26361,7667,21207,7668,26395,7669,26753,7670,26799,7671,26786,7672,26771,7673,26805,7674,26751,7675,26742,7676,26801,7677,26791,7678,26775,7679,26800,7680,26755,7681,26820,7682,26797,7683,26758,7684,26757,7685,26772,7686,26781,7687,26792,7688,26783,7689,26785,7690,26754,7691,27442,7692,27578,7693,27627,7694,27628,7695,27691,7696,28046,7697,28092,7698,28147,7699,28121,7700,28082,7701,28129,7702,28108,7703,28132,7704,28155,7705,28154,7706,28165,7707,28103,7708,28107,7709,28079,7710,28113,7711,28078,7712,28126,7713,28153,7714,28088,7715,28151,7716,28149,7717,28101,7718,28114,7719,28186,7720,28085,7721,28122,7722,28139,7723,28120,7724,28138,7725,28145,7726,28142,7727,28136,7728,28102,7729,28100,7730,28074,7731,28140,7732,28095,7733,28134,7734,28921,7735,28937,7736,28938,7737,28925,7738,28911,7739,29245,7740,29309,7741,29313,7742,29468,7743,29467,7744,29462,7745,29459,7746,29465,7747,29575,7748,29701,7749,29706,7750,29699,7751,29702,7752,29694,7753,29709,7754,29920,7755,29942,7756,29943,7757,29980,7758,29986,7759,30053,7760,30054,7761,30050,7762,30064,7763,30095,7764,30164,7765,30165,7766,30133,7767,30154,7768,30157,7769,30350,7770,30420,7771,30418,7772,30427,7773,30519,7774,30526,7775,30524,7776,30518,7777,30520,7778,30522,7779,30827,7780,30787,7781,30798,7782,31077,7783,31080,7784,31085,7785,31227,7786,31378,7787,31381,7788,31520,7789,31528,7790,31515,7791,31532,7792,31526,7793,31513,7794,31518,7795,31534,7796,31890,7797,31895,7798,31893,7799,32070,7800,32067,7801,32113,7802,32046,7803,32057,7804,32060,7805,32064,7806,32048,7807,32051,7808,32068,7809,32047,7810,32066,7811,32050,7812,32049,7813,32573,7814,32670,7815,32666,7816,32716,7817,32718,7818,32722,7819,32796,7820,32842,7821,32838,7822,33071,7823,33046,7824,33059,7825,33067,7826,33065,7827,33072,7828,33060,7829,33282,7830,33333,7831,33335,7832,33334,7833,33337,7834,33678,7835,33694,7836,33688,7837,33656,7838,33698,7839,33686,7840,33725,7841,33707,7842,33682,7843,33674,7844,33683,7845,33673,7846,33696,7847,33655,7848,33659,7849,33660,7850,33670,7851,33703,7852,34389,7853,24426,7854,34503,7855,34496,7856,34486,7857,34500,7858,34485,7859,34502,7860,34507,7861,34481,7862,34479,7863,34505,7864,34899,7865,34974,7866,34952,7867,34987,7868,34962,7869,34966,7870,34957,7871,34955,7872,35219,7873,35215,7874,35370,7875,35357,7876,35363,7877,35365,7878,35377,7879,35373,7880,35359,7881,35355,7882,35362,7883,35913,7884,35930,7885,36009,7886,36012,7887,36011,7888,36008,7889,36010,7890,36007,7891,36199,7892,36198,7893,36286,7894,36282,7895,36571,7896,36575,7897,36889,7898,36877,7899,36890,7900,36887,7901,36899,7902,36895,7903,36893,7904,36880,7905,36885,7906,36894,7907,36896,7908,36879,7909,36898,7910,36886,7911,36891,7912,36884,7913,37096,7914,37101,7915,37117,7916,37207,7917,37326,7918,37365,7919,37350,7920,37347,7921,37351,7922,37357,7923,37353,7924,38281,7925,38506,7926,38517,7927,38515,7928,38520,7929,38512,7930,38516,7931,38518,7932,38519,7933,38508,7934,38592,7935,38634,7936,38633,7937,31456,7938,31455,7939,38914,7940,38915,7941,39770,7942,40165,7943,40565,7944,40575,7945,40613,7946,40635,7947,20642,7948,20621,7949,20613,7950,20633,7951,20625,7952,20608,7953,20630,7954,20632,7955,20634,7956,26368,7957,20977,7958,21106,7959,21108,7960,21109,7961,21097,7962,21214,7963,21213,7964,21211,7965,21338,7966,21413,7967,21883,7968,21888,7969,21927,7970,21884,7971,21898,7972,21917,7973,21912,7974,21890,7975,21916,7976,21930,7977,21908,7978,21895,7979,21899,7980,21891,7981,21939,7982,21934,7983,21919,7984,21822,7985,21938,7986,21914,7987,21947,7988,21932,7989,21937,7990,21886,7991,21897,7992,21931,7993,21913,7994,22285,7995,22575,7996,22570,7997,22580,7998,22564,7999,22576,8000,22577,8001,22561,8002,22557,8003,22560,8004,22777,8005,22778,8006,22880,8007,23159,8008,23194,8009,23167,8010,23186,8011,23195,8012,23207,8013,23411,8014,23409,8015,23506,8016,23500,8017,23507,8018,23504,8019,23562,8020,23563,8021,23601,8022,23884,8023,23888,8024,23860,8025,23879,8026,24061,8027,24133,8028,24125,8029,24128,8030,24131,8031,24190,8032,24266,8033,24257,8034,24258,8035,24260,8036,24380,8037,24429,8038,24489,8039,24490,8040,24488,8041,24785,8042,24801,8043,24754,8044,24758,8045,24800,8046,24860,8047,24867,8048,24826,8049,24853,8050,24816,8051,24827,8052,24820,8053,24936,8054,24817,8055,24846,8056,24822,8057,24841,8058,24832,8059,24850,8060,25119,8061,25161,8062,25507,8063,25484,8064,25551,8065,25536,8066,25577,8067,25545,8068,25542,8069,25549,8070,25554,8071,25571,8072,25552,8073,25569,8074,25558,8075,25581,8076,25582,8077,25462,8078,25588,8079,25578,8080,25563,8081,25682,8082,25562,8083,25593,8084,25950,8085,25958,8086,25954,8087,25955,8088,26001,8089,26000,8090,26031,8091,26222,8092,26224,8093,26228,8094,26230,8095,26223,8096,26257,8097,26234,8098,26238,8099,26231,8100,26366,8101,26367,8102,26399,8103,26397,8104,26874,8105,26837,8106,26848,8107,26840,8108,26839,8109,26885,8110,26847,8111,26869,8112,26862,8113,26855,8114,26873,8115,26834,8116,26866,8117,26851,8118,26827,8119,26829,8120,26893,8121,26898,8122,26894,8123,26825,8124,26842,8125,26990,8126,26875,8127,27454,8128,27450,8129,27453,8130,27544,8131,27542,8132,27580,8133,27631,8134,27694,8135,27695,8136,27692,8137,28207,8138,28216,8139,28244,8140,28193,8141,28210,8142,28263,8143,28234,8144,28192,8145,28197,8146,28195,8147,28187,8148,28251,8149,28248,8150,28196,8151,28246,8152,28270,8153,28205,8154,28198,8155,28271,8156,28212,8157,28237,8158,28218,8159,28204,8160,28227,8161,28189,8162,28222,8163,28363,8164,28297,8165,28185,8166,28238,8167,28259,8168,28228,8169,28274,8170,28265,8171,28255,8172,28953,8173,28954,8174,28966,8175,28976,8176,28961,8177,28982,8178,29038,8179,28956,8180,29260,8181,29316,8182,29312,8183,29494,8184,29477,8185,29492,8186,29481,8187,29754,8188,29738,8189,29747,8190,29730,8191,29733,8192,29749,8193,29750,8194,29748,8195,29743,8196,29723,8197,29734,8198,29736,8199,29989,8200,29990,8201,30059,8202,30058,8203,30178,8204,30171,8205,30179,8206,30169,8207,30168,8208,30174,8209,30176,8210,30331,8211,30332,8212,30358,8213,30355,8214,30388,8215,30428,8216,30543,8217,30701,8218,30813,8219,30828,8220,30831,8221,31245,8222,31240,8223,31243,8224,31237,8225,31232,8226,31384,8227,31383,8228,31382,8229,31461,8230,31459,8231,31561,8232,31574,8233,31558,8234,31568,8235,31570,8236,31572,8237,31565,8238,31563,8239,31567,8240,31569,8241,31903,8242,31909,8243,32094,8244,32080,8245,32104,8246,32085,8247,32043,8248,32110,8249,32114,8250,32097,8251,32102,8252,32098,8253,32112,8254,32115,8255,21892,8256,32724,8257,32725,8258,32779,8259,32850,8260,32901,8261,33109,8262,33108,8263,33099,8264,33105,8265,33102,8266,33081,8267,33094,8268,33086,8269,33100,8270,33107,8271,33140,8272,33298,8273,33308,8274,33769,8275,33795,8276,33784,8277,33805,8278,33760,8279,33733,8280,33803,8281,33729,8282,33775,8283,33777,8284,33780,8285,33879,8286,33802,8287,33776,8288,33804,8289,33740,8290,33789,8291,33778,8292,33738,8293,33848,8294,33806,8295,33796,8296,33756,8297,33799,8298,33748,8299,33759,8300,34395,8301,34527,8302,34521,8303,34541,8304,34516,8305,34523,8306,34532,8307,34512,8308,34526,8309,34903,8310,35009,8311,35010,8312,34993,8313,35203,8314,35222,8315,35387,8316,35424,8317,35413,8318,35422,8319,35388,8320,35393,8321,35412,8322,35419,8323,35408,8324,35398,8325,35380,8326,35386,8327,35382,8328,35414,8329,35937,8330,35970,8331,36015,8332,36028,8333,36019,8334,36029,8335,36033,8336,36027,8337,36032,8338,36020,8339,36023,8340,36022,8341,36031,8342,36024,8343,36234,8344,36229,8345,36225,8346,36302,8347,36317,8348,36299,8349,36314,8350,36305,8351,36300,8352,36315,8353,36294,8354,36603,8355,36600,8356,36604,8357,36764,8358,36910,8359,36917,8360,36913,8361,36920,8362,36914,8363,36918,8364,37122,8365,37109,8366,37129,8367,37118,8368,37219,8369,37221,8370,37327,8371,37396,8372,37397,8373,37411,8374,37385,8375,37406,8376,37389,8377,37392,8378,37383,8379,37393,8380,38292,8381,38287,8382,38283,8383,38289,8384,38291,8385,38290,8386,38286,8387,38538,8388,38542,8389,38539,8390,38525,8391,38533,8392,38534,8393,38541,8394,38514,8395,38532,8396,38593,8397,38597,8398,38596,8399,38598,8400,38599,8401,38639,8402,38642,8403,38860,8404,38917,8405,38918,8406,38920,8407,39143,8408,39146,8409,39151,8410,39145,8411,39154,8412,39149,8413,39342,8414,39341,8415,40643,8416,40653,8417,40657,8418,20098,8419,20653,8420,20661,8421,20658,8422,20659,8423,20677,8424,20670,8425,20652,8426,20663,8427,20667,8428,20655,8429,20679,8430,21119,8431,21111,8432,21117,8433,21215,8434,21222,8435,21220,8436,21218,8437,21219,8438,21295,8439,21983,8440,21992,8441,21971,8442,21990,8443,21966,8444,21980,8445,21959,8446,21969,8447,21987,8448,21988,8449,21999,8450,21978,8451,21985,8452,21957,8453,21958,8454,21989,8455,21961,8456,22290,8457,22291,8458,22622,8459,22609,8460,22616,8461,22615,8462,22618,8463,22612,8464,22635,8465,22604,8466,22637,8467,22602,8468,22626,8469,22610,8470,22603,8471,22887,8472,23233,8473,23241,8474,23244,8475,23230,8476,23229,8477,23228,8478,23219,8479,23234,8480,23218,8481,23913,8482,23919,8483,24140,8484,24185,8485,24265,8486,24264,8487,24338,8488,24409,8489,24492,8490,24494,8491,24858,8492,24847,8493,24904,8494,24863,8495,24819,8496,24859,8497,24825,8498,24833,8499,24840,8500,24910,8501,24908,8502,24900,8503,24909,8504,24894,8505,24884,8506,24871,8507,24845,8508,24838,8509,24887,8510,25121,8511,25122,8512,25619,8513,25662,8514,25630,8515,25642,8516,25645,8517,25661,8518,25644,8519,25615,8520,25628,8521,25620,8522,25613,8523,25654,8524,25622,8525,25623,8526,25606,8527,25964,8528,26015,8529,26032,8530,26263,8531,26249,8532,26247,8533,26248,8534,26262,8535,26244,8536,26264,8537,26253,8538,26371,8539,27028,8540,26989,8541,26970,8542,26999,8543,26976,8544,26964,8545,26997,8546,26928,8547,27010,8548,26954,8549,26984,8550,26987,8551,26974,8552,26963,8553,27001,8554,27014,8555,26973,8556,26979,8557,26971,8558,27463,8559,27506,8560,27584,8561,27583,8562,27603,8563,27645,8564,28322,8565,28335,8566,28371,8567,28342,8568,28354,8569,28304,8570,28317,8571,28359,8572,28357,8573,28325,8574,28312,8575,28348,8576,28346,8577,28331,8578,28369,8579,28310,8580,28316,8581,28356,8582,28372,8583,28330,8584,28327,8585,28340,8586,29006,8587,29017,8588,29033,8589,29028,8590,29001,8591,29031,8592,29020,8593,29036,8594,29030,8595,29004,8596,29029,8597,29022,8598,28998,8599,29032,8600,29014,8601,29242,8602,29266,8603,29495,8604,29509,8605,29503,8606,29502,8607,29807,8608,29786,8609,29781,8610,29791,8611,29790,8612,29761,8613,29759,8614,29785,8615,29787,8616,29788,8617,30070,8618,30072,8619,30208,8620,30192,8621,30209,8622,30194,8623,30193,8624,30202,8625,30207,8626,30196,8627,30195,8628,30430,8629,30431,8630,30555,8631,30571,8632,30566,8633,30558,8634,30563,8635,30585,8636,30570,8637,30572,8638,30556,8639,30565,8640,30568,8641,30562,8642,30702,8643,30862,8644,30896,8645,30871,8646,30872,8647,30860,8648,30857,8649,30844,8650,30865,8651,30867,8652,30847,8653,31098,8654,31103,8655,31105,8656,33836,8657,31165,8658,31260,8659,31258,8660,31264,8661,31252,8662,31263,8663,31262,8664,31391,8665,31392,8666,31607,8667,31680,8668,31584,8669,31598,8670,31591,8671,31921,8672,31923,8673,31925,8674,32147,8675,32121,8676,32145,8677,32129,8678,32143,8679,32091,8680,32622,8681,32617,8682,32618,8683,32626,8684,32681,8685,32680,8686,32676,8687,32854,8688,32856,8689,32902,8690,32900,8691,33137,8692,33136,8693,33144,8694,33125,8695,33134,8696,33139,8697,33131,8698,33145,8699,33146,8700,33126,8701,33285,8702,33351,8703,33922,8704,33911,8705,33853,8706,33841,8707,33909,8708,33894,8709,33899,8710,33865,8711,33900,8712,33883,8713,33852,8714,33845,8715,33889,8716,33891,8717,33897,8718,33901,8719,33862,8720,34398,8721,34396,8722,34399,8723,34553,8724,34579,8725,34568,8726,34567,8727,34560,8728,34558,8729,34555,8730,34562,8731,34563,8732,34566,8733,34570,8734,34905,8735,35039,8736,35028,8737,35033,8738,35036,8739,35032,8740,35037,8741,35041,8742,35018,8743,35029,8744,35026,8745,35228,8746,35299,8747,35435,8748,35442,8749,35443,8750,35430,8751,35433,8752,35440,8753,35463,8754,35452,8755,35427,8756,35488,8757,35441,8758,35461,8759,35437,8760,35426,8761,35438,8762,35436,8763,35449,8764,35451,8765,35390,8766,35432,8767,35938,8768,35978,8769,35977,8770,36042,8771,36039,8772,36040,8773,36036,8774,36018,8775,36035,8776,36034,8777,36037,8778,36321,8779,36319,8780,36328,8781,36335,8782,36339,8783,36346,8784,36330,8785,36324,8786,36326,8787,36530,8788,36611,8789,36617,8790,36606,8791,36618,8792,36767,8793,36786,8794,36939,8795,36938,8796,36947,8797,36930,8798,36948,8799,36924,8800,36949,8801,36944,8802,36935,8803,36943,8804,36942,8805,36941,8806,36945,8807,36926,8808,36929,8809,37138,8810,37143,8811,37228,8812,37226,8813,37225,8814,37321,8815,37431,8816,37463,8817,37432,8818,37437,8819,37440,8820,37438,8821,37467,8822,37451,8823,37476,8824,37457,8825,37428,8826,37449,8827,37453,8828,37445,8829,37433,8830,37439,8831,37466,8832,38296,8833,38552,8834,38548,8835,38549,8836,38605,8837,38603,8838,38601,8839,38602,8840,38647,8841,38651,8842,38649,8843,38646,8844,38742,8845,38772,8846,38774,8847,38928,8848,38929,8849,38931,8850,38922,8851,38930,8852,38924,8853,39164,8854,39156,8855,39165,8856,39166,8857,39347,8858,39345,8859,39348,8860,39649,8861,40169,8862,40578,8863,40718,8864,40723,8865,40736,8866,20711,8867,20718,8868,20709,8869,20694,8870,20717,8871,20698,8872,20693,8873,20687,8874,20689,8875,20721,8876,20686,8877,20713,8878,20834,8879,20979,8880,21123,8881,21122,8882,21297,8883,21421,8884,22014,8885,22016,8886,22043,8887,22039,8888,22013,8889,22036,8890,22022,8891,22025,8892,22029,8893,22030,8894,22007,8895,22038,8896,22047,8897,22024,8898,22032,8899,22006,8900,22296,8901,22294,8902,22645,8903,22654,8904,22659,8905,22675,8906,22666,8907,22649,8908,22661,8909,22653,8910,22781,8911,22821,8912,22818,8913,22820,8914,22890,8915,22889,8916,23265,8917,23270,8918,23273,8919,23255,8920,23254,8921,23256,8922,23267,8923,23413,8924,23518,8925,23527,8926,23521,8927,23525,8928,23526,8929,23528,8930,23522,8931,23524,8932,23519,8933,23565,8934,23650,8935,23940,8936,23943,8937,24155,8938,24163,8939,24149,8940,24151,8941,24148,8942,24275,8943,24278,8944,24330,8945,24390,8946,24432,8947,24505,8948,24903,8949,24895,8950,24907,8951,24951,8952,24930,8953,24931,8954,24927,8955,24922,8956,24920,8957,24949,8958,25130,8959,25735,8960,25688,8961,25684,8962,25764,8963,25720,8964,25695,8965,25722,8966,25681,8967,25703,8968,25652,8969,25709,8970,25723,8971,25970,8972,26017,8973,26071,8974,26070,8975,26274,8976,26280,8977,26269,8978,27036,8979,27048,8980,27029,8981,27073,8982,27054,8983,27091,8984,27083,8985,27035,8986,27063,8987,27067,8988,27051,8989,27060,8990,27088,8991,27085,8992,27053,8993,27084,8994,27046,8995,27075,8996,27043,8997,27465,8998,27468,8999,27699,9000,28467,9001,28436,9002,28414,9003,28435,9004,28404,9005,28457,9006,28478,9007,28448,9008,28460,9009,28431,9010,28418,9011,28450,9012,28415,9013,28399,9014,28422,9015,28465,9016,28472,9017,28466,9018,28451,9019,28437,9020,28459,9021,28463,9022,28552,9023,28458,9024,28396,9025,28417,9026,28402,9027,28364,9028,28407,9029,29076,9030,29081,9031,29053,9032,29066,9033,29060,9034,29074,9035,29246,9036,29330,9037,29334,9038,29508,9039,29520,9040,29796,9041,29795,9042,29802,9043,29808,9044,29805,9045,29956,9046,30097,9047,30247,9048,30221,9049,30219,9050,30217,9051,30227,9052,30433,9053,30435,9054,30596,9055,30589,9056,30591,9057,30561,9058,30913,9059,30879,9060,30887,9061,30899,9062,30889,9063,30883,9064,31118,9065,31119,9066,31117,9067,31278,9068,31281,9069,31402,9070,31401,9071,31469,9072,31471,9073,31649,9074,31637,9075,31627,9076,31605,9077,31639,9078,31645,9079,31636,9080,31631,9081,31672,9082,31623,9083,31620,9084,31929,9085,31933,9086,31934,9087,32187,9088,32176,9089,32156,9090,32189,9091,32190,9092,32160,9093,32202,9094,32180,9095,32178,9096,32177,9097,32186,9098,32162,9099,32191,9100,32181,9101,32184,9102,32173,9103,32210,9104,32199,9105,32172,9106,32624,9107,32736,9108,32737,9109,32735,9110,32862,9111,32858,9112,32903,9113,33104,9114,33152,9115,33167,9116,33160,9117,33162,9118,33151,9119,33154,9120,33255,9121,33274,9122,33287,9123,33300,9124,33310,9125,33355,9126,33993,9127,33983,9128,33990,9129,33988,9130,33945,9131,33950,9132,33970,9133,33948,9134,33995,9135,33976,9136,33984,9137,34003,9138,33936,9139,33980,9140,34001,9141,33994,9142,34623,9143,34588,9144,34619,9145,34594,9146,34597,9147,34612,9148,34584,9149,34645,9150,34615,9151,34601,9152,35059,9153,35074,9154,35060,9155,35065,9156,35064,9157,35069,9158,35048,9159,35098,9160,35055,9161,35494,9162,35468,9163,35486,9164,35491,9165,35469,9166,35489,9167,35475,9168,35492,9169,35498,9170,35493,9171,35496,9172,35480,9173,35473,9174,35482,9175,35495,9176,35946,9177,35981,9178,35980,9179,36051,9180,36049,9181,36050,9182,36203,9183,36249,9184,36245,9185,36348,9186,36628,9187,36626,9188,36629,9189,36627,9190,36771,9191,36960,9192,36952,9193,36956,9194,36963,9195,36953,9196,36958,9197,36962,9198,36957,9199,36955,9200,37145,9201,37144,9202,37150,9203,37237,9204,37240,9205,37239,9206,37236,9207,37496,9208,37504,9209,37509,9210,37528,9211,37526,9212,37499,9213,37523,9214,37532,9215,37544,9216,37500,9217,37521,9218,38305,9219,38312,9220,38313,9221,38307,9222,38309,9223,38308,9224,38553,9225,38556,9226,38555,9227,38604,9228,38610,9229,38656,9230,38780,9231,38789,9232,38902,9233,38935,9234,38936,9235,39087,9236,39089,9237,39171,9238,39173,9239,39180,9240,39177,9241,39361,9242,39599,9243,39600,9244,39654,9245,39745,9246,39746,9247,40180,9248,40182,9249,40179,9250,40636,9251,40763,9252,40778,9253,20740,9254,20736,9255,20731,9256,20725,9257,20729,9258,20738,9259,20744,9260,20745,9261,20741,9262,20956,9263,21127,9264,21128,9265,21129,9266,21133,9267,21130,9268,21232,9269,21426,9270,22062,9271,22075,9272,22073,9273,22066,9274,22079,9275,22068,9276,22057,9277,22099,9278,22094,9279,22103,9280,22132,9281,22070,9282,22063,9283,22064,9284,22656,9285,22687,9286,22686,9287,22707,9288,22684,9289,22702,9290,22697,9291,22694,9292,22893,9293,23305,9294,23291,9295,23307,9296,23285,9297,23308,9298,23304,9299,23534,9300,23532,9301,23529,9302,23531,9303,23652,9304,23653,9305,23965,9306,23956,9307,24162,9308,24159,9309,24161,9310,24290,9311,24282,9312,24287,9313,24285,9314,24291,9315,24288,9316,24392,9317,24433,9318,24503,9319,24501,9320,24950,9321,24935,9322,24942,9323,24925,9324,24917,9325,24962,9326,24956,9327,24944,9328,24939,9329,24958,9330,24999,9331,24976,9332,25003,9333,24974,9334,25004,9335,24986,9336,24996,9337,24980,9338,25006,9339,25134,9340,25705,9341,25711,9342,25721,9343,25758,9344,25778,9345,25736,9346,25744,9347,25776,9348,25765,9349,25747,9350,25749,9351,25769,9352,25746,9353,25774,9354,25773,9355,25771,9356,25754,9357,25772,9358,25753,9359,25762,9360,25779,9361,25973,9362,25975,9363,25976,9364,26286,9365,26283,9366,26292,9367,26289,9368,27171,9369,27167,9370,27112,9371,27137,9372,27166,9373,27161,9374,27133,9375,27169,9376,27155,9377,27146,9378,27123,9379,27138,9380,27141,9381,27117,9382,27153,9383,27472,9384,27470,9385,27556,9386,27589,9387,27590,9388,28479,9389,28540,9390,28548,9391,28497,9392,28518,9393,28500,9394,28550,9395,28525,9396,28507,9397,28536,9398,28526,9399,28558,9400,28538,9401,28528,9402,28516,9403,28567,9404,28504,9405,28373,9406,28527,9407,28512,9408,28511,9409,29087,9410,29100,9411,29105,9412,29096,9413,29270,9414,29339,9415,29518,9416,29527,9417,29801,9418,29835,9419,29827,9420,29822,9421,29824,9422,30079,9423,30240,9424,30249,9425,30239,9426,30244,9427,30246,9428,30241,9429,30242,9430,30362,9431,30394,9432,30436,9433,30606,9434,30599,9435,30604,9436,30609,9437,30603,9438,30923,9439,30917,9440,30906,9441,30922,9442,30910,9443,30933,9444,30908,9445,30928,9446,31295,9447,31292,9448,31296,9449,31293,9450,31287,9451,31291,9452,31407,9453,31406,9454,31661,9455,31665,9456,31684,9457,31668,9458,31686,9459,31687,9460,31681,9461,31648,9462,31692,9463,31946,9464,32224,9465,32244,9466,32239,9467,32251,9468,32216,9469,32236,9470,32221,9471,32232,9472,32227,9473,32218,9474,32222,9475,32233,9476,32158,9477,32217,9478,32242,9479,32249,9480,32629,9481,32631,9482,32687,9483,32745,9484,32806,9485,33179,9486,33180,9487,33181,9488,33184,9489,33178,9490,33176,9491,34071,9492,34109,9493,34074,9494,34030,9495,34092,9496,34093,9497,34067,9498,34065,9499,34083,9500,34081,9501,34068,9502,34028,9503,34085,9504,34047,9505,34054,9506,34690,9507,34676,9508,34678,9509,34656,9510,34662,9511,34680,9512,34664,9513,34649,9514,34647,9515,34636,9516,34643,9517,34907,9518,34909,9519,35088,9520,35079,9521,35090,9522,35091,9523,35093,9524,35082,9525,35516,9526,35538,9527,35527,9528,35524,9529,35477,9530,35531,9531,35576,9532,35506,9533,35529,9534,35522,9535,35519,9536,35504,9537,35542,9538,35533,9539,35510,9540,35513,9541,35547,9542,35916,9543,35918,9544,35948,9545,36064,9546,36062,9547,36070,9548,36068,9549,36076,9550,36077,9551,36066,9552,36067,9553,36060,9554,36074,9555,36065,9556,36205,9557,36255,9558,36259,9559,36395,9560,36368,9561,36381,9562,36386,9563,36367,9564,36393,9565,36383,9566,36385,9567,36382,9568,36538,9569,36637,9570,36635,9571,36639,9572,36649,9573,36646,9574,36650,9575,36636,9576,36638,9577,36645,9578,36969,9579,36974,9580,36968,9581,36973,9582,36983,9583,37168,9584,37165,9585,37159,9586,37169,9587,37255,9588,37257,9589,37259,9590,37251,9591,37573,9592,37563,9593,37559,9594,37610,9595,37548,9596,37604,9597,37569,9598,37555,9599,37564,9600,37586,9601,37575,9602,37616,9603,37554,9604,38317,9605,38321,9606,38660,9607,38662,9608,38663,9609,38665,9610,38752,9611,38797,9612,38795,9613,38799,9614,38945,9615,38955,9616,38940,9617,39091,9618,39178,9619,39187,9620,39186,9621,39192,9622,39389,9623,39376,9624,39391,9625,39387,9626,39377,9627,39381,9628,39378,9629,39385,9630,39607,9631,39662,9632,39663,9633,39719,9634,39749,9635,39748,9636,39799,9637,39791,9638,40198,9639,40201,9640,40195,9641,40617,9642,40638,9643,40654,9644,22696,9645,40786,9646,20754,9647,20760,9648,20756,9649,20752,9650,20757,9651,20864,9652,20906,9653,20957,9654,21137,9655,21139,9656,21235,9657,22105,9658,22123,9659,22137,9660,22121,9661,22116,9662,22136,9663,22122,9664,22120,9665,22117,9666,22129,9667,22127,9668,22124,9669,22114,9670,22134,9671,22721,9672,22718,9673,22727,9674,22725,9675,22894,9676,23325,9677,23348,9678,23416,9679,23536,9680,23566,9681,24394,9682,25010,9683,24977,9684,25001,9685,24970,9686,25037,9687,25014,9688,25022,9689,25034,9690,25032,9691,25136,9692,25797,9693,25793,9694,25803,9695,25787,9696,25788,9697,25818,9698,25796,9699,25799,9700,25794,9701,25805,9702,25791,9703,25810,9704,25812,9705,25790,9706,25972,9707,26310,9708,26313,9709,26297,9710,26308,9711,26311,9712,26296,9713,27197,9714,27192,9715,27194,9716,27225,9717,27243,9718,27224,9719,27193,9720,27204,9721,27234,9722,27233,9723,27211,9724,27207,9725,27189,9726,27231,9727,27208,9728,27481,9729,27511,9730,27653,9731,28610,9732,28593,9733,28577,9734,28611,9735,28580,9736,28609,9737,28583,9738,28595,9739,28608,9740,28601,9741,28598,9742,28582,9743,28576,9744,28596,9745,29118,9746,29129,9747,29136,9748,29138,9749,29128,9750,29141,9751,29113,9752,29134,9753,29145,9754,29148,9755,29123,9756,29124,9757,29544,9758,29852,9759,29859,9760,29848,9761,29855,9762,29854,9763,29922,9764,29964,9765,29965,9766,30260,9767,30264,9768,30266,9769,30439,9770,30437,9771,30624,9772,30622,9773,30623,9774,30629,9775,30952,9776,30938,9777,30956,9778,30951,9779,31142,9780,31309,9781,31310,9782,31302,9783,31308,9784,31307,9785,31418,9786,31705,9787,31761,9788,31689,9789,31716,9790,31707,9791,31713,9792,31721,9793,31718,9794,31957,9795,31958,9796,32266,9797,32273,9798,32264,9799,32283,9800,32291,9801,32286,9802,32285,9803,32265,9804,32272,9805,32633,9806,32690,9807,32752,9808,32753,9809,32750,9810,32808,9811,33203,9812,33193,9813,33192,9814,33275,9815,33288,9816,33368,9817,33369,9818,34122,9819,34137,9820,34120,9821,34152,9822,34153,9823,34115,9824,34121,9825,34157,9826,34154,9827,34142,9828,34691,9829,34719,9830,34718,9831,34722,9832,34701,9833,34913,9834,35114,9835,35122,9836,35109,9837,35115,9838,35105,9839,35242,9840,35238,9841,35558,9842,35578,9843,35563,9844,35569,9845,35584,9846,35548,9847,35559,9848,35566,9849,35582,9850,35585,9851,35586,9852,35575,9853,35565,9854,35571,9855,35574,9856,35580,9857,35947,9858,35949,9859,35987,9860,36084,9861,36420,9862,36401,9863,36404,9864,36418,9865,36409,9866,36405,9867,36667,9868,36655,9869,36664,9870,36659,9871,36776,9872,36774,9873,36981,9874,36980,9875,36984,9876,36978,9877,36988,9878,36986,9879,37172,9880,37266,9881,37664,9882,37686,9883,37624,9884,37683,9885,37679,9886,37666,9887,37628,9888,37675,9889,37636,9890,37658,9891,37648,9892,37670,9893,37665,9894,37653,9895,37678,9896,37657,9897,38331,9898,38567,9899,38568,9900,38570,9901,38613,9902,38670,9903,38673,9904,38678,9905,38669,9906,38675,9907,38671,9908,38747,9909,38748,9910,38758,9911,38808,9912,38960,9913,38968,9914,38971,9915,38967,9916,38957,9917,38969,9918,38948,9919,39184,9920,39208,9921,39198,9922,39195,9923,39201,9924,39194,9925,39405,9926,39394,9927,39409,9928,39608,9929,39612,9930,39675,9931,39661,9932,39720,9933,39825,9934,40213,9935,40227,9936,40230,9937,40232,9938,40210,9939,40219,9940,40664,9941,40660,9942,40845,9943,40860,9944,20778,9945,20767,9946,20769,9947,20786,9948,21237,9949,22158,9950,22144,9951,22160,9952,22149,9953,22151,9954,22159,9955,22741,9956,22739,9957,22737,9958,22734,9959,23344,9960,23338,9961,23332,9962,23418,9963,23607,9964,23656,9965,23996,9966,23994,9967,23997,9968,23992,9969,24171,9970,24396,9971,24509,9972,25033,9973,25026,9974,25031,9975,25062,9976,25035,9977,25138,9978,25140,9979,25806,9980,25802,9981,25816,9982,25824,9983,25840,9984,25830,9985,25836,9986,25841,9987,25826,9988,25837,9989,25986,9990,25987,9991,26329,9992,26326,9993,27264,9994,27284,9995,27268,9996,27298,9997,27292,9998,27355,9999,27299,10000,27262,10001,27287,10002,27280,10003,27296,10004,27484,10005,27566,10006,27610,10007,27656,10008,28632,10009,28657,10010,28639,10011,28640,10012,28635,10013,28644,10014,28651,10015,28655,10016,28544,10017,28652,10018,28641,10019,28649,10020,28629,10021,28654,10022,28656,10023,29159,10024,29151,10025,29166,10026,29158,10027,29157,10028,29165,10029,29164,10030,29172,10031,29152,10032,29237,10033,29254,10034,29552,10035,29554,10036,29865,10037,29872,10038,29862,10039,29864,10040,30278,10041,30274,10042,30284,10043,30442,10044,30643,10045,30634,10046,30640,10047,30636,10048,30631,10049,30637,10050,30703,10051,30967,10052,30970,10053,30964,10054,30959,10055,30977,10056,31143,10057,31146,10058,31319,10059,31423,10060,31751,10061,31757,10062,31742,10063,31735,10064,31756,10065,31712,10066,31968,10067,31964,10068,31966,10069,31970,10070,31967,10071,31961,10072,31965,10073,32302,10074,32318,10075,32326,10076,32311,10077,32306,10078,32323,10079,32299,10080,32317,10081,32305,10082,32325,10083,32321,10084,32308,10085,32313,10086,32328,10087,32309,10088,32319,10089,32303,10090,32580,10091,32755,10092,32764,10093,32881,10094,32882,10095,32880,10096,32879,10097,32883,10098,33222,10099,33219,10100,33210,10101,33218,10102,33216,10103,33215,10104,33213,10105,33225,10106,33214,10107,33256,10108,33289,10109,33393,10110,34218,10111,34180,10112,34174,10113,34204,10114,34193,10115,34196,10116,34223,10117,34203,10118,34183,10119,34216,10120,34186,10121,34407,10122,34752,10123,34769,10124,34739,10125,34770,10126,34758,10127,34731,10128,34747,10129,34746,10130,34760,10131,34763,10132,35131,10133,35126,10134,35140,10135,35128,10136,35133,10137,35244,10138,35598,10139,35607,10140,35609,10141,35611,10142,35594,10143,35616,10144,35613,10145,35588,10146,35600,10147,35905,10148,35903,10149,35955,10150,36090,10151,36093,10152,36092,10153,36088,10154,36091,10155,36264,10156,36425,10157,36427,10158,36424,10159,36426,10160,36676,10161,36670,10162,36674,10163,36677,10164,36671,10165,36991,10166,36989,10167,36996,10168,36993,10169,36994,10170,36992,10171,37177,10172,37283,10173,37278,10174,37276,10175,37709,10176,37762,10177,37672,10178,37749,10179,37706,10180,37733,10181,37707,10182,37656,10183,37758,10184,37740,10185,37723,10186,37744,10187,37722,10188,37716,10189,38346,10190,38347,10191,38348,10192,38344,10193,38342,10194,38577,10195,38584,10196,38614,10197,38684,10198,38686,10199,38816,10200,38867,10201,38982,10202,39094,10203,39221,10204,39425,10205,39423,10206,39854,10207,39851,10208,39850,10209,39853,10210,40251,10211,40255,10212,40587,10213,40655,10214,40670,10215,40668,10216,40669,10217,40667,10218,40766,10219,40779,10220,21474,10221,22165,10222,22190,10223,22745,10224,22744,10225,23352,10226,24413,10227,25059,10228,25139,10229,25844,10230,25842,10231,25854,10232,25862,10233,25850,10234,25851,10235,25847,10236,26039,10237,26332,10238,26406,10239,27315,10240,27308,10241,27331,10242,27323,10243,27320,10244,27330,10245,27310,10246,27311,10247,27487,10248,27512,10249,27567,10250,28681,10251,28683,10252,28670,10253,28678,10254,28666,10255,28689,10256,28687,10257,29179,10258,29180,10259,29182,10260,29176,10261,29559,10262,29557,10263,29863,10264,29887,10265,29973,10266,30294,10267,30296,10268,30290,10269,30653,10270,30655,10271,30651,10272,30652,10273,30990,10274,31150,10275,31329,10276,31330,10277,31328,10278,31428,10279,31429,10280,31787,10281,31783,10282,31786,10283,31774,10284,31779,10285,31777,10286,31975,10287,32340,10288,32341,10289,32350,10290,32346,10291,32353,10292,32338,10293,32345,10294,32584,10295,32761,10296,32763,10297,32887,10298,32886,10299,33229,10300,33231,10301,33290,10302,34255,10303,34217,10304,34253,10305,34256,10306,34249,10307,34224,10308,34234,10309,34233,10310,34214,10311,34799,10312,34796,10313,34802,10314,34784,10315,35206,10316,35250,10317,35316,10318,35624,10319,35641,10320,35628,10321,35627,10322,35920,10323,36101,10324,36441,10325,36451,10326,36454,10327,36452,10328,36447,10329,36437,10330,36544,10331,36681,10332,36685,10333,36999,10334,36995,10335,37000,10336,37291,10337,37292,10338,37328,10339,37780,10340,37770,10341,37782,10342,37794,10343,37811,10344,37806,10345,37804,10346,37808,10347,37784,10348,37786,10349,37783,10350,38356,10351,38358,10352,38352,10353,38357,10354,38626,10355,38620,10356,38617,10357,38619,10358,38622,10359,38692,10360,38819,10361,38822,10362,38829,10363,38905,10364,38989,10365,38991,10366,38988,10367,38990,10368,38995,10369,39098,10370,39230,10371,39231,10372,39229,10373,39214,10374,39333,10375,39438,10376,39617,10377,39683,10378,39686,10379,39759,10380,39758,10381,39757,10382,39882,10383,39881,10384,39933,10385,39880,10386,39872,10387,40273,10388,40285,10389,40288,10390,40672,10391,40725,10392,40748,10393,20787,10394,22181,10395,22750,10396,22751,10397,22754,10398,23541,10399,40848,10400,24300,10401,25074,10402,25079,10403,25078,10404,25077,10405,25856,10406,25871,10407,26336,10408,26333,10409,27365,10410,27357,10411,27354,10412,27347,10413,28699,10414,28703,10415,28712,10416,28698,10417,28701,10418,28693,10419,28696,10420,29190,10421,29197,10422,29272,10423,29346,10424,29560,10425,29562,10426,29885,10427,29898,10428,29923,10429,30087,10430,30086,10431,30303,10432,30305,10433,30663,10434,31001,10435,31153,10436,31339,10437,31337,10438,31806,10439,31807,10440,31800,10441,31805,10442,31799,10443,31808,10444,32363,10445,32365,10446,32377,10447,32361,10448,32362,10449,32645,10450,32371,10451,32694,10452,32697,10453,32696,10454,33240,10455,34281,10456,34269,10457,34282,10458,34261,10459,34276,10460,34277,10461,34295,10462,34811,10463,34821,10464,34829,10465,34809,10466,34814,10467,35168,10468,35167,10469,35158,10470,35166,10471,35649,10472,35676,10473,35672,10474,35657,10475,35674,10476,35662,10477,35663,10478,35654,10479,35673,10480,36104,10481,36106,10482,36476,10483,36466,10484,36487,10485,36470,10486,36460,10487,36474,10488,36468,10489,36692,10490,36686,10491,36781,10492,37002,10493,37003,10494,37297,10495,37294,10496,37857,10497,37841,10498,37855,10499,37827,10500,37832,10501,37852,10502,37853,10503,37846,10504,37858,10505,37837,10506,37848,10507,37860,10508,37847,10509,37864,10510,38364,10511,38580,10512,38627,10513,38698,10514,38695,10515,38753,10516,38876,10517,38907,10518,39006,10519,39000,10520,39003,10521,39100,10522,39237,10523,39241,10524,39446,10525,39449,10526,39693,10527,39912,10528,39911,10529,39894,10530,39899,10531,40329,10532,40289,10533,40306,10534,40298,10535,40300,10536,40594,10537,40599,10538,40595,10539,40628,10540,21240,10541,22184,10542,22199,10543,22198,10544,22196,10545,22204,10546,22756,10547,23360,10548,23363,10549,23421,10550,23542,10551,24009,10552,25080,10553,25082,10554,25880,10555,25876,10556,25881,10557,26342,10558,26407,10559,27372,10560,28734,10561,28720,10562,28722,10563,29200,10564,29563,10565,29903,10566,30306,10567,30309,10568,31014,10569,31018,10570,31020,10571,31019,10572,31431,10573,31478,10574,31820,10575,31811,10576,31821,10577,31983,10578,31984,10579,36782,10580,32381,10581,32380,10582,32386,10583,32588,10584,32768,10585,33242,10586,33382,10587,34299,10588,34297,10589,34321,10590,34298,10591,34310,10592,34315,10593,34311,10594,34314,10595,34836,10596,34837,10597,35172,10598,35258,10599,35320,10600,35696,10601,35692,10602,35686,10603,35695,10604,35679,10605,35691,10606,36111,10607,36109,10608,36489,10609,36481,10610,36485,10611,36482,10612,37300,10613,37323,10614,37912,10615,37891,10616,37885,10617,38369,10618,38704,10619,39108,10620,39250,10621,39249,10622,39336,10623,39467,10624,39472,10625,39479,10626,39477,10627,39955,10628,39949,10629,40569,10630,40629,10631,40680,10632,40751,10633,40799,10634,40803,10635,40801,10636,20791,10637,20792,10638,22209,10639,22208,10640,22210,10641,22804,10642,23660,10643,24013,10644,25084,10645,25086,10646,25885,10647,25884,10648,26005,10649,26345,10650,27387,10651,27396,10652,27386,10653,27570,10654,28748,10655,29211,10656,29351,10657,29910,10658,29908,10659,30313,10660,30675,10661,31824,10662,32399,10663,32396,10664,32700,10665,34327,10666,34349,10667,34330,10668,34851,10669,34850,10670,34849,10671,34847,10672,35178,10673,35180,10674,35261,10675,35700,10676,35703,10677,35709,10678,36115,10679,36490,10680,36493,10681,36491,10682,36703,10683,36783,10684,37306,10685,37934,10686,37939,10687,37941,10688,37946,10689,37944,10690,37938,10691,37931,10692,38370,10693,38712,10694,38713,10695,38706,10696,38911,10697,39015,10698,39013,10699,39255,10700,39493,10701,39491,10702,39488,10703,39486,10704,39631,10705,39764,10706,39761,10707,39981,10708,39973,10709,40367,10710,40372,10711,40386,10712,40376,10713,40605,10714,40687,10715,40729,10716,40796,10717,40806,10718,40807,10719,20796,10720,20795,10721,22216,10722,22218,10723,22217,10724,23423,10725,24020,10726,24018,10727,24398,10728,25087,10729,25892,10730,27402,10731,27489,10732,28753,10733,28760,10734,29568,10735,29924,10736,30090,10737,30318,10738,30316,10739,31155,10740,31840,10741,31839,10742,32894,10743,32893,10744,33247,10745,35186,10746,35183,10747,35324,10748,35712,10749,36118,10750,36119,10751,36497,10752,36499,10753,36705,10754,37192,10755,37956,10756,37969,10757,37970,10758,38717,10759,38718,10760,38851,10761,38849,10762,39019,10763,39253,10764,39509,10765,39501,10766,39634,10767,39706,10768,40009,10769,39985,10770,39998,10771,39995,10772,40403,10773,40407,10774,40756,10775,40812,10776,40810,10777,40852,10778,22220,10779,24022,10780,25088,10781,25891,10782,25899,10783,25898,10784,26348,10785,27408,10786,29914,10787,31434,10788,31844,10789,31843,10790,31845,10791,32403,10792,32406,10793,32404,10794,33250,10795,34360,10796,34367,10797,34865,10798,35722,10799,37008,10800,37007,10801,37987,10802,37984,10803,37988,10804,38760,10805,39023,10806,39260,10807,39514,10808,39515,10809,39511,10810,39635,10811,39636,10812,39633,10813,40020,10814,40023,10815,40022,10816,40421,10817,40607,10818,40692,10819,22225,10820,22761,10821,25900,10822,28766,10823,30321,10824,30322,10825,30679,10826,32592,10827,32648,10828,34870,10829,34873,10830,34914,10831,35731,10832,35730,10833,35734,10834,33399,10835,36123,10836,37312,10837,37994,10838,38722,10839,38728,10840,38724,10841,38854,10842,39024,10843,39519,10844,39714,10845,39768,10846,40031,10847,40441,10848,40442,10849,40572,10850,40573,10851,40711,10852,40823,10853,40818,10854,24307,10855,27414,10856,28771,10857,31852,10858,31854,10859,34875,10860,35264,10861,36513,10862,37313,10863,38002,10864,38000,10865,39025,10866,39262,10867,39638,10868,39715,10869,40652,10870,28772,10871,30682,10872,35738,10873,38007,10874,38857,10875,39522,10876,39525,10877,32412,10878,35740,10879,36522,10880,37317,10881,38013,10882,38014,10883,38012,10884,40055,10885,40056,10886,40695,10887,35924,10888,38015,10889,40474,10890,29224,10891,39530,10892,39729,10893,40475,10894,40478,10895,31858,10896,9312,10897,9313,10898,9314,10899,9315,10900,9316,10901,9317,10902,9318,10903,9319,10904,9320,10905,9321,10906,9332,10907,9333,10908,9334,10909,9335,10910,9336,10911,9337,10912,9338,10913,9339,10914,9340,10915,9341,10916,8560,10917,8561,10918,8562,10919,8563,10920,8564,10921,8565,10922,8566,10923,8567,10924,8568,10925,8569,10926,20022,10927,20031,10928,20101,10929,20128,10930,20866,10931,20886,10932,20907,10933,21241,10934,21304,10935,21353,10936,21430,10937,22794,10938,23424,10939,24027,10940,12083,10941,24191,10942,24308,10943,24400,10944,24417,10945,25908,10946,26080,10947,30098,10948,30326,10949,36789,10950,38582,10951,168,10952,710,10953,12541,10954,12542,10955,12445,10956,12446,10957,12291,10958,20189,10959,12293,10960,12294,10961,12295,10962,12540,10963,65339,10964,65341,10965,10045,10966,12353,10967,12354,10968,12355,10969,12356,10970,12357,10971,12358,10972,12359,10973,12360,10974,12361,10975,12362,10976,12363,10977,12364,10978,12365,10979,12366,10980,12367,10981,12368,10982,12369,10983,12370,10984,12371,10985,12372,10986,12373,10987,12374,10988,12375,10989,12376,10990,12377,10991,12378,10992,12379,10993,12380,10994,12381,10995,12382,10996,12383,10997,12384,10998,12385,10999,12386,11000,12387,11001,12388,11002,12389,11003,12390,11004,12391,11005,12392,11006,12393,11007,12394,11008,12395,11009,12396,11010,12397,11011,12398,11012,12399,11013,12400,11014,12401,11015,12402,11016,12403,11017,12404,11018,12405,11019,12406,11020,12407,11021,12408,11022,12409,11023,12410,11024,12411,11025,12412,11026,12413,11027,12414,11028,12415,11029,12416,11030,12417,11031,12418,11032,12419,11033,12420,11034,12421,11035,12422,11036,12423,11037,12424,11038,12425,11039,12426,11040,12427,11041,12428,11042,12429,11043,12430,11044,12431,11045,12432,11046,12433,11047,12434,11048,12435,11049,12449,11050,12450,11051,12451,11052,12452,11053,12453,11054,12454,11055,12455,11056,12456,11057,12457,11058,12458,11059,12459,11060,12460,11061,12461,11062,12462,11063,12463,11064,12464,11065,12465,11066,12466,11067,12467,11068,12468,11069,12469,11070,12470,11071,12471,11072,12472,11073,12473,11074,12474,11075,12475,11076,12476,11077,12477,11078,12478,11079,12479,11080,12480,11081,12481,11082,12482,11083,12483,11084,12484,11085,12485,11086,12486,11087,12487,11088,12488,11089,12489,11090,12490,11091,12491,11092,12492,11093,12493,11094,12494,11095,12495,11096,12496,11097,12497,11098,12498,11099,12499,11100,12500,11101,12501,11102,12502,11103,12503,11104,12504,11105,12505,11106,12506,11107,12507,11108,12508,11109,12509,11110,12510,11111,12511,11112,12512,11113,12513,11114,12514,11115,12515,11116,12516,11117,12517,11118,12518,11119,12519,11120,12520,11121,12521,11122,12522,11123,12523,11124,12524,11125,12525,11126,12526,11127,12527,11128,12528,11129,12529,11130,12530,11131,12531,11132,12532,11133,12533,11134,12534,11135,1040,11136,1041,11137,1042,11138,1043,11139,1044,11140,1045,11141,1025,11142,1046,11143,1047,11144,1048,11145,1049,11146,1050,11147,1051,11148,1052,11149,1053,11150,1054,11151,1055,11152,1056,11153,1057,11154,1058,11155,1059,11156,1060,11157,1061,11158,1062,11159,1063,11160,1064,11161,1065,11162,1066,11163,1067,11164,1068,11165,1069,11166,1070,11167,1071,11168,1072,11169,1073,11170,1074,11171,1075,11172,1076,11173,1077,11174,1105,11175,1078,11176,1079,11177,1080,11178,1081,11179,1082,11180,1083,11181,1084,11182,1085,11183,1086,11184,1087,11185,1088,11186,1089,11187,1090,11188,1091,11189,1092,11190,1093,11191,1094,11192,1095,11193,1096,11194,1097,11195,1098,11196,1099,11197,1100,11198,1101,11199,1102,11200,1103,11201,8679,11202,8632,11203,8633,11204,12751,11205,131276,11206,20058,11207,131210,11208,20994,11209,17553,11210,40880,11211,20872,11212,40881,11213,161287,11254,65506,11255,65508,11256,65287,11257,65282,11258,12849,11259,8470,11260,8481,11261,12443,11262,12444,11263,11904,11264,11908,11265,11910,11266,11911,11267,11912,11268,11914,11269,11916,11270,11917,11271,11925,11272,11932,11273,11933,11274,11941,11275,11943,11276,11946,11277,11948,11278,11950,11279,11958,11280,11964,11281,11966,11282,11974,11283,11978,11284,11980,11285,11981,11286,11983,11287,11990,11288,11991,11289,11998,11290,12003,11294,643,11295,592,11296,603,11297,596,11298,629,11299,339,11300,248,11301,331,11302,650,11303,618,11304,20034,11305,20060,11306,20981,11307,21274,11308,21378,11309,19975,11310,19980,11311,20039,11312,20109,11313,22231,11314,64012,11315,23662,11316,24435,11317,19983,11318,20871,11319,19982,11320,20014,11321,20115,11322,20162,11323,20169,11324,20168,11325,20888,11326,21244,11327,21356,11328,21433,11329,22304,11330,22787,11331,22828,11332,23568,11333,24063,11334,26081,11335,27571,11336,27596,11337,27668,11338,29247,11339,20017,11340,20028,11341,20200,11342,20188,11343,20201,11344,20193,11345,20189,11346,20186,11347,21004,11348,21276,11349,21324,11350,22306,11351,22307,11352,22807,11353,22831,11354,23425,11355,23428,11356,23570,11357,23611,11358,23668,11359,23667,11360,24068,11361,24192,11362,24194,11363,24521,11364,25097,11365,25168,11366,27669,11367,27702,11368,27715,11369,27711,11370,27707,11371,29358,11372,29360,11373,29578,11374,31160,11375,32906,11376,38430,11377,20238,11378,20248,11379,20268,11380,20213,11381,20244,11382,20209,11383,20224,11384,20215,11385,20232,11386,20253,11387,20226,11388,20229,11389,20258,11390,20243,11391,20228,11392,20212,11393,20242,11394,20913,11395,21011,11396,21001,11397,21008,11398,21158,11399,21282,11400,21279,11401,21325,11402,21386,11403,21511,11404,22241,11405,22239,11406,22318,11407,22314,11408,22324,11409,22844,11410,22912,11411,22908,11412,22917,11413,22907,11414,22910,11415,22903,11416,22911,11417,23382,11418,23573,11419,23589,11420,23676,11421,23674,11422,23675,11423,23678,11424,24031,11425,24181,11426,24196,11427,24322,11428,24346,11429,24436,11430,24533,11431,24532,11432,24527,11433,25180,11434,25182,11435,25188,11436,25185,11437,25190,11438,25186,11439,25177,11440,25184,11441,25178,11442,25189,11443,26095,11444,26094,11445,26430,11446,26425,11447,26424,11448,26427,11449,26426,11450,26431,11451,26428,11452,26419,11453,27672,11454,27718,11455,27730,11456,27740,11457,27727,11458,27722,11459,27732,11460,27723,11461,27724,11462,28785,11463,29278,11464,29364,11465,29365,11466,29582,11467,29994,11468,30335,11469,31349,11470,32593,11471,33400,11472,33404,11473,33408,11474,33405,11475,33407,11476,34381,11477,35198,11478,37017,11479,37015,11480,37016,11481,37019,11482,37012,11483,38434,11484,38436,11485,38432,11486,38435,11487,20310,11488,20283,11489,20322,11490,20297,11491,20307,11492,20324,11493,20286,11494,20327,11495,20306,11496,20319,11497,20289,11498,20312,11499,20269,11500,20275,11501,20287,11502,20321,11503,20879,11504,20921,11505,21020,11506,21022,11507,21025,11508,21165,11509,21166,11510,21257,11511,21347,11512,21362,11513,21390,11514,21391,11515,21552,11516,21559,11517,21546,11518,21588,11519,21573,11520,21529,11521,21532,11522,21541,11523,21528,11524,21565,11525,21583,11526,21569,11527,21544,11528,21540,11529,21575,11530,22254,11531,22247,11532,22245,11533,22337,11534,22341,11535,22348,11536,22345,11537,22347,11538,22354,11539,22790,11540,22848,11541,22950,11542,22936,11543,22944,11544,22935,11545,22926,11546,22946,11547,22928,11548,22927,11549,22951,11550,22945,11551,23438,11552,23442,11553,23592,11554,23594,11555,23693,11556,23695,11557,23688,11558,23691,11559,23689,11560,23698,11561,23690,11562,23686,11563,23699,11564,23701,11565,24032,11566,24074,11567,24078,11568,24203,11569,24201,11570,24204,11571,24200,11572,24205,11573,24325,11574,24349,11575,24440,11576,24438,11577,24530,11578,24529,11579,24528,11580,24557,11581,24552,11582,24558,11583,24563,11584,24545,11585,24548,11586,24547,11587,24570,11588,24559,11589,24567,11590,24571,11591,24576,11592,24564,11593,25146,11594,25219,11595,25228,11596,25230,11597,25231,11598,25236,11599,25223,11600,25201,11601,25211,11602,25210,11603,25200,11604,25217,11605,25224,11606,25207,11607,25213,11608,25202,11609,25204,11610,25911,11611,26096,11612,26100,11613,26099,11614,26098,11615,26101,11616,26437,11617,26439,11618,26457,11619,26453,11620,26444,11621,26440,11622,26461,11623,26445,11624,26458,11625,26443,11626,27600,11627,27673,11628,27674,11629,27768,11630,27751,11631,27755,11632,27780,11633,27787,11634,27791,11635,27761,11636,27759,11637,27753,11638,27802,11639,27757,11640,27783,11641,27797,11642,27804,11643,27750,11644,27763,11645,27749,11646,27771,11647,27790,11648,28788,11649,28794,11650,29283,11651,29375,11652,29373,11653,29379,11654,29382,11655,29377,11656,29370,11657,29381,11658,29589,11659,29591,11660,29587,11661,29588,11662,29586,11663,30010,11664,30009,11665,30100,11666,30101,11667,30337,11668,31037,11669,32820,11670,32917,11671,32921,11672,32912,11673,32914,11674,32924,11675,33424,11676,33423,11677,33413,11678,33422,11679,33425,11680,33427,11681,33418,11682,33411,11683,33412,11684,35960,11685,36809,11686,36799,11687,37023,11688,37025,11689,37029,11690,37022,11691,37031,11692,37024,11693,38448,11694,38440,11695,38447,11696,38445,11697,20019,11698,20376,11699,20348,11700,20357,11701,20349,11702,20352,11703,20359,11704,20342,11705,20340,11706,20361,11707,20356,11708,20343,11709,20300,11710,20375,11711,20330,11712,20378,11713,20345,11714,20353,11715,20344,11716,20368,11717,20380,11718,20372,11719,20382,11720,20370,11721,20354,11722,20373,11723,20331,11724,20334,11725,20894,11726,20924,11727,20926,11728,21045,11729,21042,11730,21043,11731,21062,11732,21041,11733,21180,11734,21258,11735,21259,11736,21308,11737,21394,11738,21396,11739,21639,11740,21631,11741,21633,11742,21649,11743,21634,11744,21640,11745,21611,11746,21626,11747,21630,11748,21605,11749,21612,11750,21620,11751,21606,11752,21645,11753,21615,11754,21601,11755,21600,11756,21656,11757,21603,11758,21607,11759,21604,11760,22263,11761,22265,11762,22383,11763,22386,11764,22381,11765,22379,11766,22385,11767,22384,11768,22390,11769,22400,11770,22389,11771,22395,11772,22387,11773,22388,11774,22370,11775,22376,11776,22397,11777,22796,11778,22853,11779,22965,11780,22970,11781,22991,11782,22990,11783,22962,11784,22988,11785,22977,11786,22966,11787,22972,11788,22979,11789,22998,11790,22961,11791,22973,11792,22976,11793,22984,11794,22964,11795,22983,11796,23394,11797,23397,11798,23443,11799,23445,11800,23620,11801,23623,11802,23726,11803,23716,11804,23712,11805,23733,11806,23727,11807,23720,11808,23724,11809,23711,11810,23715,11811,23725,11812,23714,11813,23722,11814,23719,11815,23709,11816,23717,11817,23734,11818,23728,11819,23718,11820,24087,11821,24084,11822,24089,11823,24360,11824,24354,11825,24355,11826,24356,11827,24404,11828,24450,11829,24446,11830,24445,11831,24542,11832,24549,11833,24621,11834,24614,11835,24601,11836,24626,11837,24587,11838,24628,11839,24586,11840,24599,11841,24627,11842,24602,11843,24606,11844,24620,11845,24610,11846,24589,11847,24592,11848,24622,11849,24595,11850,24593,11851,24588,11852,24585,11853,24604,11854,25108,11855,25149,11856,25261,11857,25268,11858,25297,11859,25278,11860,25258,11861,25270,11862,25290,11863,25262,11864,25267,11865,25263,11866,25275,11867,25257,11868,25264,11869,25272,11870,25917,11871,26024,11872,26043,11873,26121,11874,26108,11875,26116,11876,26130,11877,26120,11878,26107,11879,26115,11880,26123,11881,26125,11882,26117,11883,26109,11884,26129,11885,26128,11886,26358,11887,26378,11888,26501,11889,26476,11890,26510,11891,26514,11892,26486,11893,26491,11894,26520,11895,26502,11896,26500,11897,26484,11898,26509,11899,26508,11900,26490,11901,26527,11902,26513,11903,26521,11904,26499,11905,26493,11906,26497,11907,26488,11908,26489,11909,26516,11910,27429,11911,27520,11912,27518,11913,27614,11914,27677,11915,27795,11916,27884,11917,27883,11918,27886,11919,27865,11920,27830,11921,27860,11922,27821,11923,27879,11924,27831,11925,27856,11926,27842,11927,27834,11928,27843,11929,27846,11930,27885,11931,27890,11932,27858,11933,27869,11934,27828,11935,27786,11936,27805,11937,27776,11938,27870,11939,27840,11940,27952,11941,27853,11942,27847,11943,27824,11944,27897,11945,27855,11946,27881,11947,27857,11948,28820,11949,28824,11950,28805,11951,28819,11952,28806,11953,28804,11954,28817,11955,28822,11956,28802,11957,28826,11958,28803,11959,29290,11960,29398,11961,29387,11962,29400,11963,29385,11964,29404,11965,29394,11966,29396,11967,29402,11968,29388,11969,29393,11970,29604,11971,29601,11972,29613,11973,29606,11974,29602,11975,29600,11976,29612,11977,29597,11978,29917,11979,29928,11980,30015,11981,30016,11982,30014,11983,30092,11984,30104,11985,30383,11986,30451,11987,30449,11988,30448,11989,30453,11990,30712,11991,30716,11992,30713,11993,30715,11994,30714,11995,30711,11996,31042,11997,31039,11998,31173,11999,31352,12000,31355,12001,31483,12002,31861,12003,31997,12004,32821,12005,32911,12006,32942,12007,32931,12008,32952,12009,32949,12010,32941,12011,33312,12012,33440,12013,33472,12014,33451,12015,33434,12016,33432,12017,33435,12018,33461,12019,33447,12020,33454,12021,33468,12022,33438,12023,33466,12024,33460,12025,33448,12026,33441,12027,33449,12028,33474,12029,33444,12030,33475,12031,33462,12032,33442,12033,34416,12034,34415,12035,34413,12036,34414,12037,35926,12038,36818,12039,36811,12040,36819,12041,36813,12042,36822,12043,36821,12044,36823,12045,37042,12046,37044,12047,37039,12048,37043,12049,37040,12050,38457,12051,38461,12052,38460,12053,38458,12054,38467,12055,20429,12056,20421,12057,20435,12058,20402,12059,20425,12060,20427,12061,20417,12062,20436,12063,20444,12064,20441,12065,20411,12066,20403,12067,20443,12068,20423,12069,20438,12070,20410,12071,20416,12072,20409,12073,20460,12074,21060,12075,21065,12076,21184,12077,21186,12078,21309,12079,21372,12080,21399,12081,21398,12082,21401,12083,21400,12084,21690,12085,21665,12086,21677,12087,21669,12088,21711,12089,21699,12090,33549,12091,21687,12092,21678,12093,21718,12094,21686,12095,21701,12096,21702,12097,21664,12098,21616,12099,21692,12100,21666,12101,21694,12102,21618,12103,21726,12104,21680,12105,22453,12106,22430,12107,22431,12108,22436,12109,22412,12110,22423,12111,22429,12112,22427,12113,22420,12114,22424,12115,22415,12116,22425,12117,22437,12118,22426,12119,22421,12120,22772,12121,22797,12122,22867,12123,23009,12124,23006,12125,23022,12126,23040,12127,23025,12128,23005,12129,23034,12130,23037,12131,23036,12132,23030,12133,23012,12134,23026,12135,23031,12136,23003,12137,23017,12138,23027,12139,23029,12140,23008,12141,23038,12142,23028,12143,23021,12144,23464,12145,23628,12146,23760,12147,23768,12148,23756,12149,23767,12150,23755,12151,23771,12152,23774,12153,23770,12154,23753,12155,23751,12156,23754,12157,23766,12158,23763,12159,23764,12160,23759,12161,23752,12162,23750,12163,23758,12164,23775,12165,23800,12166,24057,12167,24097,12168,24098,12169,24099,12170,24096,12171,24100,12172,24240,12173,24228,12174,24226,12175,24219,12176,24227,12177,24229,12178,24327,12179,24366,12180,24406,12181,24454,12182,24631,12183,24633,12184,24660,12185,24690,12186,24670,12187,24645,12188,24659,12189,24647,12190,24649,12191,24667,12192,24652,12193,24640,12194,24642,12195,24671,12196,24612,12197,24644,12198,24664,12199,24678,12200,24686,12201,25154,12202,25155,12203,25295,12204,25357,12205,25355,12206,25333,12207,25358,12208,25347,12209,25323,12210,25337,12211,25359,12212,25356,12213,25336,12214,25334,12215,25344,12216,25363,12217,25364,12218,25338,12219,25365,12220,25339,12221,25328,12222,25921,12223,25923,12224,26026,12225,26047,12226,26166,12227,26145,12228,26162,12229,26165,12230,26140,12231,26150,12232,26146,12233,26163,12234,26155,12235,26170,12236,26141,12237,26164,12238,26169,12239,26158,12240,26383,12241,26384,12242,26561,12243,26610,12244,26568,12245,26554,12246,26588,12247,26555,12248,26616,12249,26584,12250,26560,12251,26551,12252,26565,12253,26603,12254,26596,12255,26591,12256,26549,12257,26573,12258,26547,12259,26615,12260,26614,12261,26606,12262,26595,12263,26562,12264,26553,12265,26574,12266,26599,12267,26608,12268,26546,12269,26620,12270,26566,12271,26605,12272,26572,12273,26542,12274,26598,12275,26587,12276,26618,12277,26569,12278,26570,12279,26563,12280,26602,12281,26571,12282,27432,12283,27522,12284,27524,12285,27574,12286,27606,12287,27608,12288,27616,12289,27680,12290,27681,12291,27944,12292,27956,12293,27949,12294,27935,12295,27964,12296,27967,12297,27922,12298,27914,12299,27866,12300,27955,12301,27908,12302,27929,12303,27962,12304,27930,12305,27921,12306,27904,12307,27933,12308,27970,12309,27905,12310,27928,12311,27959,12312,27907,12313,27919,12314,27968,12315,27911,12316,27936,12317,27948,12318,27912,12319,27938,12320,27913,12321,27920,12322,28855,12323,28831,12324,28862,12325,28849,12326,28848,12327,28833,12328,28852,12329,28853,12330,28841,12331,29249,12332,29257,12333,29258,12334,29292,12335,29296,12336,29299,12337,29294,12338,29386,12339,29412,12340,29416,12341,29419,12342,29407,12343,29418,12344,29414,12345,29411,12346,29573,12347,29644,12348,29634,12349,29640,12350,29637,12351,29625,12352,29622,12353,29621,12354,29620,12355,29675,12356,29631,12357,29639,12358,29630,12359,29635,12360,29638,12361,29624,12362,29643,12363,29932,12364,29934,12365,29998,12366,30023,12367,30024,12368,30119,12369,30122,12370,30329,12371,30404,12372,30472,12373,30467,12374,30468,12375,30469,12376,30474,12377,30455,12378,30459,12379,30458,12380,30695,12381,30696,12382,30726,12383,30737,12384,30738,12385,30725,12386,30736,12387,30735,12388,30734,12389,30729,12390,30723,12391,30739,12392,31050,12393,31052,12394,31051,12395,31045,12396,31044,12397,31189,12398,31181,12399,31183,12400,31190,12401,31182,12402,31360,12403,31358,12404,31441,12405,31488,12406,31489,12407,31866,12408,31864,12409,31865,12410,31871,12411,31872,12412,31873,12413,32003,12414,32008,12415,32001,12416,32600,12417,32657,12418,32653,12419,32702,12420,32775,12421,32782,12422,32783,12423,32788,12424,32823,12425,32984,12426,32967,12427,32992,12428,32977,12429,32968,12430,32962,12431,32976,12432,32965,12433,32995,12434,32985,12435,32988,12436,32970,12437,32981,12438,32969,12439,32975,12440,32983,12441,32998,12442,32973,12443,33279,12444,33313,12445,33428,12446,33497,12447,33534,12448,33529,12449,33543,12450,33512,12451,33536,12452,33493,12453,33594,12454,33515,12455,33494,12456,33524,12457,33516,12458,33505,12459,33522,12460,33525,12461,33548,12462,33531,12463,33526,12464,33520,12465,33514,12466,33508,12467,33504,12468,33530,12469,33523,12470,33517,12471,34423,12472,34420,12473,34428,12474,34419,12475,34881,12476,34894,12477,34919,12478,34922,12479,34921,12480,35283,12481,35332,12482,35335,12483,36210,12484,36835,12485,36833,12486,36846,12487,36832,12488,37105,12489,37053,12490,37055,12491,37077,12492,37061,12493,37054,12494,37063,12495,37067,12496,37064,12497,37332,12498,37331,12499,38484,12500,38479,12501,38481,12502,38483,12503,38474,12504,38478,12505,20510,12506,20485,12507,20487,12508,20499,12509,20514,12510,20528,12511,20507,12512,20469,12513,20468,12514,20531,12515,20535,12516,20524,12517,20470,12518,20471,12519,20503,12520,20508,12521,20512,12522,20519,12523,20533,12524,20527,12525,20529,12526,20494,12527,20826,12528,20884,12529,20883,12530,20938,12531,20932,12532,20933,12533,20936,12534,20942,12535,21089,12536,21082,12537,21074,12538,21086,12539,21087,12540,21077,12541,21090,12542,21197,12543,21262,12544,21406,12545,21798,12546,21730,12547,21783,12548,21778,12549,21735,12550,21747,12551,21732,12552,21786,12553,21759,12554,21764,12555,21768,12556,21739,12557,21777,12558,21765,12559,21745,12560,21770,12561,21755,12562,21751,12563,21752,12564,21728,12565,21774,12566,21763,12567,21771,12568,22273,12569,22274,12570,22476,12571,22578,12572,22485,12573,22482,12574,22458,12575,22470,12576,22461,12577,22460,12578,22456,12579,22454,12580,22463,12581,22471,12582,22480,12583,22457,12584,22465,12585,22798,12586,22858,12587,23065,12588,23062,12589,23085,12590,23086,12591,23061,12592,23055,12593,23063,12594,23050,12595,23070,12596,23091,12597,23404,12598,23463,12599,23469,12600,23468,12601,23555,12602,23638,12603,23636,12604,23788,12605,23807,12606,23790,12607,23793,12608,23799,12609,23808,12610,23801,12611,24105,12612,24104,12613,24232,12614,24238,12615,24234,12616,24236,12617,24371,12618,24368,12619,24423,12620,24669,12621,24666,12622,24679,12623,24641,12624,24738,12625,24712,12626,24704,12627,24722,12628,24705,12629,24733,12630,24707,12631,24725,12632,24731,12633,24727,12634,24711,12635,24732,12636,24718,12637,25113,12638,25158,12639,25330,12640,25360,12641,25430,12642,25388,12643,25412,12644,25413,12645,25398,12646,25411,12647,25572,12648,25401,12649,25419,12650,25418,12651,25404,12652,25385,12653,25409,12654,25396,12655,25432,12656,25428,12657,25433,12658,25389,12659,25415,12660,25395,12661,25434,12662,25425,12663,25400,12664,25431,12665,25408,12666,25416,12667,25930,12668,25926,12669,26054,12670,26051,12671,26052,12672,26050,12673,26186,12674,26207,12675,26183,12676,26193,12677,26386,12678,26387,12679,26655,12680,26650,12681,26697,12682,26674,12683,26675,12684,26683,12685,26699,12686,26703,12687,26646,12688,26673,12689,26652,12690,26677,12691,26667,12692,26669,12693,26671,12694,26702,12695,26692,12696,26676,12697,26653,12698,26642,12699,26644,12700,26662,12701,26664,12702,26670,12703,26701,12704,26682,12705,26661,12706,26656,12707,27436,12708,27439,12709,27437,12710,27441,12711,27444,12712,27501,12713,32898,12714,27528,12715,27622,12716,27620,12717,27624,12718,27619,12719,27618,12720,27623,12721,27685,12722,28026,12723,28003,12724,28004,12725,28022,12726,27917,12727,28001,12728,28050,12729,27992,12730,28002,12731,28013,12732,28015,12733,28049,12734,28045,12735,28143,12736,28031,12737,28038,12738,27998,12739,28007,12740,28000,12741,28055,12742,28016,12743,28028,12744,27999,12745,28034,12746,28056,12747,27951,12748,28008,12749,28043,12750,28030,12751,28032,12752,28036,12753,27926,12754,28035,12755,28027,12756,28029,12757,28021,12758,28048,12759,28892,12760,28883,12761,28881,12762,28893,12763,28875,12764,32569,12765,28898,12766,28887,12767,28882,12768,28894,12769,28896,12770,28884,12771,28877,12772,28869,12773,28870,12774,28871,12775,28890,12776,28878,12777,28897,12778,29250,12779,29304,12780,29303,12781,29302,12782,29440,12783,29434,12784,29428,12785,29438,12786,29430,12787,29427,12788,29435,12789,29441,12790,29651,12791,29657,12792,29669,12793,29654,12794,29628,12795,29671,12796,29667,12797,29673,12798,29660,12799,29650,12800,29659,12801,29652,12802,29661,12803,29658,12804,29655,12805,29656,12806,29672,12807,29918,12808,29919,12809,29940,12810,29941,12811,29985,12812,30043,12813,30047,12814,30128,12815,30145,12816,30139,12817,30148,12818,30144,12819,30143,12820,30134,12821,30138,12822,30346,12823,30409,12824,30493,12825,30491,12826,30480,12827,30483,12828,30482,12829,30499,12830,30481,12831,30485,12832,30489,12833,30490,12834,30498,12835,30503,12836,30755,12837,30764,12838,30754,12839,30773,12840,30767,12841,30760,12842,30766,12843,30763,12844,30753,12845,30761,12846,30771,12847,30762,12848,30769,12849,31060,12850,31067,12851,31055,12852,31068,12853,31059,12854,31058,12855,31057,12856,31211,12857,31212,12858,31200,12859,31214,12860,31213,12861,31210,12862,31196,12863,31198,12864,31197,12865,31366,12866,31369,12867,31365,12868,31371,12869,31372,12870,31370,12871,31367,12872,31448,12873,31504,12874,31492,12875,31507,12876,31493,12877,31503,12878,31496,12879,31498,12880,31502,12881,31497,12882,31506,12883,31876,12884,31889,12885,31882,12886,31884,12887,31880,12888,31885,12889,31877,12890,32030,12891,32029,12892,32017,12893,32014,12894,32024,12895,32022,12896,32019,12897,32031,12898,32018,12899,32015,12900,32012,12901,32604,12902,32609,12903,32606,12904,32608,12905,32605,12906,32603,12907,32662,12908,32658,12909,32707,12910,32706,12911,32704,12912,32790,12913,32830,12914,32825,12915,33018,12916,33010,12917,33017,12918,33013,12919,33025,12920,33019,12921,33024,12922,33281,12923,33327,12924,33317,12925,33587,12926,33581,12927,33604,12928,33561,12929,33617,12930,33573,12931,33622,12932,33599,12933,33601,12934,33574,12935,33564,12936,33570,12937,33602,12938,33614,12939,33563,12940,33578,12941,33544,12942,33596,12943,33613,12944,33558,12945,33572,12946,33568,12947,33591,12948,33583,12949,33577,12950,33607,12951,33605,12952,33612,12953,33619,12954,33566,12955,33580,12956,33611,12957,33575,12958,33608,12959,34387,12960,34386,12961,34466,12962,34472,12963,34454,12964,34445,12965,34449,12966,34462,12967,34439,12968,34455,12969,34438,12970,34443,12971,34458,12972,34437,12973,34469,12974,34457,12975,34465,12976,34471,12977,34453,12978,34456,12979,34446,12980,34461,12981,34448,12982,34452,12983,34883,12984,34884,12985,34925,12986,34933,12987,34934,12988,34930,12989,34944,12990,34929,12991,34943,12992,34927,12993,34947,12994,34942,12995,34932,12996,34940,12997,35346,12998,35911,12999,35927,13000,35963,13001,36004,13002,36003,13003,36214,13004,36216,13005,36277,13006,36279,13007,36278,13008,36561,13009,36563,13010,36862,13011,36853,13012,36866,13013,36863,13014,36859,13015,36868,13016,36860,13017,36854,13018,37078,13019,37088,13020,37081,13021,37082,13022,37091,13023,37087,13024,37093,13025,37080,13026,37083,13027,37079,13028,37084,13029,37092,13030,37200,13031,37198,13032,37199,13033,37333,13034,37346,13035,37338,13036,38492,13037,38495,13038,38588,13039,39139,13040,39647,13041,39727,13042,20095,13043,20592,13044,20586,13045,20577,13046,20574,13047,20576,13048,20563,13049,20555,13050,20573,13051,20594,13052,20552,13053,20557,13054,20545,13055,20571,13056,20554,13057,20578,13058,20501,13059,20549,13060,20575,13061,20585,13062,20587,13063,20579,13064,20580,13065,20550,13066,20544,13067,20590,13068,20595,13069,20567,13070,20561,13071,20944,13072,21099,13073,21101,13074,21100,13075,21102,13076,21206,13077,21203,13078,21293,13079,21404,13080,21877,13081,21878,13082,21820,13083,21837,13084,21840,13085,21812,13086,21802,13087,21841,13088,21858,13089,21814,13090,21813,13091,21808,13092,21842,13093,21829,13094,21772,13095,21810,13096,21861,13097,21838,13098,21817,13099,21832,13100,21805,13101,21819,13102,21824,13103,21835,13104,22282,13105,22279,13106,22523,13107,22548,13108,22498,13109,22518,13110,22492,13111,22516,13112,22528,13113,22509,13114,22525,13115,22536,13116,22520,13117,22539,13118,22515,13119,22479,13120,22535,13121,22510,13122,22499,13123,22514,13124,22501,13125,22508,13126,22497,13127,22542,13128,22524,13129,22544,13130,22503,13131,22529,13132,22540,13133,22513,13134,22505,13135,22512,13136,22541,13137,22532,13138,22876,13139,23136,13140,23128,13141,23125,13142,23143,13143,23134,13144,23096,13145,23093,13146,23149,13147,23120,13148,23135,13149,23141,13150,23148,13151,23123,13152,23140,13153,23127,13154,23107,13155,23133,13156,23122,13157,23108,13158,23131,13159,23112,13160,23182,13161,23102,13162,23117,13163,23097,13164,23116,13165,23152,13166,23145,13167,23111,13168,23121,13169,23126,13170,23106,13171,23132,13172,23410,13173,23406,13174,23489,13175,23488,13176,23641,13177,23838,13178,23819,13179,23837,13180,23834,13181,23840,13182,23820,13183,23848,13184,23821,13185,23846,13186,23845,13187,23823,13188,23856,13189,23826,13190,23843,13191,23839,13192,23854,13193,24126,13194,24116,13195,24241,13196,24244,13197,24249,13198,24242,13199,24243,13200,24374,13201,24376,13202,24475,13203,24470,13204,24479,13205,24714,13206,24720,13207,24710,13208,24766,13209,24752,13210,24762,13211,24787,13212,24788,13213,24783,13214,24804,13215,24793,13216,24797,13217,24776,13218,24753,13219,24795,13220,24759,13221,24778,13222,24767,13223,24771,13224,24781,13225,24768,13226,25394,13227,25445,13228,25482,13229,25474,13230,25469,13231,25533,13232,25502,13233,25517,13234,25501,13235,25495,13236,25515,13237,25486,13238,25455,13239,25479,13240,25488,13241,25454,13242,25519,13243,25461,13244,25500,13245,25453,13246,25518,13247,25468,13248,25508,13249,25403,13250,25503,13251,25464,13252,25477,13253,25473,13254,25489,13255,25485,13256,25456,13257,25939,13258,26061,13259,26213,13260,26209,13261,26203,13262,26201,13263,26204,13264,26210,13265,26392,13266,26745,13267,26759,13268,26768,13269,26780,13270,26733,13271,26734,13272,26798,13273,26795,13274,26966,13275,26735,13276,26787,13277,26796,13278,26793,13279,26741,13280,26740,13281,26802,13282,26767,13283,26743,13284,26770,13285,26748,13286,26731,13287,26738,13288,26794,13289,26752,13290,26737,13291,26750,13292,26779,13293,26774,13294,26763,13295,26784,13296,26761,13297,26788,13298,26744,13299,26747,13300,26769,13301,26764,13302,26762,13303,26749,13304,27446,13305,27443,13306,27447,13307,27448,13308,27537,13309,27535,13310,27533,13311,27534,13312,27532,13313,27690,13314,28096,13315,28075,13316,28084,13317,28083,13318,28276,13319,28076,13320,28137,13321,28130,13322,28087,13323,28150,13324,28116,13325,28160,13326,28104,13327,28128,13328,28127,13329,28118,13330,28094,13331,28133,13332,28124,13333,28125,13334,28123,13335,28148,13336,28106,13337,28093,13338,28141,13339,28144,13340,28090,13341,28117,13342,28098,13343,28111,13344,28105,13345,28112,13346,28146,13347,28115,13348,28157,13349,28119,13350,28109,13351,28131,13352,28091,13353,28922,13354,28941,13355,28919,13356,28951,13357,28916,13358,28940,13359,28912,13360,28932,13361,28915,13362,28944,13363,28924,13364,28927,13365,28934,13366,28947,13367,28928,13368,28920,13369,28918,13370,28939,13371,28930,13372,28942,13373,29310,13374,29307,13375,29308,13376,29311,13377,29469,13378,29463,13379,29447,13380,29457,13381,29464,13382,29450,13383,29448,13384,29439,13385,29455,13386,29470,13387,29576,13388,29686,13389,29688,13390,29685,13391,29700,13392,29697,13393,29693,13394,29703,13395,29696,13396,29690,13397,29692,13398,29695,13399,29708,13400,29707,13401,29684,13402,29704,13403,30052,13404,30051,13405,30158,13406,30162,13407,30159,13408,30155,13409,30156,13410,30161,13411,30160,13412,30351,13413,30345,13414,30419,13415,30521,13416,30511,13417,30509,13418,30513,13419,30514,13420,30516,13421,30515,13422,30525,13423,30501,13424,30523,13425,30517,13426,30792,13427,30802,13428,30793,13429,30797,13430,30794,13431,30796,13432,30758,13433,30789,13434,30800,13435,31076,13436,31079,13437,31081,13438,31082,13439,31075,13440,31083,13441,31073,13442,31163,13443,31226,13444,31224,13445,31222,13446,31223,13447,31375,13448,31380,13449,31376,13450,31541,13451,31559,13452,31540,13453,31525,13454,31536,13455,31522,13456,31524,13457,31539,13458,31512,13459,31530,13460,31517,13461,31537,13462,31531,13463,31533,13464,31535,13465,31538,13466,31544,13467,31514,13468,31523,13469,31892,13470,31896,13471,31894,13472,31907,13473,32053,13474,32061,13475,32056,13476,32054,13477,32058,13478,32069,13479,32044,13480,32041,13481,32065,13482,32071,13483,32062,13484,32063,13485,32074,13486,32059,13487,32040,13488,32611,13489,32661,13490,32668,13491,32669,13492,32667,13493,32714,13494,32715,13495,32717,13496,32720,13497,32721,13498,32711,13499,32719,13500,32713,13501,32799,13502,32798,13503,32795,13504,32839,13505,32835,13506,32840,13507,33048,13508,33061,13509,33049,13510,33051,13511,33069,13512,33055,13513,33068,13514,33054,13515,33057,13516,33045,13517,33063,13518,33053,13519,33058,13520,33297,13521,33336,13522,33331,13523,33338,13524,33332,13525,33330,13526,33396,13527,33680,13528,33699,13529,33704,13530,33677,13531,33658,13532,33651,13533,33700,13534,33652,13535,33679,13536,33665,13537,33685,13538,33689,13539,33653,13540,33684,13541,33705,13542,33661,13543,33667,13544,33676,13545,33693,13546,33691,13547,33706,13548,33675,13549,33662,13550,33701,13551,33711,13552,33672,13553,33687,13554,33712,13555,33663,13556,33702,13557,33671,13558,33710,13559,33654,13560,33690,13561,34393,13562,34390,13563,34495,13564,34487,13565,34498,13566,34497,13567,34501,13568,34490,13569,34480,13570,34504,13571,34489,13572,34483,13573,34488,13574,34508,13575,34484,13576,34491,13577,34492,13578,34499,13579,34493,13580,34494,13581,34898,13582,34953,13583,34965,13584,34984,13585,34978,13586,34986,13587,34970,13588,34961,13589,34977,13590,34975,13591,34968,13592,34983,13593,34969,13594,34971,13595,34967,13596,34980,13597,34988,13598,34956,13599,34963,13600,34958,13601,35202,13602,35286,13603,35289,13604,35285,13605,35376,13606,35367,13607,35372,13608,35358,13609,35897,13610,35899,13611,35932,13612,35933,13613,35965,13614,36005,13615,36221,13616,36219,13617,36217,13618,36284,13619,36290,13620,36281,13621,36287,13622,36289,13623,36568,13624,36574,13625,36573,13626,36572,13627,36567,13628,36576,13629,36577,13630,36900,13631,36875,13632,36881,13633,36892,13634,36876,13635,36897,13636,37103,13637,37098,13638,37104,13639,37108,13640,37106,13641,37107,13642,37076,13643,37099,13644,37100,13645,37097,13646,37206,13647,37208,13648,37210,13649,37203,13650,37205,13651,37356,13652,37364,13653,37361,13654,37363,13655,37368,13656,37348,13657,37369,13658,37354,13659,37355,13660,37367,13661,37352,13662,37358,13663,38266,13664,38278,13665,38280,13666,38524,13667,38509,13668,38507,13669,38513,13670,38511,13671,38591,13672,38762,13673,38916,13674,39141,13675,39319,13676,20635,13677,20629,13678,20628,13679,20638,13680,20619,13681,20643,13682,20611,13683,20620,13684,20622,13685,20637,13686,20584,13687,20636,13688,20626,13689,20610,13690,20615,13691,20831,13692,20948,13693,21266,13694,21265,13695,21412,13696,21415,13697,21905,13698,21928,13699,21925,13700,21933,13701,21879,13702,22085,13703,21922,13704,21907,13705,21896,13706,21903,13707,21941,13708,21889,13709,21923,13710,21906,13711,21924,13712,21885,13713,21900,13714,21926,13715,21887,13716,21909,13717,21921,13718,21902,13719,22284,13720,22569,13721,22583,13722,22553,13723,22558,13724,22567,13725,22563,13726,22568,13727,22517,13728,22600,13729,22565,13730,22556,13731,22555,13732,22579,13733,22591,13734,22582,13735,22574,13736,22585,13737,22584,13738,22573,13739,22572,13740,22587,13741,22881,13742,23215,13743,23188,13744,23199,13745,23162,13746,23202,13747,23198,13748,23160,13749,23206,13750,23164,13751,23205,13752,23212,13753,23189,13754,23214,13755,23095,13756,23172,13757,23178,13758,23191,13759,23171,13760,23179,13761,23209,13762,23163,13763,23165,13764,23180,13765,23196,13766,23183,13767,23187,13768,23197,13769,23530,13770,23501,13771,23499,13772,23508,13773,23505,13774,23498,13775,23502,13776,23564,13777,23600,13778,23863,13779,23875,13780,23915,13781,23873,13782,23883,13783,23871,13784,23861,13785,23889,13786,23886,13787,23893,13788,23859,13789,23866,13790,23890,13791,23869,13792,23857,13793,23897,13794,23874,13795,23865,13796,23881,13797,23864,13798,23868,13799,23858,13800,23862,13801,23872,13802,23877,13803,24132,13804,24129,13805,24408,13806,24486,13807,24485,13808,24491,13809,24777,13810,24761,13811,24780,13812,24802,13813,24782,13814,24772,13815,24852,13816,24818,13817,24842,13818,24854,13819,24837,13820,24821,13821,24851,13822,24824,13823,24828,13824,24830,13825,24769,13826,24835,13827,24856,13828,24861,13829,24848,13830,24831,13831,24836,13832,24843,13833,25162,13834,25492,13835,25521,13836,25520,13837,25550,13838,25573,13839,25576,13840,25583,13841,25539,13842,25757,13843,25587,13844,25546,13845,25568,13846,25590,13847,25557,13848,25586,13849,25589,13850,25697,13851,25567,13852,25534,13853,25565,13854,25564,13855,25540,13856,25560,13857,25555,13858,25538,13859,25543,13860,25548,13861,25547,13862,25544,13863,25584,13864,25559,13865,25561,13866,25906,13867,25959,13868,25962,13869,25956,13870,25948,13871,25960,13872,25957,13873,25996,13874,26013,13875,26014,13876,26030,13877,26064,13878,26066,13879,26236,13880,26220,13881,26235,13882,26240,13883,26225,13884,26233,13885,26218,13886,26226,13887,26369,13888,26892,13889,26835,13890,26884,13891,26844,13892,26922,13893,26860,13894,26858,13895,26865,13896,26895,13897,26838,13898,26871,13899,26859,13900,26852,13901,26870,13902,26899,13903,26896,13904,26867,13905,26849,13906,26887,13907,26828,13908,26888,13909,26992,13910,26804,13911,26897,13912,26863,13913,26822,13914,26900,13915,26872,13916,26832,13917,26877,13918,26876,13919,26856,13920,26891,13921,26890,13922,26903,13923,26830,13924,26824,13925,26845,13926,26846,13927,26854,13928,26868,13929,26833,13930,26886,13931,26836,13932,26857,13933,26901,13934,26917,13935,26823,13936,27449,13937,27451,13938,27455,13939,27452,13940,27540,13941,27543,13942,27545,13943,27541,13944,27581,13945,27632,13946,27634,13947,27635,13948,27696,13949,28156,13950,28230,13951,28231,13952,28191,13953,28233,13954,28296,13955,28220,13956,28221,13957,28229,13958,28258,13959,28203,13960,28223,13961,28225,13962,28253,13963,28275,13964,28188,13965,28211,13966,28235,13967,28224,13968,28241,13969,28219,13970,28163,13971,28206,13972,28254,13973,28264,13974,28252,13975,28257,13976,28209,13977,28200,13978,28256,13979,28273,13980,28267,13981,28217,13982,28194,13983,28208,13984,28243,13985,28261,13986,28199,13987,28280,13988,28260,13989,28279,13990,28245,13991,28281,13992,28242,13993,28262,13994,28213,13995,28214,13996,28250,13997,28960,13998,28958,13999,28975,14000,28923,14001,28974,14002,28977,14003,28963,14004,28965,14005,28962,14006,28978,14007,28959,14008,28968,14009,28986,14010,28955,14011,29259,14012,29274,14013,29320,14014,29321,14015,29318,14016,29317,14017,29323,14018,29458,14019,29451,14020,29488,14021,29474,14022,29489,14023,29491,14024,29479,14025,29490,14026,29485,14027,29478,14028,29475,14029,29493,14030,29452,14031,29742,14032,29740,14033,29744,14034,29739,14035,29718,14036,29722,14037,29729,14038,29741,14039,29745,14040,29732,14041,29731,14042,29725,14043,29737,14044,29728,14045,29746,14046,29947,14047,29999,14048,30063,14049,30060,14050,30183,14051,30170,14052,30177,14053,30182,14054,30173,14055,30175,14056,30180,14057,30167,14058,30357,14059,30354,14060,30426,14061,30534,14062,30535,14063,30532,14064,30541,14065,30533,14066,30538,14067,30542,14068,30539,14069,30540,14070,30686,14071,30700,14072,30816,14073,30820,14074,30821,14075,30812,14076,30829,14077,30833,14078,30826,14079,30830,14080,30832,14081,30825,14082,30824,14083,30814,14084,30818,14085,31092,14086,31091,14087,31090,14088,31088,14089,31234,14090,31242,14091,31235,14092,31244,14093,31236,14094,31385,14095,31462,14096,31460,14097,31562,14098,31547,14099,31556,14100,31560,14101,31564,14102,31566,14103,31552,14104,31576,14105,31557,14106,31906,14107,31902,14108,31912,14109,31905,14110,32088,14111,32111,14112,32099,14113,32083,14114,32086,14115,32103,14116,32106,14117,32079,14118,32109,14119,32092,14120,32107,14121,32082,14122,32084,14123,32105,14124,32081,14125,32095,14126,32078,14127,32574,14128,32575,14129,32613,14130,32614,14131,32674,14132,32672,14133,32673,14134,32727,14135,32849,14136,32847,14137,32848,14138,33022,14139,32980,14140,33091,14141,33098,14142,33106,14143,33103,14144,33095,14145,33085,14146,33101,14147,33082,14148,33254,14149,33262,14150,33271,14151,33272,14152,33273,14153,33284,14154,33340,14155,33341,14156,33343,14157,33397,14158,33595,14159,33743,14160,33785,14161,33827,14162,33728,14163,33768,14164,33810,14165,33767,14166,33764,14167,33788,14168,33782,14169,33808,14170,33734,14171,33736,14172,33771,14173,33763,14174,33727,14175,33793,14176,33757,14177,33765,14178,33752,14179,33791,14180,33761,14181,33739,14182,33742,14183,33750,14184,33781,14185,33737,14186,33801,14187,33807,14188,33758,14189,33809,14190,33798,14191,33730,14192,33779,14193,33749,14194,33786,14195,33735,14196,33745,14197,33770,14198,33811,14199,33731,14200,33772,14201,33774,14202,33732,14203,33787,14204,33751,14205,33762,14206,33819,14207,33755,14208,33790,14209,34520,14210,34530,14211,34534,14212,34515,14213,34531,14214,34522,14215,34538,14216,34525,14217,34539,14218,34524,14219,34540,14220,34537,14221,34519,14222,34536,14223,34513,14224,34888,14225,34902,14226,34901,14227,35002,14228,35031,14229,35001,14230,35000,14231,35008,14232,35006,14233,34998,14234,35004,14235,34999,14236,35005,14237,34994,14238,35073,14239,35017,14240,35221,14241,35224,14242,35223,14243,35293,14244,35290,14245,35291,14246,35406,14247,35405,14248,35385,14249,35417,14250,35392,14251,35415,14252,35416,14253,35396,14254,35397,14255,35410,14256,35400,14257,35409,14258,35402,14259,35404,14260,35407,14261,35935,14262,35969,14263,35968,14264,36026,14265,36030,14266,36016,14267,36025,14268,36021,14269,36228,14270,36224,14271,36233,14272,36312,14273,36307,14274,36301,14275,36295,14276,36310,14277,36316,14278,36303,14279,36309,14280,36313,14281,36296,14282,36311,14283,36293,14284,36591,14285,36599,14286,36602,14287,36601,14288,36582,14289,36590,14290,36581,14291,36597,14292,36583,14293,36584,14294,36598,14295,36587,14296,36593,14297,36588,14298,36596,14299,36585,14300,36909,14301,36916,14302,36911,14303,37126,14304,37164,14305,37124,14306,37119,14307,37116,14308,37128,14309,37113,14310,37115,14311,37121,14312,37120,14313,37127,14314,37125,14315,37123,14316,37217,14317,37220,14318,37215,14319,37218,14320,37216,14321,37377,14322,37386,14323,37413,14324,37379,14325,37402,14326,37414,14327,37391,14328,37388,14329,37376,14330,37394,14331,37375,14332,37373,14333,37382,14334,37380,14335,37415,14336,37378,14337,37404,14338,37412,14339,37401,14340,37399,14341,37381,14342,37398,14343,38267,14344,38285,14345,38284,14346,38288,14347,38535,14348,38526,14349,38536,14350,38537,14351,38531,14352,38528,14353,38594,14354,38600,14355,38595,14356,38641,14357,38640,14358,38764,14359,38768,14360,38766,14361,38919,14362,39081,14363,39147,14364,40166,14365,40697,14366,20099,14367,20100,14368,20150,14369,20669,14370,20671,14371,20678,14372,20654,14373,20676,14374,20682,14375,20660,14376,20680,14377,20674,14378,20656,14379,20673,14380,20666,14381,20657,14382,20683,14383,20681,14384,20662,14385,20664,14386,20951,14387,21114,14388,21112,14389,21115,14390,21116,14391,21955,14392,21979,14393,21964,14394,21968,14395,21963,14396,21962,14397,21981,14398,21952,14399,21972,14400,21956,14401,21993,14402,21951,14403,21970,14404,21901,14405,21967,14406,21973,14407,21986,14408,21974,14409,21960,14410,22002,14411,21965,14412,21977,14413,21954,14414,22292,14415,22611,14416,22632,14417,22628,14418,22607,14419,22605,14420,22601,14421,22639,14422,22613,14423,22606,14424,22621,14425,22617,14426,22629,14427,22619,14428,22589,14429,22627,14430,22641,14431,22780,14432,23239,14433,23236,14434,23243,14435,23226,14436,23224,14437,23217,14438,23221,14439,23216,14440,23231,14441,23240,14442,23227,14443,23238,14444,23223,14445,23232,14446,23242,14447,23220,14448,23222,14449,23245,14450,23225,14451,23184,14452,23510,14453,23512,14454,23513,14455,23583,14456,23603,14457,23921,14458,23907,14459,23882,14460,23909,14461,23922,14462,23916,14463,23902,14464,23912,14465,23911,14466,23906,14467,24048,14468,24143,14469,24142,14470,24138,14471,24141,14472,24139,14473,24261,14474,24268,14475,24262,14476,24267,14477,24263,14478,24384,14479,24495,14480,24493,14481,24823,14482,24905,14483,24906,14484,24875,14485,24901,14486,24886,14487,24882,14488,24878,14489,24902,14490,24879,14491,24911,14492,24873,14493,24896,14494,25120,14495,37224,14496,25123,14497,25125,14498,25124,14499,25541,14500,25585,14501,25579,14502,25616,14503,25618,14504,25609,14505,25632,14506,25636,14507,25651,14508,25667,14509,25631,14510,25621,14511,25624,14512,25657,14513,25655,14514,25634,14515,25635,14516,25612,14517,25638,14518,25648,14519,25640,14520,25665,14521,25653,14522,25647,14523,25610,14524,25626,14525,25664,14526,25637,14527,25639,14528,25611,14529,25575,14530,25627,14531,25646,14532,25633,14533,25614,14534,25967,14535,26002,14536,26067,14537,26246,14538,26252,14539,26261,14540,26256,14541,26251,14542,26250,14543,26265,14544,26260,14545,26232,14546,26400,14547,26982,14548,26975,14549,26936,14550,26958,14551,26978,14552,26993,14553,26943,14554,26949,14555,26986,14556,26937,14557,26946,14558,26967,14559,26969,14560,27002,14561,26952,14562,26953,14563,26933,14564,26988,14565,26931,14566,26941,14567,26981,14568,26864,14569,27000,14570,26932,14571,26985,14572,26944,14573,26991,14574,26948,14575,26998,14576,26968,14577,26945,14578,26996,14579,26956,14580,26939,14581,26955,14582,26935,14583,26972,14584,26959,14585,26961,14586,26930,14587,26962,14588,26927,14589,27003,14590,26940,14591,27462,14592,27461,14593,27459,14594,27458,14595,27464,14596,27457,14597,27547,14598,64013,14599,27643,14600,27644,14601,27641,14602,27639,14603,27640,14604,28315,14605,28374,14606,28360,14607,28303,14608,28352,14609,28319,14610,28307,14611,28308,14612,28320,14613,28337,14614,28345,14615,28358,14616,28370,14617,28349,14618,28353,14619,28318,14620,28361,14621,28343,14622,28336,14623,28365,14624,28326,14625,28367,14626,28338,14627,28350,14628,28355,14629,28380,14630,28376,14631,28313,14632,28306,14633,28302,14634,28301,14635,28324,14636,28321,14637,28351,14638,28339,14639,28368,14640,28362,14641,28311,14642,28334,14643,28323,14644,28999,14645,29012,14646,29010,14647,29027,14648,29024,14649,28993,14650,29021,14651,29026,14652,29042,14653,29048,14654,29034,14655,29025,14656,28994,14657,29016,14658,28995,14659,29003,14660,29040,14661,29023,14662,29008,14663,29011,14664,28996,14665,29005,14666,29018,14667,29263,14668,29325,14669,29324,14670,29329,14671,29328,14672,29326,14673,29500,14674,29506,14675,29499,14676,29498,14677,29504,14678,29514,14679,29513,14680,29764,14681,29770,14682,29771,14683,29778,14684,29777,14685,29783,14686,29760,14687,29775,14688,29776,14689,29774,14690,29762,14691,29766,14692,29773,14693,29780,14694,29921,14695,29951,14696,29950,14697,29949,14698,29981,14699,30073,14700,30071,14701,27011,14702,30191,14703,30223,14704,30211,14705,30199,14706,30206,14707,30204,14708,30201,14709,30200,14710,30224,14711,30203,14712,30198,14713,30189,14714,30197,14715,30205,14716,30361,14717,30389,14718,30429,14719,30549,14720,30559,14721,30560,14722,30546,14723,30550,14724,30554,14725,30569,14726,30567,14727,30548,14728,30553,14729,30573,14730,30688,14731,30855,14732,30874,14733,30868,14734,30863,14735,30852,14736,30869,14737,30853,14738,30854,14739,30881,14740,30851,14741,30841,14742,30873,14743,30848,14744,30870,14745,30843,14746,31100,14747,31106,14748,31101,14749,31097,14750,31249,14751,31256,14752,31257,14753,31250,14754,31255,14755,31253,14756,31266,14757,31251,14758,31259,14759,31248,14760,31395,14761,31394,14762,31390,14763,31467,14764,31590,14765,31588,14766,31597,14767,31604,14768,31593,14769,31602,14770,31589,14771,31603,14772,31601,14773,31600,14774,31585,14775,31608,14776,31606,14777,31587,14778,31922,14779,31924,14780,31919,14781,32136,14782,32134,14783,32128,14784,32141,14785,32127,14786,32133,14787,32122,14788,32142,14789,32123,14790,32131,14791,32124,14792,32140,14793,32148,14794,32132,14795,32125,14796,32146,14797,32621,14798,32619,14799,32615,14800,32616,14801,32620,14802,32678,14803,32677,14804,32679,14805,32731,14806,32732,14807,32801,14808,33124,14809,33120,14810,33143,14811,33116,14812,33129,14813,33115,14814,33122,14815,33138,14816,26401,14817,33118,14818,33142,14819,33127,14820,33135,14821,33092,14822,33121,14823,33309,14824,33353,14825,33348,14826,33344,14827,33346,14828,33349,14829,34033,14830,33855,14831,33878,14832,33910,14833,33913,14834,33935,14835,33933,14836,33893,14837,33873,14838,33856,14839,33926,14840,33895,14841,33840,14842,33869,14843,33917,14844,33882,14845,33881,14846,33908,14847,33907,14848,33885,14849,34055,14850,33886,14851,33847,14852,33850,14853,33844,14854,33914,14855,33859,14856,33912,14857,33842,14858,33861,14859,33833,14860,33753,14861,33867,14862,33839,14863,33858,14864,33837,14865,33887,14866,33904,14867,33849,14868,33870,14869,33868,14870,33874,14871,33903,14872,33989,14873,33934,14874,33851,14875,33863,14876,33846,14877,33843,14878,33896,14879,33918,14880,33860,14881,33835,14882,33888,14883,33876,14884,33902,14885,33872,14886,34571,14887,34564,14888,34551,14889,34572,14890,34554,14891,34518,14892,34549,14893,34637,14894,34552,14895,34574,14896,34569,14897,34561,14898,34550,14899,34573,14900,34565,14901,35030,14902,35019,14903,35021,14904,35022,14905,35038,14906,35035,14907,35034,14908,35020,14909,35024,14910,35205,14911,35227,14912,35295,14913,35301,14914,35300,14915,35297,14916,35296,14917,35298,14918,35292,14919,35302,14920,35446,14921,35462,14922,35455,14923,35425,14924,35391,14925,35447,14926,35458,14927,35460,14928,35445,14929,35459,14930,35457,14931,35444,14932,35450,14933,35900,14934,35915,14935,35914,14936,35941,14937,35940,14938,35942,14939,35974,14940,35972,14941,35973,14942,36044,14943,36200,14944,36201,14945,36241,14946,36236,14947,36238,14948,36239,14949,36237,14950,36243,14951,36244,14952,36240,14953,36242,14954,36336,14955,36320,14956,36332,14957,36337,14958,36334,14959,36304,14960,36329,14961,36323,14962,36322,14963,36327,14964,36338,14965,36331,14966,36340,14967,36614,14968,36607,14969,36609,14970,36608,14971,36613,14972,36615,14973,36616,14974,36610,14975,36619,14976,36946,14977,36927,14978,36932,14979,36937,14980,36925,14981,37136,14982,37133,14983,37135,14984,37137,14985,37142,14986,37140,14987,37131,14988,37134,14989,37230,14990,37231,14991,37448,14992,37458,14993,37424,14994,37434,14995,37478,14996,37427,14997,37477,14998,37470,14999,37507,15000,37422,15001,37450,15002,37446,15003,37485,15004,37484,15005,37455,15006,37472,15007,37479,15008,37487,15009,37430,15010,37473,15011,37488,15012,37425,15013,37460,15014,37475,15015,37456,15016,37490,15017,37454,15018,37459,15019,37452,15020,37462,15021,37426,15022,38303,15023,38300,15024,38302,15025,38299,15026,38546,15027,38547,15028,38545,15029,38551,15030,38606,15031,38650,15032,38653,15033,38648,15034,38645,15035,38771,15036,38775,15037,38776,15038,38770,15039,38927,15040,38925,15041,38926,15042,39084,15043,39158,15044,39161,15045,39343,15046,39346,15047,39344,15048,39349,15049,39597,15050,39595,15051,39771,15052,40170,15053,40173,15054,40167,15055,40576,15056,40701,15057,20710,15058,20692,15059,20695,15060,20712,15061,20723,15062,20699,15063,20714,15064,20701,15065,20708,15066,20691,15067,20716,15068,20720,15069,20719,15070,20707,15071,20704,15072,20952,15073,21120,15074,21121,15075,21225,15076,21227,15077,21296,15078,21420,15079,22055,15080,22037,15081,22028,15082,22034,15083,22012,15084,22031,15085,22044,15086,22017,15087,22035,15088,22018,15089,22010,15090,22045,15091,22020,15092,22015,15093,22009,15094,22665,15095,22652,15096,22672,15097,22680,15098,22662,15099,22657,15100,22655,15101,22644,15102,22667,15103,22650,15104,22663,15105,22673,15106,22670,15107,22646,15108,22658,15109,22664,15110,22651,15111,22676,15112,22671,15113,22782,15114,22891,15115,23260,15116,23278,15117,23269,15118,23253,15119,23274,15120,23258,15121,23277,15122,23275,15123,23283,15124,23266,15125,23264,15126,23259,15127,23276,15128,23262,15129,23261,15130,23257,15131,23272,15132,23263,15133,23415,15134,23520,15135,23523,15136,23651,15137,23938,15138,23936,15139,23933,15140,23942,15141,23930,15142,23937,15143,23927,15144,23946,15145,23945,15146,23944,15147,23934,15148,23932,15149,23949,15150,23929,15151,23935,15152,24152,15153,24153,15154,24147,15155,24280,15156,24273,15157,24279,15158,24270,15159,24284,15160,24277,15161,24281,15162,24274,15163,24276,15164,24388,15165,24387,15166,24431,15167,24502,15168,24876,15169,24872,15170,24897,15171,24926,15172,24945,15173,24947,15174,24914,15175,24915,15176,24946,15177,24940,15178,24960,15179,24948,15180,24916,15181,24954,15182,24923,15183,24933,15184,24891,15185,24938,15186,24929,15187,24918,15188,25129,15189,25127,15190,25131,15191,25643,15192,25677,15193,25691,15194,25693,15195,25716,15196,25718,15197,25714,15198,25715,15199,25725,15200,25717,15201,25702,15202,25766,15203,25678,15204,25730,15205,25694,15206,25692,15207,25675,15208,25683,15209,25696,15210,25680,15211,25727,15212,25663,15213,25708,15214,25707,15215,25689,15216,25701,15217,25719,15218,25971,15219,26016,15220,26273,15221,26272,15222,26271,15223,26373,15224,26372,15225,26402,15226,27057,15227,27062,15228,27081,15229,27040,15230,27086,15231,27030,15232,27056,15233,27052,15234,27068,15235,27025,15236,27033,15237,27022,15238,27047,15239,27021,15240,27049,15241,27070,15242,27055,15243,27071,15244,27076,15245,27069,15246,27044,15247,27092,15248,27065,15249,27082,15250,27034,15251,27087,15252,27059,15253,27027,15254,27050,15255,27041,15256,27038,15257,27097,15258,27031,15259,27024,15260,27074,15261,27061,15262,27045,15263,27078,15264,27466,15265,27469,15266,27467,15267,27550,15268,27551,15269,27552,15270,27587,15271,27588,15272,27646,15273,28366,15274,28405,15275,28401,15276,28419,15277,28453,15278,28408,15279,28471,15280,28411,15281,28462,15282,28425,15283,28494,15284,28441,15285,28442,15286,28455,15287,28440,15288,28475,15289,28434,15290,28397,15291,28426,15292,28470,15293,28531,15294,28409,15295,28398,15296,28461,15297,28480,15298,28464,15299,28476,15300,28469,15301,28395,15302,28423,15303,28430,15304,28483,15305,28421,15306,28413,15307,28406,15308,28473,15309,28444,15310,28412,15311,28474,15312,28447,15313,28429,15314,28446,15315,28424,15316,28449,15317,29063,15318,29072,15319,29065,15320,29056,15321,29061,15322,29058,15323,29071,15324,29051,15325,29062,15326,29057,15327,29079,15328,29252,15329,29267,15330,29335,15331,29333,15332,29331,15333,29507,15334,29517,15335,29521,15336,29516,15337,29794,15338,29811,15339,29809,15340,29813,15341,29810,15342,29799,15343,29806,15344,29952,15345,29954,15346,29955,15347,30077,15348,30096,15349,30230,15350,30216,15351,30220,15352,30229,15353,30225,15354,30218,15355,30228,15356,30392,15357,30593,15358,30588,15359,30597,15360,30594,15361,30574,15362,30592,15363,30575,15364,30590,15365,30595,15366,30898,15367,30890,15368,30900,15369,30893,15370,30888,15371,30846,15372,30891,15373,30878,15374,30885,15375,30880,15376,30892,15377,30882,15378,30884,15379,31128,15380,31114,15381,31115,15382,31126,15383,31125,15384,31124,15385,31123,15386,31127,15387,31112,15388,31122,15389,31120,15390,31275,15391,31306,15392,31280,15393,31279,15394,31272,15395,31270,15396,31400,15397,31403,15398,31404,15399,31470,15400,31624,15401,31644,15402,31626,15403,31633,15404,31632,15405,31638,15406,31629,15407,31628,15408,31643,15409,31630,15410,31621,15411,31640,15412,21124,15413,31641,15414,31652,15415,31618,15416,31931,15417,31935,15418,31932,15419,31930,15420,32167,15421,32183,15422,32194,15423,32163,15424,32170,15425,32193,15426,32192,15427,32197,15428,32157,15429,32206,15430,32196,15431,32198,15432,32203,15433,32204,15434,32175,15435,32185,15436,32150,15437,32188,15438,32159,15439,32166,15440,32174,15441,32169,15442,32161,15443,32201,15444,32627,15445,32738,15446,32739,15447,32741,15448,32734,15449,32804,15450,32861,15451,32860,15452,33161,15453,33158,15454,33155,15455,33159,15456,33165,15457,33164,15458,33163,15459,33301,15460,33943,15461,33956,15462,33953,15463,33951,15464,33978,15465,33998,15466,33986,15467,33964,15468,33966,15469,33963,15470,33977,15471,33972,15472,33985,15473,33997,15474,33962,15475,33946,15476,33969,15477,34000,15478,33949,15479,33959,15480,33979,15481,33954,15482,33940,15483,33991,15484,33996,15485,33947,15486,33961,15487,33967,15488,33960,15489,34006,15490,33944,15491,33974,15492,33999,15493,33952,15494,34007,15495,34004,15496,34002,15497,34011,15498,33968,15499,33937,15500,34401,15501,34611,15502,34595,15503,34600,15504,34667,15505,34624,15506,34606,15507,34590,15508,34593,15509,34585,15510,34587,15511,34627,15512,34604,15513,34625,15514,34622,15515,34630,15516,34592,15517,34610,15518,34602,15519,34605,15520,34620,15521,34578,15522,34618,15523,34609,15524,34613,15525,34626,15526,34598,15527,34599,15528,34616,15529,34596,15530,34586,15531,34608,15532,34577,15533,35063,15534,35047,15535,35057,15536,35058,15537,35066,15538,35070,15539,35054,15540,35068,15541,35062,15542,35067,15543,35056,15544,35052,15545,35051,15546,35229,15547,35233,15548,35231,15549,35230,15550,35305,15551,35307,15552,35304,15553,35499,15554,35481,15555,35467,15556,35474,15557,35471,15558,35478,15559,35901,15560,35944,15561,35945,15562,36053,15563,36047,15564,36055,15565,36246,15566,36361,15567,36354,15568,36351,15569,36365,15570,36349,15571,36362,15572,36355,15573,36359,15574,36358,15575,36357,15576,36350,15577,36352,15578,36356,15579,36624,15580,36625,15581,36622,15582,36621,15583,37155,15584,37148,15585,37152,15586,37154,15587,37151,15588,37149,15589,37146,15590,37156,15591,37153,15592,37147,15593,37242,15594,37234,15595,37241,15596,37235,15597,37541,15598,37540,15599,37494,15600,37531,15601,37498,15602,37536,15603,37524,15604,37546,15605,37517,15606,37542,15607,37530,15608,37547,15609,37497,15610,37527,15611,37503,15612,37539,15613,37614,15614,37518,15615,37506,15616,37525,15617,37538,15618,37501,15619,37512,15620,37537,15621,37514,15622,37510,15623,37516,15624,37529,15625,37543,15626,37502,15627,37511,15628,37545,15629,37533,15630,37515,15631,37421,15632,38558,15633,38561,15634,38655,15635,38744,15636,38781,15637,38778,15638,38782,15639,38787,15640,38784,15641,38786,15642,38779,15643,38788,15644,38785,15645,38783,15646,38862,15647,38861,15648,38934,15649,39085,15650,39086,15651,39170,15652,39168,15653,39175,15654,39325,15655,39324,15656,39363,15657,39353,15658,39355,15659,39354,15660,39362,15661,39357,15662,39367,15663,39601,15664,39651,15665,39655,15666,39742,15667,39743,15668,39776,15669,39777,15670,39775,15671,40177,15672,40178,15673,40181,15674,40615,15675,20735,15676,20739,15677,20784,15678,20728,15679,20742,15680,20743,15681,20726,15682,20734,15683,20747,15684,20748,15685,20733,15686,20746,15687,21131,15688,21132,15689,21233,15690,21231,15691,22088,15692,22082,15693,22092,15694,22069,15695,22081,15696,22090,15697,22089,15698,22086,15699,22104,15700,22106,15701,22080,15702,22067,15703,22077,15704,22060,15705,22078,15706,22072,15707,22058,15708,22074,15709,22298,15710,22699,15711,22685,15712,22705,15713,22688,15714,22691,15715,22703,15716,22700,15717,22693,15718,22689,15719,22783,15720,23295,15721,23284,15722,23293,15723,23287,15724,23286,15725,23299,15726,23288,15727,23298,15728,23289,15729,23297,15730,23303,15731,23301,15732,23311,15733,23655,15734,23961,15735,23959,15736,23967,15737,23954,15738,23970,15739,23955,15740,23957,15741,23968,15742,23964,15743,23969,15744,23962,15745,23966,15746,24169,15747,24157,15748,24160,15749,24156,15750,32243,15751,24283,15752,24286,15753,24289,15754,24393,15755,24498,15756,24971,15757,24963,15758,24953,15759,25009,15760,25008,15761,24994,15762,24969,15763,24987,15764,24979,15765,25007,15766,25005,15767,24991,15768,24978,15769,25002,15770,24993,15771,24973,15772,24934,15773,25011,15774,25133,15775,25710,15776,25712,15777,25750,15778,25760,15779,25733,15780,25751,15781,25756,15782,25743,15783,25739,15784,25738,15785,25740,15786,25763,15787,25759,15788,25704,15789,25777,15790,25752,15791,25974,15792,25978,15793,25977,15794,25979,15795,26034,15796,26035,15797,26293,15798,26288,15799,26281,15800,26290,15801,26295,15802,26282,15803,26287,15804,27136,15805,27142,15806,27159,15807,27109,15808,27128,15809,27157,15810,27121,15811,27108,15812,27168,15813,27135,15814,27116,15815,27106,15816,27163,15817,27165,15818,27134,15819,27175,15820,27122,15821,27118,15822,27156,15823,27127,15824,27111,15825,27200,15826,27144,15827,27110,15828,27131,15829,27149,15830,27132,15831,27115,15832,27145,15833,27140,15834,27160,15835,27173,15836,27151,15837,27126,15838,27174,15839,27143,15840,27124,15841,27158,15842,27473,15843,27557,15844,27555,15845,27554,15846,27558,15847,27649,15848,27648,15849,27647,15850,27650,15851,28481,15852,28454,15853,28542,15854,28551,15855,28614,15856,28562,15857,28557,15858,28553,15859,28556,15860,28514,15861,28495,15862,28549,15863,28506,15864,28566,15865,28534,15866,28524,15867,28546,15868,28501,15869,28530,15870,28498,15871,28496,15872,28503,15873,28564,15874,28563,15875,28509,15876,28416,15877,28513,15878,28523,15879,28541,15880,28519,15881,28560,15882,28499,15883,28555,15884,28521,15885,28543,15886,28565,15887,28515,15888,28535,15889,28522,15890,28539,15891,29106,15892,29103,15893,29083,15894,29104,15895,29088,15896,29082,15897,29097,15898,29109,15899,29085,15900,29093,15901,29086,15902,29092,15903,29089,15904,29098,15905,29084,15906,29095,15907,29107,15908,29336,15909,29338,15910,29528,15911,29522,15912,29534,15913,29535,15914,29536,15915,29533,15916,29531,15917,29537,15918,29530,15919,29529,15920,29538,15921,29831,15922,29833,15923,29834,15924,29830,15925,29825,15926,29821,15927,29829,15928,29832,15929,29820,15930,29817,15931,29960,15932,29959,15933,30078,15934,30245,15935,30238,15936,30233,15937,30237,15938,30236,15939,30243,15940,30234,15941,30248,15942,30235,15943,30364,15944,30365,15945,30366,15946,30363,15947,30605,15948,30607,15949,30601,15950,30600,15951,30925,15952,30907,15953,30927,15954,30924,15955,30929,15956,30926,15957,30932,15958,30920,15959,30915,15960,30916,15961,30921,15962,31130,15963,31137,15964,31136,15965,31132,15966,31138,15967,31131,15968,27510,15969,31289,15970,31410,15971,31412,15972,31411,15973,31671,15974,31691,15975,31678,15976,31660,15977,31694,15978,31663,15979,31673,15980,31690,15981,31669,15982,31941,15983,31944,15984,31948,15985,31947,15986,32247,15987,32219,15988,32234,15989,32231,15990,32215,15991,32225,15992,32259,15993,32250,15994,32230,15995,32246,15996,32241,15997,32240,15998,32238,15999,32223,16000,32630,16001,32684,16002,32688,16003,32685,16004,32749,16005,32747,16006,32746,16007,32748,16008,32742,16009,32744,16010,32868,16011,32871,16012,33187,16013,33183,16014,33182,16015,33173,16016,33186,16017,33177,16018,33175,16019,33302,16020,33359,16021,33363,16022,33362,16023,33360,16024,33358,16025,33361,16026,34084,16027,34107,16028,34063,16029,34048,16030,34089,16031,34062,16032,34057,16033,34061,16034,34079,16035,34058,16036,34087,16037,34076,16038,34043,16039,34091,16040,34042,16041,34056,16042,34060,16043,34036,16044,34090,16045,34034,16046,34069,16047,34039,16048,34027,16049,34035,16050,34044,16051,34066,16052,34026,16053,34025,16054,34070,16055,34046,16056,34088,16057,34077,16058,34094,16059,34050,16060,34045,16061,34078,16062,34038,16063,34097,16064,34086,16065,34023,16066,34024,16067,34032,16068,34031,16069,34041,16070,34072,16071,34080,16072,34096,16073,34059,16074,34073,16075,34095,16076,34402,16077,34646,16078,34659,16079,34660,16080,34679,16081,34785,16082,34675,16083,34648,16084,34644,16085,34651,16086,34642,16087,34657,16088,34650,16089,34641,16090,34654,16091,34669,16092,34666,16093,34640,16094,34638,16095,34655,16096,34653,16097,34671,16098,34668,16099,34682,16100,34670,16101,34652,16102,34661,16103,34639,16104,34683,16105,34677,16106,34658,16107,34663,16108,34665,16109,34906,16110,35077,16111,35084,16112,35092,16113,35083,16114,35095,16115,35096,16116,35097,16117,35078,16118,35094,16119,35089,16120,35086,16121,35081,16122,35234,16123,35236,16124,35235,16125,35309,16126,35312,16127,35308,16128,35535,16129,35526,16130,35512,16131,35539,16132,35537,16133,35540,16134,35541,16135,35515,16136,35543,16137,35518,16138,35520,16139,35525,16140,35544,16141,35523,16142,35514,16143,35517,16144,35545,16145,35902,16146,35917,16147,35983,16148,36069,16149,36063,16150,36057,16151,36072,16152,36058,16153,36061,16154,36071,16155,36256,16156,36252,16157,36257,16158,36251,16159,36384,16160,36387,16161,36389,16162,36388,16163,36398,16164,36373,16165,36379,16166,36374,16167,36369,16168,36377,16169,36390,16170,36391,16171,36372,16172,36370,16173,36376,16174,36371,16175,36380,16176,36375,16177,36378,16178,36652,16179,36644,16180,36632,16181,36634,16182,36640,16183,36643,16184,36630,16185,36631,16186,36979,16187,36976,16188,36975,16189,36967,16190,36971,16191,37167,16192,37163,16193,37161,16194,37162,16195,37170,16196,37158,16197,37166,16198,37253,16199,37254,16200,37258,16201,37249,16202,37250,16203,37252,16204,37248,16205,37584,16206,37571,16207,37572,16208,37568,16209,37593,16210,37558,16211,37583,16212,37617,16213,37599,16214,37592,16215,37609,16216,37591,16217,37597,16218,37580,16219,37615,16220,37570,16221,37608,16222,37578,16223,37576,16224,37582,16225,37606,16226,37581,16227,37589,16228,37577,16229,37600,16230,37598,16231,37607,16232,37585,16233,37587,16234,37557,16235,37601,16236,37574,16237,37556,16238,38268,16239,38316,16240,38315,16241,38318,16242,38320,16243,38564,16244,38562,16245,38611,16246,38661,16247,38664,16248,38658,16249,38746,16250,38794,16251,38798,16252,38792,16253,38864,16254,38863,16255,38942,16256,38941,16257,38950,16258,38953,16259,38952,16260,38944,16261,38939,16262,38951,16263,39090,16264,39176,16265,39162,16266,39185,16267,39188,16268,39190,16269,39191,16270,39189,16271,39388,16272,39373,16273,39375,16274,39379,16275,39380,16276,39374,16277,39369,16278,39382,16279,39384,16280,39371,16281,39383,16282,39372,16283,39603,16284,39660,16285,39659,16286,39667,16287,39666,16288,39665,16289,39750,16290,39747,16291,39783,16292,39796,16293,39793,16294,39782,16295,39798,16296,39797,16297,39792,16298,39784,16299,39780,16300,39788,16301,40188,16302,40186,16303,40189,16304,40191,16305,40183,16306,40199,16307,40192,16308,40185,16309,40187,16310,40200,16311,40197,16312,40196,16313,40579,16314,40659,16315,40719,16316,40720,16317,20764,16318,20755,16319,20759,16320,20762,16321,20753,16322,20958,16323,21300,16324,21473,16325,22128,16326,22112,16327,22126,16328,22131,16329,22118,16330,22115,16331,22125,16332,22130,16333,22110,16334,22135,16335,22300,16336,22299,16337,22728,16338,22717,16339,22729,16340,22719,16341,22714,16342,22722,16343,22716,16344,22726,16345,23319,16346,23321,16347,23323,16348,23329,16349,23316,16350,23315,16351,23312,16352,23318,16353,23336,16354,23322,16355,23328,16356,23326,16357,23535,16358,23980,16359,23985,16360,23977,16361,23975,16362,23989,16363,23984,16364,23982,16365,23978,16366,23976,16367,23986,16368,23981,16369,23983,16370,23988,16371,24167,16372,24168,16373,24166,16374,24175,16375,24297,16376,24295,16377,24294,16378,24296,16379,24293,16380,24395,16381,24508,16382,24989,16383,25000,16384,24982,16385,25029,16386,25012,16387,25030,16388,25025,16389,25036,16390,25018,16391,25023,16392,25016,16393,24972,16394,25815,16395,25814,16396,25808,16397,25807,16398,25801,16399,25789,16400,25737,16401,25795,16402,25819,16403,25843,16404,25817,16405,25907,16406,25983,16407,25980,16408,26018,16409,26312,16410,26302,16411,26304,16412,26314,16413,26315,16414,26319,16415,26301,16416,26299,16417,26298,16418,26316,16419,26403,16420,27188,16421,27238,16422,27209,16423,27239,16424,27186,16425,27240,16426,27198,16427,27229,16428,27245,16429,27254,16430,27227,16431,27217,16432,27176,16433,27226,16434,27195,16435,27199,16436,27201,16437,27242,16438,27236,16439,27216,16440,27215,16441,27220,16442,27247,16443,27241,16444,27232,16445,27196,16446,27230,16447,27222,16448,27221,16449,27213,16450,27214,16451,27206,16452,27477,16453,27476,16454,27478,16455,27559,16456,27562,16457,27563,16458,27592,16459,27591,16460,27652,16461,27651,16462,27654,16463,28589,16464,28619,16465,28579,16466,28615,16467,28604,16468,28622,16469,28616,16470,28510,16471,28612,16472,28605,16473,28574,16474,28618,16475,28584,16476,28676,16477,28581,16478,28590,16479,28602,16480,28588,16481,28586,16482,28623,16483,28607,16484,28600,16485,28578,16486,28617,16487,28587,16488,28621,16489,28591,16490,28594,16491,28592,16492,29125,16493,29122,16494,29119,16495,29112,16496,29142,16497,29120,16498,29121,16499,29131,16500,29140,16501,29130,16502,29127,16503,29135,16504,29117,16505,29144,16506,29116,16507,29126,16508,29146,16509,29147,16510,29341,16511,29342,16512,29545,16513,29542,16514,29543,16515,29548,16516,29541,16517,29547,16518,29546,16519,29823,16520,29850,16521,29856,16522,29844,16523,29842,16524,29845,16525,29857,16526,29963,16527,30080,16528,30255,16529,30253,16530,30257,16531,30269,16532,30259,16533,30268,16534,30261,16535,30258,16536,30256,16537,30395,16538,30438,16539,30618,16540,30621,16541,30625,16542,30620,16543,30619,16544,30626,16545,30627,16546,30613,16547,30617,16548,30615,16549,30941,16550,30953,16551,30949,16552,30954,16553,30942,16554,30947,16555,30939,16556,30945,16557,30946,16558,30957,16559,30943,16560,30944,16561,31140,16562,31300,16563,31304,16564,31303,16565,31414,16566,31416,16567,31413,16568,31409,16569,31415,16570,31710,16571,31715,16572,31719,16573,31709,16574,31701,16575,31717,16576,31706,16577,31720,16578,31737,16579,31700,16580,31722,16581,31714,16582,31708,16583,31723,16584,31704,16585,31711,16586,31954,16587,31956,16588,31959,16589,31952,16590,31953,16591,32274,16592,32289,16593,32279,16594,32268,16595,32287,16596,32288,16597,32275,16598,32270,16599,32284,16600,32277,16601,32282,16602,32290,16603,32267,16604,32271,16605,32278,16606,32269,16607,32276,16608,32293,16609,32292,16610,32579,16611,32635,16612,32636,16613,32634,16614,32689,16615,32751,16616,32810,16617,32809,16618,32876,16619,33201,16620,33190,16621,33198,16622,33209,16623,33205,16624,33195,16625,33200,16626,33196,16627,33204,16628,33202,16629,33207,16630,33191,16631,33266,16632,33365,16633,33366,16634,33367,16635,34134,16636,34117,16637,34155,16638,34125,16639,34131,16640,34145,16641,34136,16642,34112,16643,34118,16644,34148,16645,34113,16646,34146,16647,34116,16648,34129,16649,34119,16650,34147,16651,34110,16652,34139,16653,34161,16654,34126,16655,34158,16656,34165,16657,34133,16658,34151,16659,34144,16660,34188,16661,34150,16662,34141,16663,34132,16664,34149,16665,34156,16666,34403,16667,34405,16668,34404,16669,34715,16670,34703,16671,34711,16672,34707,16673,34706,16674,34696,16675,34689,16676,34710,16677,34712,16678,34681,16679,34695,16680,34723,16681,34693,16682,34704,16683,34705,16684,34717,16685,34692,16686,34708,16687,34716,16688,34714,16689,34697,16690,35102,16691,35110,16692,35120,16693,35117,16694,35118,16695,35111,16696,35121,16697,35106,16698,35113,16699,35107,16700,35119,16701,35116,16702,35103,16703,35313,16704,35552,16705,35554,16706,35570,16707,35572,16708,35573,16709,35549,16710,35604,16711,35556,16712,35551,16713,35568,16714,35528,16715,35550,16716,35553,16717,35560,16718,35583,16719,35567,16720,35579,16721,35985,16722,35986,16723,35984,16724,36085,16725,36078,16726,36081,16727,36080,16728,36083,16729,36204,16730,36206,16731,36261,16732,36263,16733,36403,16734,36414,16735,36408,16736,36416,16737,36421,16738,36406,16739,36412,16740,36413,16741,36417,16742,36400,16743,36415,16744,36541,16745,36662,16746,36654,16747,36661,16748,36658,16749,36665,16750,36663,16751,36660,16752,36982,16753,36985,16754,36987,16755,36998,16756,37114,16757,37171,16758,37173,16759,37174,16760,37267,16761,37264,16762,37265,16763,37261,16764,37263,16765,37671,16766,37662,16767,37640,16768,37663,16769,37638,16770,37647,16771,37754,16772,37688,16773,37692,16774,37659,16775,37667,16776,37650,16777,37633,16778,37702,16779,37677,16780,37646,16781,37645,16782,37579,16783,37661,16784,37626,16785,37669,16786,37651,16787,37625,16788,37623,16789,37684,16790,37634,16791,37668,16792,37631,16793,37673,16794,37689,16795,37685,16796,37674,16797,37652,16798,37644,16799,37643,16800,37630,16801,37641,16802,37632,16803,37627,16804,37654,16805,38332,16806,38349,16807,38334,16808,38329,16809,38330,16810,38326,16811,38335,16812,38325,16813,38333,16814,38569,16815,38612,16816,38667,16817,38674,16818,38672,16819,38809,16820,38807,16821,38804,16822,38896,16823,38904,16824,38965,16825,38959,16826,38962,16827,39204,16828,39199,16829,39207,16830,39209,16831,39326,16832,39406,16833,39404,16834,39397,16835,39396,16836,39408,16837,39395,16838,39402,16839,39401,16840,39399,16841,39609,16842,39615,16843,39604,16844,39611,16845,39670,16846,39674,16847,39673,16848,39671,16849,39731,16850,39808,16851,39813,16852,39815,16853,39804,16854,39806,16855,39803,16856,39810,16857,39827,16858,39826,16859,39824,16860,39802,16861,39829,16862,39805,16863,39816,16864,40229,16865,40215,16866,40224,16867,40222,16868,40212,16869,40233,16870,40221,16871,40216,16872,40226,16873,40208,16874,40217,16875,40223,16876,40584,16877,40582,16878,40583,16879,40622,16880,40621,16881,40661,16882,40662,16883,40698,16884,40722,16885,40765,16886,20774,16887,20773,16888,20770,16889,20772,16890,20768,16891,20777,16892,21236,16893,22163,16894,22156,16895,22157,16896,22150,16897,22148,16898,22147,16899,22142,16900,22146,16901,22143,16902,22145,16903,22742,16904,22740,16905,22735,16906,22738,16907,23341,16908,23333,16909,23346,16910,23331,16911,23340,16912,23335,16913,23334,16914,23343,16915,23342,16916,23419,16917,23537,16918,23538,16919,23991,16920,24172,16921,24170,16922,24510,16923,24507,16924,25027,16925,25013,16926,25020,16927,25063,16928,25056,16929,25061,16930,25060,16931,25064,16932,25054,16933,25839,16934,25833,16935,25827,16936,25835,16937,25828,16938,25832,16939,25985,16940,25984,16941,26038,16942,26074,16943,26322,16944,27277,16945,27286,16946,27265,16947,27301,16948,27273,16949,27295,16950,27291,16951,27297,16952,27294,16953,27271,16954,27283,16955,27278,16956,27285,16957,27267,16958,27304,16959,27300,16960,27281,16961,27263,16962,27302,16963,27290,16964,27269,16965,27276,16966,27282,16967,27483,16968,27565,16969,27657,16970,28620,16971,28585,16972,28660,16973,28628,16974,28643,16975,28636,16976,28653,16977,28647,16978,28646,16979,28638,16980,28658,16981,28637,16982,28642,16983,28648,16984,29153,16985,29169,16986,29160,16987,29170,16988,29156,16989,29168,16990,29154,16991,29555,16992,29550,16993,29551,16994,29847,16995,29874,16996,29867,16997,29840,16998,29866,16999,29869,17000,29873,17001,29861,17002,29871,17003,29968,17004,29969,17005,29970,17006,29967,17007,30084,17008,30275,17009,30280,17010,30281,17011,30279,17012,30372,17013,30441,17014,30645,17015,30635,17016,30642,17017,30647,17018,30646,17019,30644,17020,30641,17021,30632,17022,30704,17023,30963,17024,30973,17025,30978,17026,30971,17027,30972,17028,30962,17029,30981,17030,30969,17031,30974,17032,30980,17033,31147,17034,31144,17035,31324,17036,31323,17037,31318,17038,31320,17039,31316,17040,31322,17041,31422,17042,31424,17043,31425,17044,31749,17045,31759,17046,31730,17047,31744,17048,31743,17049,31739,17050,31758,17051,31732,17052,31755,17053,31731,17054,31746,17055,31753,17056,31747,17057,31745,17058,31736,17059,31741,17060,31750,17061,31728,17062,31729,17063,31760,17064,31754,17065,31976,17066,32301,17067,32316,17068,32322,17069,32307,17070,38984,17071,32312,17072,32298,17073,32329,17074,32320,17075,32327,17076,32297,17077,32332,17078,32304,17079,32315,17080,32310,17081,32324,17082,32314,17083,32581,17084,32639,17085,32638,17086,32637,17087,32756,17088,32754,17089,32812,17090,33211,17091,33220,17092,33228,17093,33226,17094,33221,17095,33223,17096,33212,17097,33257,17098,33371,17099,33370,17100,33372,17101,34179,17102,34176,17103,34191,17104,34215,17105,34197,17106,34208,17107,34187,17108,34211,17109,34171,17110,34212,17111,34202,17112,34206,17113,34167,17114,34172,17115,34185,17116,34209,17117,34170,17118,34168,17119,34135,17120,34190,17121,34198,17122,34182,17123,34189,17124,34201,17125,34205,17126,34177,17127,34210,17128,34178,17129,34184,17130,34181,17131,34169,17132,34166,17133,34200,17134,34192,17135,34207,17136,34408,17137,34750,17138,34730,17139,34733,17140,34757,17141,34736,17142,34732,17143,34745,17144,34741,17145,34748,17146,34734,17147,34761,17148,34755,17149,34754,17150,34764,17151,34743,17152,34735,17153,34756,17154,34762,17155,34740,17156,34742,17157,34751,17158,34744,17159,34749,17160,34782,17161,34738,17162,35125,17163,35123,17164,35132,17165,35134,17166,35137,17167,35154,17168,35127,17169,35138,17170,35245,17171,35247,17172,35246,17173,35314,17174,35315,17175,35614,17176,35608,17177,35606,17178,35601,17179,35589,17180,35595,17181,35618,17182,35599,17183,35602,17184,35605,17185,35591,17186,35597,17187,35592,17188,35590,17189,35612,17190,35603,17191,35610,17192,35919,17193,35952,17194,35954,17195,35953,17196,35951,17197,35989,17198,35988,17199,36089,17200,36207,17201,36430,17202,36429,17203,36435,17204,36432,17205,36428,17206,36423,17207,36675,17208,36672,17209,36997,17210,36990,17211,37176,17212,37274,17213,37282,17214,37275,17215,37273,17216,37279,17217,37281,17218,37277,17219,37280,17220,37793,17221,37763,17222,37807,17223,37732,17224,37718,17225,37703,17226,37756,17227,37720,17228,37724,17229,37750,17230,37705,17231,37712,17232,37713,17233,37728,17234,37741,17235,37775,17236,37708,17237,37738,17238,37753,17239,37719,17240,37717,17241,37714,17242,37711,17243,37745,17244,37751,17245,37755,17246,37729,17247,37726,17248,37731,17249,37735,17250,37760,17251,37710,17252,37721,17253,38343,17254,38336,17255,38345,17256,38339,17257,38341,17258,38327,17259,38574,17260,38576,17261,38572,17262,38688,17263,38687,17264,38680,17265,38685,17266,38681,17267,38810,17268,38817,17269,38812,17270,38814,17271,38813,17272,38869,17273,38868,17274,38897,17275,38977,17276,38980,17277,38986,17278,38985,17279,38981,17280,38979,17281,39205,17282,39211,17283,39212,17284,39210,17285,39219,17286,39218,17287,39215,17288,39213,17289,39217,17290,39216,17291,39320,17292,39331,17293,39329,17294,39426,17295,39418,17296,39412,17297,39415,17298,39417,17299,39416,17300,39414,17301,39419,17302,39421,17303,39422,17304,39420,17305,39427,17306,39614,17307,39678,17308,39677,17309,39681,17310,39676,17311,39752,17312,39834,17313,39848,17314,39838,17315,39835,17316,39846,17317,39841,17318,39845,17319,39844,17320,39814,17321,39842,17322,39840,17323,39855,17324,40243,17325,40257,17326,40295,17327,40246,17328,40238,17329,40239,17330,40241,17331,40248,17332,40240,17333,40261,17334,40258,17335,40259,17336,40254,17337,40247,17338,40256,17339,40253,17340,32757,17341,40237,17342,40586,17343,40585,17344,40589,17345,40624,17346,40648,17347,40666,17348,40699,17349,40703,17350,40740,17351,40739,17352,40738,17353,40788,17354,40864,17355,20785,17356,20781,17357,20782,17358,22168,17359,22172,17360,22167,17361,22170,17362,22173,17363,22169,17364,22896,17365,23356,17366,23657,17367,23658,17368,24000,17369,24173,17370,24174,17371,25048,17372,25055,17373,25069,17374,25070,17375,25073,17376,25066,17377,25072,17378,25067,17379,25046,17380,25065,17381,25855,17382,25860,17383,25853,17384,25848,17385,25857,17386,25859,17387,25852,17388,26004,17389,26075,17390,26330,17391,26331,17392,26328,17393,27333,17394,27321,17395,27325,17396,27361,17397,27334,17398,27322,17399,27318,17400,27319,17401,27335,17402,27316,17403,27309,17404,27486,17405,27593,17406,27659,17407,28679,17408,28684,17409,28685,17410,28673,17411,28677,17412,28692,17413,28686,17414,28671,17415,28672,17416,28667,17417,28710,17418,28668,17419,28663,17420,28682,17421,29185,17422,29183,17423,29177,17424,29187,17425,29181,17426,29558,17427,29880,17428,29888,17429,29877,17430,29889,17431,29886,17432,29878,17433,29883,17434,29890,17435,29972,17436,29971,17437,30300,17438,30308,17439,30297,17440,30288,17441,30291,17442,30295,17443,30298,17444,30374,17445,30397,17446,30444,17447,30658,17448,30650,17449,30975,17450,30988,17451,30995,17452,30996,17453,30985,17454,30992,17455,30994,17456,30993,17457,31149,17458,31148,17459,31327,17460,31772,17461,31785,17462,31769,17463,31776,17464,31775,17465,31789,17466,31773,17467,31782,17468,31784,17469,31778,17470,31781,17471,31792,17472,32348,17473,32336,17474,32342,17475,32355,17476,32344,17477,32354,17478,32351,17479,32337,17480,32352,17481,32343,17482,32339,17483,32693,17484,32691,17485,32759,17486,32760,17487,32885,17488,33233,17489,33234,17490,33232,17491,33375,17492,33374,17493,34228,17494,34246,17495,34240,17496,34243,17497,34242,17498,34227,17499,34229,17500,34237,17501,34247,17502,34244,17503,34239,17504,34251,17505,34254,17506,34248,17507,34245,17508,34225,17509,34230,17510,34258,17511,34340,17512,34232,17513,34231,17514,34238,17515,34409,17516,34791,17517,34790,17518,34786,17519,34779,17520,34795,17521,34794,17522,34789,17523,34783,17524,34803,17525,34788,17526,34772,17527,34780,17528,34771,17529,34797,17530,34776,17531,34787,17532,34724,17533,34775,17534,34777,17535,34817,17536,34804,17537,34792,17538,34781,17539,35155,17540,35147,17541,35151,17542,35148,17543,35142,17544,35152,17545,35153,17546,35145,17547,35626,17548,35623,17549,35619,17550,35635,17551,35632,17552,35637,17553,35655,17554,35631,17555,35644,17556,35646,17557,35633,17558,35621,17559,35639,17560,35622,17561,35638,17562,35630,17563,35620,17564,35643,17565,35645,17566,35642,17567,35906,17568,35957,17569,35993,17570,35992,17571,35991,17572,36094,17573,36100,17574,36098,17575,36096,17576,36444,17577,36450,17578,36448,17579,36439,17580,36438,17581,36446,17582,36453,17583,36455,17584,36443,17585,36442,17586,36449,17587,36445,17588,36457,17589,36436,17590,36678,17591,36679,17592,36680,17593,36683,17594,37160,17595,37178,17596,37179,17597,37182,17598,37288,17599,37285,17600,37287,17601,37295,17602,37290,17603,37813,17604,37772,17605,37778,17606,37815,17607,37787,17608,37789,17609,37769,17610,37799,17611,37774,17612,37802,17613,37790,17614,37798,17615,37781,17616,37768,17617,37785,17618,37791,17619,37773,17620,37809,17621,37777,17622,37810,17623,37796,17624,37800,17625,37812,17626,37795,17627,37797,17628,38354,17629,38355,17630,38353,17631,38579,17632,38615,17633,38618,17634,24002,17635,38623,17636,38616,17637,38621,17638,38691,17639,38690,17640,38693,17641,38828,17642,38830,17643,38824,17644,38827,17645,38820,17646,38826,17647,38818,17648,38821,17649,38871,17650,38873,17651,38870,17652,38872,17653,38906,17654,38992,17655,38993,17656,38994,17657,39096,17658,39233,17659,39228,17660,39226,17661,39439,17662,39435,17663,39433,17664,39437,17665,39428,17666,39441,17667,39434,17668,39429,17669,39431,17670,39430,17671,39616,17672,39644,17673,39688,17674,39684,17675,39685,17676,39721,17677,39733,17678,39754,17679,39756,17680,39755,17681,39879,17682,39878,17683,39875,17684,39871,17685,39873,17686,39861,17687,39864,17688,39891,17689,39862,17690,39876,17691,39865,17692,39869,17693,40284,17694,40275,17695,40271,17696,40266,17697,40283,17698,40267,17699,40281,17700,40278,17701,40268,17702,40279,17703,40274,17704,40276,17705,40287,17706,40280,17707,40282,17708,40590,17709,40588,17710,40671,17711,40705,17712,40704,17713,40726,17714,40741,17715,40747,17716,40746,17717,40745,17718,40744,17719,40780,17720,40789,17721,20788,17722,20789,17723,21142,17724,21239,17725,21428,17726,22187,17727,22189,17728,22182,17729,22183,17730,22186,17731,22188,17732,22746,17733,22749,17734,22747,17735,22802,17736,23357,17737,23358,17738,23359,17739,24003,17740,24176,17741,24511,17742,25083,17743,25863,17744,25872,17745,25869,17746,25865,17747,25868,17748,25870,17749,25988,17750,26078,17751,26077,17752,26334,17753,27367,17754,27360,17755,27340,17756,27345,17757,27353,17758,27339,17759,27359,17760,27356,17761,27344,17762,27371,17763,27343,17764,27341,17765,27358,17766,27488,17767,27568,17768,27660,17769,28697,17770,28711,17771,28704,17772,28694,17773,28715,17774,28705,17775,28706,17776,28707,17777,28713,17778,28695,17779,28708,17780,28700,17781,28714,17782,29196,17783,29194,17784,29191,17785,29186,17786,29189,17787,29349,17788,29350,17789,29348,17790,29347,17791,29345,17792,29899,17793,29893,17794,29879,17795,29891,17796,29974,17797,30304,17798,30665,17799,30666,17800,30660,17801,30705,17802,31005,17803,31003,17804,31009,17805,31004,17806,30999,17807,31006,17808,31152,17809,31335,17810,31336,17811,31795,17812,31804,17813,31801,17814,31788,17815,31803,17816,31980,17817,31978,17818,32374,17819,32373,17820,32376,17821,32368,17822,32375,17823,32367,17824,32378,17825,32370,17826,32372,17827,32360,17828,32587,17829,32586,17830,32643,17831,32646,17832,32695,17833,32765,17834,32766,17835,32888,17836,33239,17837,33237,17838,33380,17839,33377,17840,33379,17841,34283,17842,34289,17843,34285,17844,34265,17845,34273,17846,34280,17847,34266,17848,34263,17849,34284,17850,34290,17851,34296,17852,34264,17853,34271,17854,34275,17855,34268,17856,34257,17857,34288,17858,34278,17859,34287,17860,34270,17861,34274,17862,34816,17863,34810,17864,34819,17865,34806,17866,34807,17867,34825,17868,34828,17869,34827,17870,34822,17871,34812,17872,34824,17873,34815,17874,34826,17875,34818,17876,35170,17877,35162,17878,35163,17879,35159,17880,35169,17881,35164,17882,35160,17883,35165,17884,35161,17885,35208,17886,35255,17887,35254,17888,35318,17889,35664,17890,35656,17891,35658,17892,35648,17893,35667,17894,35670,17895,35668,17896,35659,17897,35669,17898,35665,17899,35650,17900,35666,17901,35671,17902,35907,17903,35959,17904,35958,17905,35994,17906,36102,17907,36103,17908,36105,17909,36268,17910,36266,17911,36269,17912,36267,17913,36461,17914,36472,17915,36467,17916,36458,17917,36463,17918,36475,17919,36546,17920,36690,17921,36689,17922,36687,17923,36688,17924,36691,17925,36788,17926,37184,17927,37183,17928,37296,17929,37293,17930,37854,17931,37831,17932,37839,17933,37826,17934,37850,17935,37840,17936,37881,17937,37868,17938,37836,17939,37849,17940,37801,17941,37862,17942,37834,17943,37844,17944,37870,17945,37859,17946,37845,17947,37828,17948,37838,17949,37824,17950,37842,17951,37863,17952,38269,17953,38362,17954,38363,17955,38625,17956,38697,17957,38699,17958,38700,17959,38696,17960,38694,17961,38835,17962,38839,17963,38838,17964,38877,17965,38878,17966,38879,17967,39004,17968,39001,17969,39005,17970,38999,17971,39103,17972,39101,17973,39099,17974,39102,17975,39240,17976,39239,17977,39235,17978,39334,17979,39335,17980,39450,17981,39445,17982,39461,17983,39453,17984,39460,17985,39451,17986,39458,17987,39456,17988,39463,17989,39459,17990,39454,17991,39452,17992,39444,17993,39618,17994,39691,17995,39690,17996,39694,17997,39692,17998,39735,17999,39914,18000,39915,18001,39904,18002,39902,18003,39908,18004,39910,18005,39906,18006,39920,18007,39892,18008,39895,18009,39916,18010,39900,18011,39897,18012,39909,18013,39893,18014,39905,18015,39898,18016,40311,18017,40321,18018,40330,18019,40324,18020,40328,18021,40305,18022,40320,18023,40312,18024,40326,18025,40331,18026,40332,18027,40317,18028,40299,18029,40308,18030,40309,18031,40304,18032,40297,18033,40325,18034,40307,18035,40315,18036,40322,18037,40303,18038,40313,18039,40319,18040,40327,18041,40296,18042,40596,18043,40593,18044,40640,18045,40700,18046,40749,18047,40768,18048,40769,18049,40781,18050,40790,18051,40791,18052,40792,18053,21303,18054,22194,18055,22197,18056,22195,18057,22755,18058,23365,18059,24006,18060,24007,18061,24302,18062,24303,18063,24512,18064,24513,18065,25081,18066,25879,18067,25878,18068,25877,18069,25875,18070,26079,18071,26344,18072,26339,18073,26340,18074,27379,18075,27376,18076,27370,18077,27368,18078,27385,18079,27377,18080,27374,18081,27375,18082,28732,18083,28725,18084,28719,18085,28727,18086,28724,18087,28721,18088,28738,18089,28728,18090,28735,18091,28730,18092,28729,18093,28736,18094,28731,18095,28723,18096,28737,18097,29203,18098,29204,18099,29352,18100,29565,18101,29564,18102,29882,18103,30379,18104,30378,18105,30398,18106,30445,18107,30668,18108,30670,18109,30671,18110,30669,18111,30706,18112,31013,18113,31011,18114,31015,18115,31016,18116,31012,18117,31017,18118,31154,18119,31342,18120,31340,18121,31341,18122,31479,18123,31817,18124,31816,18125,31818,18126,31815,18127,31813,18128,31982,18129,32379,18130,32382,18131,32385,18132,32384,18133,32698,18134,32767,18135,32889,18136,33243,18137,33241,18138,33291,18139,33384,18140,33385,18141,34338,18142,34303,18143,34305,18144,34302,18145,34331,18146,34304,18147,34294,18148,34308,18149,34313,18150,34309,18151,34316,18152,34301,18153,34841,18154,34832,18155,34833,18156,34839,18157,34835,18158,34838,18159,35171,18160,35174,18161,35257,18162,35319,18163,35680,18164,35690,18165,35677,18166,35688,18167,35683,18168,35685,18169,35687,18170,35693,18171,36270,18172,36486,18173,36488,18174,36484,18175,36697,18176,36694,18177,36695,18178,36693,18179,36696,18180,36698,18181,37005,18182,37187,18183,37185,18184,37303,18185,37301,18186,37298,18187,37299,18188,37899,18189,37907,18190,37883,18191,37920,18192,37903,18193,37908,18194,37886,18195,37909,18196,37904,18197,37928,18198,37913,18199,37901,18200,37877,18201,37888,18202,37879,18203,37895,18204,37902,18205,37910,18206,37906,18207,37882,18208,37897,18209,37880,18210,37898,18211,37887,18212,37884,18213,37900,18214,37878,18215,37905,18216,37894,18217,38366,18218,38368,18219,38367,18220,38702,18221,38703,18222,38841,18223,38843,18224,38909,18225,38910,18226,39008,18227,39010,18228,39011,18229,39007,18230,39105,18231,39106,18232,39248,18233,39246,18234,39257,18235,39244,18236,39243,18237,39251,18238,39474,18239,39476,18240,39473,18241,39468,18242,39466,18243,39478,18244,39465,18245,39470,18246,39480,18247,39469,18248,39623,18249,39626,18250,39622,18251,39696,18252,39698,18253,39697,18254,39947,18255,39944,18256,39927,18257,39941,18258,39954,18259,39928,18260,40000,18261,39943,18262,39950,18263,39942,18264,39959,18265,39956,18266,39945,18267,40351,18268,40345,18269,40356,18270,40349,18271,40338,18272,40344,18273,40336,18274,40347,18275,40352,18276,40340,18277,40348,18278,40362,18279,40343,18280,40353,18281,40346,18282,40354,18283,40360,18284,40350,18285,40355,18286,40383,18287,40361,18288,40342,18289,40358,18290,40359,18291,40601,18292,40603,18293,40602,18294,40677,18295,40676,18296,40679,18297,40678,18298,40752,18299,40750,18300,40795,18301,40800,18302,40798,18303,40797,18304,40793,18305,40849,18306,20794,18307,20793,18308,21144,18309,21143,18310,22211,18311,22205,18312,22206,18313,23368,18314,23367,18315,24011,18316,24015,18317,24305,18318,25085,18319,25883,18320,27394,18321,27388,18322,27395,18323,27384,18324,27392,18325,28739,18326,28740,18327,28746,18328,28744,18329,28745,18330,28741,18331,28742,18332,29213,18333,29210,18334,29209,18335,29566,18336,29975,18337,30314,18338,30672,18339,31021,18340,31025,18341,31023,18342,31828,18343,31827,18344,31986,18345,32394,18346,32391,18347,32392,18348,32395,18349,32390,18350,32397,18351,32589,18352,32699,18353,32816,18354,33245,18355,34328,18356,34346,18357,34342,18358,34335,18359,34339,18360,34332,18361,34329,18362,34343,18363,34350,18364,34337,18365,34336,18366,34345,18367,34334,18368,34341,18369,34857,18370,34845,18371,34843,18372,34848,18373,34852,18374,34844,18375,34859,18376,34890,18377,35181,18378,35177,18379,35182,18380,35179,18381,35322,18382,35705,18383,35704,18384,35653,18385,35706,18386,35707,18387,36112,18388,36116,18389,36271,18390,36494,18391,36492,18392,36702,18393,36699,18394,36701,18395,37190,18396,37188,18397,37189,18398,37305,18399,37951,18400,37947,18401,37942,18402,37929,18403,37949,18404,37948,18405,37936,18406,37945,18407,37930,18408,37943,18409,37932,18410,37952,18411,37937,18412,38373,18413,38372,18414,38371,18415,38709,18416,38714,18417,38847,18418,38881,18419,39012,18420,39113,18421,39110,18422,39104,18423,39256,18424,39254,18425,39481,18426,39485,18427,39494,18428,39492,18429,39490,18430,39489,18431,39482,18432,39487,18433,39629,18434,39701,18435,39703,18436,39704,18437,39702,18438,39738,18439,39762,18440,39979,18441,39965,18442,39964,18443,39980,18444,39971,18445,39976,18446,39977,18447,39972,18448,39969,18449,40375,18450,40374,18451,40380,18452,40385,18453,40391,18454,40394,18455,40399,18456,40382,18457,40389,18458,40387,18459,40379,18460,40373,18461,40398,18462,40377,18463,40378,18464,40364,18465,40392,18466,40369,18467,40365,18468,40396,18469,40371,18470,40397,18471,40370,18472,40570,18473,40604,18474,40683,18475,40686,18476,40685,18477,40731,18478,40728,18479,40730,18480,40753,18481,40782,18482,40805,18483,40804,18484,40850,18485,20153,18486,22214,18487,22213,18488,22219,18489,22897,18490,23371,18491,23372,18492,24021,18493,24017,18494,24306,18495,25889,18496,25888,18497,25894,18498,25890,18499,27403,18500,27400,18501,27401,18502,27661,18503,28757,18504,28758,18505,28759,18506,28754,18507,29214,18508,29215,18509,29353,18510,29567,18511,29912,18512,29909,18513,29913,18514,29911,18515,30317,18516,30381,18517,31029,18518,31156,18519,31344,18520,31345,18521,31831,18522,31836,18523,31833,18524,31835,18525,31834,18526,31988,18527,31985,18528,32401,18529,32591,18530,32647,18531,33246,18532,33387,18533,34356,18534,34357,18535,34355,18536,34348,18537,34354,18538,34358,18539,34860,18540,34856,18541,34854,18542,34858,18543,34853,18544,35185,18545,35263,18546,35262,18547,35323,18548,35710,18549,35716,18550,35714,18551,35718,18552,35717,18553,35711,18554,36117,18555,36501,18556,36500,18557,36506,18558,36498,18559,36496,18560,36502,18561,36503,18562,36704,18563,36706,18564,37191,18565,37964,18566,37968,18567,37962,18568,37963,18569,37967,18570,37959,18571,37957,18572,37960,18573,37961,18574,37958,18575,38719,18576,38883,18577,39018,18578,39017,18579,39115,18580,39252,18581,39259,18582,39502,18583,39507,18584,39508,18585,39500,18586,39503,18587,39496,18588,39498,18589,39497,18590,39506,18591,39504,18592,39632,18593,39705,18594,39723,18595,39739,18596,39766,18597,39765,18598,40006,18599,40008,18600,39999,18601,40004,18602,39993,18603,39987,18604,40001,18605,39996,18606,39991,18607,39988,18608,39986,18609,39997,18610,39990,18611,40411,18612,40402,18613,40414,18614,40410,18615,40395,18616,40400,18617,40412,18618,40401,18619,40415,18620,40425,18621,40409,18622,40408,18623,40406,18624,40437,18625,40405,18626,40413,18627,40630,18628,40688,18629,40757,18630,40755,18631,40754,18632,40770,18633,40811,18634,40853,18635,40866,18636,20797,18637,21145,18638,22760,18639,22759,18640,22898,18641,23373,18642,24024,18643,34863,18644,24399,18645,25089,18646,25091,18647,25092,18648,25897,18649,25893,18650,26006,18651,26347,18652,27409,18653,27410,18654,27407,18655,27594,18656,28763,18657,28762,18658,29218,18659,29570,18660,29569,18661,29571,18662,30320,18663,30676,18664,31847,18665,31846,18666,32405,18667,33388,18668,34362,18669,34368,18670,34361,18671,34364,18672,34353,18673,34363,18674,34366,18675,34864,18676,34866,18677,34862,18678,34867,18679,35190,18680,35188,18681,35187,18682,35326,18683,35724,18684,35726,18685,35723,18686,35720,18687,35909,18688,36121,18689,36504,18690,36708,18691,36707,18692,37308,18693,37986,18694,37973,18695,37981,18696,37975,18697,37982,18698,38852,18699,38853,18700,38912,18701,39510,18702,39513,18703,39710,18704,39711,18705,39712,18706,40018,18707,40024,18708,40016,18709,40010,18710,40013,18711,40011,18712,40021,18713,40025,18714,40012,18715,40014,18716,40443,18717,40439,18718,40431,18719,40419,18720,40427,18721,40440,18722,40420,18723,40438,18724,40417,18725,40430,18726,40422,18727,40434,18728,40432,18729,40418,18730,40428,18731,40436,18732,40435,18733,40424,18734,40429,18735,40642,18736,40656,18737,40690,18738,40691,18739,40710,18740,40732,18741,40760,18742,40759,18743,40758,18744,40771,18745,40783,18746,40817,18747,40816,18748,40814,18749,40815,18750,22227,18751,22221,18752,23374,18753,23661,18754,25901,18755,26349,18756,26350,18757,27411,18758,28767,18759,28769,18760,28765,18761,28768,18762,29219,18763,29915,18764,29925,18765,30677,18766,31032,18767,31159,18768,31158,18769,31850,18770,32407,18771,32649,18772,33389,18773,34371,18774,34872,18775,34871,18776,34869,18777,34891,18778,35732,18779,35733,18780,36510,18781,36511,18782,36512,18783,36509,18784,37310,18785,37309,18786,37314,18787,37995,18788,37992,18789,37993,18790,38629,18791,38726,18792,38723,18793,38727,18794,38855,18795,38885,18796,39518,18797,39637,18798,39769,18799,40035,18800,40039,18801,40038,18802,40034,18803,40030,18804,40032,18805,40450,18806,40446,18807,40455,18808,40451,18809,40454,18810,40453,18811,40448,18812,40449,18813,40457,18814,40447,18815,40445,18816,40452,18817,40608,18818,40734,18819,40774,18820,40820,18821,40821,18822,40822,18823,22228,18824,25902,18825,26040,18826,27416,18827,27417,18828,27415,18829,27418,18830,28770,18831,29222,18832,29354,18833,30680,18834,30681,18835,31033,18836,31849,18837,31851,18838,31990,18839,32410,18840,32408,18841,32411,18842,32409,18843,33248,18844,33249,18845,34374,18846,34375,18847,34376,18848,35193,18849,35194,18850,35196,18851,35195,18852,35327,18853,35736,18854,35737,18855,36517,18856,36516,18857,36515,18858,37998,18859,37997,18860,37999,18861,38001,18862,38003,18863,38729,18864,39026,18865,39263,18866,40040,18867,40046,18868,40045,18869,40459,18870,40461,18871,40464,18872,40463,18873,40466,18874,40465,18875,40609,18876,40693,18877,40713,18878,40775,18879,40824,18880,40827,18881,40826,18882,40825,18883,22302,18884,28774,18885,31855,18886,34876,18887,36274,18888,36518,18889,37315,18890,38004,18891,38008,18892,38006,18893,38005,18894,39520,18895,40052,18896,40051,18897,40049,18898,40053,18899,40468,18900,40467,18901,40694,18902,40714,18903,40868,18904,28776,18905,28773,18906,31991,18907,34410,18908,34878,18909,34877,18910,34879,18911,35742,18912,35996,18913,36521,18914,36553,18915,38731,18916,39027,18917,39028,18918,39116,18919,39265,18920,39339,18921,39524,18922,39526,18923,39527,18924,39716,18925,40469,18926,40471,18927,40776,18928,25095,18929,27422,18930,29223,18931,34380,18932,36520,18933,38018,18934,38016,18935,38017,18936,39529,18937,39528,18938,39726,18939,40473,18940,29225,18941,34379,18942,35743,18943,38019,18944,40057,18945,40631,18946,30325,18947,39531,18948,40058,18949,40477,18950,28777,18951,28778,18952,40612,18953,40830,18954,40777,18955,40856,18956,30849,18957,37561,18958,35023,18959,22715,18960,24658,18961,31911,18962,23290,18963,9556,18964,9574,18965,9559,18966,9568,18967,9580,18968,9571,18969,9562,18970,9577,18971,9565,18972,9554,18973,9572,18974,9557,18975,9566,18976,9578,18977,9569,18978,9560,18979,9575,18980,9563,18981,9555,18982,9573,18983,9558,18984,9567,18985,9579,18986,9570,18987,9561,18988,9576,18989,9564,18990,9553,18991,9552,18992,9581,18993,9582,18994,9584,18995,9583,18996,65517,18997,132423,18998,37595,18999,132575,19000,147397,19001,34124,19002,17077,19003,29679,19004,20917,19005,13897,19006,149826,19007,166372,19008,37700,19009,137691,19010,33518,19011,146632,19012,30780,19013,26436,19014,25311,19015,149811,19016,166314,19017,131744,19018,158643,19019,135941,19020,20395,19021,140525,19022,20488,19023,159017,19024,162436,19025,144896,19026,150193,19027,140563,19028,20521,19029,131966,19030,24484,19031,131968,19032,131911,19033,28379,19034,132127,19035,20605,19036,20737,19037,13434,19038,20750,19039,39020,19040,14147,19041,33814,19042,149924,19043,132231,19044,20832,19045,144308,19046,20842,19047,134143,19048,139516,19049,131813,19050,140592,19051,132494,19052,143923,19053,137603,19054,23426,19055,34685,19056,132531,19057,146585,19058,20914,19059,20920,19060,40244,19061,20937,19062,20943,19063,20945,19064,15580,19065,20947,19066,150182,19067,20915,19068,20962,19069,21314,19070,20973,19071,33741,19072,26942,19073,145197,19074,24443,19075,21003,19076,21030,19077,21052,19078,21173,19079,21079,19080,21140,19081,21177,19082,21189,19083,31765,19084,34114,19085,21216,19086,34317,19087,158483,19088,21253,19089,166622,19090,21833,19091,28377,19092,147328,19093,133460,19094,147436,19095,21299,19096,21316,19097,134114,19098,27851,19099,136998,19100,26651,19101,29653,19102,24650,19103,16042,19104,14540,19105,136936,19106,29149,19107,17570,19108,21357,19109,21364,19110,165547,19111,21374,19112,21375,19113,136598,19114,136723,19115,30694,19116,21395,19117,166555,19118,21408,19119,21419,19120,21422,19121,29607,19122,153458,19123,16217,19124,29596,19125,21441,19126,21445,19127,27721,19128,20041,19129,22526,19130,21465,19131,15019,19132,134031,19133,21472,19134,147435,19135,142755,19136,21494,19137,134263,19138,21523,19139,28793,19140,21803,19141,26199,19142,27995,19143,21613,19144,158547,19145,134516,19146,21853,19147,21647,19148,21668,19149,18342,19150,136973,19151,134877,19152,15796,19153,134477,19154,166332,19155,140952,19156,21831,19157,19693,19158,21551,19159,29719,19160,21894,19161,21929,19162,22021,19163,137431,19164,147514,19165,17746,19166,148533,19167,26291,19168,135348,19169,22071,19170,26317,19171,144010,19172,26276,19173,26285,19174,22093,19175,22095,19176,30961,19177,22257,19178,38791,19179,21502,19180,22272,19181,22255,19182,22253,19183,166758,19184,13859,19185,135759,19186,22342,19187,147877,19188,27758,19189,28811,19190,22338,19191,14001,19192,158846,19193,22502,19194,136214,19195,22531,19196,136276,19197,148323,19198,22566,19199,150517,19200,22620,19201,22698,19202,13665,19203,22752,19204,22748,19205,135740,19206,22779,19207,23551,19208,22339,19209,172368,19210,148088,19211,37843,19212,13729,19213,22815,19214,26790,19215,14019,19216,28249,19217,136766,19218,23076,19219,21843,19220,136850,19221,34053,19222,22985,19223,134478,19224,158849,19225,159018,19226,137180,19227,23001,19228,137211,19229,137138,19230,159142,19231,28017,19232,137256,19233,136917,19234,23033,19235,159301,19236,23211,19237,23139,19238,14054,19239,149929,19240,23159,19241,14088,19242,23190,19243,29797,19244,23251,19245,159649,19246,140628,19247,15749,19248,137489,19249,14130,19250,136888,19251,24195,19252,21200,19253,23414,19254,25992,19255,23420,19256,162318,19257,16388,19258,18525,19259,131588,19260,23509,19261,24928,19262,137780,19263,154060,19264,132517,19265,23539,19266,23453,19267,19728,19268,23557,19269,138052,19270,23571,19271,29646,19272,23572,19273,138405,19274,158504,19275,23625,19276,18653,19277,23685,19278,23785,19279,23791,19280,23947,19281,138745,19282,138807,19283,23824,19284,23832,19285,23878,19286,138916,19287,23738,19288,24023,19289,33532,19290,14381,19291,149761,19292,139337,19293,139635,19294,33415,19295,14390,19296,15298,19297,24110,19298,27274,19299,24181,19300,24186,19301,148668,19302,134355,19303,21414,19304,20151,19305,24272,19306,21416,19307,137073,19308,24073,19309,24308,19310,164994,19311,24313,19312,24315,19313,14496,19314,24316,19315,26686,19316,37915,19317,24333,19318,131521,19319,194708,19320,15070,19321,18606,19322,135994,19323,24378,19324,157832,19325,140240,19326,24408,19327,140401,19328,24419,19329,38845,19330,159342,19331,24434,19332,37696,19333,166454,19334,24487,19335,23990,19336,15711,19337,152144,19338,139114,19339,159992,19340,140904,19341,37334,19342,131742,19343,166441,19344,24625,19345,26245,19346,137335,19347,14691,19348,15815,19349,13881,19350,22416,19351,141236,19352,31089,19353,15936,19354,24734,19355,24740,19356,24755,19357,149890,19358,149903,19359,162387,19360,29860,19361,20705,19362,23200,19363,24932,19364,33828,19365,24898,19366,194726,19367,159442,19368,24961,19369,20980,19370,132694,19371,24967,19372,23466,19373,147383,19374,141407,19375,25043,19376,166813,19377,170333,19378,25040,19379,14642,19380,141696,19381,141505,19382,24611,19383,24924,19384,25886,19385,25483,19386,131352,19387,25285,19388,137072,19389,25301,19390,142861,19391,25452,19392,149983,19393,14871,19394,25656,19395,25592,19396,136078,19397,137212,19398,25744,19399,28554,19400,142902,19401,38932,19402,147596,19403,153373,19404,25825,19405,25829,19406,38011,19407,14950,19408,25658,19409,14935,19410,25933,19411,28438,19412,150056,19413,150051,19414,25989,19415,25965,19416,25951,19417,143486,19418,26037,19419,149824,19420,19255,19421,26065,19422,16600,19423,137257,19424,26080,19425,26083,19426,24543,19427,144384,19428,26136,19429,143863,19430,143864,19431,26180,19432,143780,19433,143781,19434,26187,19435,134773,19436,26215,19437,152038,19438,26227,19439,26228,19440,138813,19441,143921,19442,165364,19443,143816,19444,152339,19445,30661,19446,141559,19447,39332,19448,26370,19449,148380,19450,150049,19451,15147,19452,27130,19453,145346,19454,26462,19455,26471,19456,26466,19457,147917,19458,168173,19459,26583,19460,17641,19461,26658,19462,28240,19463,37436,19464,26625,19465,144358,19466,159136,19467,26717,19468,144495,19469,27105,19470,27147,19471,166623,19472,26995,19473,26819,19474,144845,19475,26881,19476,26880,19477,15666,19478,14849,19479,144956,19480,15232,19481,26540,19482,26977,19483,166474,19484,17148,19485,26934,19486,27032,19487,15265,19488,132041,19489,33635,19490,20624,19491,27129,19492,144985,19493,139562,19494,27205,19495,145155,19496,27293,19497,15347,19498,26545,19499,27336,19500,168348,19501,15373,19502,27421,19503,133411,19504,24798,19505,27445,19506,27508,19507,141261,19508,28341,19509,146139,19510,132021,19511,137560,19512,14144,19513,21537,19514,146266,19515,27617,19516,147196,19517,27612,19518,27703,19519,140427,19520,149745,19521,158545,19522,27738,19523,33318,19524,27769,19525,146876,19526,17605,19527,146877,19528,147876,19529,149772,19530,149760,19531,146633,19532,14053,19533,15595,19534,134450,19535,39811,19536,143865,19537,140433,19538,32655,19539,26679,19540,159013,19541,159137,19542,159211,19543,28054,19544,27996,19545,28284,19546,28420,19547,149887,19548,147589,19549,159346,19550,34099,19551,159604,19552,20935,19553,27804,19554,28189,19555,33838,19556,166689,19557,28207,19558,146991,19559,29779,19560,147330,19561,31180,19562,28239,19563,23185,19564,143435,19565,28664,19566,14093,19567,28573,19568,146992,19569,28410,19570,136343,19571,147517,19572,17749,19573,37872,19574,28484,19575,28508,19576,15694,19577,28532,19578,168304,19579,15675,19580,28575,19581,147780,19582,28627,19583,147601,19584,147797,19585,147513,19586,147440,19587,147380,19588,147775,19589,20959,19590,147798,19591,147799,19592,147776,19593,156125,19594,28747,19595,28798,19596,28839,19597,28801,19598,28876,19599,28885,19600,28886,19601,28895,19602,16644,19603,15848,19604,29108,19605,29078,19606,148087,19607,28971,19608,28997,19609,23176,19610,29002,19611,29038,19612,23708,19613,148325,19614,29007,19615,37730,19616,148161,19617,28972,19618,148570,19619,150055,19620,150050,19621,29114,19622,166888,19623,28861,19624,29198,19625,37954,19626,29205,19627,22801,19628,37955,19629,29220,19630,37697,19631,153093,19632,29230,19633,29248,19634,149876,19635,26813,19636,29269,19637,29271,19638,15957,19639,143428,19640,26637,19641,28477,19642,29314,19643,29482,19644,29483,19645,149539,19646,165931,19647,18669,19648,165892,19649,29480,19650,29486,19651,29647,19652,29610,19653,134202,19654,158254,19655,29641,19656,29769,19657,147938,19658,136935,19659,150052,19660,26147,19661,14021,19662,149943,19663,149901,19664,150011,19665,29687,19666,29717,19667,26883,19668,150054,19669,29753,19670,132547,19671,16087,19672,29788,19673,141485,19674,29792,19675,167602,19676,29767,19677,29668,19678,29814,19679,33721,19680,29804,19681,14128,19682,29812,19683,37873,19684,27180,19685,29826,19686,18771,19687,150156,19688,147807,19689,150137,19690,166799,19691,23366,19692,166915,19693,137374,19694,29896,19695,137608,19696,29966,19697,29929,19698,29982,19699,167641,19700,137803,19701,23511,19702,167596,19703,37765,19704,30029,19705,30026,19706,30055,19707,30062,19708,151426,19709,16132,19710,150803,19711,30094,19712,29789,19713,30110,19714,30132,19715,30210,19716,30252,19717,30289,19718,30287,19719,30319,19720,30326,19721,156661,19722,30352,19723,33263,19724,14328,19725,157969,19726,157966,19727,30369,19728,30373,19729,30391,19730,30412,19731,159647,19732,33890,19733,151709,19734,151933,19735,138780,19736,30494,19737,30502,19738,30528,19739,25775,19740,152096,19741,30552,19742,144044,19743,30639,19744,166244,19745,166248,19746,136897,19747,30708,19748,30729,19749,136054,19750,150034,19751,26826,19752,30895,19753,30919,19754,30931,19755,38565,19756,31022,19757,153056,19758,30935,19759,31028,19760,30897,19761,161292,19762,36792,19763,34948,19764,166699,19765,155779,19766,140828,19767,31110,19768,35072,19769,26882,19770,31104,19771,153687,19772,31133,19773,162617,19774,31036,19775,31145,19776,28202,19777,160038,19778,16040,19779,31174,19780,168205,19781,31188』
也。
