寻观「标准库」之书。
寻观「编码转换」之「索引查询」之书。

「韩文索引格」乃「引用类」于（「或可有」于「混合数组引用类」）也。
「韩文索引格」者「新引用」授以（「或可有」于「混合数组引用类」）于（「可无」授以「混合数组引用类」）也。

「韩文索引」乃化「有」而「混合数组引用类」也。
「韩文索引」者会「无」而
  「首次解索引」
    于「韩文索引格」
    于
    『0,44034,1,44035,2,44037,3,44038,4,44043,5,44044,6,44045,7,44046,8,44047,9,44056,10,44062,11,44063,12,44065,13,44066,14,44067,15,44069,16,44070,17,44071,18,44072,19,44073,20,44074,21,44075,22,44078,23,44082,24,44083,25,44084,32,44085,33,44086,34,44087,35,44090,36,44091,37,44093,38,44094,39,44095,40,44097,41,44098,42,44099,43,44100,44,44101,45,44102,46,44103,47,44104,48,44105,49,44106,50,44108,51,44110,52,44111,53,44112,54,44113,55,44114,56,44115,57,44117,64,44118,65,44119,66,44121,67,44122,68,44123,69,44125,70,44126,71,44127,72,44128,73,44129,74,44130,75,44131,76,44132,77,44133,78,44134,79,44135,80,44136,81,44137,82,44138,83,44139,84,44140,85,44141,86,44142,87,44143,88,44146,89,44147,90,44149,91,44150,92,44153,93,44155,94,44156,95,44157,96,44158,97,44159,98,44162,99,44167,100,44168,101,44173,102,44174,103,44175,104,44177,105,44178,106,44179,107,44181,108,44182,109,44183,110,44184,111,44185,112,44186,113,44187,114,44190,115,44194,116,44195,117,44196,118,44197,119,44198,120,44199,121,44203,122,44205,123,44206,124,44209,125,44210,126,44211,127,44212,128,44213,129,44214,130,44215,131,44218,132,44222,133,44223,134,44224,135,44226,136,44227,137,44229,138,44230,139,44231,140,44233,141,44234,142,44235,143,44237,144,44238,145,44239,146,44240,147,44241,148,44242,149,44243,150,44244,151,44246,152,44248,153,44249,154,44250,155,44251,156,44252,157,44253,158,44254,159,44255,160,44258,161,44259,162,44261,163,44262,164,44265,165,44267,166,44269,167,44270,168,44274,169,44276,170,44279,171,44280,172,44281,173,44282,174,44283,175,44286,176,44287,177,44289,178,44290,179,44291,180,44293,181,44295,182,44296,183,44297,184,44298,185,44299,186,44302,187,44304,188,44306,189,44307,190,44308,191,44309,192,44310,193,44311,194,44313,195,44314,196,44315,197,44317,198,44318,199,44319,200,44321,201,44322,202,44323,203,44324,204,44325,205,44326,206,44327,207,44328,208,44330,209,44331,210,44334,211,44335,212,44336,213,44337,214,44338,215,44339,222,44342,223,44343,224,44345,225,44346,226,44347,227,44349,228,44350,229,44351,230,44352,231,44353,232,44354,233,44355,234,44358,235,44360,236,44362,237,44363,238,44364,239,44365,240,44366,241,44367,242,44369,243,44370,244,44371,245,44373,246,44374,247,44375,254,44377,255,44378,256,44379,257,44380,258,44381,259,44382,260,44383,261,44384,262,44386,263,44388,264,44389,265,44390,266,44391,267,44392,268,44393,269,44394,270,44395,271,44398,272,44399,273,44401,274,44402,275,44407,276,44408,277,44409,278,44410,279,44414,280,44416,281,44419,282,44420,283,44421,284,44422,285,44423,286,44426,287,44427,288,44429,289,44430,290,44431,291,44433,292,44434,293,44435,294,44436,295,44437,296,44438,297,44439,298,44440,299,44441,300,44442,301,44443,302,44446,303,44447,304,44448,305,44449,306,44450,307,44451,308,44453,309,44454,310,44455,311,44456,312,44457,313,44458,314,44459,315,44460,316,44461,317,44462,318,44463,319,44464,320,44465,321,44466,322,44467,323,44468,324,44469,325,44470,326,44472,327,44473,328,44474,329,44475,330,44476,331,44477,332,44478,333,44479,334,44482,335,44483,336,44485,337,44486,338,44487,339,44489,340,44490,341,44491,342,44492,343,44493,344,44494,345,44495,346,44498,347,44500,348,44501,349,44502,350,44503,351,44504,352,44505,353,44506,354,44507,355,44509,356,44510,357,44511,358,44513,359,44514,360,44515,361,44517,362,44518,363,44519,364,44520,365,44521,366,44522,367,44523,368,44524,369,44525,370,44526,371,44527,372,44528,373,44529,374,44530,375,44531,376,44532,377,44533,378,44534,379,44535,380,44538,381,44539,382,44541,383,44542,384,44546,385,44547,386,44548,387,44549,388,44550,389,44551,390,44554,391,44556,392,44558,393,44559,394,44560,395,44561,396,44562,397,44563,398,44565,399,44566,400,44567,401,44568,402,44569,403,44570,404,44571,405,44572,412,44573,413,44574,414,44575,415,44576,416,44577,417,44578,418,44579,419,44580,420,44581,421,44582,422,44583,423,44584,424,44585,425,44586,426,44587,427,44588,428,44589,429,44590,430,44591,431,44594,432,44595,433,44597,434,44598,435,44601,436,44603,437,44604,444,44605,445,44606,446,44607,447,44610,448,44612,449,44615,450,44616,451,44617,452,44619,453,44623,454,44625,455,44626,456,44627,457,44629,458,44631,459,44632,460,44633,461,44634,462,44635,463,44638,464,44642,465,44643,466,44644,467,44646,468,44647,469,44650,470,44651,471,44653,472,44654,473,44655,474,44657,475,44658,476,44659,477,44660,478,44661,479,44662,480,44663,481,44666,482,44670,483,44671,484,44672,485,44673,486,44674,487,44675,488,44678,489,44679,490,44680,491,44681,492,44682,493,44683,494,44685,495,44686,496,44687,497,44688,498,44689,499,44690,500,44691,501,44692,502,44693,503,44694,504,44695,505,44696,506,44697,507,44698,508,44699,509,44700,510,44701,511,44702,512,44703,513,44704,514,44705,515,44706,516,44707,517,44708,518,44709,519,44710,520,44711,521,44712,522,44713,523,44714,524,44715,525,44716,526,44717,527,44718,528,44719,529,44720,530,44721,531,44722,532,44723,533,44724,534,44725,535,44726,536,44727,537,44728,538,44729,539,44730,540,44731,541,44735,542,44737,543,44738,544,44739,545,44741,546,44742,547,44743,548,44744,549,44745,550,44746,551,44747,552,44750,553,44754,554,44755,555,44756,556,44757,557,44758,558,44759,559,44762,560,44763,561,44765,562,44766,563,44767,564,44768,565,44769,566,44770,567,44771,568,44772,569,44773,570,44774,571,44775,572,44777,573,44778,574,44780,575,44782,576,44783,577,44784,578,44785,579,44786,580,44787,581,44789,582,44790,583,44791,584,44793,585,44794,586,44795,587,44797,588,44798,589,44799,590,44800,591,44801,592,44802,593,44803,594,44804,595,44805,602,44806,603,44809,604,44810,605,44811,606,44812,607,44814,608,44815,609,44817,610,44818,611,44819,612,44820,613,44821,614,44822,615,44823,616,44824,617,44825,618,44826,619,44827,620,44828,621,44829,622,44830,623,44831,624,44832,625,44833,626,44834,627,44835,634,44836,635,44837,636,44838,637,44839,638,44840,639,44841,640,44842,641,44843,642,44846,643,44847,644,44849,645,44851,646,44853,647,44854,648,44855,649,44856,650,44857,651,44858,652,44859,653,44862,654,44864,655,44868,656,44869,657,44870,658,44871,659,44874,660,44875,661,44876,662,44877,663,44878,664,44879,665,44881,666,44882,667,44883,668,44884,669,44885,670,44886,671,44887,672,44888,673,44889,674,44890,675,44891,676,44894,677,44895,678,44896,679,44897,680,44898,681,44899,682,44902,683,44903,684,44904,685,44905,686,44906,687,44907,688,44908,689,44909,690,44910,691,44911,692,44912,693,44913,694,44914,695,44915,696,44916,697,44917,698,44918,699,44919,700,44920,701,44922,702,44923,703,44924,704,44925,705,44926,706,44927,707,44929,708,44930,709,44931,710,44933,711,44934,712,44935,713,44937,714,44938,715,44939,716,44940,717,44941,718,44942,719,44943,720,44946,721,44947,722,44948,723,44950,724,44951,725,44952,726,44953,727,44954,728,44955,729,44957,730,44958,731,44959,732,44960,733,44961,734,44962,735,44963,736,44964,737,44965,738,44966,739,44967,740,44968,741,44969,742,44970,743,44971,744,44972,745,44973,746,44974,747,44975,748,44976,749,44977,750,44978,751,44979,752,44980,753,44981,754,44982,755,44983,756,44986,757,44987,758,44989,759,44990,760,44991,761,44993,762,44994,763,44995,764,44996,765,44997,766,44998,767,45002,768,45004,769,45007,770,45008,771,45009,772,45010,773,45011,774,45013,775,45014,776,45015,777,45016,778,45017,779,45018,780,45019,781,45021,782,45022,783,45023,784,45024,785,45025,792,45026,793,45027,794,45028,795,45029,796,45030,797,45031,798,45034,799,45035,800,45036,801,45037,802,45038,803,45039,804,45042,805,45043,806,45045,807,45046,808,45047,809,45049,810,45050,811,45051,812,45052,813,45053,814,45054,815,45055,816,45058,817,45059,824,45061,825,45062,826,45063,827,45064,828,45065,829,45066,830,45067,831,45069,832,45070,833,45071,834,45073,835,45074,836,45075,837,45077,838,45078,839,45079,840,45080,841,45081,842,45082,843,45083,844,45086,845,45087,846,45088,847,45089,848,45090,849,45091,850,45092,851,45093,852,45094,853,45095,854,45097,855,45098,856,45099,857,45100,858,45101,859,45102,860,45103,861,45104,862,45105,863,45106,864,45107,865,45108,866,45109,867,45110,868,45111,869,45112,870,45113,871,45114,872,45115,873,45116,874,45117,875,45118,876,45119,877,45120,878,45121,879,45122,880,45123,881,45126,882,45127,883,45129,884,45131,885,45133,886,45135,887,45136,888,45137,889,45138,890,45142,891,45144,892,45146,893,45147,894,45148,895,45150,896,45151,897,45152,898,45153,899,45154,900,45155,901,45156,902,45157,903,45158,904,45159,905,45160,906,45161,907,45162,908,45163,909,45164,910,45165,911,45166,912,45167,913,45168,914,45169,915,45170,916,45171,917,45172,918,45173,919,45174,920,45175,921,45176,922,45177,923,45178,924,45179,925,45182,926,45183,927,45185,928,45186,929,45187,930,45189,931,45190,932,45191,933,45192,934,45193,935,45194,936,45195,937,45198,938,45200,939,45202,940,45203,941,45204,942,45205,943,45206,944,45207,945,45211,946,45213,947,45214,948,45219,949,45220,950,45221,951,45222,952,45223,953,45226,954,45232,955,45234,956,45238,957,45239,958,45241,959,45242,960,45243,961,45245,962,45246,963,45247,964,45248,965,45249,966,45250,967,45251,968,45254,969,45258,970,45259,971,45260,972,45261,973,45262,974,45263,975,45266,982,45267,983,45269,984,45270,985,45271,986,45273,987,45274,988,45275,989,45276,990,45277,991,45278,992,45279,993,45281,994,45282,995,45283,996,45284,997,45286,998,45287,999,45288,1000,45289,1001,45290,1002,45291,1003,45292,1004,45293,1005,45294,1006,45295,1007,45296,1014,45297,1015,45298,1016,45299,1017,45300,1018,45301,1019,45302,1020,45303,1021,45304,1022,45305,1023,45306,1024,45307,1025,45308,1026,45309,1027,45310,1028,45311,1029,45312,1030,45313,1031,45314,1032,45315,1033,45316,1034,45317,1035,45318,1036,45319,1037,45322,1038,45325,1039,45326,1040,45327,1041,45329,1042,45332,1043,45333,1044,45334,1045,45335,1046,45338,1047,45342,1048,45343,1049,45344,1050,45345,1051,45346,1052,45350,1053,45351,1054,45353,1055,45354,1056,45355,1057,45357,1058,45358,1059,45359,1060,45360,1061,45361,1062,45362,1063,45363,1064,45366,1065,45370,1066,45371,1067,45372,1068,45373,1069,45374,1070,45375,1071,45378,1072,45379,1073,45381,1074,45382,1075,45383,1076,45385,1077,45386,1078,45387,1079,45388,1080,45389,1081,45390,1082,45391,1083,45394,1084,45395,1085,45398,1086,45399,1087,45401,1088,45402,1089,45403,1090,45405,1091,45406,1092,45407,1093,45409,1094,45410,1095,45411,1096,45412,1097,45413,1098,45414,1099,45415,1100,45416,1101,45417,1102,45418,1103,45419,1104,45420,1105,45421,1106,45422,1107,45423,1108,45424,1109,45425,1110,45426,1111,45427,1112,45428,1113,45429,1114,45430,1115,45431,1116,45434,1117,45435,1118,45437,1119,45438,1120,45439,1121,45441,1122,45443,1123,45444,1124,45445,1125,45446,1126,45447,1127,45450,1128,45452,1129,45454,1130,45455,1131,45456,1132,45457,1133,45461,1134,45462,1135,45463,1136,45465,1137,45466,1138,45467,1139,45469,1140,45470,1141,45471,1142,45472,1143,45473,1144,45474,1145,45475,1146,45476,1147,45477,1148,45478,1149,45479,1150,45481,1151,45482,1152,45483,1153,45484,1154,45485,1155,45486,1156,45487,1157,45488,1158,45489,1159,45490,1160,45491,1161,45492,1162,45493,1163,45494,1164,45495,1165,45496,1172,45497,1173,45498,1174,45499,1175,45500,1176,45501,1177,45502,1178,45503,1179,45504,1180,45505,1181,45506,1182,45507,1183,45508,1184,45509,1185,45510,1186,45511,1187,45512,1188,45513,1189,45514,1190,45515,1191,45517,1192,45518,1193,45519,1194,45521,1195,45522,1196,45523,1197,45525,1204,45526,1205,45527,1206,45528,1207,45529,1208,45530,1209,45531,1210,45534,1211,45536,1212,45537,1213,45538,1214,45539,1215,45540,1216,45541,1217,45542,1218,45543,1219,45546,1220,45547,1221,45549,1222,45550,1223,45551,1224,45553,1225,45554,1226,45555,1227,45556,1228,45557,1229,45558,1230,45559,1231,45560,1232,45562,1233,45564,1234,45566,1235,45567,1236,45568,1237,45569,1238,45570,1239,45571,1240,45574,1241,45575,1242,45577,1243,45578,1244,45581,1245,45582,1246,45583,1247,45584,1248,45585,1249,45586,1250,45587,1251,45590,1252,45592,1253,45594,1254,45595,1255,45596,1256,45597,1257,45598,1258,45599,1259,45601,1260,45602,1261,45603,1262,45604,1263,45605,1264,45606,1265,45607,1266,45608,1267,45609,1268,45610,1269,45611,1270,45612,1271,45613,1272,45614,1273,45615,1274,45616,1275,45617,1276,45618,1277,45619,1278,45621,1279,45622,1280,45623,1281,45624,1282,45625,1283,45626,1284,45627,1285,45629,1286,45630,1287,45631,1288,45632,1289,45633,1290,45634,1291,45635,1292,45636,1293,45637,1294,45638,1295,45639,1296,45640,1297,45641,1298,45642,1299,45643,1300,45644,1301,45645,1302,45646,1303,45647,1304,45648,1305,45649,1306,45650,1307,45651,1308,45652,1309,45653,1310,45654,1311,45655,1312,45657,1313,45658,1314,45659,1315,45661,1316,45662,1317,45663,1318,45665,1319,45666,1320,45667,1321,45668,1322,45669,1323,45670,1324,45671,1325,45674,1326,45675,1327,45676,1328,45677,1329,45678,1330,45679,1331,45680,1332,45681,1333,45682,1334,45683,1335,45686,1336,45687,1337,45688,1338,45689,1339,45690,1340,45691,1341,45693,1342,45694,1343,45695,1344,45696,1345,45697,1346,45698,1347,45699,1348,45702,1349,45703,1350,45704,1351,45706,1352,45707,1353,45708,1354,45709,1355,45710,1362,45711,1363,45714,1364,45715,1365,45717,1366,45718,1367,45719,1368,45723,1369,45724,1370,45725,1371,45726,1372,45727,1373,45730,1374,45732,1375,45735,1376,45736,1377,45737,1378,45739,1379,45741,1380,45742,1381,45743,1382,45745,1383,45746,1384,45747,1385,45749,1386,45750,1387,45751,1394,45752,1395,45753,1396,45754,1397,45755,1398,45756,1399,45757,1400,45758,1401,45759,1402,45760,1403,45761,1404,45762,1405,45763,1406,45764,1407,45765,1408,45766,1409,45767,1410,45770,1411,45771,1412,45773,1413,45774,1414,45775,1415,45777,1416,45779,1417,45780,1418,45781,1419,45782,1420,45783,1421,45786,1422,45788,1423,45790,1424,45791,1425,45792,1426,45793,1427,45795,1428,45799,1429,45801,1430,45802,1431,45808,1432,45809,1433,45810,1434,45814,1435,45820,1436,45821,1437,45822,1438,45826,1439,45827,1440,45829,1441,45830,1442,45831,1443,45833,1444,45834,1445,45835,1446,45836,1447,45837,1448,45838,1449,45839,1450,45842,1451,45846,1452,45847,1453,45848,1454,45849,1455,45850,1456,45851,1457,45853,1458,45854,1459,45855,1460,45856,1461,45857,1462,45858,1463,45859,1464,45860,1465,45861,1466,45862,1467,45863,1468,45864,1469,45865,1470,45866,1471,45867,1472,45868,1473,45869,1474,45870,1475,45871,1476,45872,1477,45873,1478,45874,1479,45875,1480,45876,1481,45877,1482,45878,1483,45879,1484,45880,1485,45881,1486,45882,1487,45883,1488,45884,1489,45885,1490,45886,1491,45887,1492,45888,1493,45889,1494,45890,1495,45891,1496,45892,1497,45893,1498,45894,1499,45895,1500,45896,1501,45897,1502,45898,1503,45899,1504,45900,1505,45901,1506,45902,1507,45903,1508,45904,1509,45905,1510,45906,1511,45907,1512,45911,1513,45913,1514,45914,1515,45917,1516,45920,1517,45921,1518,45922,1519,45923,1520,45926,1521,45928,1522,45930,1523,45932,1524,45933,1525,45935,1526,45938,1527,45939,1528,45941,1529,45942,1530,45943,1531,45945,1532,45946,1533,45947,1534,45948,1535,45949,1536,45950,1537,45951,1538,45954,1539,45958,1540,45959,1541,45960,1542,45961,1543,45962,1544,45963,1545,45965,1552,45966,1553,45967,1554,45969,1555,45970,1556,45971,1557,45973,1558,45974,1559,45975,1560,45976,1561,45977,1562,45978,1563,45979,1564,45980,1565,45981,1566,45982,1567,45983,1568,45986,1569,45987,1570,45988,1571,45989,1572,45990,1573,45991,1574,45993,1575,45994,1576,45995,1577,45997,1584,45998,1585,45999,1586,46000,1587,46001,1588,46002,1589,46003,1590,46004,1591,46005,1592,46006,1593,46007,1594,46008,1595,46009,1596,46010,1597,46011,1598,46012,1599,46013,1600,46014,1601,46015,1602,46016,1603,46017,1604,46018,1605,46019,1606,46022,1607,46023,1608,46025,1609,46026,1610,46029,1611,46031,1612,46033,1613,46034,1614,46035,1615,46038,1616,46040,1617,46042,1618,46044,1619,46046,1620,46047,1621,46049,1622,46050,1623,46051,1624,46053,1625,46054,1626,46055,1627,46057,1628,46058,1629,46059,1630,46060,1631,46061,1632,46062,1633,46063,1634,46064,1635,46065,1636,46066,1637,46067,1638,46068,1639,46069,1640,46070,1641,46071,1642,46072,1643,46073,1644,46074,1645,46075,1646,46077,1647,46078,1648,46079,1649,46080,1650,46081,1651,46082,1652,46083,1653,46084,1654,46085,1655,46086,1656,46087,1657,46088,1658,46089,1659,46090,1660,46091,1661,46092,1662,46093,1663,46094,1664,46095,1665,46097,1666,46098,1667,46099,1668,46100,1669,46101,1670,46102,1671,46103,1672,46105,1673,46106,1674,46107,1675,46109,1676,46110,1677,46111,1678,46113,1679,46114,1680,46115,1681,46116,1682,46117,1683,46118,1684,46119,1685,46122,1686,46124,1687,46125,1688,46126,1689,46127,1690,46128,1691,46129,1692,46130,1693,46131,1694,46133,1695,46134,1696,46135,1697,46136,1698,46137,1699,46138,1700,46139,1701,46140,1702,46141,1703,46142,1704,46143,1705,46144,1706,46145,1707,46146,1708,46147,1709,46148,1710,46149,1711,46150,1712,46151,1713,46152,1714,46153,1715,46154,1716,46155,1717,46156,1718,46157,1719,46158,1720,46159,1721,46162,1722,46163,1723,46165,1724,46166,1725,46167,1726,46169,1727,46170,1728,46171,1729,46172,1730,46173,1731,46174,1732,46175,1733,46178,1734,46180,1735,46182,1742,46183,1743,46184,1744,46185,1745,46186,1746,46187,1747,46189,1748,46190,1749,46191,1750,46192,1751,46193,1752,46194,1753,46195,1754,46196,1755,46197,1756,46198,1757,46199,1758,46200,1759,46201,1760,46202,1761,46203,1762,46204,1763,46205,1764,46206,1765,46207,1766,46209,1767,46210,1774,46211,1775,46212,1776,46213,1777,46214,1778,46215,1779,46217,1780,46218,1781,46219,1782,46220,1783,46221,1784,46222,1785,46223,1786,46224,1787,46225,1788,46226,1789,46227,1790,46228,1791,46229,1792,46230,1793,46231,1794,46232,1795,46233,1796,46234,1797,46235,1798,46236,1799,46238,1800,46239,1801,46240,1802,46241,1803,46242,1804,46243,1805,46245,1806,46246,1807,46247,1808,46249,1809,46250,1810,46251,1811,46253,1812,46254,1813,46255,1814,46256,1815,46257,1816,46258,1817,46259,1818,46260,1819,46262,1820,46264,1821,46266,1822,46267,1823,46268,1824,46269,1825,46270,1826,46271,1827,46273,1828,46274,1829,46275,1830,46277,1831,46278,1832,46279,1833,46281,1834,46282,1835,46283,1836,46284,1837,46285,1838,46286,1839,46287,1840,46289,1841,46290,1842,46291,1843,46292,1844,46294,1845,46295,1846,46296,1847,46297,1848,46298,1849,46299,1850,46302,1851,46303,1852,46305,1853,46306,1854,46309,1855,46311,1856,46312,1857,46313,1858,46314,1859,46315,1860,46318,1861,46320,1862,46322,1863,46323,1864,46324,1865,46325,1866,46326,1867,46327,1868,46329,1869,46330,1870,46331,1871,46332,1872,46333,1873,46334,1874,46335,1875,46336,1876,46337,1877,46338,1878,46339,1879,46340,1880,46341,1881,46342,1882,46343,1883,46344,1884,46345,1885,46346,1886,46347,1887,46348,1888,46349,1889,46350,1890,46351,1891,46352,1892,46353,1893,46354,1894,46355,1895,46358,1896,46359,1897,46361,1898,46362,1899,46365,1900,46366,1901,46367,1902,46368,1903,46369,1904,46370,1905,46371,1906,46374,1907,46379,1908,46380,1909,46381,1910,46382,1911,46383,1912,46386,1913,46387,1914,46389,1915,46390,1916,46391,1917,46393,1918,46394,1919,46395,1920,46396,1921,46397,1922,46398,1923,46399,1924,46402,1925,46406,1932,46407,1933,46408,1934,46409,1935,46410,1936,46414,1937,46415,1938,46417,1939,46418,1940,46419,1941,46421,1942,46422,1943,46423,1944,46424,1945,46425,1946,46426,1947,46427,1948,46430,1949,46434,1950,46435,1951,46436,1952,46437,1953,46438,1954,46439,1955,46440,1956,46441,1957,46442,1964,46443,1965,46444,1966,46445,1967,46446,1968,46447,1969,46448,1970,46449,1971,46450,1972,46451,1973,46452,1974,46453,1975,46454,1976,46455,1977,46456,1978,46457,1979,46458,1980,46459,1981,46460,1982,46461,1983,46462,1984,46463,1985,46464,1986,46465,1987,46466,1988,46467,1989,46468,1990,46469,1991,46470,1992,46471,1993,46472,1994,46473,1995,46474,1996,46475,1997,46476,1998,46477,1999,46478,2000,46479,2001,46480,2002,46481,2003,46482,2004,46483,2005,46484,2006,46485,2007,46486,2008,46487,2009,46488,2010,46489,2011,46490,2012,46491,2013,46492,2014,46493,2015,46494,2016,46495,2017,46498,2018,46499,2019,46501,2020,46502,2021,46503,2022,46505,2023,46508,2024,46509,2025,46510,2026,46511,2027,46514,2028,46518,2029,46519,2030,46520,2031,46521,2032,46522,2033,46526,2034,46527,2035,46529,2036,46530,2037,46531,2038,46533,2039,46534,2040,46535,2041,46536,2042,46537,2043,46538,2044,46539,2045,46542,2046,46546,2047,46547,2048,46548,2049,46549,2050,46550,2051,46551,2052,46553,2053,46554,2054,46555,2055,46556,2056,46557,2057,46558,2058,46559,2059,46560,2060,46561,2061,46562,2062,46563,2063,46564,2064,46565,2065,46566,2066,46567,2067,46568,2068,46569,2069,46570,2070,46571,2071,46573,2072,46574,2073,46575,2074,46576,2075,46577,2076,46578,2077,46579,2078,46580,2079,46581,2080,46582,2081,46583,2082,46584,2083,46585,2084,46586,2085,46587,2086,46588,2087,46589,2088,46590,2089,46591,2090,46592,2091,46593,2092,46594,2093,46595,2094,46596,2095,46597,2096,46598,2097,46599,2098,46600,2099,46601,2100,46602,2101,46603,2102,46604,2103,46605,2104,46606,2105,46607,2106,46610,2107,46611,2108,46613,2109,46614,2110,46615,2111,46617,2112,46618,2113,46619,2114,46620,2115,46621,2122,46622,2123,46623,2124,46624,2125,46625,2126,46626,2127,46627,2128,46628,2129,46630,2130,46631,2131,46632,2132,46633,2133,46634,2134,46635,2135,46637,2136,46638,2137,46639,2138,46640,2139,46641,2140,46642,2141,46643,2142,46645,2143,46646,2144,46647,2145,46648,2146,46649,2147,46650,2154,46651,2155,46652,2156,46653,2157,46654,2158,46655,2159,46656,2160,46657,2161,46658,2162,46659,2163,46660,2164,46661,2165,46662,2166,46663,2167,46665,2168,46666,2169,46667,2170,46668,2171,46669,2172,46670,2173,46671,2174,46672,2175,46673,2176,46674,2177,46675,2178,46676,2179,46677,2180,46678,2181,46679,2182,46680,2183,46681,2184,46682,2185,46683,2186,46684,2187,46685,2188,46686,2189,46687,2190,46688,2191,46689,2192,46690,2193,46691,2194,46693,2195,46694,2196,46695,2197,46697,2198,46698,2199,46699,2200,46700,2201,46701,2202,46702,2203,46703,2204,46704,2205,46705,2206,46706,2207,46707,2208,46708,2209,46709,2210,46710,2211,46711,2212,46712,2213,46713,2214,46714,2215,46715,2216,46716,2217,46717,2218,46718,2219,46719,2220,46720,2221,46721,2222,46722,2223,46723,2224,46724,2225,46725,2226,46726,2227,46727,2228,46728,2229,46729,2230,46730,2231,46731,2232,46732,2233,46733,2234,46734,2235,46735,2236,46736,2237,46737,2238,46738,2239,46739,2240,46740,2241,46741,2242,46742,2243,46743,2244,46744,2245,46745,2246,46746,2247,46747,2248,46750,2249,46751,2250,46753,2251,46754,2252,46755,2253,46757,2254,46758,2255,46759,2256,46760,2257,46761,2258,46762,2259,46765,2260,46766,2261,46767,2262,46768,2263,46770,2264,46771,2265,46772,2266,46773,2267,46774,2268,46775,2269,46776,2270,46777,2271,46778,2272,46779,2273,46780,2274,46781,2275,46782,2276,46783,2277,46784,2278,46785,2279,46786,2280,46787,2281,46788,2282,46789,2283,46790,2284,46791,2285,46792,2286,46793,2287,46794,2288,46795,2289,46796,2290,46797,2291,46798,2292,46799,2293,46800,2294,46801,2295,46802,2296,46803,2297,46805,2298,46806,2299,46807,2300,46808,2301,46809,2302,46810,2303,46811,2304,46812,2305,46813,2312,46814,2313,46815,2314,46816,2315,46817,2316,46818,2317,46819,2318,46820,2319,46821,2320,46822,2321,46823,2322,46824,2323,46825,2324,46826,2325,46827,2326,46828,2327,46829,2328,46830,2329,46831,2330,46833,2331,46834,2332,46835,2333,46837,2334,46838,2335,46839,2336,46841,2337,46842,2344,46843,2345,46844,2346,46845,2347,46846,2348,46847,2349,46850,2350,46851,2351,46852,2352,46854,2353,46855,2354,46856,2355,46857,2356,46858,2357,46859,2358,46860,2359,46861,2360,46862,2361,46863,2362,46864,2363,46865,2364,46866,2365,46867,2366,46868,2367,46869,2368,46870,2369,46871,2370,46872,2371,46873,2372,46874,2373,46875,2374,46876,2375,46877,2376,46878,2377,46879,2378,46880,2379,46881,2380,46882,2381,46883,2382,46884,2383,46885,2384,46886,2385,46887,2386,46890,2387,46891,2388,46893,2389,46894,2390,46897,2391,46898,2392,46899,2393,46900,2394,46901,2395,46902,2396,46903,2397,46906,2398,46908,2399,46909,2400,46910,2401,46911,2402,46912,2403,46913,2404,46914,2405,46915,2406,46917,2407,46918,2408,46919,2409,46921,2410,46922,2411,46923,2412,46925,2413,46926,2414,46927,2415,46928,2416,46929,2417,46930,2418,46931,2419,46934,2420,46935,2421,46936,2422,46937,2423,46938,2424,46939,2425,46940,2426,46941,2427,46942,2428,46943,2429,46945,2430,46946,2431,46947,2432,46949,2433,46950,2434,46951,2435,46953,2436,46954,2437,46955,2438,46956,2439,46957,2440,46958,2441,46959,2442,46962,2443,46964,2444,46966,2445,46967,2446,46968,2447,46969,2448,46970,2449,46971,2450,46974,2451,46975,2452,46977,2453,46978,2454,46979,2455,46981,2456,46982,2457,46983,2458,46984,2459,46985,2460,46986,2461,46987,2462,46990,2463,46995,2464,46996,2465,46997,2466,47002,2467,47003,2468,47005,2469,47006,2470,47007,2471,47009,2472,47010,2473,47011,2474,47012,2475,47013,2476,47014,2477,47015,2478,47018,2479,47022,2480,47023,2481,47024,2482,47025,2483,47026,2484,47027,2485,47030,2486,47031,2487,47033,2488,47034,2489,47035,2490,47036,2491,47037,2492,47038,2493,47039,2494,47040,2495,47041,2502,47042,2503,47043,2504,47044,2505,47045,2506,47046,2507,47048,2508,47050,2509,47051,2510,47052,2511,47053,2512,47054,2513,47055,2514,47056,2515,47057,2516,47058,2517,47059,2518,47060,2519,47061,2520,47062,2521,47063,2522,47064,2523,47065,2524,47066,2525,47067,2526,47068,2527,47069,2534,47070,2535,47071,2536,47072,2537,47073,2538,47074,2539,47075,2540,47076,2541,47077,2542,47078,2543,47079,2544,47080,2545,47081,2546,47082,2547,47083,2548,47086,2549,47087,2550,47089,2551,47090,2552,47091,2553,47093,2554,47094,2555,47095,2556,47096,2557,47097,2558,47098,2559,47099,2560,47102,2561,47106,2562,47107,2563,47108,2564,47109,2565,47110,2566,47114,2567,47115,2568,47117,2569,47118,2570,47119,2571,47121,2572,47122,2573,47123,2574,47124,2575,47125,2576,47126,2577,47127,2578,47130,2579,47132,2580,47134,2581,47135,2582,47136,2583,47137,2584,47138,2585,47139,2586,47142,2587,47143,2588,47145,2589,47146,2590,47147,2591,47149,2592,47150,2593,47151,2594,47152,2595,47153,2596,47154,2597,47155,2598,47158,2599,47162,2600,47163,2601,47164,2602,47165,2603,47166,2604,47167,2605,47169,2606,47170,2607,47171,2608,47173,2609,47174,2610,47175,2611,47176,2612,47177,2613,47178,2614,47179,2615,47180,2616,47181,2617,47182,2618,47183,2619,47184,2620,47186,2621,47188,2622,47189,2623,47190,2624,47191,2625,47192,2626,47193,2627,47194,2628,47195,2629,47198,2630,47199,2631,47201,2632,47202,2633,47203,2634,47205,2635,47206,2636,47207,2637,47208,2638,47209,2639,47210,2640,47211,2641,47214,2642,47216,2643,47218,2644,47219,2645,47220,2646,47221,2647,47222,2648,47223,2649,47225,2650,47226,2651,47227,2652,47229,2653,47230,2654,47231,2655,47232,2656,47233,2657,47234,2658,47235,2659,47236,2660,47237,2661,47238,2662,47239,2663,47240,2664,47241,2665,47242,2666,47243,2667,47244,2668,47246,2669,47247,2670,47248,2671,47249,2672,47250,2673,47251,2674,47252,2675,47253,2676,47254,2677,47255,2678,47256,2679,47257,2680,47258,2681,47259,2682,47260,2683,47261,2684,47262,2685,47263,2692,47264,2693,47265,2694,47266,2695,47267,2696,47268,2697,47269,2698,47270,2699,47271,2700,47273,2701,47274,2702,47275,2703,47276,2704,47277,2705,47278,2706,47279,2707,47281,2708,47282,2709,47283,2710,47285,2711,47286,2712,47287,2713,47289,2714,47290,2715,47291,2716,47292,2717,47293,2724,47294,2725,47295,2726,47298,2727,47300,2728,47302,2729,47303,2730,47304,2731,47305,2732,47306,2733,47307,2734,47309,2735,47310,2736,47311,2737,47313,2738,47314,2739,47315,2740,47317,2741,47318,2742,47319,2743,47320,2744,47321,2745,47322,2746,47323,2747,47324,2748,47326,2749,47328,2750,47330,2751,47331,2752,47332,2753,47333,2754,47334,2755,47335,2756,47338,2757,47339,2758,47341,2759,47342,2760,47343,2761,47345,2762,47346,2763,47347,2764,47348,2765,47349,2766,47350,2767,47351,2768,47354,2769,47356,2770,47358,2771,47359,2772,47360,2773,47361,2774,47362,2775,47363,2776,47365,2777,47366,2778,47367,2779,47368,2780,47369,2781,47370,2782,47371,2783,47372,2784,47373,2785,47374,2786,47375,2787,47376,2788,47377,2789,47378,2790,47379,2791,47380,2792,47381,2793,47382,2794,47383,2795,47385,2796,47386,2797,47387,2798,47388,2799,47389,2800,47390,2801,47391,2802,47393,2803,47394,2804,47395,2805,47396,2806,47397,2807,47398,2808,47399,2809,47400,2810,47401,2811,47402,2812,47403,2813,47404,2814,47405,2815,47406,2816,47407,2817,47408,2818,47409,2819,47410,2820,47411,2821,47412,2822,47413,2823,47414,2824,47415,2825,47416,2826,47417,2827,47418,2828,47419,2829,47422,2830,47423,2831,47425,2832,47426,2833,47427,2834,47429,2835,47430,2836,47431,2837,47432,2838,47433,2839,47434,2840,47435,2841,47437,2842,47438,2843,47440,2844,47442,2845,47443,2846,47444,2847,47445,2848,47446,2849,47447,2850,47450,2851,47451,2852,47453,2853,47454,2854,47455,2855,47457,2856,47458,2857,47459,2858,47460,2859,47461,2860,47462,2861,47463,2862,47466,2863,47468,2864,47470,2865,47471,2866,47472,2867,47473,2868,47474,2869,47475,2870,47478,2871,47479,2872,47481,2873,47482,2874,47483,2875,47485,2882,47486,2883,47487,2884,47488,2885,47489,2886,47490,2887,47491,2888,47494,2889,47496,2890,47499,2891,47500,2892,47503,2893,47504,2894,47505,2895,47506,2896,47507,2897,47508,2898,47509,2899,47510,2900,47511,2901,47512,2902,47513,2903,47514,2904,47515,2905,47516,2906,47517,2907,47518,2914,47519,2915,47520,2916,47521,2917,47522,2918,47523,2919,47524,2920,47525,2921,47526,2922,47527,2923,47528,2924,47529,2925,47530,2926,47531,2927,47534,2928,47535,2929,47537,2930,47538,2931,47539,2932,47541,2933,47542,2934,47543,2935,47544,2936,47545,2937,47546,2938,47547,2939,47550,2940,47552,2941,47554,2942,47555,2943,47556,2944,47557,2945,47558,2946,47559,2947,47562,2948,47563,2949,47565,2950,47571,2951,47572,2952,47573,2953,47574,2954,47575,2955,47578,2956,47580,2957,47583,2958,47584,2959,47586,2960,47590,2961,47591,2962,47593,2963,47594,2964,47595,2965,47597,2966,47598,2967,47599,2968,47600,2969,47601,2970,47602,2971,47603,2972,47606,2973,47611,2974,47612,2975,47613,2976,47614,2977,47615,2978,47618,2979,47619,2980,47620,2981,47621,2982,47622,2983,47623,2984,47625,2985,47626,2986,47627,2987,47628,2988,47629,2989,47630,2990,47631,2991,47632,2992,47633,2993,47634,2994,47635,2995,47636,2996,47638,2997,47639,2998,47640,2999,47641,3000,47642,3001,47643,3002,47644,3003,47645,3004,47646,3005,47647,3006,47648,3007,47649,3008,47650,3009,47651,3010,47652,3011,47653,3012,47654,3013,47655,3014,47656,3015,47657,3016,47658,3017,47659,3018,47660,3019,47661,3020,47662,3021,47663,3022,47664,3023,47665,3024,47666,3025,47667,3026,47668,3027,47669,3028,47670,3029,47671,3030,47674,3031,47675,3032,47677,3033,47678,3034,47679,3035,47681,3036,47683,3037,47684,3038,47685,3039,47686,3040,47687,3041,47690,3042,47692,3043,47695,3044,47696,3045,47697,3046,47698,3047,47702,3048,47703,3049,47705,3050,47706,3051,47707,3052,47709,3053,47710,3054,47711,3055,47712,3056,47713,3057,47714,3058,47715,3059,47718,3060,47722,3061,47723,3062,47724,3063,47725,3064,47726,3065,47727,3072,47730,3073,47731,3074,47733,3075,47734,3076,47735,3077,47737,3078,47738,3079,47739,3080,47740,3081,47741,3082,47742,3083,47743,3084,47744,3085,47745,3086,47746,3087,47750,3088,47752,3089,47753,3090,47754,3091,47755,3092,47757,3093,47758,3094,47759,3095,47760,3096,47761,3097,47762,3104,47763,3105,47764,3106,47765,3107,47766,3108,47767,3109,47768,3110,47769,3111,47770,3112,47771,3113,47772,3114,47773,3115,47774,3116,47775,3117,47776,3118,47777,3119,47778,3120,47779,3121,47780,3122,47781,3123,47782,3124,47783,3125,47786,3126,47789,3127,47790,3128,47791,3129,47793,3130,47795,3131,47796,3132,47797,3133,47798,3134,47799,3135,47802,3136,47804,3137,47806,3138,47807,3139,47808,3140,47809,3141,47810,3142,47811,3143,47813,3144,47814,3145,47815,3146,47817,3147,47818,3148,47819,3149,47820,3150,47821,3151,47822,3152,47823,3153,47824,3154,47825,3155,47826,3156,47827,3157,47828,3158,47829,3159,47830,3160,47831,3161,47834,3162,47835,3163,47836,3164,47837,3165,47838,3166,47839,3167,47840,3168,47841,3169,47842,3170,47843,3171,47844,3172,47845,3173,47846,3174,47847,3175,47848,3176,47849,3177,47850,3178,47851,3179,47852,3180,47853,3181,47854,3182,47855,3183,47856,3184,47857,3185,47858,3186,47859,3187,47860,3188,47861,3189,47862,3190,47863,3191,47864,3192,47865,3193,47866,3194,47867,3195,47869,3196,47870,3197,47871,3198,47873,3199,47874,3200,47875,3201,47877,3202,47878,3203,47879,3204,47880,3205,47881,3206,47882,3207,47883,3208,47884,3209,47886,3210,47888,3211,47890,3212,47891,3213,47892,3214,47893,3215,47894,3216,47895,3217,47897,3218,47898,3219,47899,3220,47901,3221,47902,3222,47903,3223,47905,3224,47906,3225,47907,3226,47908,3227,47909,3228,47910,3229,47911,3230,47912,3231,47914,3232,47916,3233,47917,3234,47918,3235,47919,3236,47920,3237,47921,3238,47922,3239,47923,3240,47927,3241,47929,3242,47930,3243,47935,3244,47936,3245,47937,3246,47938,3247,47939,3248,47942,3249,47944,3250,47946,3251,47947,3252,47948,3253,47950,3254,47953,3255,47954,3262,47955,3263,47957,3264,47958,3265,47959,3266,47961,3267,47962,3268,47963,3269,47964,3270,47965,3271,47966,3272,47967,3273,47968,3274,47970,3275,47972,3276,47973,3277,47974,3278,47975,3279,47976,3280,47977,3281,47978,3282,47979,3283,47981,3284,47982,3285,47983,3286,47984,3287,47985,3294,47986,3295,47987,3296,47988,3297,47989,3298,47990,3299,47991,3300,47992,3301,47993,3302,47994,3303,47995,3304,47996,3305,47997,3306,47998,3307,47999,3308,48000,3309,48001,3310,48002,3311,48003,3312,48004,3313,48005,3314,48006,3315,48007,3316,48009,3317,48010,3318,48011,3319,48013,3320,48014,3321,48015,3322,48017,3323,48018,3324,48019,3325,48020,3326,48021,3327,48022,3328,48023,3329,48024,3330,48025,3331,48026,3332,48027,3333,48028,3334,48029,3335,48030,3336,48031,3337,48032,3338,48033,3339,48034,3340,48035,3341,48037,3342,48038,3343,48039,3344,48041,3345,48042,3346,48043,3347,48045,3348,48046,3349,48047,3350,48048,3351,48049,3352,48050,3353,48051,3354,48053,3355,48054,3356,48056,3357,48057,3358,48058,3359,48059,3360,48060,3361,48061,3362,48062,3363,48063,3364,48065,3365,48066,3366,48067,3367,48069,3368,48070,3369,48071,3370,48073,3371,48074,3372,48075,3373,48076,3374,48077,3375,48078,3376,48079,3377,48081,3378,48082,3379,48084,3380,48085,3381,48086,3382,48087,3383,48088,3384,48089,3385,48090,3386,48091,3387,48092,3388,48093,3389,48094,3390,48095,3391,48096,3392,48097,3393,48098,3394,48099,3395,48100,3396,48101,3397,48102,3398,48103,3399,48104,3400,48105,3401,48106,3402,48107,3403,48108,3404,48109,3405,48110,3406,48111,3407,48112,3408,48113,3409,48114,3410,48115,3411,48116,3412,48117,3413,48118,3414,48119,3415,48122,3416,48123,3417,48125,3418,48126,3419,48129,3420,48131,3421,48132,3422,48133,3423,48134,3424,48135,3425,48138,3426,48142,3427,48144,3428,48146,3429,48147,3430,48153,3431,48154,3432,48160,3433,48161,3434,48162,3435,48163,3436,48166,3437,48168,3438,48170,3439,48171,3440,48172,3441,48174,3442,48175,3443,48178,3444,48179,3445,48181,3452,48182,3453,48183,3454,48185,3455,48186,3456,48187,3457,48188,3458,48189,3459,48190,3460,48191,3461,48194,3462,48198,3463,48199,3464,48200,3465,48202,3466,48203,3467,48206,3468,48207,3469,48209,3470,48210,3471,48211,3472,48212,3473,48213,3474,48214,3475,48215,3476,48216,3477,48217,3484,48218,3485,48219,3486,48220,3487,48222,3488,48223,3489,48224,3490,48225,3491,48226,3492,48227,3493,48228,3494,48229,3495,48230,3496,48231,3497,48232,3498,48233,3499,48234,3500,48235,3501,48236,3502,48237,3503,48238,3504,48239,3505,48240,3506,48241,3507,48242,3508,48243,3509,48244,3510,48245,3511,48246,3512,48247,3513,48248,3514,48249,3515,48250,3516,48251,3517,48252,3518,48253,3519,48254,3520,48255,3521,48256,3522,48257,3523,48258,3524,48259,3525,48262,3526,48263,3527,48265,3528,48266,3529,48269,3530,48271,3531,48272,3532,48273,3533,48274,3534,48275,3535,48278,3536,48280,3537,48283,3538,48284,3539,48285,3540,48286,3541,48287,3542,48290,3543,48291,3544,48293,3545,48294,3546,48297,3547,48298,3548,48299,3549,48300,3550,48301,3551,48302,3552,48303,3553,48306,3554,48310,3555,48311,3556,48312,3557,48313,3558,48314,3559,48315,3560,48318,3561,48319,3562,48321,3563,48322,3564,48323,3565,48325,3566,48326,3567,48327,3568,48328,3569,48329,3570,48330,3571,48331,3572,48332,3573,48334,3574,48338,3575,48339,3576,48340,3577,48342,3578,48343,3579,48345,3580,48346,3581,48347,3582,48349,3583,48350,3584,48351,3585,48352,3586,48353,3587,48354,3588,48355,3589,48356,3590,48357,3591,48358,3592,48359,3593,48360,3594,48361,3595,48362,3596,48363,3597,48364,3598,48365,3599,48366,3600,48367,3601,48368,3602,48369,3603,48370,3604,48371,3605,48375,3606,48377,3607,48378,3608,48379,3609,48381,3610,48382,3611,48383,3612,48384,3613,48385,3614,48386,3615,48387,3616,48390,3617,48392,3618,48394,3619,48395,3620,48396,3621,48397,3622,48398,3623,48399,3624,48401,3625,48402,3626,48403,3627,48405,3628,48406,3629,48407,3630,48408,3631,48409,3632,48410,3633,48411,3634,48412,3635,48413,3642,48414,3643,48415,3644,48416,3645,48417,3646,48418,3647,48419,3648,48421,3649,48422,3650,48423,3651,48424,3652,48425,3653,48426,3654,48427,3655,48429,3656,48430,3657,48431,3658,48432,3659,48433,3660,48434,3661,48435,3662,48436,3663,48437,3664,48438,3665,48439,3666,48440,3667,48441,3674,48442,3675,48443,3676,48444,3677,48445,3678,48446,3679,48447,3680,48449,3681,48450,3682,48451,3683,48452,3684,48453,3685,48454,3686,48455,3687,48458,3688,48459,3689,48461,3690,48462,3691,48463,3692,48465,3693,48466,3694,48467,3695,48468,3696,48469,3697,48470,3698,48471,3699,48474,3700,48475,3701,48476,3702,48477,3703,48478,3704,48479,3705,48480,3706,48481,3707,48482,3708,48483,3709,48485,3710,48486,3711,48487,3712,48489,3713,48490,3714,48491,3715,48492,3716,48493,3717,48494,3718,48495,3719,48496,3720,48497,3721,48498,3722,48499,3723,48500,3724,48501,3725,48502,3726,48503,3727,48504,3728,48505,3729,48506,3730,48507,3731,48508,3732,48509,3733,48510,3734,48511,3735,48514,3736,48515,3737,48517,3738,48518,3739,48523,3740,48524,3741,48525,3742,48526,3743,48527,3744,48530,3745,48532,3746,48534,3747,48535,3748,48536,3749,48539,3750,48541,3751,48542,3752,48543,3753,48544,3754,48545,3755,48546,3756,48547,3757,48549,3758,48550,3759,48551,3760,48552,3761,48553,3762,48554,3763,48555,3764,48556,3765,48557,3766,48558,3767,48559,3768,48561,3769,48562,3770,48563,3771,48564,3772,48565,3773,48566,3774,48567,3775,48569,3776,48570,3777,48571,3778,48572,3779,48573,3780,48574,3781,48575,3782,48576,3783,48577,3784,48578,3785,48579,3786,48580,3787,48581,3788,48582,3789,48583,3790,48584,3791,48585,3792,48586,3793,48587,3794,48588,3795,48589,3796,48590,3797,48591,3798,48592,3799,48593,3800,48594,3801,48595,3802,48598,3803,48599,3804,48601,3805,48602,3806,48603,3807,48605,3808,48606,3809,48607,3810,48608,3811,48609,3812,48610,3813,48611,3814,48612,3815,48613,3816,48614,3817,48615,3818,48616,3819,48618,3820,48619,3821,48620,3822,48621,3823,48622,3824,48623,3825,48625,3832,48626,3833,48627,3834,48629,3835,48630,3836,48631,3837,48633,3838,48634,3839,48635,3840,48636,3841,48637,3842,48638,3843,48639,3844,48641,3845,48642,3846,48644,3847,48646,3848,48647,3849,48648,3850,48649,3851,48650,3852,48651,3853,48654,3854,48655,3855,48657,3856,48658,3857,48659,3864,48661,3865,48662,3866,48663,3867,48664,3868,48665,3869,48666,3870,48667,3871,48670,3872,48672,3873,48673,3874,48674,3875,48675,3876,48676,3877,48677,3878,48678,3879,48679,3880,48680,3881,48681,3882,48682,3883,48683,3884,48684,3885,48685,3886,48686,3887,48687,3888,48688,3889,48689,3890,48690,3891,48691,3892,48692,3893,48693,3894,48694,3895,48695,3896,48696,3897,48697,3898,48698,3899,48699,3900,48700,3901,48701,3902,48702,3903,48703,3904,48704,3905,48705,3906,48706,3907,48707,3908,48710,3909,48711,3910,48713,3911,48714,3912,48715,3913,48717,3914,48719,3915,48720,3916,48721,3917,48722,3918,48723,3919,48726,3920,48728,3921,48732,3922,48733,3923,48734,3924,48735,3925,48738,3926,48739,3927,48741,3928,48742,3929,48743,3930,48745,3931,48747,3932,48748,3933,48749,3934,48750,3935,48751,3936,48754,3937,48758,3938,48759,3939,48760,3940,48761,3941,48762,3942,48766,3943,48767,3944,48769,3945,48770,3946,48771,3947,48773,3948,48774,3949,48775,3950,48776,3951,48777,3952,48778,3953,48779,3954,48782,3955,48786,3956,48787,3957,48788,3958,48789,3959,48790,3960,48791,3961,48794,3962,48795,3963,48796,3964,48797,3965,48798,3966,48799,3967,48800,3968,48801,3969,48802,3970,48803,3971,48804,3972,48805,3973,48806,3974,48807,3975,48809,3976,48810,3977,48811,3978,48812,3979,48813,3980,48814,3981,48815,3982,48816,3983,48817,3984,48818,3985,48819,3986,48820,3987,48821,3988,48822,3989,48823,3990,48824,3991,48825,3992,48826,3993,48827,3994,48828,3995,48829,3996,48830,3997,48831,3998,48832,3999,48833,4000,48834,4001,48835,4002,48836,4003,48837,4004,48838,4005,48839,4006,48840,4007,48841,4008,48842,4009,48843,4010,48844,4011,48845,4012,48846,4013,48847,4014,48850,4015,48851,4022,48853,4023,48854,4024,48857,4025,48858,4026,48859,4027,48860,4028,48861,4029,48862,4030,48863,4031,48865,4032,48866,4033,48870,4034,48871,4035,48872,4036,48873,4037,48874,4038,48875,4039,48877,4040,48878,4041,48879,4042,48880,4043,48881,4044,48882,4045,48883,4046,48884,4047,48885,4054,48886,4055,48887,4056,48888,4057,48889,4058,48890,4059,48891,4060,48892,4061,48893,4062,48894,4063,48895,4064,48896,4065,48898,4066,48899,4067,48900,4068,48901,4069,48902,4070,48903,4071,48906,4072,48907,4073,48908,4074,48909,4075,48910,4076,48911,4077,48912,4078,48913,4079,48914,4080,48915,4081,48916,4082,48917,4083,48918,4084,48919,4085,48922,4086,48926,4087,48927,4088,48928,4089,48929,4090,48930,4091,48931,4092,48932,4093,48933,4094,48934,4095,48935,4096,48936,4097,48937,4098,48938,4099,48939,4100,48940,4101,48941,4102,48942,4103,48943,4104,48944,4105,48945,4106,48946,4107,48947,4108,48948,4109,48949,4110,48950,4111,48951,4112,48952,4113,48953,4114,48954,4115,48955,4116,48956,4117,48957,4118,48958,4119,48959,4120,48962,4121,48963,4122,48965,4123,48966,4124,48967,4125,48969,4126,48970,4127,48971,4128,48972,4129,48973,4130,48974,4131,48975,4132,48978,4133,48979,4134,48980,4135,48982,4136,48983,4137,48984,4138,48985,4139,48986,4140,48987,4141,48988,4142,48989,4143,48990,4144,48991,4145,48992,4146,48993,4147,48994,4148,48995,4149,48996,4150,48997,4151,48998,4152,48999,4153,49000,4154,49001,4155,49002,4156,49003,4157,49004,4158,49005,4159,49006,4160,49007,4161,49008,4162,49009,4163,49010,4164,49011,4165,49012,4166,49013,4167,49014,4168,49015,4169,49016,4170,49017,4171,49018,4172,49019,4173,49020,4174,49021,4175,49022,4176,49023,4177,49024,4178,49025,4179,49026,4180,49027,4181,49028,4182,49029,4183,49030,4184,49031,4185,49032,4186,49033,4187,49034,4188,49035,4189,49036,4190,49037,4191,49038,4192,49039,4193,49040,4194,49041,4195,49042,4196,49043,4197,49045,4198,49046,4199,49047,4200,49048,4201,49049,4202,49050,4203,49051,4204,49052,4205,49053,4212,49054,4213,49055,4214,49056,4215,49057,4216,49058,4217,49059,4218,49060,4219,49061,4220,49062,4221,49063,4222,49064,4223,49065,4224,49066,4225,49067,4226,49068,4227,49069,4228,49070,4229,49071,4230,49073,4231,49074,4232,49075,4233,49076,4234,49077,4235,49078,4236,49079,4237,49080,4244,49081,4245,49082,4246,49083,4247,49084,4248,49085,4249,49086,4250,49087,4251,49088,4252,49089,4253,49090,4254,49091,4255,49092,4256,49094,4257,49095,4258,49096,4259,49097,4260,49098,4261,49099,4262,49102,4263,49103,4264,49105,4265,49106,4266,49107,4267,49109,4268,49110,4269,49111,4270,49112,4271,49113,4272,49114,4273,49115,4274,49117,4275,49118,4276,49120,4277,49122,4278,49123,4279,49124,4280,49125,4281,49126,4282,49127,4283,49128,4284,49129,4285,49130,4286,49131,4287,49132,4288,49133,4289,49134,4290,49135,4291,49136,4292,49137,4293,49138,4294,49139,4295,49140,4296,49141,4297,49142,4298,49143,4299,49144,4300,49145,4301,49146,4302,49147,4303,49148,4304,49149,4305,49150,4306,49151,4307,49152,4308,49153,4309,49154,4310,49155,4311,49156,4312,49157,4313,49158,4314,49159,4315,49160,4316,49161,4317,49162,4318,49163,4319,49164,4320,49165,4321,49166,4322,49167,4323,49168,4324,49169,4325,49170,4326,49171,4327,49172,4328,49173,4329,49174,4330,49175,4331,49176,4332,49177,4333,49178,4334,49179,4335,49180,4336,49181,4337,49182,4338,49183,4339,49184,4340,49185,4341,49186,4342,49187,4343,49188,4344,49189,4345,49190,4346,49191,4347,49192,4348,49193,4349,49194,4350,49195,4351,49196,4352,49197,4353,49198,4354,49199,4355,49200,4356,49201,4357,49202,4358,49203,4359,49204,4360,49205,4361,49206,4362,49207,4363,49208,4364,49209,4365,49210,4366,49211,4367,49213,4368,49214,4369,49215,4370,49216,4371,49217,4372,49218,4373,49219,4374,49220,4375,49221,4376,49222,4377,49223,4378,49224,4379,49225,4380,49226,4381,49227,4382,49228,4383,49229,4384,49230,4385,49231,4386,49232,4387,49234,4388,49235,4389,49236,4390,49237,4391,49238,4392,49239,4393,49241,4394,49242,4395,49243,4402,49245,4403,49246,4404,49247,4405,49249,4406,49250,4407,49251,4408,49252,4409,49253,4410,49254,4411,49255,4412,49258,4413,49259,4414,49260,4415,49261,4416,49262,4417,49263,4418,49264,4419,49265,4420,49266,4421,49267,4422,49268,4423,49269,4424,49270,4425,49271,4426,49272,4427,49273,4434,49274,4435,49275,4436,49276,4437,49277,4438,49278,4439,49279,4440,49280,4441,49281,4442,49282,4443,49283,4444,49284,4445,49285,4446,49286,4447,49287,4448,49288,4449,49289,4450,49290,4451,49291,4452,49292,4453,49293,4454,49294,4455,49295,4456,49298,4457,49299,4458,49301,4459,49302,4460,49303,4461,49305,4462,49306,4463,49307,4464,49308,4465,49309,4466,49310,4467,49311,4468,49314,4469,49316,4470,49318,4471,49319,4472,49320,4473,49321,4474,49322,4475,49323,4476,49326,4477,49329,4478,49330,4479,49335,4480,49336,4481,49337,4482,49338,4483,49339,4484,49342,4485,49346,4486,49347,4487,49348,4488,49350,4489,49351,4490,49354,4491,49355,4492,49357,4493,49358,4494,49359,4495,49361,4496,49362,4497,49363,4498,49364,4499,49365,4500,49366,4501,49367,4502,49370,4503,49374,4504,49375,4505,49376,4506,49377,4507,49378,4508,49379,4509,49382,4510,49383,4511,49385,4512,49386,4513,49387,4514,49389,4515,49390,4516,49391,4517,49392,4518,49393,4519,49394,4520,49395,4521,49398,4522,49400,4523,49402,4524,49403,4525,49404,4526,49405,4527,49406,4528,49407,4529,49409,4530,49410,4531,49411,4532,49413,4533,49414,4534,49415,4535,49417,4536,49418,4537,49419,4538,49420,4539,49421,4540,49422,4541,49423,4542,49425,4543,49426,4544,49427,4545,49428,4546,49430,4547,49431,4548,49432,4549,49433,4550,49434,4551,49435,4552,49441,4553,49442,4554,49445,4555,49448,4556,49449,4557,49450,4558,49451,4559,49454,4560,49458,4561,49459,4562,49460,4563,49461,4564,49463,4565,49466,4566,49467,4567,49469,4568,49470,4569,49471,4570,49473,4571,49474,4572,49475,4573,49476,4574,49477,4575,49478,4576,49479,4577,49482,4578,49486,4579,49487,4580,49488,4581,49489,4582,49490,4583,49491,4584,49494,4585,49495,4592,49497,4593,49498,4594,49499,4595,49501,4596,49502,4597,49503,4598,49504,4599,49505,4600,49506,4601,49507,4602,49510,4603,49514,4604,49515,4605,49516,4606,49517,4607,49518,4608,49519,4609,49521,4610,49522,4611,49523,4612,49525,4613,49526,4614,49527,4615,49529,4616,49530,4617,49531,4624,49532,4625,49533,4626,49534,4627,49535,4628,49536,4629,49537,4630,49538,4631,49539,4632,49540,4633,49542,4634,49543,4635,49544,4636,49545,4637,49546,4638,49547,4639,49551,4640,49553,4641,49554,4642,49555,4643,49557,4644,49559,4645,49560,4646,49561,4647,49562,4648,49563,4649,49566,4650,49568,4651,49570,4652,49571,4653,49572,4654,49574,4655,49575,4656,49578,4657,49579,4658,49581,4659,49582,4660,49583,4661,49585,4662,49586,4663,49587,4664,49588,4665,49589,4666,49590,4667,49591,4668,49592,4669,49593,4670,49594,4671,49595,4672,49596,4673,49598,4674,49599,4675,49600,4676,49601,4677,49602,4678,49603,4679,49605,4680,49606,4681,49607,4682,49609,4683,49610,4684,49611,4685,49613,4686,49614,4687,49615,4688,49616,4689,49617,4690,49618,4691,49619,4692,49621,4693,49622,4694,49625,4695,49626,4696,49627,4697,49628,4698,49629,4699,49630,4700,49631,4701,49633,4702,49634,4703,49635,4704,49637,4705,49638,4706,49639,4707,49641,4708,49642,4709,49643,4710,49644,4711,49645,4712,49646,4713,49647,4714,49650,4715,49652,4716,49653,4717,49654,4718,49655,4719,49656,4720,49657,4721,49658,4722,49659,4723,49662,4724,49663,4725,49665,4726,49666,4727,49667,4728,49669,4729,49670,4730,49671,4731,49672,4732,49673,4733,49674,4734,49675,4735,49678,4736,49680,4737,49682,4738,49683,4739,49684,4740,49685,4741,49686,4742,49687,4743,49690,4744,49691,4745,49693,4746,49694,4747,49697,4748,49698,4749,49699,4750,49700,4751,49701,4752,49702,4753,49703,4754,49706,4755,49708,4756,49710,4757,49712,4758,49715,4759,49717,4760,49718,4761,49719,4762,49720,4763,49721,4764,49722,4765,49723,4766,49724,4767,49725,4768,49726,4769,49727,4770,49728,4771,49729,4772,49730,4773,49731,4774,49732,4775,49733,4782,49734,4783,49735,4784,49737,4785,49738,4786,49739,4787,49740,4788,49741,4789,49742,4790,49743,4791,49746,4792,49747,4793,49749,4794,49750,4795,49751,4796,49753,4797,49754,4798,49755,4799,49756,4800,49757,4801,49758,4802,49759,4803,49761,4804,49762,4805,49763,4806,49764,4807,49766,4814,49767,4815,49768,4816,49769,4817,49770,4818,49771,4819,49774,4820,49775,4821,49777,4822,49778,4823,49779,4824,49781,4825,49782,4826,49783,4827,49784,4828,49785,4829,49786,4830,49787,4831,49790,4832,49792,4833,49794,4834,49795,4835,49796,4836,49797,4837,49798,4838,49799,4839,49802,4840,49803,4841,49804,4842,49805,4843,49806,4844,49807,4845,49809,4846,49810,4847,49811,4848,49812,4849,49813,4850,49814,4851,49815,4852,49817,4853,49818,4854,49820,4855,49822,4856,49823,4857,49824,4858,49825,4859,49826,4860,49827,4861,49830,4862,49831,4863,49833,4864,49834,4865,49835,4866,49838,4867,49839,4868,49840,4869,49841,4870,49842,4871,49843,4872,49846,4873,49848,4874,49850,4875,49851,4876,49852,4877,49853,4878,49854,4879,49855,4880,49856,4881,49857,4882,49858,4883,49859,4884,49860,4885,49861,4886,49862,4887,49863,4888,49864,4889,49865,4890,49866,4891,49867,4892,49868,4893,49869,4894,49870,4895,49871,4896,49872,4897,49873,4898,49874,4899,49875,4900,49876,4901,49877,4902,49878,4903,49879,4904,49880,4905,49881,4906,49882,4907,49883,4908,49886,4909,49887,4910,49889,4911,49890,4912,49893,4913,49894,4914,49895,4915,49896,4916,49897,4917,49898,4918,49902,4919,49904,4920,49906,4921,49907,4922,49908,4923,49909,4924,49911,4925,49914,4926,49917,4927,49918,4928,49919,4929,49921,4930,49922,4931,49923,4932,49924,4933,49925,4934,49926,4935,49927,4936,49930,4937,49931,4938,49934,4939,49935,4940,49936,4941,49937,4942,49938,4943,49942,4944,49943,4945,49945,4946,49946,4947,49947,4948,49949,4949,49950,4950,49951,4951,49952,4952,49953,4953,49954,4954,49955,4955,49958,4956,49959,4957,49962,4958,49963,4959,49964,4960,49965,4961,49966,4962,49967,4963,49968,4964,49969,4965,49970,4972,49971,4973,49972,4974,49973,4975,49974,4976,49975,4977,49976,4978,49977,4979,49978,4980,49979,4981,49980,4982,49981,4983,49982,4984,49983,4985,49984,4986,49985,4987,49986,4988,49987,4989,49988,4990,49990,4991,49991,4992,49992,4993,49993,4994,49994,4995,49995,4996,49996,4997,49997,5004,49998,5005,49999,5006,50000,5007,50001,5008,50002,5009,50003,5010,50004,5011,50005,5012,50006,5013,50007,5014,50008,5015,50009,5016,50010,5017,50011,5018,50012,5019,50013,5020,50014,5021,50015,5022,50016,5023,50017,5024,50018,5025,50019,5026,50020,5027,50021,5028,50022,5029,50023,5030,50026,5031,50027,5032,50029,5033,50030,5034,50031,5035,50033,5036,50035,5037,50036,5038,50037,5039,50038,5040,50039,5041,50042,5042,50043,5043,50046,5044,50047,5045,50048,5046,50049,5047,50050,5048,50051,5049,50053,5050,50054,5051,50055,5052,50057,5053,50058,5054,50059,5055,50061,5056,50062,5057,50063,5058,50064,5059,50065,5060,50066,5061,50067,5062,50068,5063,50069,5064,50070,5065,50071,5066,50072,5067,50073,5068,50074,5069,50075,5070,50076,5071,50077,5072,50078,5073,50079,5074,50080,5075,50081,5076,50082,5077,50083,5078,50084,5079,50085,5080,50086,5081,50087,5082,50088,5083,50089,5084,50090,5085,50091,5086,50092,5087,50093,5088,50094,5089,50095,5090,50096,5091,50097,5092,50098,5093,50099,5094,50100,5095,50101,5096,50102,5097,50103,5098,50104,5099,50105,5100,50106,5101,50107,5102,50108,5103,50109,5104,50110,5105,50111,5106,50113,5107,50114,5108,50115,5109,50116,5110,50117,5111,50118,5112,50119,5113,50120,5114,50121,5115,50122,5116,50123,5117,50124,5118,50125,5119,50126,5120,50127,5121,50128,5122,50129,5123,50130,5124,50131,5125,50132,5126,50133,5127,50134,5128,50135,5129,50138,5130,50139,5131,50141,5132,50142,5133,50145,5134,50147,5135,50148,5136,50149,5137,50150,5138,50151,5139,50154,5140,50155,5141,50156,5142,50158,5143,50159,5144,50160,5145,50161,5146,50162,5147,50163,5148,50166,5149,50167,5150,50169,5151,50170,5152,50171,5153,50172,5154,50173,5155,50174,5162,50175,5163,50176,5164,50177,5165,50178,5166,50179,5167,50180,5168,50181,5169,50182,5170,50183,5171,50185,5172,50186,5173,50187,5174,50188,5175,50189,5176,50190,5177,50191,5178,50193,5179,50194,5180,50195,5181,50196,5182,50197,5183,50198,5184,50199,5185,50200,5186,50201,5187,50202,5194,50203,5195,50204,5196,50205,5197,50206,5198,50207,5199,50208,5200,50209,5201,50210,5202,50211,5203,50213,5204,50214,5205,50215,5206,50216,5207,50217,5208,50218,5209,50219,5210,50221,5211,50222,5212,50223,5213,50225,5214,50226,5215,50227,5216,50229,5217,50230,5218,50231,5219,50232,5220,50233,5221,50234,5222,50235,5223,50238,5224,50239,5225,50240,5226,50241,5227,50242,5228,50243,5229,50244,5230,50245,5231,50246,5232,50247,5233,50249,5234,50250,5235,50251,5236,50252,5237,50253,5238,50254,5239,50255,5240,50256,5241,50257,5242,50258,5243,50259,5244,50260,5245,50261,5246,50262,5247,50263,5248,50264,5249,50265,5250,50266,5251,50267,5252,50268,5253,50269,5254,50270,5255,50271,5256,50272,5257,50273,5258,50274,5259,50275,5260,50278,5261,50279,5262,50281,5263,50282,5264,50283,5265,50285,5266,50286,5267,50287,5268,50288,5269,50289,5270,50290,5271,50291,5272,50294,5273,50295,5274,50296,5275,50298,5276,50299,5277,50300,5278,50301,5279,50302,5280,50303,5281,50305,5282,50306,5283,50307,5284,50308,5285,50309,5286,50310,5287,50311,5288,50312,5289,50313,5290,50314,5291,50315,5292,50316,5293,50317,5294,50318,5295,50319,5296,50320,5297,50321,5298,50322,5299,50323,5300,50325,5301,50326,5302,50327,5303,50328,5304,50329,5305,50330,5306,50331,5307,50333,5308,50334,5309,50335,5310,50336,5311,50337,5312,50338,5313,50339,5314,50340,5315,50341,5316,50342,5317,50343,5318,50344,5319,50345,5320,50346,5321,50347,5322,50348,5323,50349,5324,50350,5325,50351,5326,50352,5327,50353,5328,50354,5329,50355,5330,50356,5331,50357,5332,50358,5333,50359,5334,50361,5335,50362,5336,50363,5337,50365,5338,50366,5339,50367,5340,50368,5341,50369,5342,50370,5343,50371,5344,50372,5345,50373,5352,50374,5353,50375,5354,50376,5355,50377,5356,50378,5357,50379,5358,50380,5359,50381,5360,50382,5361,50383,5362,50384,5363,50385,5364,50386,5365,50387,5366,50388,5367,50389,5368,50390,5369,50391,5370,50392,5371,50393,5372,50394,5373,50395,5374,50396,5375,50397,5376,50398,5377,50399,5384,50400,5385,50401,5386,50402,5387,50403,5388,50404,5389,50405,5390,50406,5391,50407,5392,50408,5393,50410,5394,50411,5395,50412,5396,50413,5397,50414,5398,50415,5399,50418,5400,50419,5401,50421,5402,50422,5403,50423,5404,50425,5405,50427,5406,50428,5407,50429,5408,50430,5409,50434,5410,50435,5411,50436,5412,50437,5413,50438,5414,50439,5415,50440,5416,50441,5417,50442,5418,50443,5419,50445,5420,50446,5421,50447,5422,50449,5423,50450,5424,50451,5425,50453,5426,50454,5427,50455,5428,50456,5429,50457,5430,50458,5431,50459,5432,50461,5433,50462,5434,50463,5435,50464,5436,50465,5437,50466,5438,50467,5439,50468,5440,50469,5441,50470,5442,50471,5443,50474,5444,50475,5445,50477,5446,50478,5447,50479,5448,50481,5449,50482,5450,50483,5451,50484,5452,50485,5453,50486,5454,50487,5455,50490,5456,50492,5457,50494,5458,50495,5459,50496,5460,50497,5461,50498,5462,50499,5463,50502,5464,50503,5465,50507,5466,50511,5467,50512,5468,50513,5469,50514,5470,50518,5471,50522,5472,50523,5473,50524,5474,50527,5475,50530,5476,50531,5477,50533,5478,50534,5479,50535,5480,50537,5481,50538,5482,50539,5483,50540,5484,50541,5485,50542,5486,50543,5487,50546,5488,50550,5489,50551,5490,50552,5491,50553,5492,50554,5493,50555,5494,50558,5495,50559,5496,50561,5497,50562,5498,50563,5499,50565,5500,50566,5501,50568,5502,50569,5503,50570,5504,50571,5505,50574,5506,50576,5507,50578,5508,50579,5509,50580,5510,50582,5511,50585,5512,50586,5513,50587,5514,50589,5515,50590,5516,50591,5517,50593,5518,50594,5519,50595,5520,50596,5521,50597,5522,50598,5523,50599,5524,50600,5525,50602,5526,50603,5527,50604,5528,50605,5529,50606,5530,50607,5531,50608,5532,50609,5533,50610,5534,50611,5535,50614,5542,50615,5543,50618,5544,50623,5545,50624,5546,50625,5547,50626,5548,50627,5549,50635,5550,50637,5551,50639,5552,50642,5553,50643,5554,50645,5555,50646,5556,50647,5557,50649,5558,50650,5559,50651,5560,50652,5561,50653,5562,50654,5563,50655,5564,50658,5565,50660,5566,50662,5567,50663,5574,50664,5575,50665,5576,50666,5577,50667,5578,50671,5579,50673,5580,50674,5581,50675,5582,50677,5583,50680,5584,50681,5585,50682,5586,50683,5587,50690,5588,50691,5589,50692,5590,50697,5591,50698,5592,50699,5593,50701,5594,50702,5595,50703,5596,50705,5597,50706,5598,50707,5599,50708,5600,50709,5601,50710,5602,50711,5603,50714,5604,50717,5605,50718,5606,50719,5607,50720,5608,50721,5609,50722,5610,50723,5611,50726,5612,50727,5613,50729,5614,50730,5615,50731,5616,50735,5617,50737,5618,50738,5619,50742,5620,50744,5621,50746,5622,50748,5623,50749,5624,50750,5625,50751,5626,50754,5627,50755,5628,50757,5629,50758,5630,50759,5631,50761,5632,50762,5633,50763,5634,50764,5635,50765,5636,50766,5637,50767,5638,50770,5639,50774,5640,50775,5641,50776,5642,50777,5643,50778,5644,50779,5645,50782,5646,50783,5647,50785,5648,50786,5649,50787,5650,50788,5651,50789,5652,50790,5653,50791,5654,50792,5655,50793,5656,50794,5657,50795,5658,50797,5659,50798,5660,50800,5661,50802,5662,50803,5663,50804,5664,50805,5665,50806,5666,50807,5667,50810,5668,50811,5669,50813,5670,50814,5671,50815,5672,50817,5673,50818,5674,50819,5675,50820,5676,50821,5677,50822,5678,50823,5679,50826,5680,50828,5681,50830,5682,50831,5683,50832,5684,50833,5685,50834,5686,50835,5687,50838,5688,50839,5689,50841,5690,50842,5691,50843,5692,50845,5693,50846,5694,50847,5695,50848,5696,50849,5697,50850,5698,50851,5699,50854,5700,50856,5701,50858,5702,50859,5703,50860,5704,50861,5705,50862,5706,50863,5707,50866,5708,50867,5709,50869,5710,50870,5711,50871,5712,50875,5713,50876,5714,50877,5715,50878,5716,50879,5717,50882,5718,50884,5719,50886,5720,50887,5721,50888,5722,50889,5723,50890,5724,50891,5725,50894,5732,50895,5733,50897,5734,50898,5735,50899,5736,50901,5737,50902,5738,50903,5739,50904,5740,50905,5741,50906,5742,50907,5743,50910,5744,50911,5745,50914,5746,50915,5747,50916,5748,50917,5749,50918,5750,50919,5751,50922,5752,50923,5753,50925,5754,50926,5755,50927,5756,50929,5757,50930,5764,50931,5765,50932,5766,50933,5767,50934,5768,50935,5769,50938,5770,50939,5771,50940,5772,50942,5773,50943,5774,50944,5775,50945,5776,50946,5777,50947,5778,50950,5779,50951,5780,50953,5781,50954,5782,50955,5783,50957,5784,50958,5785,50959,5786,50960,5787,50961,5788,50962,5789,50963,5790,50966,5791,50968,5792,50970,5793,50971,5794,50972,5795,50973,5796,50974,5797,50975,5798,50978,5799,50979,5800,50981,5801,50982,5802,50983,5803,50985,5804,50986,5805,50987,5806,50988,5807,50989,5808,50990,5809,50991,5810,50994,5811,50996,5812,50998,5813,51000,5814,51001,5815,51002,5816,51003,5817,51006,5818,51007,5819,51009,5820,51010,5821,51011,5822,51013,5823,51014,5824,51015,5825,51016,5826,51017,5827,51019,5828,51022,5829,51024,5830,51033,5831,51034,5832,51035,5833,51037,5834,51038,5835,51039,5836,51041,5837,51042,5838,51043,5839,51044,5840,51045,5841,51046,5842,51047,5843,51049,5844,51050,5845,51052,5846,51053,5847,51054,5848,51055,5849,51056,5850,51057,5851,51058,5852,51059,5853,51062,5854,51063,5855,51065,5856,51066,5857,51067,5858,51071,5859,51072,5860,51073,5861,51074,5862,51078,5863,51083,5864,51084,5865,51085,5866,51087,5867,51090,5868,51091,5869,51093,5870,51097,5871,51099,5872,51100,5873,51101,5874,51102,5875,51103,5876,51106,5877,51111,5878,51112,5879,51113,5880,51114,5881,51115,5882,51118,5883,51119,5884,51121,5885,51122,5886,51123,5887,51125,5888,51126,5889,51127,5890,51128,5891,51129,5892,51130,5893,51131,5894,51134,5895,51138,5896,51139,5897,51140,5898,51141,5899,51142,5900,51143,5901,51146,5902,51147,5903,51149,5904,51151,5905,51153,5906,51154,5907,51155,5908,51156,5909,51157,5910,51158,5911,51159,5912,51161,5913,51162,5914,51163,5915,51164,5922,51166,5923,51167,5924,51168,5925,51169,5926,51170,5927,51171,5928,51173,5929,51174,5930,51175,5931,51177,5932,51178,5933,51179,5934,51181,5935,51182,5936,51183,5937,51184,5938,51185,5939,51186,5940,51187,5941,51188,5942,51189,5943,51190,5944,51191,5945,51192,5946,51193,5947,51194,5954,51195,5955,51196,5956,51197,5957,51198,5958,51199,5959,51202,5960,51203,5961,51205,5962,51206,5963,51207,5964,51209,5965,51211,5966,51212,5967,51213,5968,51214,5969,51215,5970,51218,5971,51220,5972,51223,5973,51224,5974,51225,5975,51226,5976,51227,5977,51230,5978,51231,5979,51233,5980,51234,5981,51235,5982,51237,5983,51238,5984,51239,5985,51240,5986,51241,5987,51242,5988,51243,5989,51246,5990,51248,5991,51250,5992,51251,5993,51252,5994,51253,5995,51254,5996,51255,5997,51257,5998,51258,5999,51259,6000,51261,6001,51262,6002,51263,6003,51265,6004,51266,6005,51267,6006,51268,6007,51269,6008,51270,6009,51271,6010,51274,6011,51275,6012,51278,6013,51279,6014,51280,6015,51281,6016,51282,6017,51283,6018,51285,6019,51286,6020,51287,6021,51288,6022,51289,6023,51290,6024,51291,6025,51292,6026,51293,6027,51294,6028,51295,6029,51296,6030,51297,6031,51298,6032,51299,6033,51300,6034,51301,6035,51302,6036,51303,6037,51304,6038,51305,6039,51306,6040,51307,6041,51308,6042,51309,6043,51310,6044,51311,6045,51314,6046,51315,6047,51317,6048,51318,6049,51319,6050,51321,6051,51323,6052,51324,6053,51325,6054,51326,6055,51327,6056,51330,6057,51332,6058,51336,6059,51337,6060,51338,6061,51342,6062,51343,6063,51344,6064,51345,6065,51346,6066,51347,6067,51349,6068,51350,6069,51351,6070,51352,6071,51353,6072,51354,6073,51355,6074,51356,6075,51358,6076,51360,6077,51362,6078,51363,6079,51364,6080,51365,6081,51366,6082,51367,6083,51369,6084,51370,6085,51371,6086,51372,6087,51373,6088,51374,6089,51375,6090,51376,6091,51377,6092,51378,6093,51379,6094,51380,6095,51381,6096,51382,6097,51383,6098,51384,6099,51385,6100,51386,6101,51387,6102,51390,6103,51391,6104,51392,6105,51393,6112,51394,6113,51395,6114,51397,6115,51398,6116,51399,6117,51401,6118,51402,6119,51403,6120,51405,6121,51406,6122,51407,6123,51408,6124,51409,6125,51410,6126,51411,6127,51414,6128,51416,6129,51418,6130,51419,6131,51420,6132,51421,6133,51422,6134,51423,6135,51426,6136,51427,6137,51429,6144,51430,6145,51431,6146,51432,6147,51433,6148,51434,6149,51435,6150,51436,6151,51437,6152,51438,6153,51439,6154,51440,6155,51441,6156,51442,6157,51443,6158,51444,6159,51446,6160,51447,6161,51448,6162,51449,6163,51450,6164,51451,6165,51454,6166,51455,6167,51457,6168,51458,6169,51459,6170,51463,6171,51464,6172,51465,6173,51466,6174,51467,6175,51470,6176,12288,6177,12289,6178,12290,6179,183,6180,8229,6181,8230,6182,168,6183,12291,6184,173,6185,8213,6186,8741,6187,65340,6188,8764,6189,8216,6190,8217,6191,8220,6192,8221,6193,12308,6194,12309,6195,12296,6196,12297,6197,12298,6198,12299,6199,12300,6200,12301,6201,12302,6202,12303,6203,12304,6204,12305,6205,177,6206,215,6207,247,6208,8800,6209,8804,6210,8805,6211,8734,6212,8756,6213,176,6214,8242,6215,8243,6216,8451,6217,8491,6218,65504,6219,65505,6220,65509,6221,9794,6222,9792,6223,8736,6224,8869,6225,8978,6226,8706,6227,8711,6228,8801,6229,8786,6230,167,6231,8251,6232,9734,6233,9733,6234,9675,6235,9679,6236,9678,6237,9671,6238,9670,6239,9633,6240,9632,6241,9651,6242,9650,6243,9661,6244,9660,6245,8594,6246,8592,6247,8593,6248,8595,6249,8596,6250,12307,6251,8810,6252,8811,6253,8730,6254,8765,6255,8733,6256,8757,6257,8747,6258,8748,6259,8712,6260,8715,6261,8838,6262,8839,6263,8834,6264,8835,6265,8746,6266,8745,6267,8743,6268,8744,6269,65506,6270,51472,6271,51474,6272,51475,6273,51476,6274,51477,6275,51478,6276,51479,6277,51481,6278,51482,6279,51483,6280,51484,6281,51485,6282,51486,6283,51487,6284,51488,6285,51489,6286,51490,6287,51491,6288,51492,6289,51493,6290,51494,6291,51495,6292,51496,6293,51497,6294,51498,6295,51499,6302,51501,6303,51502,6304,51503,6305,51504,6306,51505,6307,51506,6308,51507,6309,51509,6310,51510,6311,51511,6312,51512,6313,51513,6314,51514,6315,51515,6316,51516,6317,51517,6318,51518,6319,51519,6320,51520,6321,51521,6322,51522,6323,51523,6324,51524,6325,51525,6326,51526,6327,51527,6334,51528,6335,51529,6336,51530,6337,51531,6338,51532,6339,51533,6340,51534,6341,51535,6342,51538,6343,51539,6344,51541,6345,51542,6346,51543,6347,51545,6348,51546,6349,51547,6350,51548,6351,51549,6352,51550,6353,51551,6354,51554,6355,51556,6356,51557,6357,51558,6358,51559,6359,51560,6360,51561,6361,51562,6362,51563,6363,51565,6364,51566,6365,51567,6366,8658,6367,8660,6368,8704,6369,8707,6370,180,6371,65374,6372,711,6373,728,6374,733,6375,730,6376,729,6377,184,6378,731,6379,161,6380,191,6381,720,6382,8750,6383,8721,6384,8719,6385,164,6386,8457,6387,8240,6388,9665,6389,9664,6390,9655,6391,9654,6392,9828,6393,9824,6394,9825,6395,9829,6396,9831,6397,9827,6398,8857,6399,9672,6400,9635,6401,9680,6402,9681,6403,9618,6404,9636,6405,9637,6406,9640,6407,9639,6408,9638,6409,9641,6410,9832,6411,9743,6412,9742,6413,9756,6414,9758,6415,182,6416,8224,6417,8225,6418,8597,6419,8599,6420,8601,6421,8598,6422,8600,6423,9837,6424,9833,6425,9834,6426,9836,6427,12927,6428,12828,6429,8470,6430,13255,6431,8482,6432,13250,6433,13272,6434,8481,6435,8364,6436,174,6460,51569,6461,51570,6462,51571,6463,51573,6464,51574,6465,51575,6466,51576,6467,51577,6468,51578,6469,51579,6470,51581,6471,51582,6472,51583,6473,51584,6474,51585,6475,51586,6476,51587,6477,51588,6478,51589,6479,51590,6480,51591,6481,51594,6482,51595,6483,51597,6484,51598,6485,51599,6492,51601,6493,51602,6494,51603,6495,51604,6496,51605,6497,51606,6498,51607,6499,51610,6500,51612,6501,51614,6502,51615,6503,51616,6504,51617,6505,51618,6506,51619,6507,51620,6508,51621,6509,51622,6510,51623,6511,51624,6512,51625,6513,51626,6514,51627,6515,51628,6516,51629,6517,51630,6524,51631,6525,51632,6526,51633,6527,51634,6528,51635,6529,51636,6530,51637,6531,51638,6532,51639,6533,51640,6534,51641,6535,51642,6536,51643,6537,51644,6538,51645,6539,51646,6540,51647,6541,51650,6542,51651,6543,51653,6544,51654,6545,51657,6546,51659,6547,51660,6548,51661,6549,51662,6550,51663,6551,51666,6552,51668,6553,51671,6554,51672,6555,51675,6556,65281,6557,65282,6558,65283,6559,65284,6560,65285,6561,65286,6562,65287,6563,65288,6564,65289,6565,65290,6566,65291,6567,65292,6568,65293,6569,65294,6570,65295,6571,65296,6572,65297,6573,65298,6574,65299,6575,65300,6576,65301,6577,65302,6578,65303,6579,65304,6580,65305,6581,65306,6582,65307,6583,65308,6584,65309,6585,65310,6586,65311,6587,65312,6588,65313,6589,65314,6590,65315,6591,65316,6592,65317,6593,65318,6594,65319,6595,65320,6596,65321,6597,65322,6598,65323,6599,65324,6600,65325,6601,65326,6602,65327,6603,65328,6604,65329,6605,65330,6606,65331,6607,65332,6608,65333,6609,65334,6610,65335,6611,65336,6612,65337,6613,65338,6614,65339,6615,65510,6616,65341,6617,65342,6618,65343,6619,65344,6620,65345,6621,65346,6622,65347,6623,65348,6624,65349,6625,65350,6626,65351,6627,65352,6628,65353,6629,65354,6630,65355,6631,65356,6632,65357,6633,65358,6634,65359,6635,65360,6636,65361,6637,65362,6638,65363,6639,65364,6640,65365,6641,65366,6642,65367,6643,65368,6644,65369,6645,65370,6646,65371,6647,65372,6648,65373,6649,65507,6650,51678,6651,51679,6652,51681,6653,51683,6654,51685,6655,51686,6656,51688,6657,51689,6658,51690,6659,51691,6660,51694,6661,51698,6662,51699,6663,51700,6664,51701,6665,51702,6666,51703,6667,51706,6668,51707,6669,51709,6670,51710,6671,51711,6672,51713,6673,51714,6674,51715,6675,51716,6682,51717,6683,51718,6684,51719,6685,51722,6686,51726,6687,51727,6688,51728,6689,51729,6690,51730,6691,51731,6692,51733,6693,51734,6694,51735,6695,51737,6696,51738,6697,51739,6698,51740,6699,51741,6700,51742,6701,51743,6702,51744,6703,51745,6704,51746,6705,51747,6706,51748,6707,51749,6714,51750,6715,51751,6716,51752,6717,51754,6718,51755,6719,51756,6720,51757,6721,51758,6722,51759,6723,51760,6724,51761,6725,51762,6726,51763,6727,51764,6728,51765,6729,51766,6730,51767,6731,51768,6732,51769,6733,51770,6734,51771,6735,51772,6736,51773,6737,51774,6738,51775,6739,51776,6740,51777,6741,51778,6742,51779,6743,51780,6744,51781,6745,51782,6746,12593,6747,12594,6748,12595,6749,12596,6750,12597,6751,12598,6752,12599,6753,12600,6754,12601,6755,12602,6756,12603,6757,12604,6758,12605,6759,12606,6760,12607,6761,12608,6762,12609,6763,12610,6764,12611,6765,12612,6766,12613,6767,12614,6768,12615,6769,12616,6770,12617,6771,12618,6772,12619,6773,12620,6774,12621,6775,12622,6776,12623,6777,12624,6778,12625,6779,12626,6780,12627,6781,12628,6782,12629,6783,12630,6784,12631,6785,12632,6786,12633,6787,12634,6788,12635,6789,12636,6790,12637,6791,12638,6792,12639,6793,12640,6794,12641,6795,12642,6796,12643,6797,12644,6798,12645,6799,12646,6800,12647,6801,12648,6802,12649,6803,12650,6804,12651,6805,12652,6806,12653,6807,12654,6808,12655,6809,12656,6810,12657,6811,12658,6812,12659,6813,12660,6814,12661,6815,12662,6816,12663,6817,12664,6818,12665,6819,12666,6820,12667,6821,12668,6822,12669,6823,12670,6824,12671,6825,12672,6826,12673,6827,12674,6828,12675,6829,12676,6830,12677,6831,12678,6832,12679,6833,12680,6834,12681,6835,12682,6836,12683,6837,12684,6838,12685,6839,12686,6840,51783,6841,51784,6842,51785,6843,51786,6844,51787,6845,51790,6846,51791,6847,51793,6848,51794,6849,51795,6850,51797,6851,51798,6852,51799,6853,51800,6854,51801,6855,51802,6856,51803,6857,51806,6858,51810,6859,51811,6860,51812,6861,51813,6862,51814,6863,51815,6864,51817,6865,51818,6872,51819,6873,51820,6874,51821,6875,51822,6876,51823,6877,51824,6878,51825,6879,51826,6880,51827,6881,51828,6882,51829,6883,51830,6884,51831,6885,51832,6886,51833,6887,51834,6888,51835,6889,51836,6890,51838,6891,51839,6892,51840,6893,51841,6894,51842,6895,51843,6896,51845,6897,51846,6904,51847,6905,51848,6906,51849,6907,51850,6908,51851,6909,51852,6910,51853,6911,51854,6912,51855,6913,51856,6914,51857,6915,51858,6916,51859,6917,51860,6918,51861,6919,51862,6920,51863,6921,51865,6922,51866,6923,51867,6924,51868,6925,51869,6926,51870,6927,51871,6928,51872,6929,51873,6930,51874,6931,51875,6932,51876,6933,51877,6934,51878,6935,51879,6936,8560,6937,8561,6938,8562,6939,8563,6940,8564,6941,8565,6942,8566,6943,8567,6944,8568,6945,8569,6951,8544,6952,8545,6953,8546,6954,8547,6955,8548,6956,8549,6957,8550,6958,8551,6959,8552,6960,8553,6968,913,6969,914,6970,915,6971,916,6972,917,6973,918,6974,919,6975,920,6976,921,6977,922,6978,923,6979,924,6980,925,6981,926,6982,927,6983,928,6984,929,6985,931,6986,932,6987,933,6988,934,6989,935,6990,936,6991,937,7000,945,7001,946,7002,947,7003,948,7004,949,7005,950,7006,951,7007,952,7008,953,7009,954,7010,955,7011,956,7012,957,7013,958,7014,959,7015,960,7016,961,7017,963,7018,964,7019,965,7020,966,7021,967,7022,968,7023,969,7030,51880,7031,51881,7032,51882,7033,51883,7034,51884,7035,51885,7036,51886,7037,51887,7038,51888,7039,51889,7040,51890,7041,51891,7042,51892,7043,51893,7044,51894,7045,51895,7046,51896,7047,51897,7048,51898,7049,51899,7050,51902,7051,51903,7052,51905,7053,51906,7054,51907,7055,51909,7062,51910,7063,51911,7064,51912,7065,51913,7066,51914,7067,51915,7068,51918,7069,51920,7070,51922,7071,51924,7072,51925,7073,51926,7074,51927,7075,51930,7076,51931,7077,51932,7078,51933,7079,51934,7080,51935,7081,51937,7082,51938,7083,51939,7084,51940,7085,51941,7086,51942,7087,51943,7094,51944,7095,51945,7096,51946,7097,51947,7098,51949,7099,51950,7100,51951,7101,51952,7102,51953,7103,51954,7104,51955,7105,51957,7106,51958,7107,51959,7108,51960,7109,51961,7110,51962,7111,51963,7112,51964,7113,51965,7114,51966,7115,51967,7116,51968,7117,51969,7118,51970,7119,51971,7120,51972,7121,51973,7122,51974,7123,51975,7124,51977,7125,51978,7126,9472,7127,9474,7128,9484,7129,9488,7130,9496,7131,9492,7132,9500,7133,9516,7134,9508,7135,9524,7136,9532,7137,9473,7138,9475,7139,9487,7140,9491,7141,9499,7142,9495,7143,9507,7144,9523,7145,9515,7146,9531,7147,9547,7148,9504,7149,9519,7150,9512,7151,9527,7152,9535,7153,9501,7154,9520,7155,9509,7156,9528,7157,9538,7158,9490,7159,9489,7160,9498,7161,9497,7162,9494,7163,9493,7164,9486,7165,9485,7166,9502,7167,9503,7168,9505,7169,9506,7170,9510,7171,9511,7172,9513,7173,9514,7174,9517,7175,9518,7176,9521,7177,9522,7178,9525,7179,9526,7180,9529,7181,9530,7182,9533,7183,9534,7184,9536,7185,9537,7186,9539,7187,9540,7188,9541,7189,9542,7190,9543,7191,9544,7192,9545,7193,9546,7220,51979,7221,51980,7222,51981,7223,51982,7224,51983,7225,51985,7226,51986,7227,51987,7228,51989,7229,51990,7230,51991,7231,51993,7232,51994,7233,51995,7234,51996,7235,51997,7236,51998,7237,51999,7238,52002,7239,52003,7240,52004,7241,52005,7242,52006,7243,52007,7244,52008,7245,52009,7252,52010,7253,52011,7254,52012,7255,52013,7256,52014,7257,52015,7258,52016,7259,52017,7260,52018,7261,52019,7262,52020,7263,52021,7264,52022,7265,52023,7266,52024,7267,52025,7268,52026,7269,52027,7270,52028,7271,52029,7272,52030,7273,52031,7274,52032,7275,52034,7276,52035,7277,52036,7284,52037,7285,52038,7286,52039,7287,52042,7288,52043,7289,52045,7290,52046,7291,52047,7292,52049,7293,52050,7294,52051,7295,52052,7296,52053,7297,52054,7298,52055,7299,52058,7300,52059,7301,52060,7302,52062,7303,52063,7304,52064,7305,52065,7306,52066,7307,52067,7308,52069,7309,52070,7310,52071,7311,52072,7312,52073,7313,52074,7314,52075,7315,52076,7316,13205,7317,13206,7318,13207,7319,8467,7320,13208,7321,13252,7322,13219,7323,13220,7324,13221,7325,13222,7326,13209,7327,13210,7328,13211,7329,13212,7330,13213,7331,13214,7332,13215,7333,13216,7334,13217,7335,13218,7336,13258,7337,13197,7338,13198,7339,13199,7340,13263,7341,13192,7342,13193,7343,13256,7344,13223,7345,13224,7346,13232,7347,13233,7348,13234,7349,13235,7350,13236,7351,13237,7352,13238,7353,13239,7354,13240,7355,13241,7356,13184,7357,13185,7358,13186,7359,13187,7360,13188,7361,13242,7362,13243,7363,13244,7364,13245,7365,13246,7366,13247,7367,13200,7368,13201,7369,13202,7370,13203,7371,13204,7372,8486,7373,13248,7374,13249,7375,13194,7376,13195,7377,13196,7378,13270,7379,13253,7380,13229,7381,13230,7382,13231,7383,13275,7384,13225,7385,13226,7386,13227,7387,13228,7388,13277,7389,13264,7390,13267,7391,13251,7392,13257,7393,13276,7394,13254,7410,52077,7411,52078,7412,52079,7413,52080,7414,52081,7415,52082,7416,52083,7417,52084,7418,52085,7419,52086,7420,52087,7421,52090,7422,52091,7423,52092,7424,52093,7425,52094,7426,52095,7427,52096,7428,52097,7429,52098,7430,52099,7431,52100,7432,52101,7433,52102,7434,52103,7435,52104,7442,52105,7443,52106,7444,52107,7445,52108,7446,52109,7447,52110,7448,52111,7449,52112,7450,52113,7451,52114,7452,52115,7453,52116,7454,52117,7455,52118,7456,52119,7457,52120,7458,52121,7459,52122,7460,52123,7461,52125,7462,52126,7463,52127,7464,52128,7465,52129,7466,52130,7467,52131,7474,52132,7475,52133,7476,52134,7477,52135,7478,52136,7479,52137,7480,52138,7481,52139,7482,52140,7483,52141,7484,52142,7485,52143,7486,52144,7487,52145,7488,52146,7489,52147,7490,52148,7491,52149,7492,52150,7493,52151,7494,52153,7495,52154,7496,52155,7497,52156,7498,52157,7499,52158,7500,52159,7501,52160,7502,52161,7503,52162,7504,52163,7505,52164,7506,198,7507,208,7508,170,7509,294,7511,306,7513,319,7514,321,7515,216,7516,338,7517,186,7518,222,7519,358,7520,330,7522,12896,7523,12897,7524,12898,7525,12899,7526,12900,7527,12901,7528,12902,7529,12903,7530,12904,7531,12905,7532,12906,7533,12907,7534,12908,7535,12909,7536,12910,7537,12911,7538,12912,7539,12913,7540,12914,7541,12915,7542,12916,7543,12917,7544,12918,7545,12919,7546,12920,7547,12921,7548,12922,7549,12923,7550,9424,7551,9425,7552,9426,7553,9427,7554,9428,7555,9429,7556,9430,7557,9431,7558,9432,7559,9433,7560,9434,7561,9435,7562,9436,7563,9437,7564,9438,7565,9439,7566,9440,7567,9441,7568,9442,7569,9443,7570,9444,7571,9445,7572,9446,7573,9447,7574,9448,7575,9449,7576,9312,7577,9313,7578,9314,7579,9315,7580,9316,7581,9317,7582,9318,7583,9319,7584,9320,7585,9321,7586,9322,7587,9323,7588,9324,7589,9325,7590,9326,7591,189,7592,8531,7593,8532,7594,188,7595,190,7596,8539,7597,8540,7598,8541,7599,8542,7600,52165,7601,52166,7602,52167,7603,52168,7604,52169,7605,52170,7606,52171,7607,52172,7608,52173,7609,52174,7610,52175,7611,52176,7612,52177,7613,52178,7614,52179,7615,52181,7616,52182,7617,52183,7618,52184,7619,52185,7620,52186,7621,52187,7622,52188,7623,52189,7624,52190,7625,52191,7632,52192,7633,52193,7634,52194,7635,52195,7636,52197,7637,52198,7638,52200,7639,52202,7640,52203,7641,52204,7642,52205,7643,52206,7644,52207,7645,52208,7646,52209,7647,52210,7648,52211,7649,52212,7650,52213,7651,52214,7652,52215,7653,52216,7654,52217,7655,52218,7656,52219,7657,52220,7664,52221,7665,52222,7666,52223,7667,52224,7668,52225,7669,52226,7670,52227,7671,52228,7672,52229,7673,52230,7674,52231,7675,52232,7676,52233,7677,52234,7678,52235,7679,52238,7680,52239,7681,52241,7682,52242,7683,52243,7684,52245,7685,52246,7686,52247,7687,52248,7688,52249,7689,52250,7690,52251,7691,52254,7692,52255,7693,52256,7694,52259,7695,52260,7696,230,7697,273,7698,240,7699,295,7700,305,7701,307,7702,312,7703,320,7704,322,7705,248,7706,339,7707,223,7708,254,7709,359,7710,331,7711,329,7712,12800,7713,12801,7714,12802,7715,12803,7716,12804,7717,12805,7718,12806,7719,12807,7720,12808,7721,12809,7722,12810,7723,12811,7724,12812,7725,12813,7726,12814,7727,12815,7728,12816,7729,12817,7730,12818,7731,12819,7732,12820,7733,12821,7734,12822,7735,12823,7736,12824,7737,12825,7738,12826,7739,12827,7740,9372,7741,9373,7742,9374,7743,9375,7744,9376,7745,9377,7746,9378,7747,9379,7748,9380,7749,9381,7750,9382,7751,9383,7752,9384,7753,9385,7754,9386,7755,9387,7756,9388,7757,9389,7758,9390,7759,9391,7760,9392,7761,9393,7762,9394,7763,9395,7764,9396,7765,9397,7766,9332,7767,9333,7768,9334,7769,9335,7770,9336,7771,9337,7772,9338,7773,9339,7774,9340,7775,9341,7776,9342,7777,9343,7778,9344,7779,9345,7780,9346,7781,185,7782,178,7783,179,7784,8308,7785,8319,7786,8321,7787,8322,7788,8323,7789,8324,7790,52261,7791,52262,7792,52266,7793,52267,7794,52269,7795,52271,7796,52273,7797,52274,7798,52275,7799,52276,7800,52277,7801,52278,7802,52279,7803,52282,7804,52287,7805,52288,7806,52289,7807,52290,7808,52291,7809,52294,7810,52295,7811,52297,7812,52298,7813,52299,7814,52301,7815,52302,7822,52303,7823,52304,7824,52305,7825,52306,7826,52307,7827,52310,7828,52314,7829,52315,7830,52316,7831,52317,7832,52318,7833,52319,7834,52321,7835,52322,7836,52323,7837,52325,7838,52327,7839,52329,7840,52330,7841,52331,7842,52332,7843,52333,7844,52334,7845,52335,7846,52337,7847,52338,7854,52339,7855,52340,7856,52342,7857,52343,7858,52344,7859,52345,7860,52346,7861,52347,7862,52348,7863,52349,7864,52350,7865,52351,7866,52352,7867,52353,7868,52354,7869,52355,7870,52356,7871,52357,7872,52358,7873,52359,7874,52360,7875,52361,7876,52362,7877,52363,7878,52364,7879,52365,7880,52366,7881,52367,7882,52368,7883,52369,7884,52370,7885,52371,7886,12353,7887,12354,7888,12355,7889,12356,7890,12357,7891,12358,7892,12359,7893,12360,7894,12361,7895,12362,7896,12363,7897,12364,7898,12365,7899,12366,7900,12367,7901,12368,7902,12369,7903,12370,7904,12371,7905,12372,7906,12373,7907,12374,7908,12375,7909,12376,7910,12377,7911,12378,7912,12379,7913,12380,7914,12381,7915,12382,7916,12383,7917,12384,7918,12385,7919,12386,7920,12387,7921,12388,7922,12389,7923,12390,7924,12391,7925,12392,7926,12393,7927,12394,7928,12395,7929,12396,7930,12397,7931,12398,7932,12399,7933,12400,7934,12401,7935,12402,7936,12403,7937,12404,7938,12405,7939,12406,7940,12407,7941,12408,7942,12409,7943,12410,7944,12411,7945,12412,7946,12413,7947,12414,7948,12415,7949,12416,7950,12417,7951,12418,7952,12419,7953,12420,7954,12421,7955,12422,7956,12423,7957,12424,7958,12425,7959,12426,7960,12427,7961,12428,7962,12429,7963,12430,7964,12431,7965,12432,7966,12433,7967,12434,7968,12435,7980,52372,7981,52373,7982,52374,7983,52375,7984,52378,7985,52379,7986,52381,7987,52382,7988,52383,7989,52385,7990,52386,7991,52387,7992,52388,7993,52389,7994,52390,7995,52391,7996,52394,7997,52398,7998,52399,7999,52400,8000,52401,8001,52402,8002,52403,8003,52406,8004,52407,8005,52409,8012,52410,8013,52411,8014,52413,8015,52414,8016,52415,8017,52416,8018,52417,8019,52418,8020,52419,8021,52422,8022,52424,8023,52426,8024,52427,8025,52428,8026,52429,8027,52430,8028,52431,8029,52433,8030,52434,8031,52435,8032,52437,8033,52438,8034,52439,8035,52440,8036,52441,8037,52442,8044,52443,8045,52444,8046,52445,8047,52446,8048,52447,8049,52448,8050,52449,8051,52450,8052,52451,8053,52453,8054,52454,8055,52455,8056,52456,8057,52457,8058,52458,8059,52459,8060,52461,8061,52462,8062,52463,8063,52465,8064,52466,8065,52467,8066,52468,8067,52469,8068,52470,8069,52471,8070,52472,8071,52473,8072,52474,8073,52475,8074,52476,8075,52477,8076,12449,8077,12450,8078,12451,8079,12452,8080,12453,8081,12454,8082,12455,8083,12456,8084,12457,8085,12458,8086,12459,8087,12460,8088,12461,8089,12462,8090,12463,8091,12464,8092,12465,8093,12466,8094,12467,8095,12468,8096,12469,8097,12470,8098,12471,8099,12472,8100,12473,8101,12474,8102,12475,8103,12476,8104,12477,8105,12478,8106,12479,8107,12480,8108,12481,8109,12482,8110,12483,8111,12484,8112,12485,8113,12486,8114,12487,8115,12488,8116,12489,8117,12490,8118,12491,8119,12492,8120,12493,8121,12494,8122,12495,8123,12496,8124,12497,8125,12498,8126,12499,8127,12500,8128,12501,8129,12502,8130,12503,8131,12504,8132,12505,8133,12506,8134,12507,8135,12508,8136,12509,8137,12510,8138,12511,8139,12512,8140,12513,8141,12514,8142,12515,8143,12516,8144,12517,8145,12518,8146,12519,8147,12520,8148,12521,8149,12522,8150,12523,8151,12524,8152,12525,8153,12526,8154,12527,8155,12528,8156,12529,8157,12530,8158,12531,8159,12532,8160,12533,8161,12534,8170,52478,8171,52479,8172,52480,8173,52482,8174,52483,8175,52484,8176,52485,8177,52486,8178,52487,8179,52490,8180,52491,8181,52493,8182,52494,8183,52495,8184,52497,8185,52498,8186,52499,8187,52500,8188,52501,8189,52502,8190,52503,8191,52506,8192,52508,8193,52510,8194,52511,8195,52512,8202,52513,8203,52514,8204,52515,8205,52517,8206,52518,8207,52519,8208,52521,8209,52522,8210,52523,8211,52525,8212,52526,8213,52527,8214,52528,8215,52529,8216,52530,8217,52531,8218,52532,8219,52533,8220,52534,8221,52535,8222,52536,8223,52538,8224,52539,8225,52540,8226,52541,8227,52542,8234,52543,8235,52544,8236,52545,8237,52546,8238,52547,8239,52548,8240,52549,8241,52550,8242,52551,8243,52552,8244,52553,8245,52554,8246,52555,8247,52556,8248,52557,8249,52558,8250,52559,8251,52560,8252,52561,8253,52562,8254,52563,8255,52564,8256,52565,8257,52566,8258,52567,8259,52568,8260,52569,8261,52570,8262,52571,8263,52573,8264,52574,8265,52575,8266,1040,8267,1041,8268,1042,8269,1043,8270,1044,8271,1045,8272,1025,8273,1046,8274,1047,8275,1048,8276,1049,8277,1050,8278,1051,8279,1052,8280,1053,8281,1054,8282,1055,8283,1056,8284,1057,8285,1058,8286,1059,8287,1060,8288,1061,8289,1062,8290,1063,8291,1064,8292,1065,8293,1066,8294,1067,8295,1068,8296,1069,8297,1070,8298,1071,8314,1072,8315,1073,8316,1074,8317,1075,8318,1076,8319,1077,8320,1105,8321,1078,8322,1079,8323,1080,8324,1081,8325,1082,8326,1083,8327,1084,8328,1085,8329,1086,8330,1087,8331,1088,8332,1089,8333,1090,8334,1091,8335,1092,8336,1093,8337,1094,8338,1095,8339,1096,8340,1097,8341,1098,8342,1099,8343,1100,8344,1101,8345,1102,8346,1103,8360,52577,8361,52578,8362,52579,8363,52581,8364,52582,8365,52583,8366,52584,8367,52585,8368,52586,8369,52587,8370,52590,8371,52592,8372,52594,8373,52595,8374,52596,8375,52597,8376,52598,8377,52599,8378,52601,8379,52602,8380,52603,8381,52604,8382,52605,8383,52606,8384,52607,8385,52608,8392,52609,8393,52610,8394,52611,8395,52612,8396,52613,8397,52614,8398,52615,8399,52617,8400,52618,8401,52619,8402,52620,8403,52621,8404,52622,8405,52623,8406,52624,8407,52625,8408,52626,8409,52627,8410,52630,8411,52631,8412,52633,8413,52634,8414,52635,8415,52637,8416,52638,8417,52639,8424,52640,8425,52641,8426,52642,8427,52643,8428,52646,8429,52648,8430,52650,8431,52651,8432,52652,8433,52653,8434,52654,8435,52655,8436,52657,8437,52658,8438,52659,8439,52660,8440,52661,8441,52662,8442,52663,8443,52664,8444,52665,8445,52666,8446,52667,8447,52668,8448,52669,8449,52670,8450,52671,8451,52672,8452,52673,8453,52674,8454,52675,8455,52677,8550,52678,8551,52679,8552,52680,8553,52681,8554,52682,8555,52683,8556,52685,8557,52686,8558,52687,8559,52689,8560,52690,8561,52691,8562,52692,8563,52693,8564,52694,8565,52695,8566,52696,8567,52697,8568,52698,8569,52699,8570,52700,8571,52701,8572,52702,8573,52703,8574,52704,8575,52705,8582,52706,8583,52707,8584,52708,8585,52709,8586,52710,8587,52711,8588,52713,8589,52714,8590,52715,8591,52717,8592,52718,8593,52719,8594,52721,8595,52722,8596,52723,8597,52724,8598,52725,8599,52726,8600,52727,8601,52730,8602,52732,8603,52734,8604,52735,8605,52736,8606,52737,8607,52738,8614,52739,8615,52741,8616,52742,8617,52743,8618,52745,8619,52746,8620,52747,8621,52749,8622,52750,8623,52751,8624,52752,8625,52753,8626,52754,8627,52755,8628,52757,8629,52758,8630,52759,8631,52760,8632,52762,8633,52763,8634,52764,8635,52765,8636,52766,8637,52767,8638,52770,8639,52771,8640,52773,8641,52774,8642,52775,8643,52777,8644,52778,8645,52779,8740,52780,8741,52781,8742,52782,8743,52783,8744,52786,8745,52788,8746,52790,8747,52791,8748,52792,8749,52793,8750,52794,8751,52795,8752,52796,8753,52797,8754,52798,8755,52799,8756,52800,8757,52801,8758,52802,8759,52803,8760,52804,8761,52805,8762,52806,8763,52807,8764,52808,8765,52809,8772,52810,8773,52811,8774,52812,8775,52813,8776,52814,8777,52815,8778,52816,8779,52817,8780,52818,8781,52819,8782,52820,8783,52821,8784,52822,8785,52823,8786,52826,8787,52827,8788,52829,8789,52830,8790,52834,8791,52835,8792,52836,8793,52837,8794,52838,8795,52839,8796,52842,8797,52844,8804,52846,8805,52847,8806,52848,8807,52849,8808,52850,8809,52851,8810,52854,8811,52855,8812,52857,8813,52858,8814,52859,8815,52861,8816,52862,8817,52863,8818,52864,8819,52865,8820,52866,8821,52867,8822,52870,8823,52872,8824,52874,8825,52875,8826,52876,8827,52877,8828,52878,8829,52879,8830,52882,8831,52883,8832,52885,8833,52886,8834,52887,8835,52889,8930,52890,8931,52891,8932,52892,8933,52893,8934,52894,8935,52895,8936,52898,8937,52902,8938,52903,8939,52904,8940,52905,8941,52906,8942,52907,8943,52910,8944,52911,8945,52912,8946,52913,8947,52914,8948,52915,8949,52916,8950,52917,8951,52918,8952,52919,8953,52920,8954,52921,8955,52922,8962,52923,8963,52924,8964,52925,8965,52926,8966,52927,8967,52928,8968,52930,8969,52931,8970,52932,8971,52933,8972,52934,8973,52935,8974,52936,8975,52937,8976,52938,8977,52939,8978,52940,8979,52941,8980,52942,8981,52943,8982,52944,8983,52945,8984,52946,8985,52947,8986,52948,8987,52949,8994,52950,8995,52951,8996,52952,8997,52953,8998,52954,8999,52955,9000,52956,9001,52957,9002,52958,9003,52959,9004,52960,9005,52961,9006,52962,9007,52963,9008,52966,9009,52967,9010,52969,9011,52970,9012,52973,9013,52974,9014,52975,9015,52976,9016,52977,9017,52978,9018,52979,9019,52982,9020,52986,9021,52987,9022,52988,9023,52989,9024,52990,9025,52991,9026,44032,9027,44033,9028,44036,9029,44039,9030,44040,9031,44041,9032,44042,9033,44048,9034,44049,9035,44050,9036,44051,9037,44052,9038,44053,9039,44054,9040,44055,9041,44057,9042,44058,9043,44059,9044,44060,9045,44061,9046,44064,9047,44068,9048,44076,9049,44077,9050,44079,9051,44080,9052,44081,9053,44088,9054,44089,9055,44092,9056,44096,9057,44107,9058,44109,9059,44116,9060,44120,9061,44124,9062,44144,9063,44145,9064,44148,9065,44151,9066,44152,9067,44154,9068,44160,9069,44161,9070,44163,9071,44164,9072,44165,9073,44166,9074,44169,9075,44170,9076,44171,9077,44172,9078,44176,9079,44180,9080,44188,9081,44189,9082,44191,9083,44192,9084,44193,9085,44200,9086,44201,9087,44202,9088,44204,9089,44207,9090,44208,9091,44216,9092,44217,9093,44219,9094,44220,9095,44221,9096,44225,9097,44228,9098,44232,9099,44236,9100,44245,9101,44247,9102,44256,9103,44257,9104,44260,9105,44263,9106,44264,9107,44266,9108,44268,9109,44271,9110,44272,9111,44273,9112,44275,9113,44277,9114,44278,9115,44284,9116,44285,9117,44288,9118,44292,9119,44294,9120,52994,9121,52995,9122,52997,9123,52998,9124,52999,9125,53001,9126,53002,9127,53003,9128,53004,9129,53005,9130,53006,9131,53007,9132,53010,9133,53012,9134,53014,9135,53015,9136,53016,9137,53017,9138,53018,9139,53019,9140,53021,9141,53022,9142,53023,9143,53025,9144,53026,9145,53027,9152,53029,9153,53030,9154,53031,9155,53032,9156,53033,9157,53034,9158,53035,9159,53038,9160,53042,9161,53043,9162,53044,9163,53045,9164,53046,9165,53047,9166,53049,9167,53050,9168,53051,9169,53052,9170,53053,9171,53054,9172,53055,9173,53056,9174,53057,9175,53058,9176,53059,9177,53060,9184,53061,9185,53062,9186,53063,9187,53064,9188,53065,9189,53066,9190,53067,9191,53068,9192,53069,9193,53070,9194,53071,9195,53072,9196,53073,9197,53074,9198,53075,9199,53078,9200,53079,9201,53081,9202,53082,9203,53083,9204,53085,9205,53086,9206,53087,9207,53088,9208,53089,9209,53090,9210,53091,9211,53094,9212,53096,9213,53098,9214,53099,9215,53100,9216,44300,9217,44301,9218,44303,9219,44305,9220,44312,9221,44316,9222,44320,9223,44329,9224,44332,9225,44333,9226,44340,9227,44341,9228,44344,9229,44348,9230,44356,9231,44357,9232,44359,9233,44361,9234,44368,9235,44372,9236,44376,9237,44385,9238,44387,9239,44396,9240,44397,9241,44400,9242,44403,9243,44404,9244,44405,9245,44406,9246,44411,9247,44412,9248,44413,9249,44415,9250,44417,9251,44418,9252,44424,9253,44425,9254,44428,9255,44432,9256,44444,9257,44445,9258,44452,9259,44471,9260,44480,9261,44481,9262,44484,9263,44488,9264,44496,9265,44497,9266,44499,9267,44508,9268,44512,9269,44516,9270,44536,9271,44537,9272,44540,9273,44543,9274,44544,9275,44545,9276,44552,9277,44553,9278,44555,9279,44557,9280,44564,9281,44592,9282,44593,9283,44596,9284,44599,9285,44600,9286,44602,9287,44608,9288,44609,9289,44611,9290,44613,9291,44614,9292,44618,9293,44620,9294,44621,9295,44622,9296,44624,9297,44628,9298,44630,9299,44636,9300,44637,9301,44639,9302,44640,9303,44641,9304,44645,9305,44648,9306,44649,9307,44652,9308,44656,9309,44664,9310,53101,9311,53102,9312,53103,9313,53106,9314,53107,9315,53109,9316,53110,9317,53111,9318,53113,9319,53114,9320,53115,9321,53116,9322,53117,9323,53118,9324,53119,9325,53121,9326,53122,9327,53123,9328,53124,9329,53126,9330,53127,9331,53128,9332,53129,9333,53130,9334,53131,9335,53133,9342,53134,9343,53135,9344,53136,9345,53137,9346,53138,9347,53139,9348,53140,9349,53141,9350,53142,9351,53143,9352,53144,9353,53145,9354,53146,9355,53147,9356,53148,9357,53149,9358,53150,9359,53151,9360,53152,9361,53154,9362,53155,9363,53156,9364,53157,9365,53158,9366,53159,9367,53161,9374,53162,9375,53163,9376,53164,9377,53165,9378,53166,9379,53167,9380,53169,9381,53170,9382,53171,9383,53172,9384,53173,9385,53174,9386,53175,9387,53176,9388,53177,9389,53178,9390,53179,9391,53180,9392,53181,9393,53182,9394,53183,9395,53184,9396,53185,9397,53186,9398,53187,9399,53189,9400,53190,9401,53191,9402,53192,9403,53193,9404,53194,9405,53195,9406,44665,9407,44667,9408,44668,9409,44669,9410,44676,9411,44677,9412,44684,9413,44732,9414,44733,9415,44734,9416,44736,9417,44740,9418,44748,9419,44749,9420,44751,9421,44752,9422,44753,9423,44760,9424,44761,9425,44764,9426,44776,9427,44779,9428,44781,9429,44788,9430,44792,9431,44796,9432,44807,9433,44808,9434,44813,9435,44816,9436,44844,9437,44845,9438,44848,9439,44850,9440,44852,9441,44860,9442,44861,9443,44863,9444,44865,9445,44866,9446,44867,9447,44872,9448,44873,9449,44880,9450,44892,9451,44893,9452,44900,9453,44901,9454,44921,9455,44928,9456,44932,9457,44936,9458,44944,9459,44945,9460,44949,9461,44956,9462,44984,9463,44985,9464,44988,9465,44992,9466,44999,9467,45000,9468,45001,9469,45003,9470,45005,9471,45006,9472,45012,9473,45020,9474,45032,9475,45033,9476,45040,9477,45041,9478,45044,9479,45048,9480,45056,9481,45057,9482,45060,9483,45068,9484,45072,9485,45076,9486,45084,9487,45085,9488,45096,9489,45124,9490,45125,9491,45128,9492,45130,9493,45132,9494,45134,9495,45139,9496,45140,9497,45141,9498,45143,9499,45145,9500,53196,9501,53197,9502,53198,9503,53199,9504,53200,9505,53201,9506,53202,9507,53203,9508,53204,9509,53205,9510,53206,9511,53207,9512,53208,9513,53209,9514,53210,9515,53211,9516,53212,9517,53213,9518,53214,9519,53215,9520,53218,9521,53219,9522,53221,9523,53222,9524,53223,9525,53225,9532,53226,9533,53227,9534,53228,9535,53229,9536,53230,9537,53231,9538,53234,9539,53236,9540,53238,9541,53239,9542,53240,9543,53241,9544,53242,9545,53243,9546,53245,9547,53246,9548,53247,9549,53249,9550,53250,9551,53251,9552,53253,9553,53254,9554,53255,9555,53256,9556,53257,9557,53258,9564,53259,9565,53260,9566,53261,9567,53262,9568,53263,9569,53264,9570,53266,9571,53267,9572,53268,9573,53269,9574,53270,9575,53271,9576,53273,9577,53274,9578,53275,9579,53276,9580,53277,9581,53278,9582,53279,9583,53280,9584,53281,9585,53282,9586,53283,9587,53284,9588,53285,9589,53286,9590,53287,9591,53288,9592,53289,9593,53290,9594,53291,9595,53292,9596,45149,9597,45180,9598,45181,9599,45184,9600,45188,9601,45196,9602,45197,9603,45199,9604,45201,9605,45208,9606,45209,9607,45210,9608,45212,9609,45215,9610,45216,9611,45217,9612,45218,9613,45224,9614,45225,9615,45227,9616,45228,9617,45229,9618,45230,9619,45231,9620,45233,9621,45235,9622,45236,9623,45237,9624,45240,9625,45244,9626,45252,9627,45253,9628,45255,9629,45256,9630,45257,9631,45264,9632,45265,9633,45268,9634,45272,9635,45280,9636,45285,9637,45320,9638,45321,9639,45323,9640,45324,9641,45328,9642,45330,9643,45331,9644,45336,9645,45337,9646,45339,9647,45340,9648,45341,9649,45347,9650,45348,9651,45349,9652,45352,9653,45356,9654,45364,9655,45365,9656,45367,9657,45368,9658,45369,9659,45376,9660,45377,9661,45380,9662,45384,9663,45392,9664,45393,9665,45396,9666,45397,9667,45400,9668,45404,9669,45408,9670,45432,9671,45433,9672,45436,9673,45440,9674,45442,9675,45448,9676,45449,9677,45451,9678,45453,9679,45458,9680,45459,9681,45460,9682,45464,9683,45468,9684,45480,9685,45516,9686,45520,9687,45524,9688,45532,9689,45533,9690,53294,9691,53295,9692,53296,9693,53297,9694,53298,9695,53299,9696,53302,9697,53303,9698,53305,9699,53306,9700,53307,9701,53309,9702,53310,9703,53311,9704,53312,9705,53313,9706,53314,9707,53315,9708,53318,9709,53320,9710,53322,9711,53323,9712,53324,9713,53325,9714,53326,9715,53327,9722,53329,9723,53330,9724,53331,9725,53333,9726,53334,9727,53335,9728,53337,9729,53338,9730,53339,9731,53340,9732,53341,9733,53342,9734,53343,9735,53345,9736,53346,9737,53347,9738,53348,9739,53349,9740,53350,9741,53351,9742,53352,9743,53353,9744,53354,9745,53355,9746,53358,9747,53359,9754,53361,9755,53362,9756,53363,9757,53365,9758,53366,9759,53367,9760,53368,9761,53369,9762,53370,9763,53371,9764,53374,9765,53375,9766,53376,9767,53378,9768,53379,9769,53380,9770,53381,9771,53382,9772,53383,9773,53384,9774,53385,9775,53386,9776,53387,9777,53388,9778,53389,9779,53390,9780,53391,9781,53392,9782,53393,9783,53394,9784,53395,9785,53396,9786,45535,9787,45544,9788,45545,9789,45548,9790,45552,9791,45561,9792,45563,9793,45565,9794,45572,9795,45573,9796,45576,9797,45579,9798,45580,9799,45588,9800,45589,9801,45591,9802,45593,9803,45600,9804,45620,9805,45628,9806,45656,9807,45660,9808,45664,9809,45672,9810,45673,9811,45684,9812,45685,9813,45692,9814,45700,9815,45701,9816,45705,9817,45712,9818,45713,9819,45716,9820,45720,9821,45721,9822,45722,9823,45728,9824,45729,9825,45731,9826,45733,9827,45734,9828,45738,9829,45740,9830,45744,9831,45748,9832,45768,9833,45769,9834,45772,9835,45776,9836,45778,9837,45784,9838,45785,9839,45787,9840,45789,9841,45794,9842,45796,9843,45797,9844,45798,9845,45800,9846,45803,9847,45804,9848,45805,9849,45806,9850,45807,9851,45811,9852,45812,9853,45813,9854,45815,9855,45816,9856,45817,9857,45818,9858,45819,9859,45823,9860,45824,9861,45825,9862,45828,9863,45832,9864,45840,9865,45841,9866,45843,9867,45844,9868,45845,9869,45852,9870,45908,9871,45909,9872,45910,9873,45912,9874,45915,9875,45916,9876,45918,9877,45919,9878,45924,9879,45925,9880,53397,9881,53398,9882,53399,9883,53400,9884,53401,9885,53402,9886,53403,9887,53404,9888,53405,9889,53406,9890,53407,9891,53408,9892,53409,9893,53410,9894,53411,9895,53414,9896,53415,9897,53417,9898,53418,9899,53419,9900,53421,9901,53422,9902,53423,9903,53424,9904,53425,9905,53426,9912,53427,9913,53430,9914,53432,9915,53434,9916,53435,9917,53436,9918,53437,9919,53438,9920,53439,9921,53442,9922,53443,9923,53445,9924,53446,9925,53447,9926,53450,9927,53451,9928,53452,9929,53453,9930,53454,9931,53455,9932,53458,9933,53462,9934,53463,9935,53464,9936,53465,9937,53466,9944,53467,9945,53470,9946,53471,9947,53473,9948,53474,9949,53475,9950,53477,9951,53478,9952,53479,9953,53480,9954,53481,9955,53482,9956,53483,9957,53486,9958,53490,9959,53491,9960,53492,9961,53493,9962,53494,9963,53495,9964,53497,9965,53498,9966,53499,9967,53500,9968,53501,9969,53502,9970,53503,9971,53504,9972,53505,9973,53506,9974,53507,9975,53508,9976,45927,9977,45929,9978,45931,9979,45934,9980,45936,9981,45937,9982,45940,9983,45944,9984,45952,9985,45953,9986,45955,9987,45956,9988,45957,9989,45964,9990,45968,9991,45972,9992,45984,9993,45985,9994,45992,9995,45996,9996,46020,9997,46021,9998,46024,9999,46027,10000,46028,10001,46030,10002,46032,10003,46036,10004,46037,10005,46039,10006,46041,10007,46043,10008,46045,10009,46048,10010,46052,10011,46056,10012,46076,10013,46096,10014,46104,10015,46108,10016,46112,10017,46120,10018,46121,10019,46123,10020,46132,10021,46160,10022,46161,10023,46164,10024,46168,10025,46176,10026,46177,10027,46179,10028,46181,10029,46188,10030,46208,10031,46216,10032,46237,10033,46244,10034,46248,10035,46252,10036,46261,10037,46263,10038,46265,10039,46272,10040,46276,10041,46280,10042,46288,10043,46293,10044,46300,10045,46301,10046,46304,10047,46307,10048,46308,10049,46310,10050,46316,10051,46317,10052,46319,10053,46321,10054,46328,10055,46356,10056,46357,10057,46360,10058,46363,10059,46364,10060,46372,10061,46373,10062,46375,10063,46376,10064,46377,10065,46378,10066,46384,10067,46385,10068,46388,10069,46392,10070,53509,10071,53510,10072,53511,10073,53512,10074,53513,10075,53514,10076,53515,10077,53516,10078,53518,10079,53519,10080,53520,10081,53521,10082,53522,10083,53523,10084,53524,10085,53525,10086,53526,10087,53527,10088,53528,10089,53529,10090,53530,10091,53531,10092,53532,10093,53533,10094,53534,10095,53535,10102,53536,10103,53537,10104,53538,10105,53539,10106,53540,10107,53541,10108,53542,10109,53543,10110,53544,10111,53545,10112,53546,10113,53547,10114,53548,10115,53549,10116,53550,10117,53551,10118,53554,10119,53555,10120,53557,10121,53558,10122,53559,10123,53561,10124,53563,10125,53564,10126,53565,10127,53566,10134,53567,10135,53570,10136,53574,10137,53575,10138,53576,10139,53577,10140,53578,10141,53579,10142,53582,10143,53583,10144,53585,10145,53586,10146,53587,10147,53589,10148,53590,10149,53591,10150,53592,10151,53593,10152,53594,10153,53595,10154,53598,10155,53600,10156,53602,10157,53603,10158,53604,10159,53605,10160,53606,10161,53607,10162,53609,10163,53610,10164,53611,10165,53613,10166,46400,10167,46401,10168,46403,10169,46404,10170,46405,10171,46411,10172,46412,10173,46413,10174,46416,10175,46420,10176,46428,10177,46429,10178,46431,10179,46432,10180,46433,10181,46496,10182,46497,10183,46500,10184,46504,10185,46506,10186,46507,10187,46512,10188,46513,10189,46515,10190,46516,10191,46517,10192,46523,10193,46524,10194,46525,10195,46528,10196,46532,10197,46540,10198,46541,10199,46543,10200,46544,10201,46545,10202,46552,10203,46572,10204,46608,10205,46609,10206,46612,10207,46616,10208,46629,10209,46636,10210,46644,10211,46664,10212,46692,10213,46696,10214,46748,10215,46749,10216,46752,10217,46756,10218,46763,10219,46764,10220,46769,10221,46804,10222,46832,10223,46836,10224,46840,10225,46848,10226,46849,10227,46853,10228,46888,10229,46889,10230,46892,10231,46895,10232,46896,10233,46904,10234,46905,10235,46907,10236,46916,10237,46920,10238,46924,10239,46932,10240,46933,10241,46944,10242,46948,10243,46952,10244,46960,10245,46961,10246,46963,10247,46965,10248,46972,10249,46973,10250,46976,10251,46980,10252,46988,10253,46989,10254,46991,10255,46992,10256,46993,10257,46994,10258,46998,10259,46999,10260,53614,10261,53615,10262,53616,10263,53617,10264,53618,10265,53619,10266,53620,10267,53621,10268,53622,10269,53623,10270,53624,10271,53625,10272,53626,10273,53627,10274,53629,10275,53630,10276,53631,10277,53632,10278,53633,10279,53634,10280,53635,10281,53637,10282,53638,10283,53639,10284,53641,10285,53642,10292,53643,10293,53644,10294,53645,10295,53646,10296,53647,10297,53648,10298,53649,10299,53650,10300,53651,10301,53652,10302,53653,10303,53654,10304,53655,10305,53656,10306,53657,10307,53658,10308,53659,10309,53660,10310,53661,10311,53662,10312,53663,10313,53666,10314,53667,10315,53669,10316,53670,10317,53671,10324,53673,10325,53674,10326,53675,10327,53676,10328,53677,10329,53678,10330,53679,10331,53682,10332,53684,10333,53686,10334,53687,10335,53688,10336,53689,10337,53691,10338,53693,10339,53694,10340,53695,10341,53697,10342,53698,10343,53699,10344,53700,10345,53701,10346,53702,10347,53703,10348,53704,10349,53705,10350,53706,10351,53707,10352,53708,10353,53709,10354,53710,10355,53711,10356,47000,10357,47001,10358,47004,10359,47008,10360,47016,10361,47017,10362,47019,10363,47020,10364,47021,10365,47028,10366,47029,10367,47032,10368,47047,10369,47049,10370,47084,10371,47085,10372,47088,10373,47092,10374,47100,10375,47101,10376,47103,10377,47104,10378,47105,10379,47111,10380,47112,10381,47113,10382,47116,10383,47120,10384,47128,10385,47129,10386,47131,10387,47133,10388,47140,10389,47141,10390,47144,10391,47148,10392,47156,10393,47157,10394,47159,10395,47160,10396,47161,10397,47168,10398,47172,10399,47185,10400,47187,10401,47196,10402,47197,10403,47200,10404,47204,10405,47212,10406,47213,10407,47215,10408,47217,10409,47224,10410,47228,10411,47245,10412,47272,10413,47280,10414,47284,10415,47288,10416,47296,10417,47297,10418,47299,10419,47301,10420,47308,10421,47312,10422,47316,10423,47325,10424,47327,10425,47329,10426,47336,10427,47337,10428,47340,10429,47344,10430,47352,10431,47353,10432,47355,10433,47357,10434,47364,10435,47384,10436,47392,10437,47420,10438,47421,10439,47424,10440,47428,10441,47436,10442,47439,10443,47441,10444,47448,10445,47449,10446,47452,10447,47456,10448,47464,10449,47465,10450,53712,10451,53713,10452,53714,10453,53715,10454,53716,10455,53717,10456,53718,10457,53719,10458,53721,10459,53722,10460,53723,10461,53724,10462,53725,10463,53726,10464,53727,10465,53728,10466,53729,10467,53730,10468,53731,10469,53732,10470,53733,10471,53734,10472,53735,10473,53736,10474,53737,10475,53738,10482,53739,10483,53740,10484,53741,10485,53742,10486,53743,10487,53744,10488,53745,10489,53746,10490,53747,10491,53749,10492,53750,10493,53751,10494,53753,10495,53754,10496,53755,10497,53756,10498,53757,10499,53758,10500,53759,10501,53760,10502,53761,10503,53762,10504,53763,10505,53764,10506,53765,10507,53766,10514,53768,10515,53770,10516,53771,10517,53772,10518,53773,10519,53774,10520,53775,10521,53777,10522,53778,10523,53779,10524,53780,10525,53781,10526,53782,10527,53783,10528,53784,10529,53785,10530,53786,10531,53787,10532,53788,10533,53789,10534,53790,10535,53791,10536,53792,10537,53793,10538,53794,10539,53795,10540,53796,10541,53797,10542,53798,10543,53799,10544,53800,10545,53801,10546,47467,10547,47469,10548,47476,10549,47477,10550,47480,10551,47484,10552,47492,10553,47493,10554,47495,10555,47497,10556,47498,10557,47501,10558,47502,10559,47532,10560,47533,10561,47536,10562,47540,10563,47548,10564,47549,10565,47551,10566,47553,10567,47560,10568,47561,10569,47564,10570,47566,10571,47567,10572,47568,10573,47569,10574,47570,10575,47576,10576,47577,10577,47579,10578,47581,10579,47582,10580,47585,10581,47587,10582,47588,10583,47589,10584,47592,10585,47596,10586,47604,10587,47605,10588,47607,10589,47608,10590,47609,10591,47610,10592,47616,10593,47617,10594,47624,10595,47637,10596,47672,10597,47673,10598,47676,10599,47680,10600,47682,10601,47688,10602,47689,10603,47691,10604,47693,10605,47694,10606,47699,10607,47700,10608,47701,10609,47704,10610,47708,10611,47716,10612,47717,10613,47719,10614,47720,10615,47721,10616,47728,10617,47729,10618,47732,10619,47736,10620,47747,10621,47748,10622,47749,10623,47751,10624,47756,10625,47784,10626,47785,10627,47787,10628,47788,10629,47792,10630,47794,10631,47800,10632,47801,10633,47803,10634,47805,10635,47812,10636,47816,10637,47832,10638,47833,10639,47868,10640,53802,10641,53803,10642,53806,10643,53807,10644,53809,10645,53810,10646,53811,10647,53813,10648,53814,10649,53815,10650,53816,10651,53817,10652,53818,10653,53819,10654,53822,10655,53824,10656,53826,10657,53827,10658,53828,10659,53829,10660,53830,10661,53831,10662,53833,10663,53834,10664,53835,10665,53836,10672,53837,10673,53838,10674,53839,10675,53840,10676,53841,10677,53842,10678,53843,10679,53844,10680,53845,10681,53846,10682,53847,10683,53848,10684,53849,10685,53850,10686,53851,10687,53853,10688,53854,10689,53855,10690,53856,10691,53857,10692,53858,10693,53859,10694,53861,10695,53862,10696,53863,10697,53864,10704,53865,10705,53866,10706,53867,10707,53868,10708,53869,10709,53870,10710,53871,10711,53872,10712,53873,10713,53874,10714,53875,10715,53876,10716,53877,10717,53878,10718,53879,10719,53880,10720,53881,10721,53882,10722,53883,10723,53884,10724,53885,10725,53886,10726,53887,10727,53890,10728,53891,10729,53893,10730,53894,10731,53895,10732,53897,10733,53898,10734,53899,10735,53900,10736,47872,10737,47876,10738,47885,10739,47887,10740,47889,10741,47896,10742,47900,10743,47904,10744,47913,10745,47915,10746,47924,10747,47925,10748,47926,10749,47928,10750,47931,10751,47932,10752,47933,10753,47934,10754,47940,10755,47941,10756,47943,10757,47945,10758,47949,10759,47951,10760,47952,10761,47956,10762,47960,10763,47969,10764,47971,10765,47980,10766,48008,10767,48012,10768,48016,10769,48036,10770,48040,10771,48044,10772,48052,10773,48055,10774,48064,10775,48068,10776,48072,10777,48080,10778,48083,10779,48120,10780,48121,10781,48124,10782,48127,10783,48128,10784,48130,10785,48136,10786,48137,10787,48139,10788,48140,10789,48141,10790,48143,10791,48145,10792,48148,10793,48149,10794,48150,10795,48151,10796,48152,10797,48155,10798,48156,10799,48157,10800,48158,10801,48159,10802,48164,10803,48165,10804,48167,10805,48169,10806,48173,10807,48176,10808,48177,10809,48180,10810,48184,10811,48192,10812,48193,10813,48195,10814,48196,10815,48197,10816,48201,10817,48204,10818,48205,10819,48208,10820,48221,10821,48260,10822,48261,10823,48264,10824,48267,10825,48268,10826,48270,10827,48276,10828,48277,10829,48279,10830,53901,10831,53902,10832,53903,10833,53906,10834,53907,10835,53908,10836,53910,10837,53911,10838,53912,10839,53913,10840,53914,10841,53915,10842,53917,10843,53918,10844,53919,10845,53921,10846,53922,10847,53923,10848,53925,10849,53926,10850,53927,10851,53928,10852,53929,10853,53930,10854,53931,10855,53933,10862,53934,10863,53935,10864,53936,10865,53938,10866,53939,10867,53940,10868,53941,10869,53942,10870,53943,10871,53946,10872,53947,10873,53949,10874,53950,10875,53953,10876,53955,10877,53956,10878,53957,10879,53958,10880,53959,10881,53962,10882,53964,10883,53965,10884,53966,10885,53967,10886,53968,10887,53969,10894,53970,10895,53971,10896,53973,10897,53974,10898,53975,10899,53977,10900,53978,10901,53979,10902,53981,10903,53982,10904,53983,10905,53984,10906,53985,10907,53986,10908,53987,10909,53990,10910,53991,10911,53992,10912,53993,10913,53994,10914,53995,10915,53996,10916,53997,10917,53998,10918,53999,10919,54002,10920,54003,10921,54005,10922,54006,10923,54007,10924,54009,10925,54010,10926,48281,10927,48282,10928,48288,10929,48289,10930,48292,10931,48295,10932,48296,10933,48304,10934,48305,10935,48307,10936,48308,10937,48309,10938,48316,10939,48317,10940,48320,10941,48324,10942,48333,10943,48335,10944,48336,10945,48337,10946,48341,10947,48344,10948,48348,10949,48372,10950,48373,10951,48374,10952,48376,10953,48380,10954,48388,10955,48389,10956,48391,10957,48393,10958,48400,10959,48404,10960,48420,10961,48428,10962,48448,10963,48456,10964,48457,10965,48460,10966,48464,10967,48472,10968,48473,10969,48484,10970,48488,10971,48512,10972,48513,10973,48516,10974,48519,10975,48520,10976,48521,10977,48522,10978,48528,10979,48529,10980,48531,10981,48533,10982,48537,10983,48538,10984,48540,10985,48548,10986,48560,10987,48568,10988,48596,10989,48597,10990,48600,10991,48604,10992,48617,10993,48624,10994,48628,10995,48632,10996,48640,10997,48643,10998,48645,10999,48652,11000,48653,11001,48656,11002,48660,11003,48668,11004,48669,11005,48671,11006,48708,11007,48709,11008,48712,11009,48716,11010,48718,11011,48724,11012,48725,11013,48727,11014,48729,11015,48730,11016,48731,11017,48736,11018,48737,11019,48740,11020,54011,11021,54012,11022,54013,11023,54014,11024,54015,11025,54018,11026,54020,11027,54022,11028,54023,11029,54024,11030,54025,11031,54026,11032,54027,11033,54031,11034,54033,11035,54034,11036,54035,11037,54037,11038,54039,11039,54040,11040,54041,11041,54042,11042,54043,11043,54046,11044,54050,11045,54051,11052,54052,11053,54054,11054,54055,11055,54058,11056,54059,11057,54061,11058,54062,11059,54063,11060,54065,11061,54066,11062,54067,11063,54068,11064,54069,11065,54070,11066,54071,11067,54074,11068,54078,11069,54079,11070,54080,11071,54081,11072,54082,11073,54083,11074,54086,11075,54087,11076,54088,11077,54089,11084,54090,11085,54091,11086,54092,11087,54093,11088,54094,11089,54095,11090,54096,11091,54097,11092,54098,11093,54099,11094,54100,11095,54101,11096,54102,11097,54103,11098,54104,11099,54105,11100,54106,11101,54107,11102,54108,11103,54109,11104,54110,11105,54111,11106,54112,11107,54113,11108,54114,11109,54115,11110,54116,11111,54117,11112,54118,11113,54119,11114,54120,11115,54121,11116,48744,11117,48746,11118,48752,11119,48753,11120,48755,11121,48756,11122,48757,11123,48763,11124,48764,11125,48765,11126,48768,11127,48772,11128,48780,11129,48781,11130,48783,11131,48784,11132,48785,11133,48792,11134,48793,11135,48808,11136,48848,11137,48849,11138,48852,11139,48855,11140,48856,11141,48864,11142,48867,11143,48868,11144,48869,11145,48876,11146,48897,11147,48904,11148,48905,11149,48920,11150,48921,11151,48923,11152,48924,11153,48925,11154,48960,11155,48961,11156,48964,11157,48968,11158,48976,11159,48977,11160,48981,11161,49044,11162,49072,11163,49093,11164,49100,11165,49101,11166,49104,11167,49108,11168,49116,11169,49119,11170,49121,11171,49212,11172,49233,11173,49240,11174,49244,11175,49248,11176,49256,11177,49257,11178,49296,11179,49297,11180,49300,11181,49304,11182,49312,11183,49313,11184,49315,11185,49317,11186,49324,11187,49325,11188,49327,11189,49328,11190,49331,11191,49332,11192,49333,11193,49334,11194,49340,11195,49341,11196,49343,11197,49344,11198,49345,11199,49349,11200,49352,11201,49353,11202,49356,11203,49360,11204,49368,11205,49369,11206,49371,11207,49372,11208,49373,11209,49380,11210,54122,11211,54123,11212,54124,11213,54125,11214,54126,11215,54127,11216,54128,11217,54129,11218,54130,11219,54131,11220,54132,11221,54133,11222,54134,11223,54135,11224,54136,11225,54137,11226,54138,11227,54139,11228,54142,11229,54143,11230,54145,11231,54146,11232,54147,11233,54149,11234,54150,11235,54151,11242,54152,11243,54153,11244,54154,11245,54155,11246,54158,11247,54162,11248,54163,11249,54164,11250,54165,11251,54166,11252,54167,11253,54170,11254,54171,11255,54173,11256,54174,11257,54175,11258,54177,11259,54178,11260,54179,11261,54180,11262,54181,11263,54182,11264,54183,11265,54186,11266,54188,11267,54190,11274,54191,11275,54192,11276,54193,11277,54194,11278,54195,11279,54197,11280,54198,11281,54199,11282,54201,11283,54202,11284,54203,11285,54205,11286,54206,11287,54207,11288,54208,11289,54209,11290,54210,11291,54211,11292,54214,11293,54215,11294,54218,11295,54219,11296,54220,11297,54221,11298,54222,11299,54223,11300,54225,11301,54226,11302,54227,11303,54228,11304,54229,11305,54230,11306,49381,11307,49384,11308,49388,11309,49396,11310,49397,11311,49399,11312,49401,11313,49408,11314,49412,11315,49416,11316,49424,11317,49429,11318,49436,11319,49437,11320,49438,11321,49439,11322,49440,11323,49443,11324,49444,11325,49446,11326,49447,11327,49452,11328,49453,11329,49455,11330,49456,11331,49457,11332,49462,11333,49464,11334,49465,11335,49468,11336,49472,11337,49480,11338,49481,11339,49483,11340,49484,11341,49485,11342,49492,11343,49493,11344,49496,11345,49500,11346,49508,11347,49509,11348,49511,11349,49512,11350,49513,11351,49520,11352,49524,11353,49528,11354,49541,11355,49548,11356,49549,11357,49550,11358,49552,11359,49556,11360,49558,11361,49564,11362,49565,11363,49567,11364,49569,11365,49573,11366,49576,11367,49577,11368,49580,11369,49584,11370,49597,11371,49604,11372,49608,11373,49612,11374,49620,11375,49623,11376,49624,11377,49632,11378,49636,11379,49640,11380,49648,11381,49649,11382,49651,11383,49660,11384,49661,11385,49664,11386,49668,11387,49676,11388,49677,11389,49679,11390,49681,11391,49688,11392,49689,11393,49692,11394,49695,11395,49696,11396,49704,11397,49705,11398,49707,11399,49709,11400,54231,11401,54233,11402,54234,11403,54235,11404,54236,11405,54237,11406,54238,11407,54239,11408,54240,11409,54242,11410,54244,11411,54245,11412,54246,11413,54247,11414,54248,11415,54249,11416,54250,11417,54251,11418,54254,11419,54255,11420,54257,11421,54258,11422,54259,11423,54261,11424,54262,11425,54263,11432,54264,11433,54265,11434,54266,11435,54267,11436,54270,11437,54272,11438,54274,11439,54275,11440,54276,11441,54277,11442,54278,11443,54279,11444,54281,11445,54282,11446,54283,11447,54284,11448,54285,11449,54286,11450,54287,11451,54288,11452,54289,11453,54290,11454,54291,11455,54292,11456,54293,11457,54294,11464,54295,11465,54296,11466,54297,11467,54298,11468,54299,11469,54300,11470,54302,11471,54303,11472,54304,11473,54305,11474,54306,11475,54307,11476,54308,11477,54309,11478,54310,11479,54311,11480,54312,11481,54313,11482,54314,11483,54315,11484,54316,11485,54317,11486,54318,11487,54319,11488,54320,11489,54321,11490,54322,11491,54323,11492,54324,11493,54325,11494,54326,11495,54327,11496,49711,11497,49713,11498,49714,11499,49716,11500,49736,11501,49744,11502,49745,11503,49748,11504,49752,11505,49760,11506,49765,11507,49772,11508,49773,11509,49776,11510,49780,11511,49788,11512,49789,11513,49791,11514,49793,11515,49800,11516,49801,11517,49808,11518,49816,11519,49819,11520,49821,11521,49828,11522,49829,11523,49832,11524,49836,11525,49837,11526,49844,11527,49845,11528,49847,11529,49849,11530,49884,11531,49885,11532,49888,11533,49891,11534,49892,11535,49899,11536,49900,11537,49901,11538,49903,11539,49905,11540,49910,11541,49912,11542,49913,11543,49915,11544,49916,11545,49920,11546,49928,11547,49929,11548,49932,11549,49933,11550,49939,11551,49940,11552,49941,11553,49944,11554,49948,11555,49956,11556,49957,11557,49960,11558,49961,11559,49989,11560,50024,11561,50025,11562,50028,11563,50032,11564,50034,11565,50040,11566,50041,11567,50044,11568,50045,11569,50052,11570,50056,11571,50060,11572,50112,11573,50136,11574,50137,11575,50140,11576,50143,11577,50144,11578,50146,11579,50152,11580,50153,11581,50157,11582,50164,11583,50165,11584,50168,11585,50184,11586,50192,11587,50212,11588,50220,11589,50224,11590,54328,11591,54329,11592,54330,11593,54331,11594,54332,11595,54333,11596,54334,11597,54335,11598,54337,11599,54338,11600,54339,11601,54341,11602,54342,11603,54343,11604,54344,11605,54345,11606,54346,11607,54347,11608,54348,11609,54349,11610,54350,11611,54351,11612,54352,11613,54353,11614,54354,11615,54355,11622,54356,11623,54357,11624,54358,11625,54359,11626,54360,11627,54361,11628,54362,11629,54363,11630,54365,11631,54366,11632,54367,11633,54369,11634,54370,11635,54371,11636,54373,11637,54374,11638,54375,11639,54376,11640,54377,11641,54378,11642,54379,11643,54380,11644,54382,11645,54384,11646,54385,11647,54386,11654,54387,11655,54388,11656,54389,11657,54390,11658,54391,11659,54394,11660,54395,11661,54397,11662,54398,11663,54401,11664,54403,11665,54404,11666,54405,11667,54406,11668,54407,11669,54410,11670,54412,11671,54414,11672,54415,11673,54416,11674,54417,11675,54418,11676,54419,11677,54421,11678,54422,11679,54423,11680,54424,11681,54425,11682,54426,11683,54427,11684,54428,11685,54429,11686,50228,11687,50236,11688,50237,11689,50248,11690,50276,11691,50277,11692,50280,11693,50284,11694,50292,11695,50293,11696,50297,11697,50304,11698,50324,11699,50332,11700,50360,11701,50364,11702,50409,11703,50416,11704,50417,11705,50420,11706,50424,11707,50426,11708,50431,11709,50432,11710,50433,11711,50444,11712,50448,11713,50452,11714,50460,11715,50472,11716,50473,11717,50476,11718,50480,11719,50488,11720,50489,11721,50491,11722,50493,11723,50500,11724,50501,11725,50504,11726,50505,11727,50506,11728,50508,11729,50509,11730,50510,11731,50515,11732,50516,11733,50517,11734,50519,11735,50520,11736,50521,11737,50525,11738,50526,11739,50528,11740,50529,11741,50532,11742,50536,11743,50544,11744,50545,11745,50547,11746,50548,11747,50549,11748,50556,11749,50557,11750,50560,11751,50564,11752,50567,11753,50572,11754,50573,11755,50575,11756,50577,11757,50581,11758,50583,11759,50584,11760,50588,11761,50592,11762,50601,11763,50612,11764,50613,11765,50616,11766,50617,11767,50619,11768,50620,11769,50621,11770,50622,11771,50628,11772,50629,11773,50630,11774,50631,11775,50632,11776,50633,11777,50634,11778,50636,11779,50638,11780,54430,11781,54431,11782,54432,11783,54433,11784,54434,11785,54435,11786,54436,11787,54437,11788,54438,11789,54439,11790,54440,11791,54442,11792,54443,11793,54444,11794,54445,11795,54446,11796,54447,11797,54448,11798,54449,11799,54450,11800,54451,11801,54452,11802,54453,11803,54454,11804,54455,11805,54456,11812,54457,11813,54458,11814,54459,11815,54460,11816,54461,11817,54462,11818,54463,11819,54464,11820,54465,11821,54466,11822,54467,11823,54468,11824,54469,11825,54470,11826,54471,11827,54472,11828,54473,11829,54474,11830,54475,11831,54477,11832,54478,11833,54479,11834,54481,11835,54482,11836,54483,11837,54485,11844,54486,11845,54487,11846,54488,11847,54489,11848,54490,11849,54491,11850,54493,11851,54494,11852,54496,11853,54497,11854,54498,11855,54499,11856,54500,11857,54501,11858,54502,11859,54503,11860,54505,11861,54506,11862,54507,11863,54509,11864,54510,11865,54511,11866,54513,11867,54514,11868,54515,11869,54516,11870,54517,11871,54518,11872,54519,11873,54521,11874,54522,11875,54524,11876,50640,11877,50641,11878,50644,11879,50648,11880,50656,11881,50657,11882,50659,11883,50661,11884,50668,11885,50669,11886,50670,11887,50672,11888,50676,11889,50678,11890,50679,11891,50684,11892,50685,11893,50686,11894,50687,11895,50688,11896,50689,11897,50693,11898,50694,11899,50695,11900,50696,11901,50700,11902,50704,11903,50712,11904,50713,11905,50715,11906,50716,11907,50724,11908,50725,11909,50728,11910,50732,11911,50733,11912,50734,11913,50736,11914,50739,11915,50740,11916,50741,11917,50743,11918,50745,11919,50747,11920,50752,11921,50753,11922,50756,11923,50760,11924,50768,11925,50769,11926,50771,11927,50772,11928,50773,11929,50780,11930,50781,11931,50784,11932,50796,11933,50799,11934,50801,11935,50808,11936,50809,11937,50812,11938,50816,11939,50824,11940,50825,11941,50827,11942,50829,11943,50836,11944,50837,11945,50840,11946,50844,11947,50852,11948,50853,11949,50855,11950,50857,11951,50864,11952,50865,11953,50868,11954,50872,11955,50873,11956,50874,11957,50880,11958,50881,11959,50883,11960,50885,11961,50892,11962,50893,11963,50896,11964,50900,11965,50908,11966,50909,11967,50912,11968,50913,11969,50920,11970,54526,11971,54527,11972,54528,11973,54529,11974,54530,11975,54531,11976,54533,11977,54534,11978,54535,11979,54537,11980,54538,11981,54539,11982,54541,11983,54542,11984,54543,11985,54544,11986,54545,11987,54546,11988,54547,11989,54550,11990,54552,11991,54553,11992,54554,11993,54555,11994,54556,11995,54557,12002,54558,12003,54559,12004,54560,12005,54561,12006,54562,12007,54563,12008,54564,12009,54565,12010,54566,12011,54567,12012,54568,12013,54569,12014,54570,12015,54571,12016,54572,12017,54573,12018,54574,12019,54575,12020,54576,12021,54577,12022,54578,12023,54579,12024,54580,12025,54581,12026,54582,12027,54583,12034,54584,12035,54585,12036,54586,12037,54587,12038,54590,12039,54591,12040,54593,12041,54594,12042,54595,12043,54597,12044,54598,12045,54599,12046,54600,12047,54601,12048,54602,12049,54603,12050,54606,12051,54608,12052,54610,12053,54611,12054,54612,12055,54613,12056,54614,12057,54615,12058,54618,12059,54619,12060,54621,12061,54622,12062,54623,12063,54625,12064,54626,12065,54627,12066,50921,12067,50924,12068,50928,12069,50936,12070,50937,12071,50941,12072,50948,12073,50949,12074,50952,12075,50956,12076,50964,12077,50965,12078,50967,12079,50969,12080,50976,12081,50977,12082,50980,12083,50984,12084,50992,12085,50993,12086,50995,12087,50997,12088,50999,12089,51004,12090,51005,12091,51008,12092,51012,12093,51018,12094,51020,12095,51021,12096,51023,12097,51025,12098,51026,12099,51027,12100,51028,12101,51029,12102,51030,12103,51031,12104,51032,12105,51036,12106,51040,12107,51048,12108,51051,12109,51060,12110,51061,12111,51064,12112,51068,12113,51069,12114,51070,12115,51075,12116,51076,12117,51077,12118,51079,12119,51080,12120,51081,12121,51082,12122,51086,12123,51088,12124,51089,12125,51092,12126,51094,12127,51095,12128,51096,12129,51098,12130,51104,12131,51105,12132,51107,12133,51108,12134,51109,12135,51110,12136,51116,12137,51117,12138,51120,12139,51124,12140,51132,12141,51133,12142,51135,12143,51136,12144,51137,12145,51144,12146,51145,12147,51148,12148,51150,12149,51152,12150,51160,12151,51165,12152,51172,12153,51176,12154,51180,12155,51200,12156,51201,12157,51204,12158,51208,12159,51210,12160,54628,12161,54630,12162,54631,12163,54634,12164,54636,12165,54638,12166,54639,12167,54640,12168,54641,12169,54642,12170,54643,12171,54646,12172,54647,12173,54649,12174,54650,12175,54651,12176,54653,12177,54654,12178,54655,12179,54656,12180,54657,12181,54658,12182,54659,12183,54662,12184,54666,12185,54667,12192,54668,12193,54669,12194,54670,12195,54671,12196,54673,12197,54674,12198,54675,12199,54676,12200,54677,12201,54678,12202,54679,12203,54680,12204,54681,12205,54682,12206,54683,12207,54684,12208,54685,12209,54686,12210,54687,12211,54688,12212,54689,12213,54690,12214,54691,12215,54692,12216,54694,12217,54695,12224,54696,12225,54697,12226,54698,12227,54699,12228,54700,12229,54701,12230,54702,12231,54703,12232,54704,12233,54705,12234,54706,12235,54707,12236,54708,12237,54709,12238,54710,12239,54711,12240,54712,12241,54713,12242,54714,12243,54715,12244,54716,12245,54717,12246,54718,12247,54719,12248,54720,12249,54721,12250,54722,12251,54723,12252,54724,12253,54725,12254,54726,12255,54727,12256,51216,12257,51217,12258,51219,12259,51221,12260,51222,12261,51228,12262,51229,12263,51232,12264,51236,12265,51244,12266,51245,12267,51247,12268,51249,12269,51256,12270,51260,12271,51264,12272,51272,12273,51273,12274,51276,12275,51277,12276,51284,12277,51312,12278,51313,12279,51316,12280,51320,12281,51322,12282,51328,12283,51329,12284,51331,12285,51333,12286,51334,12287,51335,12288,51339,12289,51340,12290,51341,12291,51348,12292,51357,12293,51359,12294,51361,12295,51368,12296,51388,12297,51389,12298,51396,12299,51400,12300,51404,12301,51412,12302,51413,12303,51415,12304,51417,12305,51424,12306,51425,12307,51428,12308,51445,12309,51452,12310,51453,12311,51456,12312,51460,12313,51461,12314,51462,12315,51468,12316,51469,12317,51471,12318,51473,12319,51480,12320,51500,12321,51508,12322,51536,12323,51537,12324,51540,12325,51544,12326,51552,12327,51553,12328,51555,12329,51564,12330,51568,12331,51572,12332,51580,12333,51592,12334,51593,12335,51596,12336,51600,12337,51608,12338,51609,12339,51611,12340,51613,12341,51648,12342,51649,12343,51652,12344,51655,12345,51656,12346,51658,12347,51664,12348,51665,12349,51667,12350,54730,12351,54731,12352,54733,12353,54734,12354,54735,12355,54737,12356,54739,12357,54740,12358,54741,12359,54742,12360,54743,12361,54746,12362,54748,12363,54750,12364,54751,12365,54752,12366,54753,12367,54754,12368,54755,12369,54758,12370,54759,12371,54761,12372,54762,12373,54763,12374,54765,12375,54766,12382,54767,12383,54768,12384,54769,12385,54770,12386,54771,12387,54774,12388,54776,12389,54778,12390,54779,12391,54780,12392,54781,12393,54782,12394,54783,12395,54786,12396,54787,12397,54789,12398,54790,12399,54791,12400,54793,12401,54794,12402,54795,12403,54796,12404,54797,12405,54798,12406,54799,12407,54802,12414,54806,12415,54807,12416,54808,12417,54809,12418,54810,12419,54811,12420,54813,12421,54814,12422,54815,12423,54817,12424,54818,12425,54819,12426,54821,12427,54822,12428,54823,12429,54824,12430,54825,12431,54826,12432,54827,12433,54828,12434,54830,12435,54831,12436,54832,12437,54833,12438,54834,12439,54835,12440,54836,12441,54837,12442,54838,12443,54839,12444,54842,12445,54843,12446,51669,12447,51670,12448,51673,12449,51674,12450,51676,12451,51677,12452,51680,12453,51682,12454,51684,12455,51687,12456,51692,12457,51693,12458,51695,12459,51696,12460,51697,12461,51704,12462,51705,12463,51708,12464,51712,12465,51720,12466,51721,12467,51723,12468,51724,12469,51725,12470,51732,12471,51736,12472,51753,12473,51788,12474,51789,12475,51792,12476,51796,12477,51804,12478,51805,12479,51807,12480,51808,12481,51809,12482,51816,12483,51837,12484,51844,12485,51864,12486,51900,12487,51901,12488,51904,12489,51908,12490,51916,12491,51917,12492,51919,12493,51921,12494,51923,12495,51928,12496,51929,12497,51936,12498,51948,12499,51956,12500,51976,12501,51984,12502,51988,12503,51992,12504,52000,12505,52001,12506,52033,12507,52040,12508,52041,12509,52044,12510,52048,12511,52056,12512,52057,12513,52061,12514,52068,12515,52088,12516,52089,12517,52124,12518,52152,12519,52180,12520,52196,12521,52199,12522,52201,12523,52236,12524,52237,12525,52240,12526,52244,12527,52252,12528,52253,12529,52257,12530,52258,12531,52263,12532,52264,12533,52265,12534,52268,12535,52270,12536,52272,12537,52280,12538,52281,12539,52283,12540,54845,12541,54846,12542,54847,12543,54849,12544,54850,12545,54851,12546,54852,12547,54854,12548,54855,12549,54858,12550,54860,12551,54862,12552,54863,12553,54864,12554,54866,12555,54867,12556,54870,12557,54871,12558,54873,12559,54874,12560,54875,12561,54877,12562,54878,12563,54879,12564,54880,12565,54881,12572,54882,12573,54883,12574,54884,12575,54885,12576,54886,12577,54888,12578,54890,12579,54891,12580,54892,12581,54893,12582,54894,12583,54895,12584,54898,12585,54899,12586,54901,12587,54902,12588,54903,12589,54904,12590,54905,12591,54906,12592,54907,12593,54908,12594,54909,12595,54910,12596,54911,12597,54912,12604,54913,12605,54914,12606,54916,12607,54918,12608,54919,12609,54920,12610,54921,12611,54922,12612,54923,12613,54926,12614,54927,12615,54929,12616,54930,12617,54931,12618,54933,12619,54934,12620,54935,12621,54936,12622,54937,12623,54938,12624,54939,12625,54940,12626,54942,12627,54944,12628,54946,12629,54947,12630,54948,12631,54949,12632,54950,12633,54951,12634,54953,12635,54954,12636,52284,12637,52285,12638,52286,12639,52292,12640,52293,12641,52296,12642,52300,12643,52308,12644,52309,12645,52311,12646,52312,12647,52313,12648,52320,12649,52324,12650,52326,12651,52328,12652,52336,12653,52341,12654,52376,12655,52377,12656,52380,12657,52384,12658,52392,12659,52393,12660,52395,12661,52396,12662,52397,12663,52404,12664,52405,12665,52408,12666,52412,12667,52420,12668,52421,12669,52423,12670,52425,12671,52432,12672,52436,12673,52452,12674,52460,12675,52464,12676,52481,12677,52488,12678,52489,12679,52492,12680,52496,12681,52504,12682,52505,12683,52507,12684,52509,12685,52516,12686,52520,12687,52524,12688,52537,12689,52572,12690,52576,12691,52580,12692,52588,12693,52589,12694,52591,12695,52593,12696,52600,12697,52616,12698,52628,12699,52629,12700,52632,12701,52636,12702,52644,12703,52645,12704,52647,12705,52649,12706,52656,12707,52676,12708,52684,12709,52688,12710,52712,12711,52716,12712,52720,12713,52728,12714,52729,12715,52731,12716,52733,12717,52740,12718,52744,12719,52748,12720,52756,12721,52761,12722,52768,12723,52769,12724,52772,12725,52776,12726,52784,12727,52785,12728,52787,12729,52789,12730,54955,12731,54957,12732,54958,12733,54959,12734,54961,12735,54962,12736,54963,12737,54964,12738,54965,12739,54966,12740,54967,12741,54968,12742,54970,12743,54972,12744,54973,12745,54974,12746,54975,12747,54976,12748,54977,12749,54978,12750,54979,12751,54982,12752,54983,12753,54985,12754,54986,12755,54987,12762,54989,12763,54990,12764,54991,12765,54992,12766,54994,12767,54995,12768,54997,12769,54998,12770,55000,12771,55002,12772,55003,12773,55004,12774,55005,12775,55006,12776,55007,12777,55009,12778,55010,12779,55011,12780,55013,12781,55014,12782,55015,12783,55017,12784,55018,12785,55019,12786,55020,12787,55021,12794,55022,12795,55023,12796,55025,12797,55026,12798,55027,12799,55028,12800,55030,12801,55031,12802,55032,12803,55033,12804,55034,12805,55035,12806,55038,12807,55039,12808,55041,12809,55042,12810,55043,12811,55045,12812,55046,12813,55047,12814,55048,12815,55049,12816,55050,12817,55051,12818,55052,12819,55053,12820,55054,12821,55055,12822,55056,12823,55058,12824,55059,12825,55060,12826,52824,12827,52825,12828,52828,12829,52831,12830,52832,12831,52833,12832,52840,12833,52841,12834,52843,12835,52845,12836,52852,12837,52853,12838,52856,12839,52860,12840,52868,12841,52869,12842,52871,12843,52873,12844,52880,12845,52881,12846,52884,12847,52888,12848,52896,12849,52897,12850,52899,12851,52900,12852,52901,12853,52908,12854,52909,12855,52929,12856,52964,12857,52965,12858,52968,12859,52971,12860,52972,12861,52980,12862,52981,12863,52983,12864,52984,12865,52985,12866,52992,12867,52993,12868,52996,12869,53000,12870,53008,12871,53009,12872,53011,12873,53013,12874,53020,12875,53024,12876,53028,12877,53036,12878,53037,12879,53039,12880,53040,12881,53041,12882,53048,12883,53076,12884,53077,12885,53080,12886,53084,12887,53092,12888,53093,12889,53095,12890,53097,12891,53104,12892,53105,12893,53108,12894,53112,12895,53120,12896,53125,12897,53132,12898,53153,12899,53160,12900,53168,12901,53188,12902,53216,12903,53217,12904,53220,12905,53224,12906,53232,12907,53233,12908,53235,12909,53237,12910,53244,12911,53248,12912,53252,12913,53265,12914,53272,12915,53293,12916,53300,12917,53301,12918,53304,12919,53308,12920,55061,12921,55062,12922,55063,12923,55066,12924,55067,12925,55069,12926,55070,12927,55071,12928,55073,12929,55074,12930,55075,12931,55076,12932,55077,12933,55078,12934,55079,12935,55082,12936,55084,12937,55086,12938,55087,12939,55088,12940,55089,12941,55090,12942,55091,12943,55094,12944,55095,12945,55097,12952,55098,12953,55099,12954,55101,12955,55102,12956,55103,12957,55104,12958,55105,12959,55106,12960,55107,12961,55109,12962,55110,12963,55112,12964,55114,12965,55115,12966,55116,12967,55117,12968,55118,12969,55119,12970,55122,12971,55123,12972,55125,12973,55130,12974,55131,12975,55132,12976,55133,12977,55134,12984,55135,12985,55138,12986,55140,12987,55142,12988,55143,12989,55144,12990,55146,12991,55147,12992,55149,12993,55150,12994,55151,12995,55153,12996,55154,12997,55155,12998,55157,12999,55158,13000,55159,13001,55160,13002,55161,13003,55162,13004,55163,13005,55166,13006,55167,13007,55168,13008,55170,13009,55171,13010,55172,13011,55173,13012,55174,13013,55175,13014,55178,13015,55179,13016,53316,13017,53317,13018,53319,13019,53321,13020,53328,13021,53332,13022,53336,13023,53344,13024,53356,13025,53357,13026,53360,13027,53364,13028,53372,13029,53373,13030,53377,13031,53412,13032,53413,13033,53416,13034,53420,13035,53428,13036,53429,13037,53431,13038,53433,13039,53440,13040,53441,13041,53444,13042,53448,13043,53449,13044,53456,13045,53457,13046,53459,13047,53460,13048,53461,13049,53468,13050,53469,13051,53472,13052,53476,13053,53484,13054,53485,13055,53487,13056,53488,13057,53489,13058,53496,13059,53517,13060,53552,13061,53553,13062,53556,13063,53560,13064,53562,13065,53568,13066,53569,13067,53571,13068,53572,13069,53573,13070,53580,13071,53581,13072,53584,13073,53588,13074,53596,13075,53597,13076,53599,13077,53601,13078,53608,13079,53612,13080,53628,13081,53636,13082,53640,13083,53664,13084,53665,13085,53668,13086,53672,13087,53680,13088,53681,13089,53683,13090,53685,13091,53690,13092,53692,13093,53696,13094,53720,13095,53748,13096,53752,13097,53767,13098,53769,13099,53776,13100,53804,13101,53805,13102,53808,13103,53812,13104,53820,13105,53821,13106,53823,13107,53825,13108,53832,13109,53852,13110,55181,13111,55182,13112,55183,13113,55185,13114,55186,13115,55187,13116,55188,13117,55189,13118,55190,13119,55191,13120,55194,13121,55196,13122,55198,13123,55199,13124,55200,13125,55201,13126,55202,13127,55203,13206,53860,13207,53888,13208,53889,13209,53892,13210,53896,13211,53904,13212,53905,13213,53909,13214,53916,13215,53920,13216,53924,13217,53932,13218,53937,13219,53944,13220,53945,13221,53948,13222,53951,13223,53952,13224,53954,13225,53960,13226,53961,13227,53963,13228,53972,13229,53976,13230,53980,13231,53988,13232,53989,13233,54000,13234,54001,13235,54004,13236,54008,13237,54016,13238,54017,13239,54019,13240,54021,13241,54028,13242,54029,13243,54030,13244,54032,13245,54036,13246,54038,13247,54044,13248,54045,13249,54047,13250,54048,13251,54049,13252,54053,13253,54056,13254,54057,13255,54060,13256,54064,13257,54072,13258,54073,13259,54075,13260,54076,13261,54077,13262,54084,13263,54085,13264,54140,13265,54141,13266,54144,13267,54148,13268,54156,13269,54157,13270,54159,13271,54160,13272,54161,13273,54168,13274,54169,13275,54172,13276,54176,13277,54184,13278,54185,13279,54187,13280,54189,13281,54196,13282,54200,13283,54204,13284,54212,13285,54213,13286,54216,13287,54217,13288,54224,13289,54232,13290,54241,13291,54243,13292,54252,13293,54253,13294,54256,13295,54260,13296,54268,13297,54269,13298,54271,13299,54273,13396,54280,13397,54301,13398,54336,13399,54340,13400,54364,13401,54368,13402,54372,13403,54381,13404,54383,13405,54392,13406,54393,13407,54396,13408,54399,13409,54400,13410,54402,13411,54408,13412,54409,13413,54411,13414,54413,13415,54420,13416,54441,13417,54476,13418,54480,13419,54484,13420,54492,13421,54495,13422,54504,13423,54508,13424,54512,13425,54520,13426,54523,13427,54525,13428,54532,13429,54536,13430,54540,13431,54548,13432,54549,13433,54551,13434,54588,13435,54589,13436,54592,13437,54596,13438,54604,13439,54605,13440,54607,13441,54609,13442,54616,13443,54617,13444,54620,13445,54624,13446,54629,13447,54632,13448,54633,13449,54635,13450,54637,13451,54644,13452,54645,13453,54648,13454,54652,13455,54660,13456,54661,13457,54663,13458,54664,13459,54665,13460,54672,13461,54693,13462,54728,13463,54729,13464,54732,13465,54736,13466,54738,13467,54744,13468,54745,13469,54747,13470,54749,13471,54756,13472,54757,13473,54760,13474,54764,13475,54772,13476,54773,13477,54775,13478,54777,13479,54784,13480,54785,13481,54788,13482,54792,13483,54800,13484,54801,13485,54803,13486,54804,13487,54805,13488,54812,13489,54816,13586,54820,13587,54829,13588,54840,13589,54841,13590,54844,13591,54848,13592,54853,13593,54856,13594,54857,13595,54859,13596,54861,13597,54865,13598,54868,13599,54869,13600,54872,13601,54876,13602,54887,13603,54889,13604,54896,13605,54897,13606,54900,13607,54915,13608,54917,13609,54924,13610,54925,13611,54928,13612,54932,13613,54941,13614,54943,13615,54945,13616,54952,13617,54956,13618,54960,13619,54969,13620,54971,13621,54980,13622,54981,13623,54984,13624,54988,13625,54993,13626,54996,13627,54999,13628,55001,13629,55008,13630,55012,13631,55016,13632,55024,13633,55029,13634,55036,13635,55037,13636,55040,13637,55044,13638,55057,13639,55064,13640,55065,13641,55068,13642,55072,13643,55080,13644,55081,13645,55083,13646,55085,13647,55092,13648,55093,13649,55096,13650,55100,13651,55108,13652,55111,13653,55113,13654,55120,13655,55121,13656,55124,13657,55126,13658,55127,13659,55128,13660,55129,13661,55136,13662,55137,13663,55139,13664,55141,13665,55145,13666,55148,13667,55152,13668,55156,13669,55164,13670,55165,13671,55169,13672,55176,13673,55177,13674,55180,13675,55184,13676,55192,13677,55193,13678,55195,13679,55197,13966,20285,13967,20339,13968,20551,13969,20729,13970,21152,13971,21487,13972,21621,13973,21733,13974,22025,13975,23233,13976,23478,13977,26247,13978,26550,13979,26551,13980,26607,13981,27468,13982,29634,13983,30146,13984,31292,13985,33499,13986,33540,13987,34903,13988,34952,13989,35382,13990,36040,13991,36303,13992,36603,13993,36838,13994,39381,13995,21051,13996,21364,13997,21508,13998,24682,13999,24932,14000,27580,14001,29647,14002,33050,14003,35258,14004,35282,14005,38307,14006,20355,14007,21002,14008,22718,14009,22904,14010,23014,14011,24178,14012,24185,14013,25031,14014,25536,14015,26438,14016,26604,14017,26751,14018,28567,14019,30286,14020,30475,14021,30965,14022,31240,14023,31487,14024,31777,14025,32925,14026,33390,14027,33393,14028,35563,14029,38291,14030,20075,14031,21917,14032,26359,14033,28212,14034,30883,14035,31469,14036,33883,14037,35088,14038,34638,14039,38824,14040,21208,14041,22350,14042,22570,14043,23884,14044,24863,14045,25022,14046,25121,14047,25954,14048,26577,14049,27204,14050,28187,14051,29976,14052,30131,14053,30435,14054,30640,14055,32058,14056,37039,14057,37969,14058,37970,14059,40853,14156,21283,14157,23724,14158,30002,14159,32987,14160,37440,14161,38296,14162,21083,14163,22536,14164,23004,14165,23713,14166,23831,14167,24247,14168,24378,14169,24394,14170,24951,14171,27743,14172,30074,14173,30086,14174,31968,14175,32115,14176,32177,14177,32652,14178,33108,14179,33313,14180,34193,14181,35137,14182,35611,14183,37628,14184,38477,14185,40007,14186,20171,14187,20215,14188,20491,14189,20977,14190,22607,14191,24887,14192,24894,14193,24936,14194,25913,14195,27114,14196,28433,14197,30117,14198,30342,14199,30422,14200,31623,14201,33445,14202,33995,14203,63744,14204,37799,14205,38283,14206,21888,14207,23458,14208,22353,14209,63745,14210,31923,14211,32697,14212,37301,14213,20520,14214,21435,14215,23621,14216,24040,14217,25298,14218,25454,14219,25818,14220,25831,14221,28192,14222,28844,14223,31067,14224,36317,14225,36382,14226,63746,14227,36989,14228,37445,14229,37624,14230,20094,14231,20214,14232,20581,14233,24062,14234,24314,14235,24838,14236,26967,14237,33137,14238,34388,14239,36423,14240,37749,14241,39467,14242,20062,14243,20625,14244,26480,14245,26688,14246,20745,14247,21133,14248,21138,14249,27298,14346,30652,14347,37392,14348,40660,14349,21163,14350,24623,14351,36850,14352,20552,14353,25001,14354,25581,14355,25802,14356,26684,14357,27268,14358,28608,14359,33160,14360,35233,14361,38548,14362,22533,14363,29309,14364,29356,14365,29956,14366,32121,14367,32365,14368,32937,14369,35211,14370,35700,14371,36963,14372,40273,14373,25225,14374,27770,14375,28500,14376,32080,14377,32570,14378,35363,14379,20860,14380,24906,14381,31645,14382,35609,14383,37463,14384,37772,14385,20140,14386,20435,14387,20510,14388,20670,14389,20742,14390,21185,14391,21197,14392,21375,14393,22384,14394,22659,14395,24218,14396,24465,14397,24950,14398,25004,14399,25806,14400,25964,14401,26223,14402,26299,14403,26356,14404,26775,14405,28039,14406,28805,14407,28913,14408,29855,14409,29861,14410,29898,14411,30169,14412,30828,14413,30956,14414,31455,14415,31478,14416,32069,14417,32147,14418,32789,14419,32831,14420,33051,14421,33686,14422,35686,14423,36629,14424,36885,14425,37857,14426,38915,14427,38968,14428,39514,14429,39912,14430,20418,14431,21843,14432,22586,14433,22865,14434,23395,14435,23622,14436,24760,14437,25106,14438,26690,14439,26800,14536,26856,14537,28330,14538,30028,14539,30328,14540,30926,14541,31293,14542,31995,14543,32363,14544,32380,14545,35336,14546,35489,14547,35903,14548,38542,14549,40388,14550,21476,14551,21481,14552,21578,14553,21617,14554,22266,14555,22993,14556,23396,14557,23611,14558,24235,14559,25335,14560,25911,14561,25925,14562,25970,14563,26272,14564,26543,14565,27073,14566,27837,14567,30204,14568,30352,14569,30590,14570,31295,14571,32660,14572,32771,14573,32929,14574,33167,14575,33510,14576,33533,14577,33776,14578,34241,14579,34865,14580,34996,14581,35493,14582,63747,14583,36764,14584,37678,14585,38599,14586,39015,14587,39640,14588,40723,14589,21741,14590,26011,14591,26354,14592,26767,14593,31296,14594,35895,14595,40288,14596,22256,14597,22372,14598,23825,14599,26118,14600,26801,14601,26829,14602,28414,14603,29736,14604,34974,14605,39908,14606,27752,14607,63748,14608,39592,14609,20379,14610,20844,14611,20849,14612,21151,14613,23380,14614,24037,14615,24656,14616,24685,14617,25329,14618,25511,14619,25915,14620,29657,14621,31354,14622,34467,14623,36002,14624,38799,14625,20018,14626,23521,14627,25096,14628,26524,14629,29916,14726,31185,14727,33747,14728,35463,14729,35506,14730,36328,14731,36942,14732,37707,14733,38982,14734,24275,14735,27112,14736,34303,14737,37101,14738,63749,14739,20896,14740,23448,14741,23532,14742,24931,14743,26874,14744,27454,14745,28748,14746,29743,14747,29912,14748,31649,14749,32592,14750,33733,14751,35264,14752,36011,14753,38364,14754,39208,14755,21038,14756,24669,14757,25324,14758,36866,14759,20362,14760,20809,14761,21281,14762,22745,14763,24291,14764,26336,14765,27960,14766,28826,14767,29378,14768,29654,14769,31568,14770,33009,14771,37979,14772,21350,14773,25499,14774,32619,14775,20054,14776,20608,14777,22602,14778,22750,14779,24618,14780,24871,14781,25296,14782,27088,14783,39745,14784,23439,14785,32024,14786,32945,14787,36703,14788,20132,14789,20689,14790,21676,14791,21932,14792,23308,14793,23968,14794,24039,14795,25898,14796,25934,14797,26657,14798,27211,14799,29409,14800,30350,14801,30703,14802,32094,14803,32761,14804,33184,14805,34126,14806,34527,14807,36611,14808,36686,14809,37066,14810,39171,14811,39509,14812,39851,14813,19992,14814,20037,14815,20061,14816,20167,14817,20465,14818,20855,14819,21246,14916,21312,14917,21475,14918,21477,14919,21646,14920,22036,14921,22389,14922,22434,14923,23495,14924,23943,14925,24272,14926,25084,14927,25304,14928,25937,14929,26552,14930,26601,14931,27083,14932,27472,14933,27590,14934,27628,14935,27714,14936,28317,14937,28792,14938,29399,14939,29590,14940,29699,14941,30655,14942,30697,14943,31350,14944,32127,14945,32777,14946,33276,14947,33285,14948,33290,14949,33503,14950,34914,14951,35635,14952,36092,14953,36544,14954,36881,14955,37041,14956,37476,14957,37558,14958,39378,14959,39493,14960,40169,14961,40407,14962,40860,14963,22283,14964,23616,14965,33738,14966,38816,14967,38827,14968,40628,14969,21531,14970,31384,14971,32676,14972,35033,14973,36557,14974,37089,14975,22528,14976,23624,14977,25496,14978,31391,14979,23470,14980,24339,14981,31353,14982,31406,14983,33422,14984,36524,14985,20518,14986,21048,14987,21240,14988,21367,14989,22280,14990,25331,14991,25458,14992,27402,14993,28099,14994,30519,14995,21413,14996,29527,14997,34152,14998,36470,14999,38357,15000,26426,15001,27331,15002,28528,15003,35437,15004,36556,15005,39243,15006,63750,15007,26231,15008,27512,15009,36020,15106,39740,15107,63751,15108,21483,15109,22317,15110,22862,15111,25542,15112,27131,15113,29674,15114,30789,15115,31418,15116,31429,15117,31998,15118,33909,15119,35215,15120,36211,15121,36917,15122,38312,15123,21243,15124,22343,15125,30023,15126,31584,15127,33740,15128,37406,15129,63752,15130,27224,15131,20811,15132,21067,15133,21127,15134,25119,15135,26840,15136,26997,15137,38553,15138,20677,15139,21156,15140,21220,15141,25027,15142,26020,15143,26681,15144,27135,15145,29822,15146,31563,15147,33465,15148,33771,15149,35250,15150,35641,15151,36817,15152,39241,15153,63753,15154,20170,15155,22935,15156,25810,15157,26129,15158,27278,15159,29748,15160,31105,15161,31165,15162,33449,15163,34942,15164,34943,15165,35167,15166,63754,15167,37670,15168,20235,15169,21450,15170,24613,15171,25201,15172,27762,15173,32026,15174,32102,15175,20120,15176,20834,15177,30684,15178,32943,15179,20225,15180,20238,15181,20854,15182,20864,15183,21980,15184,22120,15185,22331,15186,22522,15187,22524,15188,22804,15189,22855,15190,22931,15191,23492,15192,23696,15193,23822,15194,24049,15195,24190,15196,24524,15197,25216,15198,26071,15199,26083,15296,26398,15297,26399,15298,26462,15299,26827,15300,26820,15301,27231,15302,27450,15303,27683,15304,27773,15305,27778,15306,28103,15307,29592,15308,29734,15309,29738,15310,29826,15311,29859,15312,30072,15313,30079,15314,30849,15315,30959,15316,31041,15317,31047,15318,31048,15319,31098,15320,31637,15321,32000,15322,32186,15323,32648,15324,32774,15325,32813,15326,32908,15327,35352,15328,35663,15329,35912,15330,36215,15331,37665,15332,37668,15333,39138,15334,39249,15335,39438,15336,39439,15337,39525,15338,40594,15339,32202,15340,20342,15341,21513,15342,25326,15343,26708,15344,37329,15345,21931,15346,20794,15347,63755,15348,63756,15349,23068,15350,25062,15351,63757,15352,25295,15353,25343,15354,63758,15355,63759,15356,63760,15357,63761,15358,63762,15359,63763,15360,37027,15361,63764,15362,63765,15363,63766,15364,63767,15365,63768,15366,35582,15367,63769,15368,63770,15369,63771,15370,63772,15371,26262,15372,63773,15373,29014,15374,63774,15375,63775,15376,38627,15377,63776,15378,25423,15379,25466,15380,21335,15381,63777,15382,26511,15383,26976,15384,28275,15385,63778,15386,30007,15387,63779,15388,63780,15389,63781,15486,32013,15487,63782,15488,63783,15489,34930,15490,22218,15491,23064,15492,63784,15493,63785,15494,63786,15495,63787,15496,63788,15497,20035,15498,63789,15499,20839,15500,22856,15501,26608,15502,32784,15503,63790,15504,22899,15505,24180,15506,25754,15507,31178,15508,24565,15509,24684,15510,25288,15511,25467,15512,23527,15513,23511,15514,21162,15515,63791,15516,22900,15517,24361,15518,24594,15519,63792,15520,63793,15521,63794,15522,29785,15523,63795,15524,63796,15525,63797,15526,63798,15527,63799,15528,63800,15529,39377,15530,63801,15531,63802,15532,63803,15533,63804,15534,63805,15535,63806,15536,63807,15537,63808,15538,63809,15539,63810,15540,63811,15541,28611,15542,63812,15543,63813,15544,33215,15545,36786,15546,24817,15547,63814,15548,63815,15549,33126,15550,63816,15551,63817,15552,23615,15553,63818,15554,63819,15555,63820,15556,63821,15557,63822,15558,63823,15559,63824,15560,63825,15561,23273,15562,35365,15563,26491,15564,32016,15565,63826,15566,63827,15567,63828,15568,63829,15569,63830,15570,63831,15571,33021,15572,63832,15573,63833,15574,23612,15575,27877,15576,21311,15577,28346,15578,22810,15579,33590,15676,20025,15677,20150,15678,20294,15679,21934,15680,22296,15681,22727,15682,24406,15683,26039,15684,26086,15685,27264,15686,27573,15687,28237,15688,30701,15689,31471,15690,31774,15691,32222,15692,34507,15693,34962,15694,37170,15695,37723,15696,25787,15697,28606,15698,29562,15699,30136,15700,36948,15701,21846,15702,22349,15703,25018,15704,25812,15705,26311,15706,28129,15707,28251,15708,28525,15709,28601,15710,30192,15711,32835,15712,33213,15713,34113,15714,35203,15715,35527,15716,35674,15717,37663,15718,27795,15719,30035,15720,31572,15721,36367,15722,36957,15723,21776,15724,22530,15725,22616,15726,24162,15727,25095,15728,25758,15729,26848,15730,30070,15731,31958,15732,34739,15733,40680,15734,20195,15735,22408,15736,22382,15737,22823,15738,23565,15739,23729,15740,24118,15741,24453,15742,25140,15743,25825,15744,29619,15745,33274,15746,34955,15747,36024,15748,38538,15749,40667,15750,23429,15751,24503,15752,24755,15753,20498,15754,20992,15755,21040,15756,22294,15757,22581,15758,22615,15759,23566,15760,23648,15761,23798,15762,23947,15763,24230,15764,24466,15765,24764,15766,25361,15767,25481,15768,25623,15769,26691,15866,26873,15867,27330,15868,28120,15869,28193,15870,28372,15871,28644,15872,29182,15873,30428,15874,30585,15875,31153,15876,31291,15877,33796,15878,35241,15879,36077,15880,36339,15881,36424,15882,36867,15883,36884,15884,36947,15885,37117,15886,37709,15887,38518,15888,38876,15889,27602,15890,28678,15891,29272,15892,29346,15893,29544,15894,30563,15895,31167,15896,31716,15897,32411,15898,35712,15899,22697,15900,24775,15901,25958,15902,26109,15903,26302,15904,27788,15905,28958,15906,29129,15907,35930,15908,38931,15909,20077,15910,31361,15911,20189,15912,20908,15913,20941,15914,21205,15915,21516,15916,24999,15917,26481,15918,26704,15919,26847,15920,27934,15921,28540,15922,30140,15923,30643,15924,31461,15925,33012,15926,33891,15927,37509,15928,20828,15929,26007,15930,26460,15931,26515,15932,30168,15933,31431,15934,33651,15935,63834,15936,35910,15937,36887,15938,38957,15939,23663,15940,33216,15941,33434,15942,36929,15943,36975,15944,37389,15945,24471,15946,23965,15947,27225,15948,29128,15949,30331,15950,31561,15951,34276,15952,35588,15953,37159,15954,39472,15955,21895,15956,25078,15957,63835,15958,30313,15959,32645,16056,34367,16057,34746,16058,35064,16059,37007,16060,63836,16061,27931,16062,28889,16063,29662,16064,32097,16065,33853,16066,63837,16067,37226,16068,39409,16069,63838,16070,20098,16071,21365,16072,27396,16073,27410,16074,28734,16075,29211,16076,34349,16077,40478,16078,21068,16079,36771,16080,23888,16081,25829,16082,25900,16083,27414,16084,28651,16085,31811,16086,32412,16087,34253,16088,35172,16089,35261,16090,25289,16091,33240,16092,34847,16093,24266,16094,26391,16095,28010,16096,29436,16097,29701,16098,29807,16099,34690,16100,37086,16101,20358,16102,23821,16103,24480,16104,33802,16105,20919,16106,25504,16107,30053,16108,20142,16109,20486,16110,20841,16111,20937,16112,26753,16113,27153,16114,31918,16115,31921,16116,31975,16117,33391,16118,35538,16119,36635,16120,37327,16121,20406,16122,20791,16123,21237,16124,21570,16125,24300,16126,24942,16127,25150,16128,26053,16129,27354,16130,28670,16131,31018,16132,34268,16133,34851,16134,38317,16135,39522,16136,39530,16137,40599,16138,40654,16139,21147,16140,26310,16141,27511,16142,28701,16143,31019,16144,36706,16145,38722,16146,24976,16147,25088,16148,25891,16149,28451,16246,29001,16247,29833,16248,32244,16249,32879,16250,34030,16251,36646,16252,36899,16253,37706,16254,20925,16255,21015,16256,21155,16257,27916,16258,28872,16259,35010,16260,24265,16261,25986,16262,27566,16263,28610,16264,31806,16265,29557,16266,20196,16267,20278,16268,22265,16269,63839,16270,23738,16271,23994,16272,24604,16273,29618,16274,31533,16275,32666,16276,32718,16277,32838,16278,36894,16279,37428,16280,38646,16281,38728,16282,38936,16283,40801,16284,20363,16285,28583,16286,31150,16287,37300,16288,38583,16289,21214,16290,63840,16291,25736,16292,25796,16293,27347,16294,28510,16295,28696,16296,29200,16297,30439,16298,32769,16299,34310,16300,34396,16301,36335,16302,36613,16303,38706,16304,39791,16305,40442,16306,40565,16307,30860,16308,31103,16309,32160,16310,33737,16311,37636,16312,40575,16313,40595,16314,35542,16315,22751,16316,24324,16317,26407,16318,28711,16319,29903,16320,31840,16321,32894,16322,20769,16323,28712,16324,29282,16325,30922,16326,36034,16327,36058,16328,36084,16329,38647,16330,20102,16331,20698,16332,23534,16333,24278,16334,26009,16335,29134,16336,30274,16337,30637,16338,32842,16339,34044,16436,36988,16437,39719,16438,40845,16439,22744,16440,23105,16441,23650,16442,27155,16443,28122,16444,28431,16445,30267,16446,32047,16447,32311,16448,34078,16449,35128,16450,37860,16451,38475,16452,21129,16453,26066,16454,26611,16455,27060,16456,27969,16457,28316,16458,28687,16459,29705,16460,29792,16461,30041,16462,30244,16463,30827,16464,35628,16465,39006,16466,20845,16467,25134,16468,38520,16469,20374,16470,20523,16471,23833,16472,28138,16473,32184,16474,36650,16475,24459,16476,24900,16477,26647,16478,63841,16479,38534,16480,21202,16481,32907,16482,20956,16483,20940,16484,26974,16485,31260,16486,32190,16487,33777,16488,38517,16489,20442,16490,21033,16491,21400,16492,21519,16493,21774,16494,23653,16495,24743,16496,26446,16497,26792,16498,28012,16499,29313,16500,29432,16501,29702,16502,29827,16503,63842,16504,30178,16505,31852,16506,32633,16507,32696,16508,33673,16509,35023,16510,35041,16511,37324,16512,37328,16513,38626,16514,39881,16515,21533,16516,28542,16517,29136,16518,29848,16519,34298,16520,36522,16521,38563,16522,40023,16523,40607,16524,26519,16525,28107,16526,29747,16527,33256,16528,38678,16529,30764,16626,31435,16627,31520,16628,31890,16629,25705,16630,29802,16631,30194,16632,30908,16633,30952,16634,39340,16635,39764,16636,40635,16637,23518,16638,24149,16639,28448,16640,33180,16641,33707,16642,37000,16643,19975,16644,21325,16645,23081,16646,24018,16647,24398,16648,24930,16649,25405,16650,26217,16651,26364,16652,28415,16653,28459,16654,28771,16655,30622,16656,33836,16657,34067,16658,34875,16659,36627,16660,39237,16661,39995,16662,21788,16663,25273,16664,26411,16665,27819,16666,33545,16667,35178,16668,38778,16669,20129,16670,22916,16671,24536,16672,24537,16673,26395,16674,32178,16675,32596,16676,33426,16677,33579,16678,33725,16679,36638,16680,37017,16681,22475,16682,22969,16683,23186,16684,23504,16685,26151,16686,26522,16687,26757,16688,27599,16689,29028,16690,32629,16691,36023,16692,36067,16693,36993,16694,39749,16695,33032,16696,35978,16697,38476,16698,39488,16699,40613,16700,23391,16701,27667,16702,29467,16703,30450,16704,30431,16705,33804,16706,20906,16707,35219,16708,20813,16709,20885,16710,21193,16711,26825,16712,27796,16713,30468,16714,30496,16715,32191,16716,32236,16717,38754,16718,40629,16719,28357,16816,34065,16817,20901,16818,21517,16819,21629,16820,26126,16821,26269,16822,26919,16823,28319,16824,30399,16825,30609,16826,33559,16827,33986,16828,34719,16829,37225,16830,37528,16831,40180,16832,34946,16833,20398,16834,20882,16835,21215,16836,22982,16837,24125,16838,24917,16839,25720,16840,25721,16841,26286,16842,26576,16843,27169,16844,27597,16845,27611,16846,29279,16847,29281,16848,29761,16849,30520,16850,30683,16851,32791,16852,33468,16853,33541,16854,35584,16855,35624,16856,35980,16857,26408,16858,27792,16859,29287,16860,30446,16861,30566,16862,31302,16863,40361,16864,27519,16865,27794,16866,22818,16867,26406,16868,33945,16869,21359,16870,22675,16871,22937,16872,24287,16873,25551,16874,26164,16875,26483,16876,28218,16877,29483,16878,31447,16879,33495,16880,37672,16881,21209,16882,24043,16883,25006,16884,25035,16885,25098,16886,25287,16887,25771,16888,26080,16889,26969,16890,27494,16891,27595,16892,28961,16893,29687,16894,30045,16895,32326,16896,33310,16897,33538,16898,34154,16899,35491,16900,36031,16901,38695,16902,40289,16903,22696,16904,40664,16905,20497,16906,21006,16907,21563,16908,21839,16909,25991,17006,27766,17007,32010,17008,32011,17009,32862,17010,34442,17011,38272,17012,38639,17013,21247,17014,27797,17015,29289,17016,21619,17017,23194,17018,23614,17019,23883,17020,24396,17021,24494,17022,26410,17023,26806,17024,26979,17025,28220,17026,28228,17027,30473,17028,31859,17029,32654,17030,34183,17031,35598,17032,36855,17033,38753,17034,40692,17035,23735,17036,24758,17037,24845,17038,25003,17039,25935,17040,26107,17041,26108,17042,27665,17043,27887,17044,29599,17045,29641,17046,32225,17047,38292,17048,23494,17049,34588,17050,35600,17051,21085,17052,21338,17053,25293,17054,25615,17055,25778,17056,26420,17057,27192,17058,27850,17059,29632,17060,29854,17061,31636,17062,31893,17063,32283,17064,33162,17065,33334,17066,34180,17067,36843,17068,38649,17069,39361,17070,20276,17071,21322,17072,21453,17073,21467,17074,25292,17075,25644,17076,25856,17077,26001,17078,27075,17079,27886,17080,28504,17081,29677,17082,30036,17083,30242,17084,30436,17085,30460,17086,30928,17087,30971,17088,31020,17089,32070,17090,33324,17091,34784,17092,36820,17093,38930,17094,39151,17095,21187,17096,25300,17097,25765,17098,28196,17099,28497,17196,30332,17197,36299,17198,37297,17199,37474,17200,39662,17201,39747,17202,20515,17203,20621,17204,22346,17205,22952,17206,23592,17207,24135,17208,24439,17209,25151,17210,25918,17211,26041,17212,26049,17213,26121,17214,26507,17215,27036,17216,28354,17217,30917,17218,32033,17219,32938,17220,33152,17221,33323,17222,33459,17223,33953,17224,34444,17225,35370,17226,35607,17227,37030,17228,38450,17229,40848,17230,20493,17231,20467,17232,63843,17233,22521,17234,24472,17235,25308,17236,25490,17237,26479,17238,28227,17239,28953,17240,30403,17241,32972,17242,32986,17243,35060,17244,35061,17245,35097,17246,36064,17247,36649,17248,37197,17249,38506,17250,20271,17251,20336,17252,24091,17253,26575,17254,26658,17255,30333,17256,30334,17257,39748,17258,24161,17259,27146,17260,29033,17261,29140,17262,30058,17263,63844,17264,32321,17265,34115,17266,34281,17267,39132,17268,20240,17269,31567,17270,32624,17271,38309,17272,20961,17273,24070,17274,26805,17275,27710,17276,27726,17277,27867,17278,29359,17279,31684,17280,33539,17281,27861,17282,29754,17283,20731,17284,21128,17285,22721,17286,25816,17287,27287,17288,29863,17289,30294,17386,30887,17387,34327,17388,38370,17389,38713,17390,63845,17391,21342,17392,24321,17393,35722,17394,36776,17395,36783,17396,37002,17397,21029,17398,30629,17399,40009,17400,40712,17401,19993,17402,20482,17403,20853,17404,23643,17405,24183,17406,26142,17407,26170,17408,26564,17409,26821,17410,28851,17411,29953,17412,30149,17413,31177,17414,31453,17415,36647,17416,39200,17417,39432,17418,20445,17419,22561,17420,22577,17421,23542,17422,26222,17423,27493,17424,27921,17425,28282,17426,28541,17427,29668,17428,29995,17429,33769,17430,35036,17431,35091,17432,35676,17433,36628,17434,20239,17435,20693,17436,21264,17437,21340,17438,23443,17439,24489,17440,26381,17441,31119,17442,33145,17443,33583,17444,34068,17445,35079,17446,35206,17447,36665,17448,36667,17449,39333,17450,39954,17451,26412,17452,20086,17453,20472,17454,22857,17455,23553,17456,23791,17457,23792,17458,25447,17459,26834,17460,28925,17461,29090,17462,29739,17463,32299,17464,34028,17465,34562,17466,36898,17467,37586,17468,40179,17469,19981,17470,20184,17471,20463,17472,20613,17473,21078,17474,21103,17475,21542,17476,21648,17477,22496,17478,22827,17479,23142,17576,23386,17577,23413,17578,23500,17579,24220,17580,63846,17581,25206,17582,25975,17583,26023,17584,28014,17585,28325,17586,29238,17587,31526,17588,31807,17589,32566,17590,33104,17591,33105,17592,33178,17593,33344,17594,33433,17595,33705,17596,35331,17597,36000,17598,36070,17599,36091,17600,36212,17601,36282,17602,37096,17603,37340,17604,38428,17605,38468,17606,39385,17607,40167,17608,21271,17609,20998,17610,21545,17611,22132,17612,22707,17613,22868,17614,22894,17615,24575,17616,24996,17617,25198,17618,26128,17619,27774,17620,28954,17621,30406,17622,31881,17623,31966,17624,32027,17625,33452,17626,36033,17627,38640,17628,63847,17629,20315,17630,24343,17631,24447,17632,25282,17633,23849,17634,26379,17635,26842,17636,30844,17637,32323,17638,40300,17639,19989,17640,20633,17641,21269,17642,21290,17643,21329,17644,22915,17645,23138,17646,24199,17647,24754,17648,24970,17649,25161,17650,25209,17651,26000,17652,26503,17653,27047,17654,27604,17655,27606,17656,27607,17657,27608,17658,27832,17659,63848,17660,29749,17661,30202,17662,30738,17663,30865,17664,31189,17665,31192,17666,31875,17667,32203,17668,32737,17669,32933,17766,33086,17767,33218,17768,33778,17769,34586,17770,35048,17771,35513,17772,35692,17773,36027,17774,37145,17775,38750,17776,39131,17777,40763,17778,22188,17779,23338,17780,24428,17781,25996,17782,27315,17783,27567,17784,27996,17785,28657,17786,28693,17787,29277,17788,29613,17789,36007,17790,36051,17791,38971,17792,24977,17793,27703,17794,32856,17795,39425,17796,20045,17797,20107,17798,20123,17799,20181,17800,20282,17801,20284,17802,20351,17803,20447,17804,20735,17805,21490,17806,21496,17807,21766,17808,21987,17809,22235,17810,22763,17811,22882,17812,23057,17813,23531,17814,23546,17815,23556,17816,24051,17817,24107,17818,24473,17819,24605,17820,25448,17821,26012,17822,26031,17823,26614,17824,26619,17825,26797,17826,27515,17827,27801,17828,27863,17829,28195,17830,28681,17831,29509,17832,30722,17833,31038,17834,31040,17835,31072,17836,31169,17837,31721,17838,32023,17839,32114,17840,32902,17841,33293,17842,33678,17843,34001,17844,34503,17845,35039,17846,35408,17847,35422,17848,35613,17849,36060,17850,36198,17851,36781,17852,37034,17853,39164,17854,39391,17855,40605,17856,21066,17857,63849,17858,26388,17859,63850,17956,20632,17957,21034,17958,23665,17959,25955,17960,27733,17961,29642,17962,29987,17963,30109,17964,31639,17965,33948,17966,37240,17967,38704,17968,20087,17969,25746,17970,27578,17971,29022,17972,34217,17973,19977,17974,63851,17975,26441,17976,26862,17977,28183,17978,33439,17979,34072,17980,34923,17981,25591,17982,28545,17983,37394,17984,39087,17985,19978,17986,20663,17987,20687,17988,20767,17989,21830,17990,21930,17991,22039,17992,23360,17993,23577,17994,23776,17995,24120,17996,24202,17997,24224,17998,24258,17999,24819,18000,26705,18001,27233,18002,28248,18003,29245,18004,29248,18005,29376,18006,30456,18007,31077,18008,31665,18009,32724,18010,35059,18011,35316,18012,35443,18013,35937,18014,36062,18015,38684,18016,22622,18017,29885,18018,36093,18019,21959,18020,63852,18021,31329,18022,32034,18023,33394,18024,29298,18025,29983,18026,29989,18027,63853,18028,31513,18029,22661,18030,22779,18031,23996,18032,24207,18033,24246,18034,24464,18035,24661,18036,25234,18037,25471,18038,25933,18039,26257,18040,26329,18041,26360,18042,26646,18043,26866,18044,29312,18045,29790,18046,31598,18047,32110,18048,32214,18049,32626,18146,32997,18147,33298,18148,34223,18149,35199,18150,35475,18151,36893,18152,37604,18153,40653,18154,40736,18155,22805,18156,22893,18157,24109,18158,24796,18159,26132,18160,26227,18161,26512,18162,27728,18163,28101,18164,28511,18165,30707,18166,30889,18167,33990,18168,37323,18169,37675,18170,20185,18171,20682,18172,20808,18173,21892,18174,23307,18175,23459,18176,25159,18177,25982,18178,26059,18179,28210,18180,29053,18181,29697,18182,29764,18183,29831,18184,29887,18185,30316,18186,31146,18187,32218,18188,32341,18189,32680,18190,33146,18191,33203,18192,33337,18193,34330,18194,34796,18195,35445,18196,36323,18197,36984,18198,37521,18199,37925,18200,39245,18201,39854,18202,21352,18203,23633,18204,26964,18205,27844,18206,27945,18207,28203,18208,33292,18209,34203,18210,35131,18211,35373,18212,35498,18213,38634,18214,40807,18215,21089,18216,26297,18217,27570,18218,32406,18219,34814,18220,36109,18221,38275,18222,38493,18223,25885,18224,28041,18225,29166,18226,63854,18227,22478,18228,22995,18229,23468,18230,24615,18231,24826,18232,25104,18233,26143,18234,26207,18235,29481,18236,29689,18237,30427,18238,30465,18239,31596,18336,32854,18337,32882,18338,33125,18339,35488,18340,37266,18341,19990,18342,21218,18343,27506,18344,27927,18345,31237,18346,31545,18347,32048,18348,63855,18349,36016,18350,21484,18351,22063,18352,22609,18353,23477,18354,23567,18355,23569,18356,24034,18357,25152,18358,25475,18359,25620,18360,26157,18361,26803,18362,27836,18363,28040,18364,28335,18365,28703,18366,28836,18367,29138,18368,29990,18369,30095,18370,30094,18371,30233,18372,31505,18373,31712,18374,31787,18375,32032,18376,32057,18377,34092,18378,34157,18379,34311,18380,35380,18381,36877,18382,36961,18383,37045,18384,37559,18385,38902,18386,39479,18387,20439,18388,23660,18389,26463,18390,28049,18391,31903,18392,32396,18393,35606,18394,36118,18395,36895,18396,23403,18397,24061,18398,25613,18399,33984,18400,36956,18401,39137,18402,29575,18403,23435,18404,24730,18405,26494,18406,28126,18407,35359,18408,35494,18409,36865,18410,38924,18411,21047,18412,63856,18413,28753,18414,30862,18415,37782,18416,34928,18417,37335,18418,20462,18419,21463,18420,22013,18421,22234,18422,22402,18423,22781,18424,23234,18425,23432,18426,23723,18427,23744,18428,24101,18429,24833,18526,25101,18527,25163,18528,25480,18529,25628,18530,25910,18531,25976,18532,27193,18533,27530,18534,27700,18535,27929,18536,28465,18537,29159,18538,29417,18539,29560,18540,29703,18541,29874,18542,30246,18543,30561,18544,31168,18545,31319,18546,31466,18547,31929,18548,32143,18549,32172,18550,32353,18551,32670,18552,33065,18553,33585,18554,33936,18555,34010,18556,34282,18557,34966,18558,35504,18559,35728,18560,36664,18561,36930,18562,36995,18563,37228,18564,37526,18565,37561,18566,38539,18567,38567,18568,38568,18569,38614,18570,38656,18571,38920,18572,39318,18573,39635,18574,39706,18575,21460,18576,22654,18577,22809,18578,23408,18579,23487,18580,28113,18581,28506,18582,29087,18583,29729,18584,29881,18585,32901,18586,33789,18587,24033,18588,24455,18589,24490,18590,24642,18591,26092,18592,26642,18593,26991,18594,27219,18595,27529,18596,27957,18597,28147,18598,29667,18599,30462,18600,30636,18601,31565,18602,32020,18603,33059,18604,33308,18605,33600,18606,34036,18607,34147,18608,35426,18609,35524,18610,37255,18611,37662,18612,38918,18613,39348,18614,25100,18615,34899,18616,36848,18617,37477,18618,23815,18619,23847,18716,23913,18717,29791,18718,33181,18719,34664,18720,28629,18721,25342,18722,32722,18723,35126,18724,35186,18725,19998,18726,20056,18727,20711,18728,21213,18729,21319,18730,25215,18731,26119,18732,32361,18733,34821,18734,38494,18735,20365,18736,21273,18737,22070,18738,22987,18739,23204,18740,23608,18741,23630,18742,23629,18743,24066,18744,24337,18745,24643,18746,26045,18747,26159,18748,26178,18749,26558,18750,26612,18751,29468,18752,30690,18753,31034,18754,32709,18755,33940,18756,33997,18757,35222,18758,35430,18759,35433,18760,35553,18761,35925,18762,35962,18763,22516,18764,23508,18765,24335,18766,24687,18767,25325,18768,26893,18769,27542,18770,28252,18771,29060,18772,31698,18773,34645,18774,35672,18775,36606,18776,39135,18777,39166,18778,20280,18779,20353,18780,20449,18781,21627,18782,23072,18783,23480,18784,24892,18785,26032,18786,26216,18787,29180,18788,30003,18789,31070,18790,32051,18791,33102,18792,33251,18793,33688,18794,34218,18795,34254,18796,34563,18797,35338,18798,36523,18799,36763,18800,63857,18801,36805,18802,22833,18803,23460,18804,23526,18805,24713,18806,23529,18807,23563,18808,24515,18809,27777,18906,63858,18907,28145,18908,28683,18909,29978,18910,33455,18911,35574,18912,20160,18913,21313,18914,63859,18915,38617,18916,27663,18917,20126,18918,20420,18919,20818,18920,21854,18921,23077,18922,23784,18923,25105,18924,29273,18925,33469,18926,33706,18927,34558,18928,34905,18929,35357,18930,38463,18931,38597,18932,39187,18933,40201,18934,40285,18935,22538,18936,23731,18937,23997,18938,24132,18939,24801,18940,24853,18941,25569,18942,27138,18943,28197,18944,37122,18945,37716,18946,38990,18947,39952,18948,40823,18949,23433,18950,23736,18951,25353,18952,26191,18953,26696,18954,30524,18955,38593,18956,38797,18957,38996,18958,39839,18959,26017,18960,35585,18961,36555,18962,38332,18963,21813,18964,23721,18965,24022,18966,24245,18967,26263,18968,30284,18969,33780,18970,38343,18971,22739,18972,25276,18973,29390,18974,40232,18975,20208,18976,22830,18977,24591,18978,26171,18979,27523,18980,31207,18981,40230,18982,21395,18983,21696,18984,22467,18985,23830,18986,24859,18987,26326,18988,28079,18989,30861,18990,33406,18991,38552,18992,38724,18993,21380,18994,25212,18995,25494,18996,28082,18997,32266,18998,33099,18999,38989,19096,27387,19097,32588,19098,40367,19099,40474,19100,20063,19101,20539,19102,20918,19103,22812,19104,24825,19105,25590,19106,26928,19107,29242,19108,32822,19109,63860,19110,37326,19111,24369,19112,63861,19113,63862,19114,32004,19115,33509,19116,33903,19117,33979,19118,34277,19119,36493,19120,63863,19121,20335,19122,63864,19123,63865,19124,22756,19125,23363,19126,24665,19127,25562,19128,25880,19129,25965,19130,26264,19131,63866,19132,26954,19133,27171,19134,27915,19135,28673,19136,29036,19137,30162,19138,30221,19139,31155,19140,31344,19141,63867,19142,32650,19143,63868,19144,35140,19145,63869,19146,35731,19147,37312,19148,38525,19149,63870,19150,39178,19151,22276,19152,24481,19153,26044,19154,28417,19155,30208,19156,31142,19157,35486,19158,39341,19159,39770,19160,40812,19161,20740,19162,25014,19163,25233,19164,27277,19165,33222,19166,20547,19167,22576,19168,24422,19169,28937,19170,35328,19171,35578,19172,23420,19173,34326,19174,20474,19175,20796,19176,22196,19177,22852,19178,25513,19179,28153,19180,23978,19181,26989,19182,20870,19183,20104,19184,20313,19185,63871,19186,63872,19187,63873,19188,22914,19189,63874,19286,63875,19287,27487,19288,27741,19289,63876,19290,29877,19291,30998,19292,63877,19293,33287,19294,33349,19295,33593,19296,36671,19297,36701,19298,63878,19299,39192,19300,63879,19301,63880,19302,63881,19303,20134,19304,63882,19305,22495,19306,24441,19307,26131,19308,63883,19309,63884,19310,30123,19311,32377,19312,35695,19313,63885,19314,36870,19315,39515,19316,22181,19317,22567,19318,23032,19319,23071,19320,23476,19321,63886,19322,24310,19323,63887,19324,63888,19325,25424,19326,25403,19327,63889,19328,26941,19329,27783,19330,27839,19331,28046,19332,28051,19333,28149,19334,28436,19335,63890,19336,28895,19337,28982,19338,29017,19339,63891,19340,29123,19341,29141,19342,63892,19343,30799,19344,30831,19345,63893,19346,31605,19347,32227,19348,63894,19349,32303,19350,63895,19351,34893,19352,36575,19353,63896,19354,63897,19355,63898,19356,37467,19357,63899,19358,40182,19359,63900,19360,63901,19361,63902,19362,24709,19363,28037,19364,63903,19365,29105,19366,63904,19367,63905,19368,38321,19369,21421,19370,63906,19371,63907,19372,63908,19373,26579,19374,63909,19375,28814,19376,28976,19377,29744,19378,33398,19379,33490,19476,63910,19477,38331,19478,39653,19479,40573,19480,26308,19481,63911,19482,29121,19483,33865,19484,63912,19485,63913,19486,22603,19487,63914,19488,63915,19489,23992,19490,24433,19491,63916,19492,26144,19493,26254,19494,27001,19495,27054,19496,27704,19497,27891,19498,28214,19499,28481,19500,28634,19501,28699,19502,28719,19503,29008,19504,29151,19505,29552,19506,63917,19507,29787,19508,63918,19509,29908,19510,30408,19511,31310,19512,32403,19513,63919,19514,63920,19515,33521,19516,35424,19517,36814,19518,63921,19519,37704,19520,63922,19521,38681,19522,63923,19523,63924,19524,20034,19525,20522,19526,63925,19527,21000,19528,21473,19529,26355,19530,27757,19531,28618,19532,29450,19533,30591,19534,31330,19535,33454,19536,34269,19537,34306,19538,63926,19539,35028,19540,35427,19541,35709,19542,35947,19543,63927,19544,37555,19545,63928,19546,38675,19547,38928,19548,20116,19549,20237,19550,20425,19551,20658,19552,21320,19553,21566,19554,21555,19555,21978,19556,22626,19557,22714,19558,22887,19559,23067,19560,23524,19561,24735,19562,63929,19563,25034,19564,25942,19565,26111,19566,26212,19567,26791,19568,27738,19569,28595,19666,28879,19667,29100,19668,29522,19669,31613,19670,34568,19671,35492,19672,39986,19673,40711,19674,23627,19675,27779,19676,29508,19677,29577,19678,37434,19679,28331,19680,29797,19681,30239,19682,31337,19683,32277,19684,34314,19685,20800,19686,22725,19687,25793,19688,29934,19689,29973,19690,30320,19691,32705,19692,37013,19693,38605,19694,39252,19695,28198,19696,29926,19697,31401,19698,31402,19699,33253,19700,34521,19701,34680,19702,35355,19703,23113,19704,23436,19705,23451,19706,26785,19707,26880,19708,28003,19709,29609,19710,29715,19711,29740,19712,30871,19713,32233,19714,32747,19715,33048,19716,33109,19717,33694,19718,35916,19719,38446,19720,38929,19721,26352,19722,24448,19723,26106,19724,26505,19725,27754,19726,29579,19727,20525,19728,23043,19729,27498,19730,30702,19731,22806,19732,23916,19733,24013,19734,29477,19735,30031,19736,63930,19737,63931,19738,20709,19739,20985,19740,22575,19741,22829,19742,22934,19743,23002,19744,23525,19745,63932,19746,63933,19747,23970,19748,25303,19749,25622,19750,25747,19751,25854,19752,63934,19753,26332,19754,63935,19755,27208,19756,63936,19757,29183,19758,29796,19759,63937,19856,31368,19857,31407,19858,32327,19859,32350,19860,32768,19861,33136,19862,63938,19863,34799,19864,35201,19865,35616,19866,36953,19867,63939,19868,36992,19869,39250,19870,24958,19871,27442,19872,28020,19873,32287,19874,35109,19875,36785,19876,20433,19877,20653,19878,20887,19879,21191,19880,22471,19881,22665,19882,23481,19883,24248,19884,24898,19885,27029,19886,28044,19887,28263,19888,28342,19889,29076,19890,29794,19891,29992,19892,29996,19893,32883,19894,33592,19895,33993,19896,36362,19897,37780,19898,37854,19899,63940,19900,20110,19901,20305,19902,20598,19903,20778,19904,21448,19905,21451,19906,21491,19907,23431,19908,23507,19909,23588,19910,24858,19911,24962,19912,26100,19913,29275,19914,29591,19915,29760,19916,30402,19917,31056,19918,31121,19919,31161,19920,32006,19921,32701,19922,33419,19923,34261,19924,34398,19925,36802,19926,36935,19927,37109,19928,37354,19929,38533,19930,38632,19931,38633,19932,21206,19933,24423,19934,26093,19935,26161,19936,26671,19937,29020,19938,31286,19939,37057,19940,38922,19941,20113,19942,63941,19943,27218,19944,27550,19945,28560,19946,29065,19947,32792,19948,33464,19949,34131,20046,36939,20047,38549,20048,38642,20049,38907,20050,34074,20051,39729,20052,20112,20053,29066,20054,38596,20055,20803,20056,21407,20057,21729,20058,22291,20059,22290,20060,22435,20061,23195,20062,23236,20063,23491,20064,24616,20065,24895,20066,25588,20067,27781,20068,27961,20069,28274,20070,28304,20071,29232,20072,29503,20073,29783,20074,33489,20075,34945,20076,36677,20077,36960,20078,63942,20079,38498,20080,39000,20081,40219,20082,26376,20083,36234,20084,37470,20085,20301,20086,20553,20087,20702,20088,21361,20089,22285,20090,22996,20091,23041,20092,23561,20093,24944,20094,26256,20095,28205,20096,29234,20097,29771,20098,32239,20099,32963,20100,33806,20101,33894,20102,34111,20103,34655,20104,34907,20105,35096,20106,35586,20107,36949,20108,38859,20109,39759,20110,20083,20111,20369,20112,20754,20113,20842,20114,63943,20115,21807,20116,21929,20117,23418,20118,23461,20119,24188,20120,24189,20121,24254,20122,24736,20123,24799,20124,24840,20125,24841,20126,25540,20127,25912,20128,26377,20129,63944,20130,26580,20131,26586,20132,63945,20133,26977,20134,26978,20135,27833,20136,27943,20137,63946,20138,28216,20139,63947,20236,28641,20237,29494,20238,29495,20239,63948,20240,29788,20241,30001,20242,63949,20243,30290,20244,63950,20245,63951,20246,32173,20247,33278,20248,33848,20249,35029,20250,35480,20251,35547,20252,35565,20253,36400,20254,36418,20255,36938,20256,36926,20257,36986,20258,37193,20259,37321,20260,37742,20261,63952,20262,63953,20263,22537,20264,63954,20265,27603,20266,32905,20267,32946,20268,63955,20269,63956,20270,20801,20271,22891,20272,23609,20273,63957,20274,63958,20275,28516,20276,29607,20277,32996,20278,36103,20279,63959,20280,37399,20281,38287,20282,63960,20283,63961,20284,63962,20285,63963,20286,32895,20287,25102,20288,28700,20289,32104,20290,34701,20291,63964,20292,22432,20293,24681,20294,24903,20295,27575,20296,35518,20297,37504,20298,38577,20299,20057,20300,21535,20301,28139,20302,34093,20303,38512,20304,38899,20305,39150,20306,25558,20307,27875,20308,37009,20309,20957,20310,25033,20311,33210,20312,40441,20313,20381,20314,20506,20315,20736,20316,23452,20317,24847,20318,25087,20319,25836,20320,26885,20321,27589,20322,30097,20323,30691,20324,32681,20325,33380,20326,34191,20327,34811,20328,34915,20329,35516,20426,35696,20427,37291,20428,20108,20429,20197,20430,20234,20431,63965,20432,63966,20433,22839,20434,23016,20435,63967,20436,24050,20437,24347,20438,24411,20439,24609,20440,63968,20441,63969,20442,63970,20443,63971,20444,29246,20445,29669,20446,63972,20447,30064,20448,30157,20449,63973,20450,31227,20451,63974,20452,32780,20453,32819,20454,32900,20455,33505,20456,33617,20457,63975,20458,63976,20459,36029,20460,36019,20461,36999,20462,63977,20463,63978,20464,39156,20465,39180,20466,63979,20467,63980,20468,28727,20469,30410,20470,32714,20471,32716,20472,32764,20473,35610,20474,20154,20475,20161,20476,20995,20477,21360,20478,63981,20479,21693,20480,22240,20481,23035,20482,23493,20483,24341,20484,24525,20485,28270,20486,63982,20487,63983,20488,32106,20489,33589,20490,63984,20491,34451,20492,35469,20493,63985,20494,38765,20495,38775,20496,63986,20497,63987,20498,19968,20499,20314,20500,20350,20501,22777,20502,26085,20503,28322,20504,36920,20505,37808,20506,39353,20507,20219,20508,22764,20509,22922,20510,23001,20511,24641,20512,63988,20513,63989,20514,31252,20515,63990,20516,33615,20517,36035,20518,20837,20519,21316,20616,63991,20617,63992,20618,63993,20619,20173,20620,21097,20621,23381,20622,33471,20623,20180,20624,21050,20625,21672,20626,22985,20627,23039,20628,23376,20629,23383,20630,23388,20631,24675,20632,24904,20633,28363,20634,28825,20635,29038,20636,29574,20637,29943,20638,30133,20639,30913,20640,32043,20641,32773,20642,33258,20643,33576,20644,34071,20645,34249,20646,35566,20647,36039,20648,38604,20649,20316,20650,21242,20651,22204,20652,26027,20653,26152,20654,28796,20655,28856,20656,29237,20657,32189,20658,33421,20659,37196,20660,38592,20661,40306,20662,23409,20663,26855,20664,27544,20665,28538,20666,30430,20667,23697,20668,26283,20669,28507,20670,31668,20671,31786,20672,34870,20673,38620,20674,19976,20675,20183,20676,21280,20677,22580,20678,22715,20679,22767,20680,22892,20681,23559,20682,24115,20683,24196,20684,24373,20685,25484,20686,26290,20687,26454,20688,27167,20689,27299,20690,27404,20691,28479,20692,29254,20693,63994,20694,29520,20695,29835,20696,31456,20697,31911,20698,33144,20699,33247,20700,33255,20701,33674,20702,33900,20703,34083,20704,34196,20705,34255,20706,35037,20707,36115,20708,37292,20709,38263,20806,38556,20807,20877,20808,21705,20809,22312,20810,23472,20811,25165,20812,26448,20813,26685,20814,26771,20815,28221,20816,28371,20817,28797,20818,32289,20819,35009,20820,36001,20821,36617,20822,40779,20823,40782,20824,29229,20825,31631,20826,35533,20827,37658,20828,20295,20829,20302,20830,20786,20831,21632,20832,22992,20833,24213,20834,25269,20835,26485,20836,26990,20837,27159,20838,27822,20839,28186,20840,29401,20841,29482,20842,30141,20843,31672,20844,32053,20845,33511,20846,33785,20847,33879,20848,34295,20849,35419,20850,36015,20851,36487,20852,36889,20853,37048,20854,38606,20855,40799,20856,21219,20857,21514,20858,23265,20859,23490,20860,25688,20861,25973,20862,28404,20863,29380,20864,63995,20865,30340,20866,31309,20867,31515,20868,31821,20869,32318,20870,32735,20871,33659,20872,35627,20873,36042,20874,36196,20875,36321,20876,36447,20877,36842,20878,36857,20879,36969,20880,37841,20881,20291,20882,20346,20883,20659,20884,20840,20885,20856,20886,21069,20887,21098,20888,22625,20889,22652,20890,22880,20891,23560,20892,23637,20893,24283,20894,24731,20895,25136,20896,26643,20897,27583,20898,27656,20899,28593,20996,29006,20997,29728,20998,30000,20999,30008,21000,30033,21001,30322,21002,31564,21003,31627,21004,31661,21005,31686,21006,32399,21007,35438,21008,36670,21009,36681,21010,37439,21011,37523,21012,37666,21013,37931,21014,38651,21015,39002,21016,39019,21017,39198,21018,20999,21019,25130,21020,25240,21021,27993,21022,30308,21023,31434,21024,31680,21025,32118,21026,21344,21027,23742,21028,24215,21029,28472,21030,28857,21031,31896,21032,38673,21033,39822,21034,40670,21035,25509,21036,25722,21037,34678,21038,19969,21039,20117,21040,20141,21041,20572,21042,20597,21043,21576,21044,22979,21045,23450,21046,24128,21047,24237,21048,24311,21049,24449,21050,24773,21051,25402,21052,25919,21053,25972,21054,26060,21055,26230,21056,26232,21057,26622,21058,26984,21059,27273,21060,27491,21061,27712,21062,28096,21063,28136,21064,28191,21065,28254,21066,28702,21067,28833,21068,29582,21069,29693,21070,30010,21071,30555,21072,30855,21073,31118,21074,31243,21075,31357,21076,31934,21077,32142,21078,33351,21079,35330,21080,35562,21081,35998,21082,37165,21083,37194,21084,37336,21085,37478,21086,37580,21087,37664,21088,38662,21089,38742,21186,38748,21187,38914,21188,40718,21189,21046,21190,21137,21191,21884,21192,22564,21193,24093,21194,24351,21195,24716,21196,25552,21197,26799,21198,28639,21199,31085,21200,31532,21201,33229,21202,34234,21203,35069,21204,35576,21205,36420,21206,37261,21207,38500,21208,38555,21209,38717,21210,38988,21211,40778,21212,20430,21213,20806,21214,20939,21215,21161,21216,22066,21217,24340,21218,24427,21219,25514,21220,25805,21221,26089,21222,26177,21223,26362,21224,26361,21225,26397,21226,26781,21227,26839,21228,27133,21229,28437,21230,28526,21231,29031,21232,29157,21233,29226,21234,29866,21235,30522,21236,31062,21237,31066,21238,31199,21239,31264,21240,31381,21241,31895,21242,31967,21243,32068,21244,32368,21245,32903,21246,34299,21247,34468,21248,35412,21249,35519,21250,36249,21251,36481,21252,36896,21253,36973,21254,37347,21255,38459,21256,38613,21257,40165,21258,26063,21259,31751,21260,36275,21261,37827,21262,23384,21263,23562,21264,21330,21265,25305,21266,29469,21267,20519,21268,23447,21269,24478,21270,24752,21271,24939,21272,26837,21273,28121,21274,29742,21275,31278,21276,32066,21277,32156,21278,32305,21279,33131,21376,36394,21377,36405,21378,37758,21379,37912,21380,20304,21381,22352,21382,24038,21383,24231,21384,25387,21385,32618,21386,20027,21387,20303,21388,20367,21389,20570,21390,23005,21391,32964,21392,21610,21393,21608,21394,22014,21395,22863,21396,23449,21397,24030,21398,24282,21399,26205,21400,26417,21401,26609,21402,26666,21403,27880,21404,27954,21405,28234,21406,28557,21407,28855,21408,29664,21409,30087,21410,31820,21411,32002,21412,32044,21413,32162,21414,33311,21415,34523,21416,35387,21417,35461,21418,36208,21419,36490,21420,36659,21421,36913,21422,37198,21423,37202,21424,37956,21425,39376,21426,31481,21427,31909,21428,20426,21429,20737,21430,20934,21431,22472,21432,23535,21433,23803,21434,26201,21435,27197,21436,27994,21437,28310,21438,28652,21439,28940,21440,30063,21441,31459,21442,34850,21443,36897,21444,36981,21445,38603,21446,39423,21447,33537,21448,20013,21449,20210,21450,34886,21451,37325,21452,21373,21453,27355,21454,26987,21455,27713,21456,33914,21457,22686,21458,24974,21459,26366,21460,25327,21461,28893,21462,29969,21463,30151,21464,32338,21465,33976,21466,35657,21467,36104,21468,20043,21469,21482,21566,21675,21567,22320,21568,22336,21569,24535,21570,25345,21571,25351,21572,25711,21573,25903,21574,26088,21575,26234,21576,26525,21577,26547,21578,27490,21579,27744,21580,27802,21581,28460,21582,30693,21583,30757,21584,31049,21585,31063,21586,32025,21587,32930,21588,33026,21589,33267,21590,33437,21591,33463,21592,34584,21593,35468,21594,63996,21595,36100,21596,36286,21597,36978,21598,30452,21599,31257,21600,31287,21601,32340,21602,32887,21603,21767,21604,21972,21605,22645,21606,25391,21607,25634,21608,26185,21609,26187,21610,26733,21611,27035,21612,27524,21613,27941,21614,28337,21615,29645,21616,29800,21617,29857,21618,30043,21619,30137,21620,30433,21621,30494,21622,30603,21623,31206,21624,32265,21625,32285,21626,33275,21627,34095,21628,34967,21629,35386,21630,36049,21631,36587,21632,36784,21633,36914,21634,37805,21635,38499,21636,38515,21637,38663,21638,20356,21639,21489,21640,23018,21641,23241,21642,24089,21643,26702,21644,29894,21645,30142,21646,31209,21647,31378,21648,33187,21649,34541,21650,36074,21651,36300,21652,36845,21653,26015,21654,26389,21655,63997,21656,22519,21657,28503,21658,32221,21659,36655,21756,37878,21757,38598,21758,24501,21759,25074,21760,28548,21761,19988,21762,20376,21763,20511,21764,21449,21765,21983,21766,23919,21767,24046,21768,27425,21769,27492,21770,30923,21771,31642,21772,63998,21773,36425,21774,36554,21775,36974,21776,25417,21777,25662,21778,30528,21779,31364,21780,37679,21781,38015,21782,40810,21783,25776,21784,28591,21785,29158,21786,29864,21787,29914,21788,31428,21789,31762,21790,32386,21791,31922,21792,32408,21793,35738,21794,36106,21795,38013,21796,39184,21797,39244,21798,21049,21799,23519,21800,25830,21801,26413,21802,32046,21803,20717,21804,21443,21805,22649,21806,24920,21807,24921,21808,25082,21809,26028,21810,31449,21811,35730,21812,35734,21813,20489,21814,20513,21815,21109,21816,21809,21817,23100,21818,24288,21819,24432,21820,24884,21821,25950,21822,26124,21823,26166,21824,26274,21825,27085,21826,28356,21827,28466,21828,29462,21829,30241,21830,31379,21831,33081,21832,33369,21833,33750,21834,33980,21835,20661,21836,22512,21837,23488,21838,23528,21839,24425,21840,25505,21841,30758,21842,32181,21843,33756,21844,34081,21845,37319,21846,37365,21847,20874,21848,26613,21849,31574,21946,36012,21947,20932,21948,22971,21949,24765,21950,34389,21951,20508,21952,63999,21953,21076,21954,23610,21955,24957,21956,25114,21957,25299,21958,25842,21959,26021,21960,28364,21961,30240,21962,33034,21963,36448,21964,38495,21965,38587,21966,20191,21967,21315,21968,21912,21969,22825,21970,24029,21971,25797,21972,27849,21973,28154,21974,29588,21975,31359,21976,33307,21977,34214,21978,36068,21979,36368,21980,36983,21981,37351,21982,38369,21983,38433,21984,38854,21985,20984,21986,21746,21987,21894,21988,24505,21989,25764,21990,28552,21991,32180,21992,36639,21993,36685,21994,37941,21995,20681,21996,23574,21997,27838,21998,28155,21999,29979,22000,30651,22001,31805,22002,31844,22003,35449,22004,35522,22005,22558,22006,22974,22007,24086,22008,25463,22009,29266,22010,30090,22011,30571,22012,35548,22013,36028,22014,36626,22015,24307,22016,26228,22017,28152,22018,32893,22019,33729,22020,35531,22021,38737,22022,39894,22023,64000,22024,21059,22025,26367,22026,28053,22027,28399,22028,32224,22029,35558,22030,36910,22031,36958,22032,39636,22033,21021,22034,21119,22035,21736,22036,24980,22037,25220,22038,25307,22039,26786,22136,26898,22137,26970,22138,27189,22139,28818,22140,28966,22141,30813,22142,30977,22143,30990,22144,31186,22145,31245,22146,32918,22147,33400,22148,33493,22149,33609,22150,34121,22151,35970,22152,36229,22153,37218,22154,37259,22155,37294,22156,20419,22157,22225,22158,29165,22159,30679,22160,34560,22161,35320,22162,23544,22163,24534,22164,26449,22165,37032,22166,21474,22167,22618,22168,23541,22169,24740,22170,24961,22171,25696,22172,32317,22173,32880,22174,34085,22175,37507,22176,25774,22177,20652,22178,23828,22179,26368,22180,22684,22181,25277,22182,25512,22183,26894,22184,27000,22185,27166,22186,28267,22187,30394,22188,31179,22189,33467,22190,33833,22191,35535,22192,36264,22193,36861,22194,37138,22195,37195,22196,37276,22197,37648,22198,37656,22199,37786,22200,38619,22201,39478,22202,39949,22203,19985,22204,30044,22205,31069,22206,31482,22207,31569,22208,31689,22209,32302,22210,33988,22211,36441,22212,36468,22213,36600,22214,36880,22215,26149,22216,26943,22217,29763,22218,20986,22219,26414,22220,40668,22221,20805,22222,24544,22223,27798,22224,34802,22225,34909,22226,34935,22227,24756,22228,33205,22229,33795,22326,36101,22327,21462,22328,21561,22329,22068,22330,23094,22331,23601,22332,28810,22333,32736,22334,32858,22335,33030,22336,33261,22337,36259,22338,37257,22339,39519,22340,40434,22341,20596,22342,20164,22343,21408,22344,24827,22345,28204,22346,23652,22347,20360,22348,20516,22349,21988,22350,23769,22351,24159,22352,24677,22353,26772,22354,27835,22355,28100,22356,29118,22357,30164,22358,30196,22359,30305,22360,31258,22361,31305,22362,32199,22363,32251,22364,32622,22365,33268,22366,34473,22367,36636,22368,38601,22369,39347,22370,40786,22371,21063,22372,21189,22373,39149,22374,35242,22375,19971,22376,26578,22377,28422,22378,20405,22379,23522,22380,26517,22381,27784,22382,28024,22383,29723,22384,30759,22385,37341,22386,37756,22387,34756,22388,31204,22389,31281,22390,24555,22391,20182,22392,21668,22393,21822,22394,22702,22395,22949,22396,24816,22397,25171,22398,25302,22399,26422,22400,26965,22401,33333,22402,38464,22403,39345,22404,39389,22405,20524,22406,21331,22407,21828,22408,22396,22409,64001,22410,25176,22411,64002,22412,25826,22413,26219,22414,26589,22415,28609,22416,28655,22417,29730,22418,29752,22419,35351,22516,37944,22517,21585,22518,22022,22519,22374,22520,24392,22521,24986,22522,27470,22523,28760,22524,28845,22525,32187,22526,35477,22527,22890,22528,33067,22529,25506,22530,30472,22531,32829,22532,36010,22533,22612,22534,25645,22535,27067,22536,23445,22537,24081,22538,28271,22539,64003,22540,34153,22541,20812,22542,21488,22543,22826,22544,24608,22545,24907,22546,27526,22547,27760,22548,27888,22549,31518,22550,32974,22551,33492,22552,36294,22553,37040,22554,39089,22555,64004,22556,25799,22557,28580,22558,25745,22559,25860,22560,20814,22561,21520,22562,22303,22563,35342,22564,24927,22565,26742,22566,64005,22567,30171,22568,31570,22569,32113,22570,36890,22571,22534,22572,27084,22573,33151,22574,35114,22575,36864,22576,38969,22577,20600,22578,22871,22579,22956,22580,25237,22581,36879,22582,39722,22583,24925,22584,29305,22585,38358,22586,22369,22587,23110,22588,24052,22589,25226,22590,25773,22591,25850,22592,26487,22593,27874,22594,27966,22595,29228,22596,29750,22597,30772,22598,32631,22599,33453,22600,36315,22601,38935,22602,21028,22603,22338,22604,26495,22605,29256,22606,29923,22607,36009,22608,36774,22609,37393,22706,38442,22707,20843,22708,21485,22709,25420,22710,20329,22711,21764,22712,24726,22713,25943,22714,27803,22715,28031,22716,29260,22717,29437,22718,31255,22719,35207,22720,35997,22721,24429,22722,28558,22723,28921,22724,33192,22725,24846,22726,20415,22727,20559,22728,25153,22729,29255,22730,31687,22731,32232,22732,32745,22733,36941,22734,38829,22735,39449,22736,36022,22737,22378,22738,24179,22739,26544,22740,33805,22741,35413,22742,21536,22743,23318,22744,24163,22745,24290,22746,24330,22747,25987,22748,32954,22749,34109,22750,38281,22751,38491,22752,20296,22753,21253,22754,21261,22755,21263,22756,21638,22757,21754,22758,22275,22759,24067,22760,24598,22761,25243,22762,25265,22763,25429,22764,64006,22765,27873,22766,28006,22767,30129,22768,30770,22769,32990,22770,33071,22771,33502,22772,33889,22773,33970,22774,34957,22775,35090,22776,36875,22777,37610,22778,39165,22779,39825,22780,24133,22781,26292,22782,26333,22783,28689,22784,29190,22785,64007,22786,20469,22787,21117,22788,24426,22789,24915,22790,26451,22791,27161,22792,28418,22793,29922,22794,31080,22795,34920,22796,35961,22797,39111,22798,39108,22799,39491,22896,21697,22897,31263,22898,26963,22899,35575,22900,35914,22901,39080,22902,39342,22903,24444,22904,25259,22905,30130,22906,30382,22907,34987,22908,36991,22909,38466,22910,21305,22911,24380,22912,24517,22913,27852,22914,29644,22915,30050,22916,30091,22917,31558,22918,33534,22919,39325,22920,20047,22921,36924,22922,19979,22923,20309,22924,21414,22925,22799,22926,24264,22927,26160,22928,27827,22929,29781,22930,33655,22931,34662,22932,36032,22933,36944,22934,38686,22935,39957,22936,22737,22937,23416,22938,34384,22939,35604,22940,40372,22941,23506,22942,24680,22943,24717,22944,26097,22945,27735,22946,28450,22947,28579,22948,28698,22949,32597,22950,32752,22951,38289,22952,38290,22953,38480,22954,38867,22955,21106,22956,36676,22957,20989,22958,21547,22959,21688,22960,21859,22961,21898,22962,27323,22963,28085,22964,32216,22965,33382,22966,37532,22967,38519,22968,40569,22969,21512,22970,21704,22971,30418,22972,34532,22973,38308,22974,38356,22975,38492,22976,20130,22977,20233,22978,23022,22979,23270,22980,24055,22981,24658,22982,25239,22983,26477,22984,26689,22985,27782,22986,28207,22987,32568,22988,32923,22989,33322,23086,64008,23087,64009,23088,38917,23089,20133,23090,20565,23091,21683,23092,22419,23093,22874,23094,23401,23095,23475,23096,25032,23097,26999,23098,28023,23099,28707,23100,34809,23101,35299,23102,35442,23103,35559,23104,36994,23105,39405,23106,39608,23107,21182,23108,26680,23109,20502,23110,24184,23111,26447,23112,33607,23113,34892,23114,20139,23115,21521,23116,22190,23117,29670,23118,37141,23119,38911,23120,39177,23121,39255,23122,39321,23123,22099,23124,22687,23125,34395,23126,35377,23127,25010,23128,27382,23129,29563,23130,36562,23131,27463,23132,38570,23133,39511,23134,22869,23135,29184,23136,36203,23137,38761,23138,20436,23139,23796,23140,24358,23141,25080,23142,26203,23143,27883,23144,28843,23145,29572,23146,29625,23147,29694,23148,30505,23149,30541,23150,32067,23151,32098,23152,32291,23153,33335,23154,34898,23155,64010,23156,36066,23157,37449,23158,39023,23159,23377,23160,31348,23161,34880,23162,38913,23163,23244,23164,20448,23165,21332,23166,22846,23167,23805,23168,25406,23169,28025,23170,29433,23171,33029,23172,33031,23173,33698,23174,37583,23175,38960,23176,20136,23177,20804,23178,21009,23179,22411,23276,24418,23277,27842,23278,28366,23279,28677,23280,28752,23281,28847,23282,29074,23283,29673,23284,29801,23285,33610,23286,34722,23287,34913,23288,36872,23289,37026,23290,37795,23291,39336,23292,20846,23293,24407,23294,24800,23295,24935,23296,26291,23297,34137,23298,36426,23299,37295,23300,38795,23301,20046,23302,20114,23303,21628,23304,22741,23305,22778,23306,22909,23307,23733,23308,24359,23309,25142,23310,25160,23311,26122,23312,26215,23313,27627,23314,28009,23315,28111,23316,28246,23317,28408,23318,28564,23319,28640,23320,28649,23321,28765,23322,29392,23323,29733,23324,29786,23325,29920,23326,30355,23327,31068,23328,31946,23329,32286,23330,32993,23331,33446,23332,33899,23333,33983,23334,34382,23335,34399,23336,34676,23337,35703,23338,35946,23339,37804,23340,38912,23341,39013,23342,24785,23343,25110,23344,37239,23345,23130,23346,26127,23347,28151,23348,28222,23349,29759,23350,39746,23351,24573,23352,24794,23353,31503,23354,21700,23355,24344,23356,27742,23357,27859,23358,27946,23359,28888,23360,32005,23361,34425,23362,35340,23363,40251,23364,21270,23365,21644,23366,23301,23367,27194,23368,28779,23369,30069,23466,31117,23467,31166,23468,33457,23469,33775,23470,35441,23471,35649,23472,36008,23473,38772,23474,64011,23475,25844,23476,25899,23477,30906,23478,30907,23479,31339,23480,20024,23481,21914,23482,22864,23483,23462,23484,24187,23485,24739,23486,25563,23487,27489,23488,26213,23489,26707,23490,28185,23491,29029,23492,29872,23493,32008,23494,36996,23495,39529,23496,39973,23497,27963,23498,28369,23499,29502,23500,35905,23501,38346,23502,20976,23503,24140,23504,24488,23505,24653,23506,24822,23507,24880,23508,24908,23509,26179,23510,26180,23511,27045,23512,27841,23513,28255,23514,28361,23515,28514,23516,29004,23517,29852,23518,30343,23519,31681,23520,31783,23521,33618,23522,34647,23523,36945,23524,38541,23525,40643,23526,21295,23527,22238,23528,24315,23529,24458,23530,24674,23531,24724,23532,25079,23533,26214,23534,26371,23535,27292,23536,28142,23537,28590,23538,28784,23539,29546,23540,32362,23541,33214,23542,33588,23543,34516,23544,35496,23545,36036,23546,21123,23547,29554,23548,23446,23549,27243,23550,37892,23551,21742,23552,22150,23553,23389,23554,25928,23555,25989,23556,26313,23557,26783,23558,28045,23559,28102,23656,29243,23657,32948,23658,37237,23659,39501,23660,20399,23661,20505,23662,21402,23663,21518,23664,21564,23665,21897,23666,21957,23667,24127,23668,24460,23669,26429,23670,29030,23671,29661,23672,36869,23673,21211,23674,21235,23675,22628,23676,22734,23677,28932,23678,29071,23679,29179,23680,34224,23681,35347,23682,26248,23683,34216,23684,21927,23685,26244,23686,29002,23687,33841,23688,21321,23689,21913,23690,27585,23691,24409,23692,24509,23693,25582,23694,26249,23695,28999,23696,35569,23697,36637,23698,40638,23699,20241,23700,25658,23701,28875,23702,30054,23703,34407,23704,24676,23705,35662,23706,40440,23707,20807,23708,20982,23709,21256,23710,27958,23711,33016,23712,40657,23713,26133,23714,27427,23715,28824,23716,30165,23717,21507,23718,23673,23719,32007,23720,35350,23721,27424,23722,27453,23723,27462,23724,21560,23725,24688,23726,27965,23727,32725,23728,33288,23729,20694,23730,20958,23731,21916,23732,22123,23733,22221,23734,23020,23735,23305,23736,24076,23737,24985,23738,24984,23739,25137,23740,26206,23741,26342,23742,29081,23743,29113,23744,29114,23745,29351,23746,31143,23747,31232,23748,32690,23749,35440』
也。
