api.ANGLE_instanced_arrays	1	1	1
api.ANGLE_instanced_arrays.drawArraysInstancedANGLE	1	1	1
api.ANGLE_instanced_arrays.drawElementsInstancedANGLE	1	1	1
api.ANGLE_instanced_arrays.vertexAttribDivisorANGLE	1	1	1
api.AbortController.AbortController	1	1	1
api.AbortController	1	1	1
api.AbortController.abort	1	1	1
api.AbortController.abort.reason_parameter	1	1	1
api.AbortController.signal	1	1	1
api.AbortPaymentEvent.AbortPaymentEvent	1	0	0
api.AbortPaymentEvent	1	0	0
api.AbortPaymentEvent.respondWith	1	0	0
api.AbortSignal	1	1	1
api.AbortSignal.abort_event	1	1	1
api.AbortSignal.abort_static	1	1	1
api.AbortSignal.abort_static.reason_parameter	1	1	1
api.AbortSignal.aborted	1	1	1
api.AbortSignal.any_static	1	1	1
api.AbortSignal.reason	1	1	1
api.AbortSignal.throwIfAborted	1	1	1
api.AbortSignal.timeout_static	1	1	1
api.AbsoluteOrientationSensor.AbsoluteOrientationSensor	1	0	0
api.AbsoluteOrientationSensor	1	0	0
api.AbstractRange	1	1	1
api.AbstractRange.collapsed	1	1	1
api.AbstractRange.endContainer	1	1	1
api.AbstractRange.endOffset	1	1	1
api.AbstractRange.startContainer	1	1	1
api.AbstractRange.startOffset	1	1	1
api.Accelerometer.Accelerometer	1	0	0
api.Accelerometer	1	0	0
api.Accelerometer.x	1	0	0
api.Accelerometer.y	1	0	0
api.Accelerometer.z	1	0	0
api.AmbientLightSensor.AmbientLightSensor	0	0	0
api.AmbientLightSensor	0	0	0
api.AmbientLightSensor.illuminance	0	0	0
api.AnalyserNode.AnalyserNode	1	1	1
api.AnalyserNode	1	1	1
api.AnalyserNode.fftSize	1	1	1
api.AnalyserNode.frequencyBinCount	1	1	1
api.AnalyserNode.getByteFrequencyData	1	1	1
api.AnalyserNode.getByteTimeDomainData	1	1	1
api.AnalyserNode.getFloatFrequencyData	1	1	1
api.AnalyserNode.getFloatTimeDomainData	1	1	1
api.AnalyserNode.maxDecibels	1	1	1
api.AnalyserNode.minDecibels	1	1	1
api.AnalyserNode.smoothingTimeConstant	1	1	1
api.Animation.Animation	1	1	1
api.Animation	1	1	1
api.Animation.cancel	1	1	1
api.Animation.cancel_event	1	1	1
api.Animation.commitStyles	1	1	1
api.Animation.commitStyles.endpoint_inclusive_commitStyles	1	1	1
api.Animation.currentTime	1	1	1
api.Animation.effect	1	1	1
api.Animation.finish	1	1	1
api.Animation.finish_event	1	1	1
api.Animation.finished	1	1	1
api.Animation.id	1	1	1
api.Animation.overallProgress	1	1	1
api.Animation.pause	1	1	1
api.Animation.pending	1	1	1
api.Animation.persist	1	1	1
api.Animation.play	1	1	1
api.Animation.playState	1	1	1
api.Animation.playbackRate	1	1	1
api.Animation.ready	1	1	1
api.Animation.remove_event	1	1	1
api.Animation.remove_filling_animation	1	1	1
api.Animation.replaceState	1	1	1
api.Animation.reverse	1	1	1
api.Animation.startTime	1	1	1
api.Animation.timeline	1	1	1
api.Animation.updatePlaybackRate	1	1	1
api.AnimationEffect	1	1	1
api.AnimationEffect.getComputedTiming	1	1	1
api.AnimationEffect.getTiming	1	1	1
api.AnimationEffect.updateTiming	1	1	1
api.AnimationEvent.AnimationEvent	1	1	1
api.AnimationEvent	1	1	1
api.AnimationEvent.animation	1	1	1
api.AnimationEvent.animationName	1	1	1
api.AnimationEvent.elapsedTime	1	1	1
api.AnimationEvent.pseudoElement	1	1	1
api.AnimationPlaybackEvent.AnimationPlaybackEvent	1	1	1
api.AnimationPlaybackEvent	1	1	1
api.AnimationPlaybackEvent.currentTime	1	1	1
api.AnimationPlaybackEvent.timelineTime	1	1	1
api.AnimationTimeline	1	1	1
api.AnimationTimeline.currentTime	1	1	1
api.AnimationTimeline.duration	1	1	1
api.AnimationTrigger	1	0	0
api.Attr	1	1	1
api.Attr.localName	1	1	1
api.Attr.name	1	1	1
api.Attr.namespaceURI	1	1	1
api.Attr.ownerElement	1	1	1
api.Attr.prefix	1	1	1
api.Attr.specified	1	1	1
api.Attr.value	1	1	1
api.AudioBuffer.AudioBuffer	1	1	1
api.AudioBuffer	1	1	1
api.AudioBuffer.copyFromChannel	1	1	1
api.AudioBuffer.copyToChannel	1	1	1
api.AudioBuffer.duration	1	1	1
api.AudioBuffer.getChannelData	1	1	1
api.AudioBuffer.length	1	1	1
api.AudioBuffer.numberOfChannels	1	1	1
api.AudioBuffer.sampleRate	1	1	1
api.AudioBufferSourceNode.AudioBufferSourceNode	1	1	1
api.AudioBufferSourceNode	1	1	1
api.AudioBufferSourceNode.buffer	1	1	1
api.AudioBufferSourceNode.detune	1	1	1
api.AudioBufferSourceNode.loop	1	1	1
api.AudioBufferSourceNode.loopEnd	1	1	1
api.AudioBufferSourceNode.loopStart	1	1	1
api.AudioBufferSourceNode.playbackRate	1	1	1
api.AudioBufferSourceNode.start	1	1	1
api.AudioContext.AudioContext	1	1	1
api.AudioContext.AudioContext.options_latencyHint_parameter	1	0	1
api.AudioContext.AudioContext.options_sampleRate_parameter	1	1	1
api.AudioContext.AudioContext.options_sinkId_parameter	1	0	0
api.AudioContext	1	1	1
api.AudioContext.baseLatency	1	1	1
api.AudioContext.close	1	1	1
api.AudioContext.createMediaElementSource	1	1	1
api.AudioContext.createMediaStreamDestination	1	1	1
api.AudioContext.createMediaStreamSource	1	1	1
api.AudioContext.createMediaStreamTrackSource	0	1	0
api.AudioContext.error_event	1	0	0
api.AudioContext.getOutputTimestamp	1	1	1
api.AudioContext.outputLatency	1	1	1
api.AudioContext.playbackStats	1	0	0
api.AudioContext.resume	1	1	1
api.AudioContext.setSinkId	1	0	0
api.AudioContext.sinkId	1	0	0
api.AudioContext.sinkchange_event	1	0	0
api.AudioContext.suspend	1	1	1
api.AudioData.AudioData	1	1	1
api.AudioData	1	1	1
api.AudioData.allocationSize	1	1	1
api.AudioData.clone	1	1	1
api.AudioData.close	1	1	1
api.AudioData.copyTo	1	1	1
api.AudioData.duration	1	1	1
api.AudioData.format	1	1	1
api.AudioData.numberOfChannels	1	1	1
api.AudioData.numberOfFrames	1	1	1
api.AudioData.sampleRate	1	1	1
api.AudioData.timestamp	1	1	1
api.AudioDecoder.AudioDecoder	1	1	1
api.AudioDecoder	1	1	1
api.AudioDecoder.close	1	1	1
api.AudioDecoder.configure	1	1	1
api.AudioDecoder.decode	1	1	1
api.AudioDecoder.decodeQueueSize	1	1	1
api.AudioDecoder.dequeue_event	1	1	1
api.AudioDecoder.flush	1	1	1
api.AudioDecoder.isConfigSupported_static	1	1	1
api.AudioDecoder.reset	1	1	1
api.AudioDecoder.state	1	1	1
api.AudioDestinationNode	1	1	1
api.AudioDestinationNode.maxChannelCount	1	1	1
api.AudioEncoder.AudioEncoder	1	1	1
api.AudioEncoder	1	1	1
api.AudioEncoder.close	1	1	1
api.AudioEncoder.configure	1	1	1
api.AudioEncoder.configure.bitrateMode	1	1	1
api.AudioEncoder.configure.opus	1	1	1
api.AudioEncoder.configure.opus.opus_application	1	0	0
api.AudioEncoder.configure.opus.opus_signal	1	0	0
api.AudioEncoder.dequeue_event	1	1	1
api.AudioEncoder.encode	1	1	1
api.AudioEncoder.encodeQueueSize	1	1	1
api.AudioEncoder.flush	1	1	1
api.AudioEncoder.isConfigSupported_static	1	1	1
api.AudioEncoder.reset	1	1	1
api.AudioEncoder.state	1	1	1
api.AudioListener	1	1	1
api.AudioListener.forwardX	1	0	1
api.AudioListener.forwardY	1	0	1
api.AudioListener.forwardZ	1	0	1
api.AudioListener.positionX	1	0	1
api.AudioListener.positionY	1	0	1
api.AudioListener.positionZ	1	0	1
api.AudioListener.setOrientation	1	1	1
api.AudioListener.setPosition	1	1	1
api.AudioListener.upX	1	0	1
api.AudioListener.upY	1	0	1
api.AudioListener.upZ	1	0	1
api.AudioNode	1	1	1
api.AudioNode.channelCount	1	1	1
api.AudioNode.channelCountMode	1	1	1
api.AudioNode.channelInterpretation	1	1	1
api.AudioNode.connect	1	1	1
api.AudioNode.context	1	1	1
api.AudioNode.disconnect	1	1	1
api.AudioNode.disconnect.destination_parameter	1	0	0
api.AudioNode.disconnect.input_parameter	1	0	0
api.AudioNode.numberOfInputs	1	1	1
api.AudioNode.numberOfOutputs	1	1	1
api.AudioParam	1	1	1
api.AudioParam.automationRate	1	0	1
api.AudioParam.cancelAndHoldAtTime	1	0	1
api.AudioParam.cancelScheduledValues	1	1	1
api.AudioParam.defaultValue	1	1	1
api.AudioParam.exponentialRampToValueAtTime	1	1	1
api.AudioParam.linearRampToValueAtTime	1	1	1
api.AudioParam.maxValue	1	1	1
api.AudioParam.minValue	1	1	1
api.AudioParam.setTargetAtTime	1	1	1
api.AudioParam.setValueAtTime	1	1	1
api.AudioParam.setValueCurveAtTime	1	1	1
api.AudioParam.value	1	1	1
api.AudioParamMap.@@iterator	1	1	1
api.AudioParamMap	1	1	1
api.AudioParamMap.entries	1	1	1
api.AudioParamMap.forEach	1	1	1
api.AudioParamMap.get	1	1	1
api.AudioParamMap.has	1	1	1
api.AudioParamMap.keys	1	1	1
api.AudioParamMap.size	1	1	1
api.AudioParamMap.values	1	1	1
api.AudioPlaybackStats	1	0	0
api.AudioPlaybackStats.averageLatency	1	0	0
api.AudioPlaybackStats.maximumLatency	1	0	0
api.AudioPlaybackStats.minimumLatency	1	0	0
api.AudioPlaybackStats.resetLatency	1	0	0
api.AudioPlaybackStats.toJSON	1	0	0
api.AudioPlaybackStats.totalDuration	1	0	0
api.AudioPlaybackStats.underrunDuration	1	0	0
api.AudioPlaybackStats.underrunEvents	1	0	0
api.AudioProcessingEvent.AudioProcessingEvent	1	0	1
api.AudioProcessingEvent	1	1	1
api.AudioProcessingEvent.inputBuffer	1	1	1
api.AudioProcessingEvent.outputBuffer	1	1	1
api.AudioProcessingEvent.playbackTime	1	1	1
api.AudioScheduledSourceNode	1	1	1
api.AudioScheduledSourceNode.ended_event	1	1	1
api.AudioScheduledSourceNode.start	1	1	1
api.AudioScheduledSourceNode.stop	1	1	1
api.AudioSession	0	1	1
api.AudioSession.state	0	1	0
api.AudioSession.statechange_event	0	1	0
api.AudioSession.type	0	1	1
api.AudioSinkInfo	1	0	0
api.AudioSinkInfo.type	1	0	0
api.AudioTrack	0	0	1
api.AudioTrack.enabled	0	0	1
api.AudioTrack.id	0	0	1
api.AudioTrack.kind	0	0	1
api.AudioTrack.label	0	0	1
api.AudioTrack.language	0	0	1
api.AudioTrack.sourceBuffer	0	0	1
api.AudioTrackList	0	0	1
api.AudioTrackList.addtrack_event	0	0	1
api.AudioTrackList.change_event	0	0	1
api.AudioTrackList.getTrackById	0	0	1
api.AudioTrackList.length	0	0	1
api.AudioTrackList.removetrack_event	0	0	1
api.AudioWorklet	1	1	1
api.AudioWorklet.port	0	1	0
api.AudioWorkletGlobalScope	1	1	1
api.AudioWorkletGlobalScope.currentFrame	1	1	1
api.AudioWorkletGlobalScope.currentTime	1	1	1
api.AudioWorkletGlobalScope.port	0	1	0
api.AudioWorkletGlobalScope.registerProcessor	1	1	1
api.AudioWorkletGlobalScope.sampleRate	1	1	1
api.AudioWorkletNode.AudioWorkletNode	1	1	1
api.AudioWorkletNode	1	1	1
api.AudioWorkletNode.parameters	1	1	1
api.AudioWorkletNode.port	1	1	1
api.AudioWorkletNode.processorerror_event	1	1	1
api.AudioWorkletProcessor.AudioWorkletProcessor	1	1	1
api.AudioWorkletProcessor	1	1	1
api.AudioWorkletProcessor.port	1	1	1
api.AuthenticatorAssertionResponse	1	1	1
api.AuthenticatorAssertionResponse.authenticatorData	1	1	1
api.AuthenticatorAssertionResponse.signature	1	1	1
api.AuthenticatorAssertionResponse.userHandle	1	1	1
api.AuthenticatorAttestationResponse	1	1	1
api.AuthenticatorAttestationResponse.attestationObject	1	1	1
api.AuthenticatorAttestationResponse.getAuthenticatorData	1	1	1
api.AuthenticatorAttestationResponse.getPublicKey	1	1	1
api.AuthenticatorAttestationResponse.getPublicKey.algorithm_eddsa	1	1	0
api.AuthenticatorAttestationResponse.getPublicKey.algorithm_es256	1	1	1
api.AuthenticatorAttestationResponse.getPublicKey.algorithm_rs256	1	1	0
api.AuthenticatorAttestationResponse.getPublicKeyAlgorithm	1	1	1
api.AuthenticatorAttestationResponse.getTransports	1	1	1
api.AuthenticatorResponse	1	1	1
api.AuthenticatorResponse.clientDataJSON	1	1	1
api.BackgroundFetchEvent.BackgroundFetchEvent	1	0	0
api.BackgroundFetchEvent	1	0	0
api.BackgroundFetchEvent.registration	1	0	0
api.BackgroundFetchManager	1	0	0
api.BackgroundFetchManager.fetch	1	0	0
api.BackgroundFetchManager.get	1	0	0
api.BackgroundFetchManager.getIds	1	0	0
api.BackgroundFetchRecord	1	0	0
api.BackgroundFetchRecord.request	1	0	0
api.BackgroundFetchRecord.responseReady	1	0	0
api.BackgroundFetchRegistration	1	0	0
api.BackgroundFetchRegistration.abort	1	0	0
api.BackgroundFetchRegistration.downloadTotal	1	0	0
api.BackgroundFetchRegistration.downloaded	1	0	0
api.BackgroundFetchRegistration.failureReason	1	0	0
api.BackgroundFetchRegistration.id	1	0	0
api.BackgroundFetchRegistration.match	1	0	0
api.BackgroundFetchRegistration.matchAll	1	0	0
api.BackgroundFetchRegistration.progress_event	1	0	0
api.BackgroundFetchRegistration.recordsAvailable	1	0	0
api.BackgroundFetchRegistration.result	1	0	0
api.BackgroundFetchRegistration.uploadTotal	1	0	0
api.BackgroundFetchRegistration.uploaded	1	0	0
api.BackgroundFetchUpdateUIEvent.BackgroundFetchUpdateUIEvent	1	0	0
api.BackgroundFetchUpdateUIEvent	1	0	0
api.BackgroundFetchUpdateUIEvent.updateUI	1	0	0
api.BarProp	1	1	1
api.BarProp.visible	1	1	1
api.BarProp.visible.returns_popup	1	1	0
api.BarcodeDetector.BarcodeDetector	1	0	0
api.BarcodeDetector	1	0	0
api.BarcodeDetector.detect	1	0	0
api.BarcodeDetector.getSupportedFormats_static	1	0	0
api.BaseAudioContext	1	1	1
api.BaseAudioContext.audioWorklet	1	1	1
api.BaseAudioContext.createAnalyser	1	1	1
api.BaseAudioContext.createBiquadFilter	1	1	1
api.BaseAudioContext.createBuffer	1	1	1
api.BaseAudioContext.createBufferSource	1	1	1
api.BaseAudioContext.createChannelMerger	1	1	1
api.BaseAudioContext.createChannelSplitter	1	1	1
api.BaseAudioContext.createConstantSource	1	1	1
api.BaseAudioContext.createConvolver	1	1	1
api.BaseAudioContext.createDelay	1	1	1
api.BaseAudioContext.createDynamicsCompressor	1	1	1
api.BaseAudioContext.createGain	1	1	1
api.BaseAudioContext.createIIRFilter	1	1	1
api.BaseAudioContext.createOscillator	1	1	1
api.BaseAudioContext.createPanner	1	1	1
api.BaseAudioContext.createPeriodicWave	1	1	1
api.BaseAudioContext.createPeriodicWave.constraints_disableNormalization_parameter	1	1	1
api.BaseAudioContext.createScriptProcessor	1	1	1
api.BaseAudioContext.createStereoPanner	1	1	1
api.BaseAudioContext.createWaveShaper	1	1	1
api.BaseAudioContext.currentTime	1	1	1
api.BaseAudioContext.decodeAudioData	1	1	1
api.BaseAudioContext.decodeAudioData.returns_promise	1	1	1
api.BaseAudioContext.destination	1	1	1
api.BaseAudioContext.listener	1	1	1
api.BaseAudioContext.renderQuantumSize	1	0	0
api.BaseAudioContext.sampleRate	1	1	1
api.BaseAudioContext.state	1	1	1
api.BaseAudioContext.state.interrupted	1	0	1
api.BaseAudioContext.statechange_event	1	1	1
api.BatteryManager	1	0	0
api.BatteryManager.charging	1	0	0
api.BatteryManager.chargingTime	1	0	0
api.BatteryManager.chargingchange_event	1	0	0
api.BatteryManager.chargingtimechange_event	1	0	0
api.BatteryManager.dischargingTime	1	0	0
api.BatteryManager.dischargingtimechange_event	1	0	0
api.BatteryManager.level	1	0	0
api.BatteryManager.levelchange_event	1	0	0
api.BatteryManager.secure_context_required	1	0	0
api.BeforeInstallPromptEvent.BeforeInstallPromptEvent	1	0	0
api.BeforeInstallPromptEvent	1	0	0
api.BeforeInstallPromptEvent.platforms	1	0	0
api.BeforeInstallPromptEvent.prompt	1	0	0
api.BeforeInstallPromptEvent.userChoice	1	0	0
api.BeforeUnloadEvent	1	1	1
api.BeforeUnloadEvent.returnValue	1	1	1
api.BeforeUnloadEvent.user_interaction	1	1	1
api.BiquadFilterNode.BiquadFilterNode	1	1	1
api.BiquadFilterNode.Q	1	1	1
api.BiquadFilterNode	1	1	1
api.BiquadFilterNode.detune	1	1	1
api.BiquadFilterNode.frequency	1	1	1
api.BiquadFilterNode.gain	1	1	1
api.BiquadFilterNode.getFrequencyResponse	1	1	1
api.BiquadFilterNode.type	1	1	1
api.Blob.Blob	1	1	1
api.Blob	1	1	1
api.Blob.arrayBuffer	1	1	1
api.Blob.bytes	1	1	1
api.Blob.size	1	1	1
api.Blob.slice	1	1	1
api.Blob.stream	1	1	1
api.Blob.text	1	1	1
api.Blob.textStream	1	0	0
api.Blob.type	1	1	1
api.BlobEvent.BlobEvent	1	1	1
api.BlobEvent	1	1	1
api.BlobEvent.data	1	1	1
api.BlobEvent.timecode	1	0	1
api.Bluetooth	1	0	0
api.Bluetooth.getAvailability	1	0	0
api.Bluetooth.getDevices	0	0	0
api.Bluetooth.requestDevice	1	0	0
api.Bluetooth.requestDevice.options_exclusionFilters_parameter	1	0	0
api.Bluetooth.requestDevice.options_filter_manufacturerData_parameter	1	0	0
api.BluetoothCharacteristicProperties	1	0	0
api.BluetoothCharacteristicProperties.authenticatedSignedWrites	1	0	0
api.BluetoothCharacteristicProperties.broadcast	1	0	0
api.BluetoothCharacteristicProperties.indicate	1	0	0
api.BluetoothCharacteristicProperties.notify	1	0	0
api.BluetoothCharacteristicProperties.read	1	0	0
api.BluetoothCharacteristicProperties.reliableWrite	1	0	0
api.BluetoothCharacteristicProperties.writableAuxiliaries	1	0	0
api.BluetoothCharacteristicProperties.write	1	0	0
api.BluetoothCharacteristicProperties.writeWithoutResponse	1	0	0
api.BluetoothDevice	1	0	0
api.BluetoothDevice.gatt	1	0	0
api.BluetoothDevice.gattserverdisconnected_event	1	0	0
api.BluetoothDevice.id	1	0	0
api.BluetoothDevice.name	1	0	0
api.BluetoothRemoteGATTCharacteristic	1	0	0
api.BluetoothRemoteGATTCharacteristic.characteristicvaluechanged_event	1	0	0
api.BluetoothRemoteGATTCharacteristic.getDescriptor	1	0	0
api.BluetoothRemoteGATTCharacteristic.getDescriptors	1	0	0
api.BluetoothRemoteGATTCharacteristic.properties	1	0	0
api.BluetoothRemoteGATTCharacteristic.readValue	1	0	0
api.BluetoothRemoteGATTCharacteristic.service	1	0	0
api.BluetoothRemoteGATTCharacteristic.startNotifications	1	0	0
api.BluetoothRemoteGATTCharacteristic.stopNotifications	1	0	0
api.BluetoothRemoteGATTCharacteristic.uuid	1	0	0
api.BluetoothRemoteGATTCharacteristic.value	1	0	0
api.BluetoothRemoteGATTCharacteristic.writeValue	1	0	0
api.BluetoothRemoteGATTCharacteristic.writeValueWithResponse	1	0	0
api.BluetoothRemoteGATTCharacteristic.writeValueWithoutResponse	1	0	0
api.BluetoothRemoteGATTDescriptor	1	0	0
api.BluetoothRemoteGATTDescriptor.characteristic	1	0	0
api.BluetoothRemoteGATTDescriptor.readValue	1	0	0
api.BluetoothRemoteGATTDescriptor.uuid	1	0	0
api.BluetoothRemoteGATTDescriptor.value	1	0	0
api.BluetoothRemoteGATTDescriptor.writeValue	1	0	0
api.BluetoothRemoteGATTServer	1	0	0
api.BluetoothRemoteGATTServer.connect	1	0	0
api.BluetoothRemoteGATTServer.connected	1	0	0
api.BluetoothRemoteGATTServer.device	1	0	0
api.BluetoothRemoteGATTServer.disconnect	1	0	0
api.BluetoothRemoteGATTServer.getPrimaryService	1	0	0
api.BluetoothRemoteGATTServer.getPrimaryServices	1	0	0
api.BluetoothRemoteGATTService	1	0	0
api.BluetoothRemoteGATTService.device	1	0	0
api.BluetoothRemoteGATTService.getCharacteristic	1	0	0
api.BluetoothRemoteGATTService.getCharacteristics	1	0	0
api.BluetoothRemoteGATTService.isPrimary	1	0	0
api.BluetoothRemoteGATTService.uuid	1	0	0
api.BluetoothUUID	1	0	0
api.BluetoothUUID.canonicalUUID_static	1	0	0
api.BluetoothUUID.getCharacteristic_static	1	0	0
api.BluetoothUUID.getDescriptor_static	1	0	0
api.BluetoothUUID.getService_static	1	0	0
api.BroadcastChannel.BroadcastChannel	1	1	1
api.BroadcastChannel	1	1	1
api.BroadcastChannel.close	1	1	1
api.BroadcastChannel.message_event	1	1	1
api.BroadcastChannel.messageerror_event	1	1	1
api.BroadcastChannel.name	1	1	1
api.BroadcastChannel.postMessage	1	1	1
api.BrowserCaptureMediaStreamTrack	1	0	0
api.BrowserCaptureMediaStreamTrack.clone	1	0	0
api.BrowserCaptureMediaStreamTrack.cropTo	1	0	0
api.BrowserCaptureMediaStreamTrack.restrictTo	1	0	0
api.BufferedChangeEvent.BufferedChangeEvent	0	0	1
api.BufferedChangeEvent	0	0	1
api.BufferedChangeEvent.addedRanges	0	0	1
api.BufferedChangeEvent.removedRanges	0	0	1
api.ByteLengthQueuingStrategy.ByteLengthQueuingStrategy	1	1	1
api.ByteLengthQueuingStrategy	1	1	1
api.ByteLengthQueuingStrategy.highWaterMark	1	1	1
api.ByteLengthQueuingStrategy.size	1	1	1
api.CDATASection	1	1	1
api.CSPViolationReportBody	1	1	1
api.CSPViolationReportBody.blockedURL	1	1	1
api.CSPViolationReportBody.columnNumber	1	1	1
api.CSPViolationReportBody.disposition	1	1	1
api.CSPViolationReportBody.documentURL	1	1	1
api.CSPViolationReportBody.effectiveDirective	1	1	1
api.CSPViolationReportBody.lineNumber	1	1	1
api.CSPViolationReportBody.originalPolicy	1	1	1
api.CSPViolationReportBody.referrer	1	1	1
api.CSPViolationReportBody.sample	1	1	1
api.CSPViolationReportBody.sourceFile	1	1	1
api.CSPViolationReportBody.statusCode	1	1	1
api.CSPViolationReportBody.toJSON	1	1	1
api.CSS.Hz_static	1	1	1
api.CSS.Q_static	1	1	1
api.CSS	1	1	1
api.CSS.cap_static	1	1	1
api.CSS.ch_static	1	1	1
api.CSS.cm_static	1	1	1
api.CSS.cqb_static	1	1	1
api.CSS.cqh_static	1	1	1
api.CSS.cqi_static	1	1	1
api.CSS.cqmax_static	1	1	1
api.CSS.cqmin_static	1	1	1
api.CSS.cqw_static	1	1	1
api.CSS.deg_static	1	1	1
api.CSS.dpcm_static	1	1	1
api.CSS.dpi_static	1	1	1
api.CSS.dppx_static	1	1	1
api.CSS.dvb_static	1	1	1
api.CSS.dvh_static	1	1	1
api.CSS.dvi_static	1	1	1
api.CSS.dvmax_static	1	1	1
api.CSS.dvmin_static	1	1	1
api.CSS.dvw_static	1	1	1
api.CSS.em_static	1	1	1
api.CSS.escape_static	1	1	1
api.CSS.ex_static	1	1	1
api.CSS.fr_static	1	1	1
api.CSS.grad_static	1	1	1
api.CSS.highlights_static	1	1	1
api.CSS.ic_static	1	1	1
api.CSS.in_static	1	1	1
api.CSS.kHz_static	1	1	1
api.CSS.lh_static	1	1	1
api.CSS.lvb_static	1	1	1
api.CSS.lvh_static	1	1	1
api.CSS.lvi_static	1	1	1
api.CSS.lvmax_static	1	1	1
api.CSS.lvmin_static	1	1	1
api.CSS.lvw_static	1	1	1
api.CSS.mm_static	1	1	1
api.CSS.ms_static	1	1	1
api.CSS.number_static	1	1	1
api.CSS.paintWorklet_static	1	0	0
api.CSS.pc_static	1	1	1
api.CSS.percent_static	1	1	1
api.CSS.pt_static	1	1	1
api.CSS.px_static	1	1	1
api.CSS.rad_static	1	1	1
api.CSS.rcap_static	1	1	1
api.CSS.rch_static	1	1	1
api.CSS.registerProperty_static	1	1	1
api.CSS.rem_static	1	1	1
api.CSS.rex_static	1	1	1
api.CSS.ric_static	1	1	1
api.CSS.rlh_static	1	1	1
api.CSS.s_static	1	1	1
api.CSS.supports_static	1	1	1
api.CSS.supports_static.optional_parens	1	1	1
api.CSS.svb_static	1	1	1
api.CSS.svh_static	1	1	1
api.CSS.svi_static	1	1	1
api.CSS.svmax_static	1	1	1
api.CSS.svmin_static	1	1	1
api.CSS.svw_static	1	1	1
api.CSS.turn_static	1	1	1
api.CSS.vb_static	1	1	1
api.CSS.vh_static	1	1	1
api.CSS.vi_static	1	1	1
api.CSS.vmax_static	1	1	1
api.CSS.vmin_static	1	1	1
api.CSS.vw_static	1	1	1
api.CSSAnimation	1	1	1
api.CSSAnimation.animationName	1	1	1
api.CSSConditionRule	1	1	1
api.CSSConditionRule.conditionText	1	1	1
api.CSSContainerRule	1	1	1
api.CSSContainerRule.conditions	1	1	0
api.CSSContainerRule.containerName	1	1	1
api.CSSContainerRule.containerQuery	1	1	1
api.CSSCounterStyleRule	1	1	1
api.CSSCounterStyleRule.additiveSymbols	1	1	1
api.CSSCounterStyleRule.fallback	1	1	1
api.CSSCounterStyleRule.name	1	1	1
api.CSSCounterStyleRule.negative	1	1	1
api.CSSCounterStyleRule.pad	1	1	1
api.CSSCounterStyleRule.prefix	1	1	1
api.CSSCounterStyleRule.range	1	1	1
api.CSSCounterStyleRule.speakAs	1	1	1
api.CSSCounterStyleRule.suffix	1	1	1
api.CSSCounterStyleRule.symbols	1	1	1
api.CSSCounterStyleRule.system	1	1	1
api.CSSCustomMediaRule	0	0	0
api.CSSFontFaceDescriptors	0	1	1
api.CSSFontFaceDescriptors.ascent-override	0	1	1
api.CSSFontFaceDescriptors.ascentOverride	0	1	1
api.CSSFontFaceDescriptors.descent-override	0	1	1
api.CSSFontFaceDescriptors.descentOverride	0	1	1
api.CSSFontFaceDescriptors.font-display	0	1	1
api.CSSFontFaceDescriptors.font-family	0	1	1
api.CSSFontFaceDescriptors.font-feature-settings	0	1	1
api.CSSFontFaceDescriptors.font-language-override	0	1	0
api.CSSFontFaceDescriptors.font-stretch	0	1	1
api.CSSFontFaceDescriptors.font-style	0	1	1
api.CSSFontFaceDescriptors.font-variation-settings	0	1	0
api.CSSFontFaceDescriptors.font-weight	0	1	1
api.CSSFontFaceDescriptors.font-width	0	1	1
api.CSSFontFaceDescriptors.fontDisplay	0	1	1
api.CSSFontFaceDescriptors.fontFamily	0	1	1
api.CSSFontFaceDescriptors.fontFeatureSettings	0	1	1
api.CSSFontFaceDescriptors.fontLanguageOverride	0	1	0
api.CSSFontFaceDescriptors.fontStretch	0	1	1
api.CSSFontFaceDescriptors.fontStyle	0	1	1
api.CSSFontFaceDescriptors.fontVariationSettings	0	1	0
api.CSSFontFaceDescriptors.fontWeight	0	1	1
api.CSSFontFaceDescriptors.fontWidth	0	1	1
api.CSSFontFaceDescriptors.line-gap-override	0	1	1
api.CSSFontFaceDescriptors.lineGapOverride	0	1	1
api.CSSFontFaceDescriptors.size-adjust	0	1	1
api.CSSFontFaceDescriptors.sizeAdjust	0	1	1
api.CSSFontFaceDescriptors.src	0	1	1
api.CSSFontFaceDescriptors.unicode-range	0	1	1
api.CSSFontFaceDescriptors.unicodeRange	0	1	1
api.CSSFontFaceRule	1	1	1
api.CSSFontFaceRule.style	1	1	1
api.CSSFontFaceRule.style.type_CSSFontFaceDescriptors	0	1	1
api.CSSFontFeatureValuesMap.@@iterator	1	0	0
api.CSSFontFeatureValuesMap	1	0	0
api.CSSFontFeatureValuesMap.clear	1	0	0
api.CSSFontFeatureValuesMap.delete	1	0	0
api.CSSFontFeatureValuesMap.entries	1	0	0
api.CSSFontFeatureValuesMap.forEach	1	0	0
api.CSSFontFeatureValuesMap.get	1	0	0
api.CSSFontFeatureValuesMap.has	1	0	0
api.CSSFontFeatureValuesMap.keys	1	0	0
api.CSSFontFeatureValuesMap.set	1	0	0
api.CSSFontFeatureValuesMap.size	1	0	0
api.CSSFontFeatureValuesMap.values	1	0	0
api.CSSFontFeatureValuesRule	1	1	1
api.CSSFontFeatureValuesRule.annotation	1	0	0
api.CSSFontFeatureValuesRule.characterVariant	1	0	0
api.CSSFontFeatureValuesRule.fontFamily	1	1	1
api.CSSFontFeatureValuesRule.ornaments	1	0	0
api.CSSFontFeatureValuesRule.styleset	1	0	0
api.CSSFontFeatureValuesRule.stylistic	1	0	0
api.CSSFontFeatureValuesRule.swash	1	0	0
api.CSSFontPaletteValuesRule	1	1	1
api.CSSFontPaletteValuesRule.basePalette	1	1	1
api.CSSFontPaletteValuesRule.fontFamily	1	1	1
api.CSSFontPaletteValuesRule.name	1	1	1
api.CSSFontPaletteValuesRule.overrideColors	1	1	1
api.CSSFunctionDeclarations	1	0	1
api.CSSFunctionDeclarations.style	1	0	1
api.CSSFunctionDescriptors	1	0	1
api.CSSFunctionDescriptors.result	1	0	1
api.CSSFunctionRule	1	0	1
api.CSSFunctionRule.getParameters	1	0	1
api.CSSFunctionRule.name	1	0	1
api.CSSFunctionRule.returnType	1	0	1
api.CSSGroupingRule	1	1	1
api.CSSGroupingRule.cssRules	1	1	1
api.CSSGroupingRule.deleteRule	1	1	1
api.CSSGroupingRule.insertRule	1	1	1
api.CSSImageValue	1	1	1
api.CSSImportRule	1	1	1
api.CSSImportRule.href	1	1	1
api.CSSImportRule.layerName	1	1	1
api.CSSImportRule.media	1	1	1
api.CSSImportRule.styleSheet	1	1	1
api.CSSImportRule.supportsText	1	1	1
api.CSSKeyframeRule	1	1	1
api.CSSKeyframeRule.keyText	1	1	1
api.CSSKeyframeRule.style	1	1	1
api.CSSKeyframesRule	1	1	1
api.CSSKeyframesRule.appendRule	1	1	1
api.CSSKeyframesRule.cssRules	1	1	1
api.CSSKeyframesRule.deleteRule	1	1	1
api.CSSKeyframesRule.findRule	1	1	1
api.CSSKeyframesRule.length	1	1	1
api.CSSKeyframesRule.name	1	1	1
api.CSSKeywordValue.CSSKeywordValue	1	1	1
api.CSSKeywordValue	1	1	1
api.CSSKeywordValue.value	1	1	1
api.CSSLayerBlockRule	1	1	1
api.CSSLayerBlockRule.name	1	1	1
api.CSSLayerStatementRule	1	1	1
api.CSSLayerStatementRule.nameList	1	1	1
api.CSSMarginRule	1	0	0
api.CSSMarginRule.name	1	0	0
api.CSSMarginRule.style	1	0	0
api.CSSMathClamp.CSSMathClamp	1	1	1
api.CSSMathClamp	1	1	1
api.CSSMathClamp.lower	1	1	1
api.CSSMathClamp.upper	1	1	1
api.CSSMathClamp.value	1	1	1
api.CSSMathInvert.CSSMathInvert	1	1	1
api.CSSMathInvert	1	1	1
api.CSSMathInvert.value	1	1	1
api.CSSMathMax.CSSMathMax	1	1	0
api.CSSMathMax	1	1	1
api.CSSMathMax.values	1	1	1
api.CSSMathMin.CSSMathMin	1	1	0
api.CSSMathMin	1	1	1
api.CSSMathMin.values	1	1	1
api.CSSMathNegate.CSSMathNegate	1	1	1
api.CSSMathNegate	1	1	1
api.CSSMathNegate.value	1	1	1
api.CSSMathProduct.CSSMathProduct	1	1	0
api.CSSMathProduct	1	1	1
api.CSSMathProduct.values	1	1	1
api.CSSMathSum.CSSMathSum	1	1	0
api.CSSMathSum	1	1	1
api.CSSMathSum.values	1	1	1
api.CSSMathValue	1	1	1
api.CSSMathValue.operator	1	1	1
api.CSSMatrixComponent.CSSMatrixComponent	1	1	1
api.CSSMatrixComponent	1	1	1
api.CSSMatrixComponent.matrix	1	1	1
api.CSSMediaRule	1	1	1
api.CSSMediaRule.matches	0	0	1
api.CSSMediaRule.media	1	1	1
api.CSSNamespaceRule	1	1	1
api.CSSNamespaceRule.namespaceURI	1	1	1
api.CSSNamespaceRule.prefix	1	1	1
api.CSSNestedDeclarations	1	1	1
api.CSSNestedDeclarations.style	1	1	1
api.CSSNumericArray.@@iterator	1	1	1
api.CSSNumericArray	1	1	1
api.CSSNumericArray.entries	1	1	1
api.CSSNumericArray.forEach	1	1	1
api.CSSNumericArray.keys	1	1	1
api.CSSNumericArray.length	1	1	1
api.CSSNumericArray.values	1	1	1
api.CSSNumericValue	1	1	1
api.CSSNumericValue.add	1	1	1
api.CSSNumericValue.div	1	1	1
api.CSSNumericValue.equals	1	1	1
api.CSSNumericValue.max	1	1	1
api.CSSNumericValue.min	1	1	1
api.CSSNumericValue.mul	1	1	1
api.CSSNumericValue.parse_static	1	1	1
api.CSSNumericValue.sub	1	1	1
api.CSSNumericValue.to	1	1	1
api.CSSNumericValue.toSum	1	1	1
api.CSSNumericValue.type	1	1	1
api.CSSPageDescriptors	0	1	1
api.CSSPageDescriptors.margin	0	1	1
api.CSSPageDescriptors.margin-bottom	0	1	1
api.CSSPageDescriptors.margin-left	0	1	1
api.CSSPageDescriptors.margin-right	0	1	1
api.CSSPageDescriptors.margin-top	0	1	1
api.CSSPageDescriptors.marginBottom	0	1	1
api.CSSPageDescriptors.marginLeft	0	1	1
api.CSSPageDescriptors.marginRight	0	1	1
api.CSSPageDescriptors.marginTop	0	1	1
api.CSSPageDescriptors.page-orientation	0	1	0
api.CSSPageDescriptors.pageOrientation	0	1	0
api.CSSPageDescriptors.size	0	1	1
api.CSSPageRule	1	1	1
api.CSSPageRule.selectorText	1	1	1
api.CSSPageRule.style	1	1	1
api.CSSPageRule.style.type_CSSPageDescriptors	0	1	1
api.CSSPerspective.CSSPerspective	1	1	1
api.CSSPerspective	1	1	1
api.CSSPerspective.length	1	1	1
api.CSSPositionTryDescriptors	1	1	1
api.CSSPositionTryDescriptors.align-self	1	1	1
api.CSSPositionTryDescriptors.alignSelf	1	1	1
api.CSSPositionTryDescriptors.block-size	1	1	1
api.CSSPositionTryDescriptors.blockSize	1	1	1
api.CSSPositionTryDescriptors.bottom	1	1	1
api.CSSPositionTryDescriptors.height	1	1	1
api.CSSPositionTryDescriptors.inline-size	1	1	1
api.CSSPositionTryDescriptors.inlineSize	1	1	1
api.CSSPositionTryDescriptors.inset	1	1	1
api.CSSPositionTryDescriptors.inset-block	1	1	1
api.CSSPositionTryDescriptors.inset-block-end	1	1	1
api.CSSPositionTryDescriptors.inset-block-start	1	1	1
api.CSSPositionTryDescriptors.inset-inline	1	1	1
api.CSSPositionTryDescriptors.inset-inline-end	1	1	1
api.CSSPositionTryDescriptors.inset-inline-start	1	1	1
api.CSSPositionTryDescriptors.insetBlock	1	1	1
api.CSSPositionTryDescriptors.insetBlockEnd	1	1	1
api.CSSPositionTryDescriptors.insetBlockStart	1	1	1
api.CSSPositionTryDescriptors.insetInline	1	1	1
api.CSSPositionTryDescriptors.insetInlineEnd	1	1	1
api.CSSPositionTryDescriptors.insetInlineStart	1	1	1
api.CSSPositionTryDescriptors.justify-self	1	1	1
api.CSSPositionTryDescriptors.justifySelf	1	1	1
api.CSSPositionTryDescriptors.left	1	1	1
api.CSSPositionTryDescriptors.margin	1	1	1
api.CSSPositionTryDescriptors.margin-block	1	1	1
api.CSSPositionTryDescriptors.margin-block-end	1	1	1
api.CSSPositionTryDescriptors.margin-block-start	1	1	1
api.CSSPositionTryDescriptors.margin-bottom	1	1	1
api.CSSPositionTryDescriptors.margin-inline	1	1	1
api.CSSPositionTryDescriptors.margin-inline-end	1	1	1
api.CSSPositionTryDescriptors.margin-inline-start	1	1	1
api.CSSPositionTryDescriptors.margin-left	1	1	1
api.CSSPositionTryDescriptors.margin-right	1	1	1
api.CSSPositionTryDescriptors.margin-top	1	1	1
api.CSSPositionTryDescriptors.marginBlock	1	1	1
api.CSSPositionTryDescriptors.marginBlockEnd	1	1	1
api.CSSPositionTryDescriptors.marginBlockStart	1	1	1
api.CSSPositionTryDescriptors.marginBottom	1	1	1
api.CSSPositionTryDescriptors.marginInline	1	1	1
api.CSSPositionTryDescriptors.marginInlineEnd	1	1	1
api.CSSPositionTryDescriptors.marginInlineStart	1	1	1
api.CSSPositionTryDescriptors.marginLeft	1	1	1
api.CSSPositionTryDescriptors.marginRight	1	1	1
api.CSSPositionTryDescriptors.marginTop	1	1	1
api.CSSPositionTryDescriptors.max-block-size	1	1	1
api.CSSPositionTryDescriptors.max-height	1	1	1
api.CSSPositionTryDescriptors.max-inline-size	1	1	1
api.CSSPositionTryDescriptors.max-width	1	1	1
api.CSSPositionTryDescriptors.maxBlockSize	1	1	1
api.CSSPositionTryDescriptors.maxHeight	1	1	1
api.CSSPositionTryDescriptors.maxInlineSize	1	1	1
api.CSSPositionTryDescriptors.maxWidth	1	1	1
api.CSSPositionTryDescriptors.min-block-size	1	1	1
api.CSSPositionTryDescriptors.min-height	1	1	1
api.CSSPositionTryDescriptors.min-inline-size	1	1	1
api.CSSPositionTryDescriptors.min-width	1	1	1
api.CSSPositionTryDescriptors.minBlockSize	1	1	1
api.CSSPositionTryDescriptors.minHeight	1	1	1
api.CSSPositionTryDescriptors.minInlineSize	1	1	1
api.CSSPositionTryDescriptors.minWidth	1	1	1
api.CSSPositionTryDescriptors.place-self	1	1	1
api.CSSPositionTryDescriptors.placeSelf	1	1	1
api.CSSPositionTryDescriptors.position-anchor	1	1	1
api.CSSPositionTryDescriptors.position-area	1	1	1
api.CSSPositionTryDescriptors.positionAnchor	1	1	1
api.CSSPositionTryDescriptors.positionArea	1	1	1
api.CSSPositionTryDescriptors.right	1	1	1
api.CSSPositionTryDescriptors.top	1	1	1
api.CSSPositionTryDescriptors.width	1	1	1
api.CSSPositionTryRule	1	1	1
api.CSSPositionTryRule.name	1	1	1
api.CSSPositionTryRule.style	1	1	1
api.CSSPositionValue.CSSPositionValue	1	0	0
api.CSSPositionValue	1	0	0
api.CSSPositionValue.x	1	0	0
api.CSSPositionValue.y	1	0	0
api.CSSPrimitiveValue	0	0	1
api.CSSPrimitiveValue.getCounterValue	0	0	1
api.CSSPrimitiveValue.getFloatValue	0	0	1
api.CSSPrimitiveValue.getRGBColorValue	0	0	1
api.CSSPrimitiveValue.getRectValue	0	0	1
api.CSSPrimitiveValue.getStringValue	0	0	1
api.CSSPrimitiveValue.primitiveType	0	0	1
api.CSSPrimitiveValue.setFloatValue	0	0	1
api.CSSPrimitiveValue.setStringValue	0	0	1
api.CSSPropertyRule	1	1	1
api.CSSPropertyRule.inherits	1	1	1
api.CSSPropertyRule.initialValue	1	1	1
api.CSSPropertyRule.name	1	1	1
api.CSSPropertyRule.syntax	1	1	1
api.CSSPseudoElement	1	0	0
api.CSSPseudoElement.element	1	0	0
api.CSSPseudoElement.parent	1	0	0
api.CSSPseudoElement.pseudo	1	0	0
api.CSSPseudoElement.type	1	0	0
api.CSSRotate.CSSRotate	1	1	1
api.CSSRotate	1	1	1
api.CSSRotate.angle	1	1	1
api.CSSRotate.x	1	1	1
api.CSSRotate.y	1	1	1
api.CSSRotate.z	1	1	1
api.CSSRule	1	1	1
api.CSSRule.cssText	1	1	1
api.CSSRule.parentRule	1	1	1
api.CSSRule.parentStyleSheet	1	1	1
api.CSSRule.type	1	1	1
api.CSSRuleList	1	1	1
api.CSSRuleList.item	1	1	1
api.CSSRuleList.length	1	1	1
api.CSSScale.CSSScale	1	1	1
api.CSSScale	1	1	1
api.CSSScale.x	1	1	1
api.CSSScale.y	1	1	1
api.CSSScale.z	1	1	1
api.CSSScopeRule	1	1	1
api.CSSScopeRule.end	1	1	1
api.CSSScopeRule.start	1	1	1
api.CSSSkew.CSSSkew	1	1	1
api.CSSSkew	1	1	1
api.CSSSkew.ax	1	1	1
api.CSSSkew.ay	1	1	1
api.CSSSkewX.CSSSkewX	1	1	1
api.CSSSkewX	1	1	1
api.CSSSkewX.ax	1	1	1
api.CSSSkewY.CSSSkewY	1	1	1
api.CSSSkewY	1	1	1
api.CSSSkewY.ay	1	1	1
api.CSSStartingStyleRule	1	1	1
api.CSSStyleDeclaration.@@iterator	1	1	1
api.CSSStyleDeclaration	1	1	1
api.CSSStyleDeclaration.cssFloat	1	0	0
api.CSSStyleDeclaration.cssText	1	1	1
api.CSSStyleDeclaration.getPropertyCSSValue	0	0	1
api.CSSStyleDeclaration.getPropertyPriority	1	1	1
api.CSSStyleDeclaration.getPropertyValue	1	1	1
api.CSSStyleDeclaration.item	1	1	1
api.CSSStyleDeclaration.length	1	1	1
api.CSSStyleDeclaration.parentRule	1	1	1
api.CSSStyleDeclaration.removeProperty	1	1	1
api.CSSStyleDeclaration.setProperty	1	1	1
api.CSSStyleProperties	0	1	1
api.CSSStyleProperties.cssFloat	0	1	1
api.CSSStyleRule	1	1	1
api.CSSStyleRule.cssRules	1	1	1
api.CSSStyleRule.deleteRule	1	1	1
api.CSSStyleRule.insertRule	1	1	1
api.CSSStyleRule.selectorText	1	1	1
api.CSSStyleRule.style	1	1	1
api.CSSStyleRule.style.returns_CSSStyleProperties	0	1	1
api.CSSStyleRule.styleMap	1	1	1
api.CSSStyleSheet.CSSStyleSheet	1	1	1
api.CSSStyleSheet.CSSStyleSheet.options_baseURL_parameter	0	1	1
api.CSSStyleSheet	1	1	1
api.CSSStyleSheet.addRule	1	1	1
api.CSSStyleSheet.cssRules	1	1	1
api.CSSStyleSheet.deleteRule	1	1	1
api.CSSStyleSheet.insertRule	1	1	1
api.CSSStyleSheet.insertRule.index_parameter_optional	1	1	1
api.CSSStyleSheet.ownerRule	1	1	1
api.CSSStyleSheet.removeRule	1	1	1
api.CSSStyleSheet.replace	1	1	1
api.CSSStyleSheet.replaceSync	1	1	1
api.CSSStyleSheet.rules	1	1	1
api.CSSStyleValue	1	1	1
api.CSSStyleValue.parseAll_static	1	1	1
api.CSSStyleValue.parse_static	1	1	1
api.CSSStyleValue.toString	1	1	1
api.CSSSupportsRule	1	1	1
api.CSSSupportsRule.matches	0	0	1
api.CSSTransformComponent	1	1	1
api.CSSTransformComponent.is2D	1	1	1
api.CSSTransformComponent.toMatrix	1	1	1
api.CSSTransformComponent.toString	1	1	1
api.CSSTransformValue.@@iterator	1	1	1
api.CSSTransformValue.CSSTransformValue	1	1	1
api.CSSTransformValue	1	1	1
api.CSSTransformValue.entries	1	1	1
api.CSSTransformValue.forEach	1	1	1
api.CSSTransformValue.is2D	1	1	1
api.CSSTransformValue.keys	1	1	1
api.CSSTransformValue.length	1	1	1
api.CSSTransformValue.toMatrix	1	1	1
api.CSSTransformValue.values	1	1	1
api.CSSTransition	1	1	1
api.CSSTransition.transitionProperty	1	1	1
api.CSSTranslate.CSSTranslate	1	1	1
api.CSSTranslate	1	1	1
api.CSSTranslate.x	1	1	1
api.CSSTranslate.y	1	1	1
api.CSSTranslate.z	1	1	1
api.CSSUnitValue.CSSUnitValue	1	1	1
api.CSSUnitValue	1	1	1
api.CSSUnitValue.unit	1	1	1
api.CSSUnitValue.value	1	1	1
api.CSSUnparsedValue.@@iterator	1	1	1
api.CSSUnparsedValue.CSSUnparsedValue	1	1	1
api.CSSUnparsedValue	1	1	1
api.CSSUnparsedValue.entries	1	1	1
api.CSSUnparsedValue.forEach	1	1	1
api.CSSUnparsedValue.keys	1	1	1
api.CSSUnparsedValue.length	1	1	1
api.CSSUnparsedValue.values	1	1	1
api.CSSValue	0	0	1
api.CSSValue.cssText	0	0	1
api.CSSValue.cssValueType	0	0	1
api.CSSValueList	0	0	1
api.CSSValueList.item	0	0	1
api.CSSValueList.length	0	0	1
api.CSSVariableReferenceValue.CSSVariableReferenceValue	1	1	1
api.CSSVariableReferenceValue	1	1	1
api.CSSVariableReferenceValue.fallback	1	1	1
api.CSSVariableReferenceValue.variable	1	1	1
api.CSSViewTransitionRule	1	0	1
api.CSSViewTransitionRule.navigation	1	0	1
api.CSSViewTransitionRule.types	1	0	1
api.Cache	1	1	1
api.Cache.add	1	1	1
api.Cache.addAll	1	1	1
api.Cache.delete	1	1	1
api.Cache.keys	1	1	1
api.Cache.match	1	1	1
api.Cache.matchAll	1	1	1
api.Cache.put	1	1	1
api.Cache.worker_support	1	1	1
api.CacheStorage	1	1	1
api.CacheStorage.delete	1	1	1
api.CacheStorage.has	1	1	1
api.CacheStorage.keys	1	1	1
api.CacheStorage.match	1	1	1
api.CacheStorage.open	1	1	1
api.CacheStorage.secure_context_required	1	1	1
api.CacheStorage.worker_support	1	1	1
api.CanMakePaymentEvent.CanMakePaymentEvent	1	0	0
api.CanMakePaymentEvent	1	0	0
api.CanMakePaymentEvent.respondWith	1	0	0
api.CanvasCaptureMediaStreamTrack	1	0	1
api.CanvasCaptureMediaStreamTrack.canvas	1	0	1
api.CanvasCaptureMediaStreamTrack.requestFrame	1	0	1
api.CanvasFilter.CanvasFilter	0	0	0
api.CanvasFilter	0	0	0
api.CanvasGradient	1	1	1
api.CanvasGradient.addColorStop	1	1	1
api.CanvasPattern	1	1	1
api.CanvasPattern.setTransform	1	1	1
api.CanvasPattern.setTransform.dommatrix	1	1	1
api.CanvasRenderingContext2D	1	1	1
api.CanvasRenderingContext2D.arc	1	1	1
api.CanvasRenderingContext2D.arcTo	1	1	1
api.CanvasRenderingContext2D.beginPath	1	1	1
api.CanvasRenderingContext2D.bezierCurveTo	1	1	1
api.CanvasRenderingContext2D.canvas	1	1	1
api.CanvasRenderingContext2D.clearRect	1	1	1
api.CanvasRenderingContext2D.clip	1	1	1
api.CanvasRenderingContext2D.clip.path_parameter	1	1	1
api.CanvasRenderingContext2D.closePath	1	1	1
api.CanvasRenderingContext2D.createConicGradient	1	1	1
api.CanvasRenderingContext2D.createImageData	1	1	1
api.CanvasRenderingContext2D.createLinearGradient	1	1	1
api.CanvasRenderingContext2D.createPattern	1	1	1
api.CanvasRenderingContext2D.createRadialGradient	1	1	1
api.CanvasRenderingContext2D.direction	1	1	1
api.CanvasRenderingContext2D.drawFocusIfNeeded	1	1	1
api.CanvasRenderingContext2D.drawFocusIfNeeded.path_parameter	1	0	1
api.CanvasRenderingContext2D.drawImage.ImageBitmap_source_image	1	1	1
api.CanvasRenderingContext2D.drawImage.SVGImageElement_source_image	1	1	1
api.CanvasRenderingContext2D.drawImage	1	1	1
api.CanvasRenderingContext2D.ellipse	1	1	1
api.CanvasRenderingContext2D.fill	1	1	1
api.CanvasRenderingContext2D.fill.path_parameter	1	1	1
api.CanvasRenderingContext2D.fillRect	1	1	1
api.CanvasRenderingContext2D.fillStyle	1	1	1
api.CanvasRenderingContext2D.fillText	1	1	1
api.CanvasRenderingContext2D.filter	1	1	0
api.CanvasRenderingContext2D.font	1	1	1
api.CanvasRenderingContext2D.fontKerning	1	1	0
api.CanvasRenderingContext2D.fontStretch	1	1	0
api.CanvasRenderingContext2D.fontVariantCaps	1	1	0
api.CanvasRenderingContext2D.getContextAttributes	1	1	1
api.CanvasRenderingContext2D.getImageData	1	1	1
api.CanvasRenderingContext2D.getLineDash	1	1	1
api.CanvasRenderingContext2D.getTransform	1	1	1
api.CanvasRenderingContext2D.globalAlpha	1	1	1
api.CanvasRenderingContext2D.globalCompositeOperation	1	1	1
api.CanvasRenderingContext2D.imageSmoothingEnabled	1	1	1
api.CanvasRenderingContext2D.imageSmoothingQuality	1	0	1
api.CanvasRenderingContext2D.isContextLost	1	1	0
api.CanvasRenderingContext2D.isPointInPath	1	1	1
api.CanvasRenderingContext2D.isPointInPath.path_parameter	1	1	1
api.CanvasRenderingContext2D.isPointInStroke	1	1	1
api.CanvasRenderingContext2D.isPointInStroke.path_parameter	1	1	1
api.CanvasRenderingContext2D.lang	1	1	0
api.CanvasRenderingContext2D.letterSpacing	1	1	1
api.CanvasRenderingContext2D.lineCap	1	1	1
api.CanvasRenderingContext2D.lineDashOffset	1	1	1
api.CanvasRenderingContext2D.lineJoin	1	1	1
api.CanvasRenderingContext2D.lineTo	1	1	1
api.CanvasRenderingContext2D.lineWidth	1	1	1
api.CanvasRenderingContext2D.measureText	1	1	1
api.CanvasRenderingContext2D.miterLimit	1	1	1
api.CanvasRenderingContext2D.moveTo	1	1	1
api.CanvasRenderingContext2D.putImageData	1	1	1
api.CanvasRenderingContext2D.quadraticCurveTo	1	1	1
api.CanvasRenderingContext2D.rect	1	1	1
api.CanvasRenderingContext2D.reset	1	1	1
api.CanvasRenderingContext2D.resetTransform	1	1	1
api.CanvasRenderingContext2D.restore	1	1	1
api.CanvasRenderingContext2D.rotate	1	1	1
api.CanvasRenderingContext2D.roundRect	1	1	1
api.CanvasRenderingContext2D.save	1	1	1
api.CanvasRenderingContext2D.scale	1	1	1
api.CanvasRenderingContext2D.setLineDash	1	1	1
api.CanvasRenderingContext2D.setTransform	1	1	1
api.CanvasRenderingContext2D.setTransform.matrix_parameter	1	1	1
api.CanvasRenderingContext2D.shadowBlur	1	1	1
api.CanvasRenderingContext2D.shadowColor	1	1	1
api.CanvasRenderingContext2D.shadowOffsetX	1	1	1
api.CanvasRenderingContext2D.shadowOffsetY	1	1	1
api.CanvasRenderingContext2D.stroke	1	1	1
api.CanvasRenderingContext2D.stroke.path_parameter	1	1	1
api.CanvasRenderingContext2D.strokeRect	1	1	1
api.CanvasRenderingContext2D.strokeStyle	1	1	1
api.CanvasRenderingContext2D.strokeText	1	1	1
api.CanvasRenderingContext2D.textAlign	1	1	1
api.CanvasRenderingContext2D.textBaseline	1	1	1
api.CanvasRenderingContext2D.textRendering	1	1	0
api.CanvasRenderingContext2D.transform	1	1	1
api.CanvasRenderingContext2D.translate	1	1	1
api.CanvasRenderingContext2D.wordSpacing	1	1	1
api.CaptureController.CaptureController	1	0	0
api.CaptureController	1	0	0
api.CaptureController.decreaseZoomLevel	1	0	0
api.CaptureController.forwardWheel	1	0	0
api.CaptureController.getSupportedZoomLevels	1	0	0
api.CaptureController.increaseZoomLevel	1	0	0
api.CaptureController.resetZoomLevel	1	0	0
api.CaptureController.setFocusBehavior	1	0	0
api.CaptureController.zoomLevel	1	0	0
api.CaptureController.zoomlevelchange_event	1	0	0
api.CaretPosition	1	1	1
api.CaretPosition.getClientRect	1	1	1
api.CaretPosition.offset	1	1	1
api.CaretPosition.offsetNode	1	1	1
api.ChannelMergerNode.ChannelMergerNode	1	1	1
api.ChannelMergerNode	1	1	1
api.ChannelSplitterNode.ChannelSplitterNode	1	1	1
api.ChannelSplitterNode	1	1	1
api.ChapterInformation	1	0	0
api.ChapterInformation.artwork	1	0	0
api.ChapterInformation.startTime	1	0	0
api.ChapterInformation.title	1	0	0
api.CharacterBoundsUpdateEvent.CharacterBoundsUpdateEvent	1	0	0
api.CharacterBoundsUpdateEvent	1	0	0
api.CharacterBoundsUpdateEvent.rangeEnd	1	0	0
api.CharacterBoundsUpdateEvent.rangeStart	1	0	0
api.CharacterData	1	1	1
api.CharacterData.after	1	1	1
api.CharacterData.afterHTML	0	0	0
api.CharacterData.afterHTMLUnsafe	0	0	0
api.CharacterData.appendData	1	1	1
api.CharacterData.before	1	1	1
api.CharacterData.beforeHTML	0	0	0
api.CharacterData.beforeHTMLUnsafe	0	0	0
api.CharacterData.data	1	1	1
api.CharacterData.deleteData	1	1	1
api.CharacterData.insertData	1	1	1
api.CharacterData.length	1	1	1
api.CharacterData.nextElementSibling	1	1	1
api.CharacterData.previousElementSibling	1	1	1
api.CharacterData.remove	1	1	1
api.CharacterData.replaceData	1	1	1
api.CharacterData.replaceWith	1	1	1
api.CharacterData.replaceWithHTML	0	0	0
api.CharacterData.replaceWithHTMLUnsafe	0	0	0
api.CharacterData.streamAfterHTML	0	0	0
api.CharacterData.streamAfterHTMLUnsafe	0	0	0
api.CharacterData.streamBeforeHTML	0	0	0
api.CharacterData.streamBeforeHTMLUnsafe	0	0	0
api.CharacterData.streamReplaceWithHTML	0	0	0
api.CharacterData.streamReplaceWithHTMLUnsafe	0	0	0
api.CharacterData.substringData	1	1	1
api.Client	1	1	1
api.Client.frameType	1	1	1
api.Client.id	1	1	1
api.Client.postMessage	1	1	1
api.Client.type	1	1	1
api.Client.url	1	1	1
api.Clients	1	1	1
api.Clients.claim	1	1	1
api.Clients.get	1	1	1
api.Clients.matchAll	1	1	1
api.Clients.matchAll.options_includeUncontrolled_parameter	1	1	1
api.Clients.openWindow	1	1	1
api.Clipboard	1	1	1
api.Clipboard.clipboardchange_event	1	0	0
api.Clipboard.read	1	1	1
api.Clipboard.read.formats_unsanitized_parameter	1	0	0
api.Clipboard.readText	1	1	1
api.Clipboard.type_image-png	1	1	1
api.Clipboard.type_text-html	1	1	1
api.Clipboard.type_text-plain	1	1	1
api.Clipboard.write	1	1	1
api.Clipboard.writeText	1	1	1
api.ClipboardChangeEvent.ClipboardChangeEvent	1	0	0
api.ClipboardChangeEvent	1	0	0
api.ClipboardChangeEvent.changeId	1	0	0
api.ClipboardChangeEvent.types	1	0	0
api.ClipboardEvent.ClipboardEvent	1	1	1
api.ClipboardEvent	1	1	1
api.ClipboardEvent.clipboardData	1	1	1
api.ClipboardItem.ClipboardItem	1	1	1
api.ClipboardItem	1	1	1
api.ClipboardItem.getType	1	1	1
api.ClipboardItem.presentationStyle	0	1	1
api.ClipboardItem.supports_static	1	1	1
api.ClipboardItem.type_image_svg_xml	1	0	1
api.ClipboardItem.type_web	1	1	0
api.ClipboardItem.types	1	1	1
api.CloseEvent.CloseEvent	1	1	1
api.CloseEvent	1	1	1
api.CloseEvent.code	1	1	1
api.CloseEvent.reason	1	1	1
api.CloseEvent.wasClean	1	1	1
api.CloseWatcher.CloseWatcher	1	1	1
api.CloseWatcher	1	1	1
api.CloseWatcher.cancel_event	1	1	1
api.CloseWatcher.close	1	1	1
api.CloseWatcher.close_event	1	1	1
api.CloseWatcher.destroy	1	1	1
api.CloseWatcher.requestClose	1	1	1
api.CommandEvent.CommandEvent	1	1	1
api.CommandEvent	1	1	1
api.CommandEvent.command	1	1	1
api.CommandEvent.source	1	1	1
api.Comment.Comment	1	1	1
api.Comment	1	1	1
api.CompositionEvent.CompositionEvent	1	1	1
api.CompositionEvent	1	1	1
api.CompositionEvent.data	1	1	1
api.CompositionEvent.initCompositionEvent	1	1	1
api.CompositionEvent.locale	0	0	0
api.CompressionStream.CompressionStream	1	1	1
api.CompressionStream.CompressionStream.brotli	0	1	1
api.CompressionStream.CompressionStream.deflate	1	1	1
api.CompressionStream.CompressionStream.deflate-raw	1	1	1
api.CompressionStream.CompressionStream.gzip	1	1	1
api.CompressionStream.CompressionStream.zstd	0	0	0
api.CompressionStream	1	1	1
api.CompressionStream.readable	1	1	1
api.CompressionStream.writable	1	1	1
api.ConstantSourceNode.ConstantSourceNode	1	1	1
api.ConstantSourceNode	1	1	1
api.ConstantSourceNode.offset	1	1	1
api.ContactAddress	0	0	0
api.ContactAddress.addressLine	0	0	0
api.ContactAddress.city	0	0	0
api.ContactAddress.country	0	0	0
api.ContactAddress.dependentLocality	0	0	0
api.ContactAddress.organization	0	0	0
api.ContactAddress.phone	0	0	0
api.ContactAddress.postalCode	0	0	0
api.ContactAddress.recipient	0	0	0
api.ContactAddress.region	0	0	0
api.ContactAddress.sortingCode	0	0	0
api.ContactAddress.toJSON	0	0	0
api.ContactsManager	0	0	0
api.ContactsManager.getProperties	0	0	0
api.ContactsManager.select	0	0	0
api.ContentIndex	0	0	0
api.ContentIndex.add	0	0	0
api.ContentIndex.delete	0	0	0
api.ContentIndex.getAll	0	0	0
api.ContentIndexEvent.ContentIndexEvent	0	0	0
api.ContentIndexEvent	0	0	0
api.ContentIndexEvent.id	0	0	0
api.ContentVisibilityAutoStateChangeEvent.ContentVisibilityAutoStateChangeEvent	1	1	1
api.ContentVisibilityAutoStateChangeEvent	1	1	1
api.ContentVisibilityAutoStateChangeEvent.skipped	1	1	1
api.ConvolverNode.ConvolverNode	1	1	1
api.ConvolverNode	1	1	1
api.ConvolverNode.buffer	1	1	1
api.ConvolverNode.normalize	1	1	1
api.CookieChangeEvent.CookieChangeEvent	1	1	1
api.CookieChangeEvent	1	1	1
api.CookieChangeEvent.changed	1	1	1
api.CookieChangeEvent.deleted	1	1	1
api.CookieStore	1	1	1
api.CookieStore.change_event	1	1	1
api.CookieStore.delete	1	1	1
api.CookieStore.delete.partitioned_option	1	1	0
api.CookieStore.get	1	1	1
api.CookieStore.get.domain_return_property	1	0	0
api.CookieStore.get.expires_return_property	1	0	0
api.CookieStore.get.name_return_property	1	1	1
api.CookieStore.get.partitioned_return_property	1	0	0
api.CookieStore.get.path_return_property	1	0	0
api.CookieStore.get.sameSite_return_property	1	0	0
api.CookieStore.get.secure_return_property	1	0	0
api.CookieStore.get.value_return_property	1	1	1
api.CookieStore.getAll	1	1	1
api.CookieStore.set	1	1	1
api.CookieStore.set.maxAge_option	1	1	1
api.CookieStore.set.partitioned_option	1	1	0
api.CookieStoreManager	1	1	0
api.CookieStoreManager.getSubscriptions	1	1	0
api.CookieStoreManager.subscribe	1	1	0
api.CookieStoreManager.unsubscribe	1	1	0
api.CountQueuingStrategy.CountQueuingStrategy	1	1	1
api.CountQueuingStrategy	1	1	1
api.CountQueuingStrategy.highWaterMark	1	1	1
api.CountQueuingStrategy.size	1	1	1
api.Counter	0	0	1
api.Counter.identifier	0	0	1
api.Counter.listStyle	0	0	1
api.Counter.separator	0	0	1
api.CrashReportContext	1	0	0
api.CrashReportContext.delete	1	0	0
api.CrashReportContext.initialize	1	0	0
api.CrashReportContext.set	1	0	0
api.CreateMonitor	1	0	0
api.CreateMonitor.downloadprogress_event	1	0	0
api.Credential	1	1	1
api.Credential.id	1	1	1
api.Credential.isConditionalMediationAvailable_static	1	0	1
api.Credential.type	1	1	1
api.CredentialsContainer	1	1	1
api.CredentialsContainer.create	1	1	1
api.CredentialsContainer.create.publicKey_option	1	1	1
api.CredentialsContainer.create.publicKey_option.attestation	1	1	1
api.CredentialsContainer.create.publicKey_option.attestation.direct	1	1	1
api.CredentialsContainer.create.publicKey_option.attestation.enterprise	1	1	1
api.CredentialsContainer.create.publicKey_option.attestation.indirect	1	1	1
api.CredentialsContainer.create.publicKey_option.attestation.none	1	1	1
api.CredentialsContainer.create.publicKey_option.extensions	1	1	1
api.CredentialsContainer.create.publicKey_option.extensions.appidExclude	1	1	1
api.CredentialsContainer.create.publicKey_option.extensions.credProps	1	1	0
api.CredentialsContainer.create.publicKey_option.extensions.credProtect	1	1	0
api.CredentialsContainer.create.publicKey_option.extensions.largeBlob	1	1	1
api.CredentialsContainer.create.publicKey_option.extensions.minPinLength	1	1	0
api.CredentialsContainer.create.publicKey_option.extensions.payment	1	0	0
api.CredentialsContainer.create.publicKey_option.extensions.prf	1	1	1
api.CredentialsContainer.create.publicKey_option.hints	1	0	0
api.CredentialsContainer.create.publicKey_option.requireResidentKey	1	0	0
api.CredentialsContainer.create.publicKey_option.residentKey	1	1	0
api.CredentialsContainer.get	1	1	1
api.CredentialsContainer.get.identity_option	1	0	1
api.CredentialsContainer.get.identity_option.context_option	1	0	0
api.CredentialsContainer.get.identity_option.mode_option	1	0	0
api.CredentialsContainer.get.identity_option.providers_multiple	1	0	0
api.CredentialsContainer.get.identity_option.providers_option_domainHint	1	0	0
api.CredentialsContainer.get.identity_option.providers_option_fields	1	0	0
api.CredentialsContainer.get.identity_option.providers_option_loginHint	1	0	0
api.CredentialsContainer.get.identity_option.providers_option_nonce	1	0	0
api.CredentialsContainer.get.identity_option.providers_option_params	1	0	0
api.CredentialsContainer.get.otp_option	1	0	1
api.CredentialsContainer.get.publicKey_option	1	1	1
api.CredentialsContainer.get.publicKey_option.extensions	1	1	1
api.CredentialsContainer.get.publicKey_option.extensions.appid	1	1	1
api.CredentialsContainer.get.publicKey_option.extensions.largeBlob	1	1	0
api.CredentialsContainer.get.publicKey_option.extensions.prf	1	1	0
api.CredentialsContainer.get.publicKey_option.hints	1	0	0
api.CredentialsContainer.preventSilentAccess	1	1	1
api.CredentialsContainer.store	1	1	1
api.CropTarget	1	0	0
api.CropTarget.fromElement_static	1	0	0
api.Crypto	1	1	1
api.Crypto.getRandomValues	1	1	1
api.Crypto.randomUUID	1	1	1
api.Crypto.subtle	1	1	1
api.Crypto.subtle.secure_context_required	1	1	1
api.CryptoKey	1	1	1
api.CryptoKey.algorithm	1	1	1
api.CryptoKey.extractable	1	1	1
api.CryptoKey.type	1	1	1
api.CryptoKey.usages	1	1	1
api.CustomElementRegistry.CustomElementRegistry	1	1	1
api.CustomElementRegistry	1	1	1
api.CustomElementRegistry.builtin_element_support	1	1	0
api.CustomElementRegistry.define	1	1	1
api.CustomElementRegistry.define.connectedMoveCallback_lifecycle_callback	1	1	0
api.CustomElementRegistry.define.disabledFeatures_static_property	1	1	0
api.CustomElementRegistry.define.html_name_validity	1	1	0
api.CustomElementRegistry.get	1	1	1
api.CustomElementRegistry.getName	1	1	1
api.CustomElementRegistry.initialize	1	1	1
api.CustomElementRegistry.upgrade	1	1	1
api.CustomElementRegistry.whenDefined	1	1	1
api.CustomElementRegistry.whenDefined.html_name_validity	1	1	0
api.CustomEvent.CustomEvent	1	1	1
api.CustomEvent	1	1	1
api.CustomEvent.detail	1	1	1
api.CustomEvent.initCustomEvent	1	1	1
api.CustomEvent.worker_support	1	1	1
api.CustomStateSet.@@iterator	1	1	1
api.CustomStateSet	1	1	1
api.CustomStateSet.add	1	1	1
api.CustomStateSet.clear	1	1	1
api.CustomStateSet.delete	1	1	1
api.CustomStateSet.entries	1	1	1
api.CustomStateSet.forEach	1	1	1
api.CustomStateSet.has	1	1	1
api.CustomStateSet.keys	1	1	1
api.CustomStateSet.size	1	1	1
api.CustomStateSet.values	1	1	1
api.DOMError	1	0	0
api.DOMError.message	1	0	0
api.DOMError.name	1	0	0
api.DOMException.DOMException	1	1	1
api.DOMException	1	1	1
api.DOMException.code	1	1	1
api.DOMException.message	1	1	1
api.DOMException.name	1	1	1
api.DOMException.serializable_object	1	1	0
api.DOMImplementation	1	1	1
api.DOMImplementation.createDocument	1	1	1
api.DOMImplementation.createDocumentType	1	1	1
api.DOMImplementation.createHTMLDocument	1	1	1
api.DOMImplementation.hasFeature	1	1	1
api.DOMMatrix.DOMMatrix	1	1	1
api.DOMMatrix	1	1	1
api.DOMMatrix.a	1	1	1
api.DOMMatrix.b	1	1	1
api.DOMMatrix.c	1	1	1
api.DOMMatrix.d	1	1	1
api.DOMMatrix.e	1	1	1
api.DOMMatrix.f	1	1	1
api.DOMMatrix.fromFloat32Array_static	1	1	1
api.DOMMatrix.fromFloat64Array_static	1	1	1
api.DOMMatrix.fromMatrix_static	1	1	1
api.DOMMatrix.invertSelf	1	1	1
api.DOMMatrix.m11	1	1	1
api.DOMMatrix.m12	1	1	1
api.DOMMatrix.m13	1	1	1
api.DOMMatrix.m14	1	1	1
api.DOMMatrix.m21	1	1	1
api.DOMMatrix.m22	1	1	1
api.DOMMatrix.m23	1	1	1
api.DOMMatrix.m24	1	1	1
api.DOMMatrix.m31	1	1	1
api.DOMMatrix.m32	1	1	1
api.DOMMatrix.m33	1	1	1
api.DOMMatrix.m34	1	1	1
api.DOMMatrix.m41	1	1	1
api.DOMMatrix.m42	1	1	1
api.DOMMatrix.m43	1	1	1
api.DOMMatrix.m44	1	1	1
api.DOMMatrix.multiplySelf	1	1	1
api.DOMMatrix.preMultiplySelf	1	1	1
api.DOMMatrix.rotateAxisAngleSelf	1	1	1
api.DOMMatrix.rotateFromVectorSelf	1	1	1
api.DOMMatrix.rotateSelf	1	1	1
api.DOMMatrix.scale3dSelf	1	1	1
api.DOMMatrix.scaleSelf	1	1	1
api.DOMMatrix.setMatrixValue	1	1	1
api.DOMMatrix.skewXSelf	1	1	1
api.DOMMatrix.skewYSelf	1	1	1
api.DOMMatrix.translateSelf	1	1	1
api.DOMMatrix.worker_support	1	1	1
api.DOMMatrixReadOnly.DOMMatrixReadOnly	1	1	1
api.DOMMatrixReadOnly	1	1	1
api.DOMMatrixReadOnly.a	1	1	1
api.DOMMatrixReadOnly.b	1	1	1
api.DOMMatrixReadOnly.c	1	1	1
api.DOMMatrixReadOnly.d	1	1	1
api.DOMMatrixReadOnly.e	1	1	1
api.DOMMatrixReadOnly.f	1	1	1
api.DOMMatrixReadOnly.flipX	1	1	1
api.DOMMatrixReadOnly.flipY	1	1	1
api.DOMMatrixReadOnly.fromFloat32Array_static	1	1	1
api.DOMMatrixReadOnly.fromFloat64Array_static	1	1	1
api.DOMMatrixReadOnly.fromMatrix_static	1	1	1
api.DOMMatrixReadOnly.inverse	1	1	1
api.DOMMatrixReadOnly.is2D	1	1	1
api.DOMMatrixReadOnly.isIdentity	1	1	1
api.DOMMatrixReadOnly.m11	1	1	1
api.DOMMatrixReadOnly.m12	1	1	1
api.DOMMatrixReadOnly.m13	1	1	1
api.DOMMatrixReadOnly.m14	1	1	1
api.DOMMatrixReadOnly.m21	1	1	1
api.DOMMatrixReadOnly.m22	1	1	1
api.DOMMatrixReadOnly.m23	1	1	1
api.DOMMatrixReadOnly.m24	1	1	1
api.DOMMatrixReadOnly.m31	1	1	1
api.DOMMatrixReadOnly.m32	1	1	1
api.DOMMatrixReadOnly.m33	1	1	1
api.DOMMatrixReadOnly.m34	1	1	1
api.DOMMatrixReadOnly.m41	1	1	1
api.DOMMatrixReadOnly.m42	1	1	1
api.DOMMatrixReadOnly.m43	1	1	1
api.DOMMatrixReadOnly.m44	1	1	1
api.DOMMatrixReadOnly.multiply	1	1	1
api.DOMMatrixReadOnly.rotate	1	1	1
api.DOMMatrixReadOnly.rotateAxisAngle	1	1	1
api.DOMMatrixReadOnly.rotateFromVector	1	1	1
api.DOMMatrixReadOnly.scale	1	1	1
api.DOMMatrixReadOnly.scale3d	1	1	1
api.DOMMatrixReadOnly.scaleNonUniform	1	1	1
api.DOMMatrixReadOnly.skewX	1	1	1
api.DOMMatrixReadOnly.skewY	1	1	1
api.DOMMatrixReadOnly.toFloat32Array	1	1	1
api.DOMMatrixReadOnly.toFloat64Array	1	1	1
api.DOMMatrixReadOnly.toJSON	1	1	1
api.DOMMatrixReadOnly.toString	1	1	1
api.DOMMatrixReadOnly.transformPoint	1	1	1
api.DOMMatrixReadOnly.translate	1	1	1
api.DOMMatrixReadOnly.worker_support	1	1	1
api.DOMParser.DOMParser	1	1	1
api.DOMParser	1	1	1
api.DOMParser.parseFromString	1	1	1
api.DOMParser.parseFromString.enforces_trusted_types	1	1	1
api.DOMParser.parseFromString.html	1	1	1
api.DOMParser.parseFromString.svg	1	1	1
api.DOMParser.parseFromString.xml	1	1	1
api.DOMPoint.DOMPoint	1	1	1
api.DOMPoint	1	1	1
api.DOMPoint.fromPoint_static	1	1	1
api.DOMPoint.w	1	1	1
api.DOMPoint.worker_support	1	1	1
api.DOMPoint.x	1	1	1
api.DOMPoint.y	1	1	1
api.DOMPoint.z	1	1	1
api.DOMPointReadOnly.DOMPointReadOnly	1	1	1
api.DOMPointReadOnly	1	1	1
api.DOMPointReadOnly.fromPoint_static	1	1	1
api.DOMPointReadOnly.matrixTransform	1	1	1
api.DOMPointReadOnly.toJSON	1	1	1
api.DOMPointReadOnly.w	1	1	1
api.DOMPointReadOnly.worker_support	1	1	1
api.DOMPointReadOnly.x	1	1	1
api.DOMPointReadOnly.y	1	1	1
api.DOMPointReadOnly.z	1	1	1
api.DOMQuad.DOMQuad	1	1	1
api.DOMQuad	1	1	1
api.DOMQuad.fromQuad_static	1	1	1
api.DOMQuad.fromRect_static	1	1	1
api.DOMQuad.getBounds	1	1	1
api.DOMQuad.p1	1	1	1
api.DOMQuad.p2	1	1	1
api.DOMQuad.p3	1	1	1
api.DOMQuad.p4	1	1	1
api.DOMQuad.toJSON	1	1	1
api.DOMQuad.worker_support	1	1	1
api.DOMRect.DOMRect	1	1	1
api.DOMRect	1	1	1
api.DOMRect.fromRect_static	1	1	1
api.DOMRect.height	1	1	1
api.DOMRect.width	1	1	1
api.DOMRect.worker_support	1	1	1
api.DOMRect.x	1	1	1
api.DOMRect.y	1	1	1
api.DOMRectList	1	1	1
api.DOMRectList.item	1	1	1
api.DOMRectList.length	1	1	1
api.DOMRectReadOnly.DOMRectReadOnly	1	1	1
api.DOMRectReadOnly	1	1	1
api.DOMRectReadOnly.bottom	1	1	1
api.DOMRectReadOnly.fromRect_static	1	1	1
api.DOMRectReadOnly.height	1	1	1
api.DOMRectReadOnly.left	1	1	1
api.DOMRectReadOnly.right	1	1	1
api.DOMRectReadOnly.toJSON	1	1	1
api.DOMRectReadOnly.top	1	1	1
api.DOMRectReadOnly.width	1	1	1
api.DOMRectReadOnly.worker_support	1	1	1
api.DOMRectReadOnly.x	1	1	1
api.DOMRectReadOnly.y	1	1	1
api.DOMStringList	1	1	1
api.DOMStringList.contains	1	1	1
api.DOMStringList.item	1	1	1
api.DOMStringList.length	1	1	1
api.DOMStringMap	1	1	1
api.DOMTokenList.@@iterator	1	1	1
api.DOMTokenList	1	1	1
api.DOMTokenList.add	1	1	1
api.DOMTokenList.add.multiple_parameters	1	1	1
api.DOMTokenList.contains	1	1	1
api.DOMTokenList.entries	1	1	1
api.DOMTokenList.forEach	1	1	1
api.DOMTokenList.item	1	1	1
api.DOMTokenList.keys	1	1	1
api.DOMTokenList.length	1	1	1
api.DOMTokenList.remove	1	1	1
api.DOMTokenList.remove.multiple_parameters	1	1	1
api.DOMTokenList.remove_duplicates	1	1	1
api.DOMTokenList.replace	1	1	1
api.DOMTokenList.replace.boolean_value	1	1	1
api.DOMTokenList.supports	1	1	1
api.DOMTokenList.toString	1	1	1
api.DOMTokenList.toggle	1	1	1
api.DOMTokenList.toggle.force_parameter	1	1	1
api.DOMTokenList.trim_whitespace	1	1	1
api.DOMTokenList.value	1	1	1
api.DOMTokenList.values	1	1	1
api.DataCue.DataCue	0	0	1
api.DataCue	0	0	1
api.DataCue.type	0	0	1
api.DataCue.value	0	0	1
api.DataTransfer.DataTransfer	1	1	1
api.DataTransfer	1	1	1
api.DataTransfer.addElement	0	1	0
api.DataTransfer.clearData	1	1	1
api.DataTransfer.dropEffect	1	1	1
api.DataTransfer.effectAllowed	1	1	1
api.DataTransfer.files	1	1	1
api.DataTransfer.getData	1	1	1
api.DataTransfer.items	1	1	1
api.DataTransfer.mozCursor	0	1	0
api.DataTransfer.mozSourceNode	0	1	0
api.DataTransfer.mozUserCancelled	0	1	0
api.DataTransfer.setData	1	1	1
api.DataTransfer.setDragImage	1	1	1
api.DataTransfer.types	1	1	1
api.DataTransferItem	1	1	1
api.DataTransferItem.getAsFile	1	1	1
api.DataTransferItem.getAsFileSystemHandle	1	0	0
api.DataTransferItem.getAsString	1	1	1
api.DataTransferItem.kind	1	1	1
api.DataTransferItem.type	1	1	1
api.DataTransferItem.webkitGetAsEntry	1	1	1
api.DataTransferItemList	1	1	1
api.DataTransferItemList.add	1	1	1
api.DataTransferItemList.clear	1	1	1
api.DataTransferItemList.length	1	1	1
api.DataTransferItemList.remove	1	1	1
api.DecompressionStream.DecompressionStream	1	1	1
api.DecompressionStream.DecompressionStream.brotli	0	1	1
api.DecompressionStream.DecompressionStream.deflate	1	1	1
api.DecompressionStream.DecompressionStream.deflate-raw	1	1	1
api.DecompressionStream.DecompressionStream.gzip	1	1	1
api.DecompressionStream.DecompressionStream.zstd	0	0	0
api.DecompressionStream	1	1	1
api.DecompressionStream.readable	1	1	1
api.DecompressionStream.writable	1	1	1
api.DedicatedWorkerGlobalScope	1	1	1
api.DedicatedWorkerGlobalScope.cancelAnimationFrame	1	1	1
api.DedicatedWorkerGlobalScope.close	1	1	1
api.DedicatedWorkerGlobalScope.message_event	1	1	1
api.DedicatedWorkerGlobalScope.messageerror_event	1	1	1
api.DedicatedWorkerGlobalScope.name	1	1	1
api.DedicatedWorkerGlobalScope.postMessage	1	1	1
api.DedicatedWorkerGlobalScope.requestAnimationFrame	1	1	1
api.DedicatedWorkerGlobalScope.rtctransform_event	1	1	1
api.DelayNode.DelayNode	1	1	1
api.DelayNode	1	1	1
api.DelayNode.delayTime	1	1	1
api.DelegatedInkTrailPresenter	1	0	0
api.DelegatedInkTrailPresenter.expectedImprovement	0	0	0
api.DelegatedInkTrailPresenter.presentationArea	1	0	0
api.DelegatedInkTrailPresenter.updateInkTrailStartPoint	1	0	0
api.DeprecationReportBody	1	1	0
api.DeprecationReportBody.anticipatedRemoval	1	1	0
api.DeprecationReportBody.columnNumber	1	1	0
api.DeprecationReportBody.id	1	1	0
api.DeprecationReportBody.lineNumber	1	1	0
api.DeprecationReportBody.message	1	1	0
api.DeprecationReportBody.sourceFile	1	1	0
api.DeprecationReportBody.toJSON	1	0	0
api.DeviceMotionEvent.DeviceMotionEvent	1	1	0
api.DeviceMotionEvent	1	1	1
api.DeviceMotionEvent.acceleration	1	1	1
api.DeviceMotionEvent.accelerationIncludingGravity	1	1	1
api.DeviceMotionEvent.interval	1	1	1
api.DeviceMotionEvent.requestPermission_static	1	0	0
api.DeviceMotionEvent.rotationRate	1	1	1
api.DeviceMotionEventAcceleration	1	1	0
api.DeviceMotionEventAcceleration.x	1	1	0
api.DeviceMotionEventAcceleration.y	1	1	0
api.DeviceMotionEventAcceleration.z	1	1	0
api.DeviceMotionEventRotationRate	1	1	0
api.DeviceMotionEventRotationRate.alpha	1	1	0
api.DeviceMotionEventRotationRate.beta	1	1	0
api.DeviceMotionEventRotationRate.gamma	1	1	0
api.DeviceOrientationEvent.DeviceOrientationEvent	1	1	0
api.DeviceOrientationEvent	1	1	1
api.DeviceOrientationEvent.absolute	1	1	1
api.DeviceOrientationEvent.alpha	1	1	1
api.DeviceOrientationEvent.beta	1	1	1
api.DeviceOrientationEvent.gamma	1	1	1
api.DeviceOrientationEvent.requestPermission_static	1	0	0
api.DevicePosture	1	0	0
api.DevicePosture.change_event	1	0	0
api.DevicePosture.type	1	0	0
api.DigitalCredential	1	0	1
api.DigitalCredential.data	1	0	1
api.DigitalCredential.protocol	1	0	1
api.DigitalCredential.toJSON	1	0	1
api.DigitalCredential.userAgentAllowsProtocol_static	1	0	1
api.Directory	0	1	0
api.Directory.getFiles	0	1	0
api.Directory.getFilesAndDirectories	0	1	0
api.Directory.name	0	1	0
api.Directory.path	0	1	0
api.DirectoryEntrySync	1	0	0
api.DirectoryReaderSync	1	0	0
api.Document.DOMContentLoaded_event	1	1	1
api.Document.Document	1	1	1
api.Document.URL	1	1	1
api.Document	1	1	1
api.Document.activeElement	1	1	1
api.Document.activeViewTransition	1	1	1
api.Document.adoptNode	1	1	1
api.Document.adoptedStyleSheets	1	1	1
api.Document.adoptedStyleSheets.mutable	1	1	1
api.Document.afterscriptexecute_event	0	0	0
api.Document.alinkColor	1	1	1
api.Document.all	1	1	1
api.Document.anchors	1	1	1
api.Document.append	1	1	1
api.Document.applets	1	1	1
api.Document.ariaNotify	1	1	1
api.Document.beforescriptexecute_event	0	0	0
api.Document.bgColor	1	1	1
api.Document.body	1	1	1
api.Document.browsingTopics	0	0	0
api.Document.captureEvents	1	1	1
api.Document.caretPositionFromPoint	1	1	1
api.Document.caretPositionFromPoint.options_parameter	1	1	1
api.Document.caretRangeFromPoint	1	1	1
api.Document.characterSet	1	1	1
api.Document.childElementCount	1	1	1
api.Document.children	1	1	1
api.Document.clear	1	1	1
api.Document.close	1	1	1
api.Document.compatMode	1	1	1
api.Document.contentType	1	1	1
api.Document.cookie	1	1	1
api.Document.createAttribute	1	1	1
api.Document.createAttribute.html_name_validity	1	1	0
api.Document.createAttributeNS	1	1	1
api.Document.createAttributeNS.html_name_validity	1	1	0
api.Document.createCDATASection	1	1	1
api.Document.createComment	1	1	1
api.Document.createDocumentFragment	1	1	1
api.Document.createElement	1	1	1
api.Document.createElement.html_name_validity	1	1	0
api.Document.createElement.options_parameter	1	1	1
api.Document.createElement.options_parameter.customElementRegistry_option	1	1	1
api.Document.createElement.options_parameter.options_is_parameter	1	0	0
api.Document.createElementNS	1	1	1
api.Document.createElementNS.html_name_validity	1	1	0
api.Document.createElementNS.options_parameter	1	1	1
api.Document.createElementNS.options_parameter.customElementRegistry_option	1	1	1
api.Document.createElementNS.options_parameter.options_is_parameter	1	0	0
api.Document.createEvent	1	1	1
api.Document.createExpression	1	1	1
api.Document.createNSResolver	1	1	1
api.Document.createNodeIterator	1	1	1
api.Document.createProcessingInstruction	1	1	1
api.Document.createRange	1	1	1
api.Document.createTextNode	1	1	1
api.Document.createTouch	0	0	0
api.Document.createTouchList	0	0	0
api.Document.createTreeWalker	1	1	1
api.Document.createTreeWalker.whatToShow_filter_parameters_optional	1	1	1
api.Document.currentScript	1	1	1
api.Document.customElementRegistry	1	1	1
api.Document.defaultView	1	1	1
api.Document.designMode	1	1	1
api.Document.dir	1	1	1
api.Document.doctype	1	1	1
api.Document.documentElement	1	1	1
api.Document.documentURI	1	1	1
api.Document.domain	1	1	1
api.Document.elementFromPoint	1	1	1
api.Document.elementsFromPoint	1	1	1
api.Document.embeds	1	1	1
api.Document.enableStyleSheetsForSet	0	1	0
api.Document.evaluate	1	1	1
api.Document.execCommand	1	1	1
api.Document.execCommand.copy	1	1	1
api.Document.execCommand.cut	1	1	1
api.Document.execCommand.defaultParagraphSeparator	0	1	0
api.Document.execCommand.insertBrOnReturn	0	1	0
api.Document.execCommand.insertHTML	1	1	1
api.Document.execCommand.insertHTML.enforces_trusted_types	1	1	1
api.Document.execCommand.paste	1	1	0
api.Document.exitFullscreen	1	1	1
api.Document.exitFullscreen.returns_promise	1	1	1
api.Document.exitPictureInPicture	1	1	1
api.Document.exitPointerLock	1	1	1
api.Document.featurePolicy	1	0	0
api.Document.fgColor	1	1	1
api.Document.firstElementChild	1	1	1
api.Document.fonts	1	1	1
api.Document.forms	1	1	1
api.Document.fragmentDirective	1	1	1
api.Document.freeze_event	1	0	0
api.Document.fullscreen	1	1	1
api.Document.fullscreenElement	1	1	1
api.Document.fullscreenEnabled	1	1	1
api.Document.fullscreenchange_event	1	1	1
api.Document.fullscreenerror_event	1	1	1
api.Document.getAnimations	1	1	1
api.Document.getBoxQuads	0	0	0
api.Document.getElementById	1	1	1
api.Document.getElementsByClassName	1	1	1
api.Document.getElementsByName	1	1	1
api.Document.getElementsByTagName	1	1	1
api.Document.getElementsByTagNameNS	1	1	1
api.Document.getSelection	1	1	1
api.Document.hasFocus	1	1	1
api.Document.hasPrivateToken	1	0	0
api.Document.hasRedemptionRecord	1	0	0
api.Document.hasStorageAccess	1	1	1
api.Document.hasUnpartitionedCookieAccess	1	0	0
api.Document.head	1	1	1
api.Document.hidden	1	1	1
api.Document.images	1	1	1
api.Document.implementation	1	1	1
api.Document.importNode	1	1	1
api.Document.lastElementChild	1	1	1
api.Document.lastModified	1	1	1
api.Document.lastStyleSheetSet	0	1	0
api.Document.linkColor	1	1	1
api.Document.links	1	1	1
api.Document.location	1	1	1
api.Document.moveBefore	1	1	0
api.Document.mozSetImageElement	0	1	0
api.Document.open	1	1	1
api.Document.parseHTMLUnsafe_static	1	1	1
api.Document.parseHTMLUnsafe_static.enforces_trusted_types	1	1	1
api.Document.parseHTMLUnsafe_static.options_sanitizer_parameter	0	1	0
api.Document.parseHTML_static	1	1	0
api.Document.pictureInPictureElement	1	1	1
api.Document.pictureInPictureEnabled	1	1	1
api.Document.plugins	1	1	1
api.Document.pointerLockElement	1	1	1
api.Document.pointerlockchange_event	1	1	1
api.Document.pointerlockerror_event	1	1	1
api.Document.preferredStyleSheetSet	0	1	0
api.Document.prepend	1	1	1
api.Document.prerendering	1	0	0
api.Document.prerenderingchange_event	1	0	0
api.Document.queryCommandEnabled	1	1	1
api.Document.queryCommandIndeterm	1	1	1
api.Document.queryCommandState	1	1	1
api.Document.queryCommandSupported	1	1	1
api.Document.queryCommandValue	1	1	1
api.Document.querySelector	1	1	1
api.Document.querySelectorAll	1	1	1
api.Document.readyState	1	1	1
api.Document.readystatechange_event	1	1	1
api.Document.referrer	1	1	1
api.Document.releaseCapture	0	1	0
api.Document.releaseEvents	1	1	1
api.Document.replaceChildren	1	1	1
api.Document.requestStorageAccess	1	1	1
api.Document.requestStorageAccess.strict_same_origin_policy	1	1	0
api.Document.requestStorageAccess.types_parameter	1	0	0
api.Document.requestStorageAccess.types_parameter.types_BroadcastChannel_parameter	1	0	0
api.Document.requestStorageAccess.types_parameter.types_SharedWorker_parameter	1	0	0
api.Document.requestStorageAccess.types_parameter.types_all_parameter	1	0	0
api.Document.requestStorageAccess.types_parameter.types_caches_parameter	1	0	0
api.Document.requestStorageAccess.types_parameter.types_cookies_parameter	1	0	0
api.Document.requestStorageAccess.types_parameter.types_createObjectURL_parameter	1	0	0
api.Document.requestStorageAccess.types_parameter.types_estimate_parameter	1	0	0
api.Document.requestStorageAccess.types_parameter.types_getDirectory_parameter	1	0	0
api.Document.requestStorageAccess.types_parameter.types_indexedDB_parameter	1	0	0
api.Document.requestStorageAccess.types_parameter.types_localStorage_parameter	1	0	0
api.Document.requestStorageAccess.types_parameter.types_locks_parameter	1	0	0
api.Document.requestStorageAccess.types_parameter.types_revokeObjectURL_parameter	1	0	0
api.Document.requestStorageAccess.types_parameter.types_sessionStorage_parameter	1	0	0
api.Document.requestStorageAccessFor	1	0	0
api.Document.resume_event	1	0	0
api.Document.rootElement	1	1	1
api.Document.scripts	1	1	1
api.Document.scroll_event	1	1	1
api.Document.scrollend_event	1	1	1
api.Document.scrollingElement	1	1	1
api.Document.scrollsnapchange_event	1	0	0
api.Document.scrollsnapchanging_event	1	0	0
api.Document.securitypolicyviolation_event	1	1	1
api.Document.selectedStyleSheetSet	0	1	0
api.Document.selectionchange_event	1	1	1
api.Document.startViewTransition	1	1	1
api.Document.startViewTransition.options_parameter	1	1	1
api.Document.startViewTransition.options_parameter.types_parameter	1	1	1
api.Document.startViewTransition.options_parameter.update_parameter	1	1	1
api.Document.startViewTransition.updateCallback_parameter	1	1	1
api.Document.styleSheetSets	0	1	0
api.Document.styleSheets	1	1	1
api.Document.timeline	1	1	1
api.Document.title	1	1	1
api.Document.visibilityState	1	1	1
api.Document.visibilitychange_event	1	1	1
api.Document.vlinkColor	1	1	1
api.Document.wasDiscarded	1	0	0
api.Document.write	1	1	1
api.Document.write.enforces_trusted_types	1	1	1
api.Document.writeln	1	1	1
api.Document.writeln.enforces_trusted_types	1	1	1
api.Document.xmlEncoding	1	0	1
api.Document.xmlStandalone	1	0	1
api.Document.xmlVersion	1	0	1
api.DocumentFragment.DocumentFragment	1	1	1
api.DocumentFragment	1	1	1
api.DocumentFragment.append	1	1	1
api.DocumentFragment.childElementCount	1	1	1
api.DocumentFragment.children	1	1	1
api.DocumentFragment.firstElementChild	1	1	1
api.DocumentFragment.getElementById	1	1	1
api.DocumentFragment.lastElementChild	1	1	1
api.DocumentFragment.moveBefore	1	1	0
api.DocumentFragment.prepend	1	1	1
api.DocumentFragment.querySelector	1	1	1
api.DocumentFragment.querySelectorAll	1	1	1
api.DocumentFragment.replaceChildren	1	1	1
api.DocumentPictureInPicture	1	1	0
api.DocumentPictureInPicture.enter_event	1	1	0
api.DocumentPictureInPicture.requestWindow	1	1	0
api.DocumentPictureInPicture.requestWindow.option_disallowReturnToOpener	1	1	0
api.DocumentPictureInPicture.requestWindow.option_preferInitialWindowPlacement	1	1	0
api.DocumentPictureInPicture.window	1	1	0
api.DocumentPictureInPictureEvent.DocumentPictureInPictureEvent	1	1	0
api.DocumentPictureInPictureEvent	1	1	0
api.DocumentPictureInPictureEvent.window	1	1	0
api.DocumentTimeline.DocumentTimeline	1	1	1
api.DocumentTimeline	1	1	1
api.DocumentType	1	1	1
api.DocumentType.after	1	1	1
api.DocumentType.afterHTML	0	0	0
api.DocumentType.afterHTMLUnsafe	0	0	0
api.DocumentType.before	1	1	1
api.DocumentType.beforeHTML	0	0	0
api.DocumentType.beforeHTMLUnsafe	0	0	0
api.DocumentType.name	1	1	1
api.DocumentType.publicId	1	1	1
api.DocumentType.remove	1	1	1
api.DocumentType.replaceWith	1	1	1
api.DocumentType.replaceWithHTML	0	0	0
api.DocumentType.replaceWithHTMLUnsafe	0	0	0
api.DocumentType.streamAfterHTML	0	0	0
api.DocumentType.streamAfterHTMLUnsafe	0	0	0
api.DocumentType.streamBeforeHTML	0	0	0
api.DocumentType.streamBeforeHTMLUnsafe	0	0	0
api.DocumentType.streamReplaceWithHTML	0	0	0
api.DocumentType.streamReplaceWithHTMLUnsafe	0	0	0
api.DocumentType.systemId	1	1	1
api.DragEvent.DragEvent	1	1	1
api.DragEvent	1	1	1
api.DragEvent.dataTransfer	1	1	1
api.DynamicsCompressorNode.DynamicsCompressorNode	1	1	1
api.DynamicsCompressorNode	1	1	1
api.DynamicsCompressorNode.attack	1	1	1
api.DynamicsCompressorNode.knee	1	1	1
api.DynamicsCompressorNode.ratio	1	1	1
api.DynamicsCompressorNode.reduction	1	1	1
api.DynamicsCompressorNode.release	1	1	1
api.DynamicsCompressorNode.threshold	1	1	1
api.EXT_blend_minmax	1	1	1
api.EXT_color_buffer_float	1	1	1
api.EXT_color_buffer_half_float	1	1	1
api.EXT_disjoint_timer_query	1	0	0
api.EXT_disjoint_timer_query.beginQueryEXT	1	0	0
api.EXT_disjoint_timer_query.createQueryEXT	1	0	0
api.EXT_disjoint_timer_query.deleteQueryEXT	1	0	0
api.EXT_disjoint_timer_query.endQueryEXT	1	0	0
api.EXT_disjoint_timer_query.getQueryEXT	1	0	0
api.EXT_disjoint_timer_query.getQueryObjectEXT	1	0	0
api.EXT_disjoint_timer_query.isQueryEXT	1	0	0
api.EXT_disjoint_timer_query.queryCounterEXT	1	0	0
api.EXT_disjoint_timer_query_webgl2	1	0	0
api.EXT_disjoint_timer_query_webgl2.queryCounterEXT	1	0	0
api.EXT_float_blend	1	1	1
api.EXT_frag_depth	1	1	1
api.EXT_sRGB	1	1	1
api.EXT_shader_texture_lod	1	1	1
api.EXT_texture_compression_bptc	1	1	1
api.EXT_texture_compression_rgtc	1	1	1
api.EXT_texture_filter_anisotropic	1	1	1
api.EXT_texture_norm16	1	0	1
api.EditContext.EditContext	1	0	0
api.EditContext	1	0	0
api.EditContext.attachedElements	1	0	0
api.EditContext.characterBounds	1	0	0
api.EditContext.characterBoundsRangeStart	1	0	0
api.EditContext.characterboundsupdate_event	1	0	0
api.EditContext.compositionend_event	1	0	0
api.EditContext.compositionstart_event	1	0	0
api.EditContext.selectionEnd	1	0	0
api.EditContext.selectionStart	1	0	0
api.EditContext.text	1	0	0
api.EditContext.textformatupdate_event	1	0	0
api.EditContext.textupdate_event	1	0	0
api.EditContext.updateCharacterBounds	1	0	0
api.EditContext.updateControlBounds	1	0	0
api.EditContext.updateSelection	1	0	0
api.EditContext.updateSelectionBounds	1	0	0
api.EditContext.updateText	1	0	0
api.Element.DOMActivate_event	1	1	1
api.Element.DOMMouseScroll_event	0	1	0
api.Element.MozMousePixelScroll_event	0	1	0
api.Element	1	1	1
api.Element.activeViewTransition	1	0	0
api.Element.after	1	1	1
api.Element.afterHTML	0	0	0
api.Element.afterHTMLUnsafe	0	0	0
api.Element.afterscriptexecute_event	0	0	0
api.Element.animate	1	1	1
api.Element.animate.implicit_tofrom	1	1	1
api.Element.animate.options_composite_parameter	1	1	1
api.Element.animate.options_id_parameter	1	1	1
api.Element.animate.options_iterationComposite_parameter	0	1	1
api.Element.animate.options_pseudoElement_parameter	1	1	1
api.Element.animate.options_rangeEnd_parameter	1	1	1
api.Element.animate.options_rangeStart_parameter	1	1	1
api.Element.animate.options_timeline_parameter	1	1	1
api.Element.animationcancel_event	1	1	1
api.Element.animationend_event	1	1	1
api.Element.animationiteration_event	1	1	1
api.Element.animationstart_event	1	1	1
api.Element.append	1	1	1
api.Element.appendHTML	0	0	0
api.Element.appendHTMLUnsafe	0	0	0
api.Element.ariaActiveDescendantElement	1	1	1
api.Element.ariaAtomic	1	1	1
api.Element.ariaAutoComplete	1	1	1
api.Element.ariaBrailleLabel	1	1	1
api.Element.ariaBrailleRoleDescription	1	1	1
api.Element.ariaBusy	1	1	1
api.Element.ariaChecked	1	1	1
api.Element.ariaColCount	1	1	1
api.Element.ariaColIndex	1	1	1
api.Element.ariaColIndexText	1	1	1
api.Element.ariaColSpan	1	1	1
api.Element.ariaControlsElements	1	1	1
api.Element.ariaCurrent	1	1	1
api.Element.ariaDescribedByElements	1	1	1
api.Element.ariaDescription	1	1	1
api.Element.ariaDetailsElements	1	1	1
api.Element.ariaDisabled	1	1	1
api.Element.ariaErrorMessageElements	1	1	1
api.Element.ariaExpanded	1	1	1
api.Element.ariaFlowToElements	1	1	1
api.Element.ariaHasPopup	1	1	1
api.Element.ariaHidden	1	1	1
api.Element.ariaInvalid	1	1	1
api.Element.ariaKeyShortcuts	1	1	1
api.Element.ariaLabel	1	1	1
api.Element.ariaLabelledByElements	1	1	1
api.Element.ariaLevel	1	1	1
api.Element.ariaLive	1	1	1
api.Element.ariaModal	1	1	1
api.Element.ariaMultiLine	1	1	1
api.Element.ariaMultiSelectable	1	1	1
api.Element.ariaNotify	1	1	1
api.Element.ariaOrientation	1	1	1
api.Element.ariaOwnsElements	0	1	1
api.Element.ariaPlaceholder	1	1	1
api.Element.ariaPosInSet	1	1	1
api.Element.ariaPressed	1	1	1
api.Element.ariaReadOnly	1	1	1
api.Element.ariaRelevant	1	1	1
api.Element.ariaRequired	1	1	1
api.Element.ariaRoleDescription	1	1	1
api.Element.ariaRowCount	1	1	1
api.Element.ariaRowIndex	1	1	1
api.Element.ariaRowIndexText	1	1	1
api.Element.ariaRowSpan	1	1	1
api.Element.ariaSelected	1	1	1
api.Element.ariaSetSize	1	1	1
api.Element.ariaSort	1	1	1
api.Element.ariaValueMax	1	1	1
api.Element.ariaValueMin	1	1	1
api.Element.ariaValueNow	1	1	1
api.Element.ariaValueText	1	1	1
api.Element.assignedSlot	1	1	1
api.Element.attachShadow	1	1	1
api.Element.attachShadow.options_clonable_parameter	1	1	1
api.Element.attachShadow.options_delegatesFocus_parameter	1	1	1
api.Element.attachShadow.options_referenceTarget_parameter	1	0	0
api.Element.attachShadow.options_serializable_parameter	1	1	1
api.Element.attachShadow.options_slotAssignment_parameter	1	1	1
api.Element.attributes	1	1	1
api.Element.auxclick_event	1	1	1
api.Element.auxclick_event.type_pointerevent	1	1	1
api.Element.before	1	1	1
api.Element.beforeHTML	0	0	0
api.Element.beforeHTMLUnsafe	0	0	0
api.Element.beforeinput_event	1	1	1
api.Element.beforematch_event	1	1	1
api.Element.beforescriptexecute_event	0	0	0
api.Element.beforexrselect_event	1	0	0
api.Element.blur_event	1	1	1
api.Element.checkVisibility	1	1	1
api.Element.checkVisibility.options_checkOpacity_parameter	1	1	1
api.Element.checkVisibility.options_checkVisibilityCSS_parameter	1	1	1
api.Element.checkVisibility.options_contentVisibilityAuto_parameter	1	1	1
api.Element.checkVisibility.options_opacityProperty_parameter	1	1	1
api.Element.checkVisibility.options_visibilityProperty_parameter	1	1	1
api.Element.childElementCount	1	1	1
api.Element.children	1	1	1
api.Element.classList	1	1	1
api.Element.className	1	1	1
api.Element.click_event	1	1	1
api.Element.click_event.type_pointerevent	1	1	1
api.Element.clientHeight	1	1	1
api.Element.clientLeft	1	1	1
api.Element.clientTop	1	1	1
api.Element.clientWidth	1	1	1
api.Element.closest	1	1	1
api.Element.compositionend_event	1	1	1
api.Element.compositionstart_event	1	1	1
api.Element.compositionupdate_event	1	1	1
api.Element.computedStyleMap	1	1	1
api.Element.contentvisibilityautostatechange_event	1	1	1
api.Element.contextmenu_event	1	1	1
api.Element.contextmenu_event.type_pointerevent	1	1	1
api.Element.copy_event	1	1	1
api.Element.currentCSSZoom	1	1	1
api.Element.customElementRegistry	1	1	1
api.Element.cut_event	1	1	1
api.Element.dblclick_event	1	1	1
api.Element.elementTiming	1	0	0
api.Element.firstElementChild	1	1	1
api.Element.focus_event	1	1	1
api.Element.focusin_event	1	1	1
api.Element.focusout_event	1	1	1
api.Element.fullscreenchange_event	1	1	1
api.Element.fullscreenerror_event	1	1	1
api.Element.gesturechange_event	0	0	0
api.Element.gestureend_event	0	0	0
api.Element.gesturestart_event	0	0	0
api.Element.getAnimations	1	1	1
api.Element.getAnimations.options_parameter	1	1	1
api.Element.getAnimations.options_parameter.pseudoElement_option	0	1	0
api.Element.getAttribute	1	1	1
api.Element.getAttributeNS	1	1	1
api.Element.getAttributeNames	1	1	1
api.Element.getAttributeNode	1	1	1
api.Element.getAttributeNodeNS	1	1	1
api.Element.getBoundingClientRect	1	1	1
api.Element.getBoxQuads	0	0	0
api.Element.getClientRects	1	1	1
api.Element.getElementsByClassName	1	1	1
api.Element.getElementsByTagName	1	1	1
api.Element.getElementsByTagName.all_elements_selector	1	1	1
api.Element.getElementsByTagNameNS	1	1	1
api.Element.getElementsByTagNameNS.all_elements_selector	1	1	1
api.Element.getHTML	1	1	1
api.Element.getHTML.escapes_lt_gt_in_attributes	1	1	1
api.Element.gotpointercapture_event	1	1	1
api.Element.hasAttribute	1	1	1
api.Element.hasAttributeNS	1	1	1
api.Element.hasAttributes	1	1	1
api.Element.hasPointerCapture	1	1	1
api.Element.id	1	1	1
api.Element.innerHTML	1	1	1
api.Element.innerHTML.enforces_trusted_types	1	1	1
api.Element.innerHTML.escapes_lt_gt_in_attributes	1	1	1
api.Element.input_event	1	1	1
api.Element.insertAdjacentElement	1	1	1
api.Element.insertAdjacentHTML	1	1	1
api.Element.insertAdjacentHTML.enforces_trusted_types	1	1	1
api.Element.insertAdjacentText	1	1	1
api.Element.keydown_event	1	1	1
api.Element.keypress_event	1	1	1
api.Element.keyup_event	1	1	1
api.Element.lastElementChild	1	1	1
api.Element.localName	1	1	1
api.Element.lostpointercapture_event	1	1	1
api.Element.matches	1	1	1
api.Element.mousedown_event	1	1	1
api.Element.mouseenter_event	1	1	1
api.Element.mouseleave_event	1	1	1
api.Element.mousemove_event	1	1	1
api.Element.mouseout_event	1	1	1
api.Element.mouseover_event	1	1	1
api.Element.mouseup_event	1	1	1
api.Element.mousewheel_event	1	0	1
api.Element.moveBefore	1	1	0
api.Element.namespaceURI	1	1	1
api.Element.nextElementSibling	1	1	1
api.Element.outerHTML	1	1	1
api.Element.outerHTML.enforces_trusted_types	1	1	1
api.Element.outerHTML.escapes_lt_gt_in_attributes	1	1	1
api.Element.part	1	1	1
api.Element.paste_event	1	1	1
api.Element.pointercancel_event	1	1	1
api.Element.pointerdown_event	1	1	1
api.Element.pointerenter_event	1	1	1
api.Element.pointerleave_event	1	1	1
api.Element.pointermove_event	1	1	1
api.Element.pointerout_event	1	1	1
api.Element.pointerover_event	1	1	1
api.Element.pointerrawupdate_event	1	1	0
api.Element.pointerup_event	1	1	1
api.Element.prefix	1	1	1
api.Element.prepend	1	1	1
api.Element.prependHTML	0	0	0
api.Element.prependHTMLUnsafe	0	0	0
api.Element.previousElementSibling	1	1	1
api.Element.pseudo	1	0	0
api.Element.querySelector	1	1	1
api.Element.querySelectorAll	1	1	1
api.Element.releasePointerCapture	1	1	1
api.Element.remove	1	1	1
api.Element.removeAttribute	1	1	1
api.Element.removeAttributeNS	1	1	1
api.Element.removeAttributeNode	1	1	1
api.Element.replaceChildren	1	1	1
api.Element.replaceHTML	0	0	0
api.Element.replaceHTMLUnsafe	0	0	0
api.Element.replaceWith	1	1	1
api.Element.replaceWithHTML	0	0	0
api.Element.replaceWithHTMLUnsafe	0	0	0
api.Element.requestFullscreen	1	1	1
api.Element.requestFullscreen.options_parameter	1	1	1
api.Element.requestFullscreen.options_parameter.keyboardLock_option	0	1	1
api.Element.requestFullscreen.options_parameter.navigationUI_option	1	0	1
api.Element.requestFullscreen.options_parameter.screen_option	1	0	0
api.Element.requestFullscreen.returns_promise	1	1	1
api.Element.requestPointerLock	1	1	1
api.Element.requestPointerLock.options_unadjustedMovement_parameter	1	1	1
api.Element.role	1	1	1
api.Element.scroll	1	1	1
api.Element.scroll.options_behavior_parameter	1	1	1
api.Element.scroll.options_left_parameter	1	1	1
api.Element.scroll.options_top_parameter	1	1	1
api.Element.scroll.returns_promise	1	0	0
api.Element.scrollBy	1	1	1
api.Element.scrollBy.options_behavior_parameter	1	1	1
api.Element.scrollBy.options_left_parameter	1	1	1
api.Element.scrollBy.options_top_parameter	1	1	1
api.Element.scrollBy.returns_promise	1	0	0
api.Element.scrollHeight	1	1	1
api.Element.scrollIntoView	1	1	1
api.Element.scrollIntoView.options_parameter	1	1	1
api.Element.scrollIntoView.options_parameter.block_option	1	1	1
api.Element.scrollIntoView.options_parameter.container_option	1	0	0
api.Element.scrollIntoView.options_parameter.inline_option	1	1	1
api.Element.scrollIntoView.returns_promise	1	0	0
api.Element.scrollIntoViewIfNeeded	1	0	1
api.Element.scrollLeft	1	1	1
api.Element.scrollLeftMax	0	1	0
api.Element.scrollTo	1	1	1
api.Element.scrollTo.options_behavior_parameter	1	1	1
api.Element.scrollTo.options_left_parameter	1	1	1
api.Element.scrollTo.options_top_parameter	1	1	1
api.Element.scrollTo.returns_promise	1	0	0
api.Element.scrollTop	1	1	1
api.Element.scrollTopMax	0	1	0
api.Element.scrollWidth	1	1	1
api.Element.scroll_event	1	1	1
api.Element.scrollend_event	1	1	1
api.Element.scrollsnapchange_event	1	0	0
api.Element.scrollsnapchanging_event	1	0	0
api.Element.securitypolicyviolation_event	1	1	1
api.Element.setAttribute	1	1	1
api.Element.setAttribute.enforces_trusted_types	1	1	1
api.Element.setAttribute.html_name_validity	1	1	0
api.Element.setAttributeNS	1	1	1
api.Element.setAttributeNS.enforces_trusted_types	1	1	1
api.Element.setAttributeNode	1	1	1
api.Element.setAttributeNodeNS	1	1	1
api.Element.setAttributeNodeNS.html_name_validity	1	1	0
api.Element.setCapture	0	1	0
api.Element.setHTML	1	1	0
api.Element.setHTMLUnsafe	1	1	1
api.Element.setHTMLUnsafe.enforces_trusted_types	1	1	1
api.Element.setHTMLUnsafe.options_runscripts_parameter	0	0	0
api.Element.setHTMLUnsafe.options_sanitizer_parameter	1	1	0
api.Element.setPointerCapture	1	1	1
api.Element.shadowRoot	1	1	1
api.Element.slot	1	1	1
api.Element.startViewTransition	1	0	0
api.Element.streamAfterHTML	0	0	0
api.Element.streamAfterHTMLUnsafe	0	0	0
api.Element.streamAppendHTML	0	0	0
api.Element.streamAppendHTMLUnsafe	0	0	0
api.Element.streamBeforeHTML	0	0	0
api.Element.streamBeforeHTMLUnsafe	0	0	0
api.Element.streamHTML	0	0	0
api.Element.streamHTMLUnsafe	0	0	0
api.Element.streamPrependHTML	0	0	0
api.Element.streamPrependHTMLUnsafe	0	0	0
api.Element.streamReplaceHTML	0	0	0
api.Element.streamReplaceHTMLUnsafe	0	0	0
api.Element.streamReplaceWithHTML	0	0	0
api.Element.streamReplaceWithHTMLUnsafe	0	0	0
api.Element.tagName	1	1	1
api.Element.toggleAttribute	1	1	1
api.Element.toggleAttribute.html_name_validity	1	1	0
api.Element.touchcancel_event	1	1	0
api.Element.touchend_event	1	1	0
api.Element.touchmove_event	1	1	0
api.Element.touchstart_event	1	1	0
api.Element.transitioncancel_event	1	1	1
api.Element.transitionend_event	1	1	1
api.Element.transitionrun_event	1	1	1
api.Element.transitionstart_event	1	1	1
api.Element.webkitmouseforcechanged_event	0	0	1
api.Element.webkitmouseforcedown_event	0	0	1
api.Element.webkitmouseforceup_event	0	0	1
api.Element.webkitmouseforcewillbegin_event	0	0	1
api.Element.wheel_event	1	1	1
api.ElementInternals	1	1	1
api.ElementInternals.ariaActiveDescendantElement	1	1	1
api.ElementInternals.ariaAtomic	1	1	1
api.ElementInternals.ariaAutoComplete	1	1	1
api.ElementInternals.ariaBrailleLabel	1	1	1
api.ElementInternals.ariaBrailleRoleDescription	1	1	1
api.ElementInternals.ariaBusy	1	1	1
api.ElementInternals.ariaChecked	1	1	1
api.ElementInternals.ariaColCount	1	1	1
api.ElementInternals.ariaColIndex	1	1	1
api.ElementInternals.ariaColIndexText	1	1	0
api.ElementInternals.ariaColSpan	1	1	1
api.ElementInternals.ariaControlsElements	1	1	1
api.ElementInternals.ariaCurrent	1	1	1
api.ElementInternals.ariaDescribedByElements	1	1	1
api.ElementInternals.ariaDescription	1	1	0
api.ElementInternals.ariaDetailsElements	1	1	1
api.ElementInternals.ariaDisabled	1	1	1
api.ElementInternals.ariaErrorMessageElements	1	1	1
api.ElementInternals.ariaExpanded	1	1	1
api.ElementInternals.ariaFlowToElements	1	1	1
api.ElementInternals.ariaHasPopup	1	1	1
api.ElementInternals.ariaHidden	1	1	1
api.ElementInternals.ariaInvalid	1	1	1
api.ElementInternals.ariaKeyShortcuts	1	1	1
api.ElementInternals.ariaLabel	1	1	1
api.ElementInternals.ariaLabelledByElements	1	1	1
api.ElementInternals.ariaLevel	1	1	1
api.ElementInternals.ariaLive	1	1	1
api.ElementInternals.ariaModal	1	1	1
api.ElementInternals.ariaMultiLine	1	1	1
api.ElementInternals.ariaMultiSelectable	1	1	1
api.ElementInternals.ariaOrientation	1	1	1
api.ElementInternals.ariaOwnsElements	0	1	1
api.ElementInternals.ariaPlaceholder	1	1	1
api.ElementInternals.ariaPosInSet	1	1	1
api.ElementInternals.ariaPressed	1	1	1
api.ElementInternals.ariaReadOnly	1	1	1
api.ElementInternals.ariaRelevant	1	1	1
api.ElementInternals.ariaRequired	1	1	1
api.ElementInternals.ariaRoleDescription	1	1	1
api.ElementInternals.ariaRowCount	1	1	1
api.ElementInternals.ariaRowIndex	1	1	1
api.ElementInternals.ariaRowIndexText	1	1	0
api.ElementInternals.ariaRowSpan	1	1	1
api.ElementInternals.ariaSelected	1	1	1
api.ElementInternals.ariaSetSize	1	1	1
api.ElementInternals.ariaSort	1	1	1
api.ElementInternals.ariaValueMax	1	1	1
api.ElementInternals.ariaValueMin	1	1	1
api.ElementInternals.ariaValueNow	1	1	1
api.ElementInternals.ariaValueText	1	1	1
api.ElementInternals.checkValidity	1	1	1
api.ElementInternals.form	1	1	1
api.ElementInternals.labels	1	1	1
api.ElementInternals.reportValidity	1	1	1
api.ElementInternals.role	1	1	1
api.ElementInternals.setFormValue	1	1	1
api.ElementInternals.setValidity	1	1	1
api.ElementInternals.shadowRoot	1	1	1
api.ElementInternals.states	1	1	1
api.ElementInternals.validationMessage	1	1	1
api.ElementInternals.validity	1	1	1
api.ElementInternals.willValidate	1	1	1
api.EncodedAudioChunk.EncodedAudioChunk	1	1	1
api.EncodedAudioChunk	1	1	1
api.EncodedAudioChunk.byteLength	1	1	1
api.EncodedAudioChunk.copyTo	1	1	1
api.EncodedAudioChunk.duration	1	1	1
api.EncodedAudioChunk.timestamp	1	1	1
api.EncodedAudioChunk.type	1	1	1
api.EncodedVideoChunk.EncodedVideoChunk	1	1	1
api.EncodedVideoChunk	1	1	1
api.EncodedVideoChunk.byteLength	1	1	1
api.EncodedVideoChunk.copyTo	1	1	1
api.EncodedVideoChunk.duration	1	1	1
api.EncodedVideoChunk.timestamp	1	1	1
api.EncodedVideoChunk.type	1	1	1
api.EntrySync	1	0	0
api.ErrorEvent.ErrorEvent	1	1	1
api.ErrorEvent	1	1	1
api.ErrorEvent.colno	1	1	1
api.ErrorEvent.error	1	1	1
api.ErrorEvent.filename	1	1	1
api.ErrorEvent.lineno	1	1	1
api.ErrorEvent.message	1	1	1
api.Event.Event	1	1	1
api.Event	1	1	1
api.Event.bubbles	1	1	1
api.Event.cancelBubble	1	1	1
api.Event.cancelable	1	1	1
api.Event.composed	1	1	1
api.Event.composedPath	1	1	1
api.Event.currentTarget	1	1	1
api.Event.defaultPrevented	1	1	1
api.Event.eventPhase	1	1	1
api.Event.explicitOriginalTarget	0	1	0
api.Event.initEvent	1	1	1
api.Event.isTrusted	1	1	1
api.Event.originalTarget	0	1	0
api.Event.preventDefault	1	1	1
api.Event.returnValue	1	1	1
api.Event.srcElement	1	1	1
api.Event.stopImmediatePropagation	1	1	1
api.Event.stopPropagation	1	1	1
api.Event.target	1	1	1
api.Event.timeStamp	1	1	1
api.Event.type	1	1	1
api.EventCounts.@@iterator	1	1	1
api.EventCounts	1	1	1
api.EventCounts.entries	1	1	1
api.EventCounts.forEach	1	1	1
api.EventCounts.get	1	1	1
api.EventCounts.has	1	1	1
api.EventCounts.keys	1	1	1
api.EventCounts.size	1	1	1
api.EventCounts.values	1	1	1
api.EventSource.EventSource	1	1	1
api.EventSource.EventSource.options_withCredentials_parameter	1	1	1
api.EventSource	1	1	1
api.EventSource.close	1	1	1
api.EventSource.error_event	1	1	1
api.EventSource.message_event	1	1	1
api.EventSource.open_event	1	1	1
api.EventSource.readyState	1	1	1
api.EventSource.url	1	1	1
api.EventSource.withCredentials	1	1	1
api.EventSource.worker_support	1	1	1
api.EventTarget.EventTarget	1	1	1
api.EventTarget	1	1	1
api.EventTarget.addEventListener	1	1	1
api.EventTarget.addEventListener.options_parameter	1	1	1
api.EventTarget.addEventListener.options_parameter.options_capture_parameter	1	1	1
api.EventTarget.addEventListener.options_parameter.options_once_parameter	1	1	1
api.EventTarget.addEventListener.options_parameter.options_passive_parameter	1	1	1
api.EventTarget.addEventListener.options_parameter.options_passive_parameter_default_true_touch	1	1	1
api.EventTarget.addEventListener.options_parameter.options_passive_parameter_default_true_wheel	1	1	0
api.EventTarget.addEventListener.options_parameter.options_signal_parameter	1	1	1
api.EventTarget.addEventListener.useCapture_parameter_optional	1	1	1
api.EventTarget.dispatchEvent	1	1	1
api.EventTarget.removeEventListener	1	1	1
api.EventTarget.removeEventListener.options_parameter	1	1	1
api.EventTarget.removeEventListener.useCapture_parameter_optional	1	1	1
api.EventTarget.when	1	0	0
api.ExtendableCookieChangeEvent.ExtendableCookieChangeEvent	1	1	0
api.ExtendableCookieChangeEvent	1	1	0
api.ExtendableCookieChangeEvent.changed	1	1	0
api.ExtendableCookieChangeEvent.changed.partitioned_property	1	0	0
api.ExtendableCookieChangeEvent.deleted	1	1	0
api.ExtendableCookieChangeEvent.deleted.partitioned_property	1	0	0
api.ExtendableEvent.ExtendableEvent	1	1	1
api.ExtendableEvent	1	1	1
api.ExtendableEvent.waitUntil	1	1	1
api.ExtendableEvent.waitUntil.async_waitUntil	1	1	1
api.ExtendableMessageEvent.ExtendableMessageEvent	1	1	1
api.ExtendableMessageEvent	1	1	1
api.ExtendableMessageEvent.data	1	1	1
api.ExtendableMessageEvent.lastEventId	1	1	1
api.ExtendableMessageEvent.origin	1	1	1
api.ExtendableMessageEvent.ports	1	1	1
api.ExtendableMessageEvent.source	1	1	1
api.External.AddSearchProvider	1	1	0
api.External.IsSearchProviderInstalled	1	1	0
api.External	1	1	0
api.EyeDropper.EyeDropper	1	0	0
api.EyeDropper	1	0	0
api.EyeDropper.open	1	0	0
api.EyeDropper.secure_context_required	1	0	0
api.FeaturePolicy	1	0	0
api.FeaturePolicy.allowedFeatures	1	0	0
api.FeaturePolicy.allowsFeature	1	0	0
api.FeaturePolicy.features	1	0	0
api.FeaturePolicy.getAllowlistForFeature	1	0	0
api.FederatedCredential.FederatedCredential	1	0	0
api.FederatedCredential	1	0	0
api.FederatedCredential.iconURL	1	0	0
api.FederatedCredential.name	1	0	0
api.FederatedCredential.protocol	1	0	0
api.FederatedCredential.provider	1	0	0
api.Fence	1	0	0
api.Fence.getNestedConfigs	1	0	0
api.Fence.reportEvent	1	0	0
api.Fence.setReportEventDataForAutomaticBeacons	1	0	0
api.FencedFrameConfig	1	0	0
api.FencedFrameConfig.setSharedStorageContext	0	0	0
api.FetchEvent.FetchEvent	1	1	1
api.FetchEvent	1	1	1
api.FetchEvent.clientId	1	1	1
api.FetchEvent.handled	1	1	1
api.FetchEvent.isReload	1	0	0
api.FetchEvent.preloadResponse	1	1	1
api.FetchEvent.request	1	1	1
api.FetchEvent.respondWith	1	1	1
api.FetchEvent.respondWith.networkerror_on_same-origin_cors	1	1	0
api.FetchEvent.respondWith.resource_url	0	1	0
api.FetchEvent.resultingClientId	1	1	1
api.FetchLaterResult	1	0	0
api.FetchLaterResult.activated	1	0	0
api.File.File	1	1	1
api.File	1	1	1
api.File.lastModified	1	1	1
api.File.lastModifiedDate	1	0	0
api.File.name	1	1	1
api.File.webkitRelativePath	1	1	1
api.FileEntrySync	1	0	0
api.FileList	1	1	1
api.FileList.item	1	1	1
api.FileList.length	1	1	1
api.FileReader.FileReader	1	1	1
api.FileReader	1	1	1
api.FileReader.abort	1	1	1
api.FileReader.abort_event	1	1	1
api.FileReader.error	1	1	1
api.FileReader.error_event	1	1	1
api.FileReader.load_event	1	1	1
api.FileReader.loadend_event	1	1	1
api.FileReader.loadstart_event	1	1	1
api.FileReader.progress_event	1	1	1
api.FileReader.readAsArrayBuffer	1	1	1
api.FileReader.readAsBinaryString	1	1	1
api.FileReader.readAsDataURL	1	1	1
api.FileReader.readAsText	1	1	1
api.FileReader.readyState	1	1	1
api.FileReader.result	1	1	1
api.FileReader.worker_support	1	1	1
api.FileReaderSync.FileReaderSync	1	1	1
api.FileReaderSync	1	1	1
api.FileReaderSync.readAsArrayBuffer	1	1	1
api.FileReaderSync.readAsBinaryString	1	1	1
api.FileReaderSync.readAsDataURL	1	1	1
api.FileReaderSync.readAsText	1	1	1
api.FileReaderSync.worker_support	1	1	1
api.FileSystem	1	1	1
api.FileSystem.name	1	1	1
api.FileSystem.root	1	1	1
api.FileSystemDirectoryEntry	1	1	1
api.FileSystemDirectoryEntry.createReader	1	1	1
api.FileSystemDirectoryEntry.getDirectory	1	1	1
api.FileSystemDirectoryEntry.getFile	1	1	1
api.FileSystemDirectoryEntry.removeRecursively	1	0	0
api.FileSystemDirectoryHandle.@@asyncIterator	1	1	1
api.FileSystemDirectoryHandle	1	1	1
api.FileSystemDirectoryHandle.entries	1	1	1
api.FileSystemDirectoryHandle.getDirectoryHandle	1	1	1
api.FileSystemDirectoryHandle.getFileHandle	1	1	1
api.FileSystemDirectoryHandle.keys	1	1	1
api.FileSystemDirectoryHandle.removeEntry	1	1	1
api.FileSystemDirectoryHandle.resolve	1	1	1
api.FileSystemDirectoryHandle.values	1	1	1
api.FileSystemDirectoryReader	1	1	1
api.FileSystemDirectoryReader.readEntries	1	1	1
api.FileSystemEntry	1	1	1
api.FileSystemEntry.copyTo	1	0	0
api.FileSystemEntry.filesystem	1	1	1
api.FileSystemEntry.fullPath	1	1	1
api.FileSystemEntry.getMetadata	1	0	0
api.FileSystemEntry.getParent	1	1	1
api.FileSystemEntry.isDirectory	1	1	1
api.FileSystemEntry.isFile	1	1	1
api.FileSystemEntry.moveTo	1	0	0
api.FileSystemEntry.name	1	1	1
api.FileSystemEntry.remove	1	0	0
api.FileSystemEntry.toURL	1	0	0
api.FileSystemFileEntry	1	1	1
api.FileSystemFileEntry.createWriter	1	0	0
api.FileSystemFileEntry.file	1	1	1
api.FileSystemFileHandle	1	1	1
api.FileSystemFileHandle.createSyncAccessHandle	1	1	1
api.FileSystemFileHandle.createSyncAccessHandle.mode	1	0	0
api.FileSystemFileHandle.createWritable	1	1	1
api.FileSystemFileHandle.createWritable.mode	1	0	0
api.FileSystemFileHandle.getFile	1	1	1
api.FileSystemHandle	1	1	1
api.FileSystemHandle.isSameEntry	1	1	1
api.FileSystemHandle.kind	1	1	1
api.FileSystemHandle.move	1	1	1
api.FileSystemHandle.name	1	1	1
api.FileSystemHandle.queryPermission	1	0	0
api.FileSystemHandle.remove	1	0	0
api.FileSystemHandle.requestPermission	1	0	0
api.FileSystemObserver.FileSystemObserver	1	0	0
api.FileSystemObserver	1	0	0
api.FileSystemObserver.disconnect	1	0	0
api.FileSystemObserver.observe	1	0	0
api.FileSystemSync	1	0	0
api.FileSystemSync.name	1	0	0
api.FileSystemSync.root	1	0	0
api.FileSystemSyncAccessHandle	1	1	1
api.FileSystemSyncAccessHandle.close	1	1	1
api.FileSystemSyncAccessHandle.close.sync_version	1	1	1
api.FileSystemSyncAccessHandle.flush	1	1	1
api.FileSystemSyncAccessHandle.flush.sync_version	1	1	1
api.FileSystemSyncAccessHandle.getSize	1	1	1
api.FileSystemSyncAccessHandle.getSize.sync_version	1	1	1
api.FileSystemSyncAccessHandle.read	1	1	1
api.FileSystemSyncAccessHandle.truncate	1	1	1
api.FileSystemSyncAccessHandle.truncate.sync_version	1	1	1
api.FileSystemSyncAccessHandle.write	1	1	1
api.FileSystemWritableFileStream	1	1	1
api.FileSystemWritableFileStream.seek	1	1	1
api.FileSystemWritableFileStream.truncate	1	1	1
api.FileSystemWritableFileStream.write	1	1	1
api.FocusEvent.FocusEvent	1	1	1
api.FocusEvent	1	1	1
api.FocusEvent.relatedTarget	1	1	1
api.FontData	1	0	0
api.FontData.blob	1	0	0
api.FontData.family	1	0	0
api.FontData.fullName	1	0	0
api.FontData.postscriptName	1	0	0
api.FontData.style	1	0	0
api.FontFace.FontFace	1	1	1
api.FontFace	1	1	1
api.FontFace.ascentOverride	1	1	1
api.FontFace.descentOverride	1	1	1
api.FontFace.display	1	1	1
api.FontFace.family	1	1	1
api.FontFace.featureSettings	1	1	1
api.FontFace.lineGapOverride	1	1	1
api.FontFace.load	1	1	1
api.FontFace.loaded	1	1	1
api.FontFace.status	1	1	1
api.FontFace.stretch	1	1	1
api.FontFace.style	1	1	1
api.FontFace.unicodeRange	1	1	1
api.FontFace.variant	1	1	0
api.FontFace.variationSettings	1	1	0
api.FontFace.weight	1	1	1
api.FontFace.worker_support	1	1	1
api.FontFaceSet.@@iterator	1	1	1
api.FontFaceSet.FontFaceSet	0	0	0
api.FontFaceSet	1	1	1
api.FontFaceSet.add	1	1	1
api.FontFaceSet.check	1	1	1
api.FontFaceSet.clear	1	1	1
api.FontFaceSet.delete	1	1	1
api.FontFaceSet.entries	1	1	1
api.FontFaceSet.forEach	1	1	1
api.FontFaceSet.has	1	1	1
api.FontFaceSet.keys	1	1	1
api.FontFaceSet.load	1	1	1
api.FontFaceSet.loading_event	1	1	1
api.FontFaceSet.loadingdone_event	1	1	1
api.FontFaceSet.loadingerror_event	1	1	1
api.FontFaceSet.ready	1	1	1
api.FontFaceSet.size	1	1	1
api.FontFaceSet.status	1	1	1
api.FontFaceSet.values	1	1	1
api.FontFaceSet.worker_support	1	1	1
api.FontFaceSetLoadEvent.FontFaceSetLoadEvent	1	1	0
api.FontFaceSetLoadEvent	1	1	0
api.FontFaceSetLoadEvent.fontfaces	1	1	0
api.FontFaceSetLoadEvent.worker_support	0	1	0
api.FormData.@@iterator	1	1	1
api.FormData.FormData	1	1	1
api.FormData.FormData.submitter	1	1	1
api.FormData	1	1	1
api.FormData.append	1	1	1
api.FormData.append.filename_parameter	1	1	1
api.FormData.delete	1	1	1
api.FormData.entries	1	1	1
api.FormData.forEach	1	1	1
api.FormData.get	1	1	1
api.FormData.getAll	1	1	1
api.FormData.has	1	1	1
api.FormData.keys	1	1	1
api.FormData.set	1	1	1
api.FormData.values	1	1	1
api.FormData.worker_support	1	1	1
api.FormDataEvent.FormDataEvent	1	1	1
api.FormDataEvent	1	1	1
api.FormDataEvent.formData	1	1	1
api.FragmentDirective	1	1	1
api.GPU	1	1	1
api.GPU.getPreferredCanvasFormat	1	1	1
api.GPU.requestAdapter	1	1	1
api.GPU.requestAdapter.discrete_adapter_default_ac	1	0	0
api.GPU.requestAdapter.options_featureLevel	1	0	0
api.GPU.wgslLanguageFeatures	1	1	1
api.GPUAdapter	1	1	1
api.GPUAdapter.features	1	1	1
api.GPUAdapter.info	1	1	1
api.GPUAdapter.isFallbackAdapter	0	0	1
api.GPUAdapter.limits	1	1	1
api.GPUAdapter.requestAdapterInfo	0	1	0
api.GPUAdapter.requestDevice	1	1	1
api.GPUAdapter.requestDevice.handles_duplicate_calls	1	0	1
api.GPUAdapter.requestDevice.undefined_limits	1	0	0
api.GPUAdapterInfo	1	1	1
api.GPUAdapterInfo.architecture	1	1	1
api.GPUAdapterInfo.description	1	1	1
api.GPUAdapterInfo.device	1	1	1
api.GPUAdapterInfo.isFallbackAdapter	1	1	1
api.GPUAdapterInfo.subgroupMaxSize	1	1	1
api.GPUAdapterInfo.subgroupMinSize	1	1	1
api.GPUAdapterInfo.vendor	1	1	1
api.GPUBindGroup	1	1	1
api.GPUBindGroup.label	1	1	1
api.GPUBindGroupLayout	1	1	1
api.GPUBindGroupLayout.label	1	1	1
api.GPUBuffer	1	1	1
api.GPUBuffer.destroy	1	1	1
api.GPUBuffer.getMappedRange	1	1	1
api.GPUBuffer.label	1	1	1
api.GPUBuffer.mapAsync	1	1	1
api.GPUBuffer.mapState	1	1	1
api.GPUBuffer.size	1	1	1
api.GPUBuffer.unmap	1	1	1
api.GPUBuffer.usage	1	1	1
api.GPUCanvasContext	1	1	1
api.GPUCanvasContext.canvas	1	1	1
api.GPUCanvasContext.configure	1	1	1
api.GPUCanvasContext.configure.toneMapping	1	0	0
api.GPUCanvasContext.getConfiguration	1	1	1
api.GPUCanvasContext.getCurrentTexture	1	1	1
api.GPUCanvasContext.unconfigure	1	1	1
api.GPUCommandBuffer	1	1	1
api.GPUCommandBuffer.label	1	1	1
api.GPUCommandEncoder	1	1	1
api.GPUCommandEncoder.beginComputePass	1	1	1
api.GPUCommandEncoder.beginComputePass.timestampWrites	1	0	0
api.GPUCommandEncoder.beginRenderPass	1	1	1
api.GPUCommandEncoder.beginRenderPass.accepts_GPUTexture_resources	1	0	0
api.GPUCommandEncoder.beginRenderPass.depthSlice_option	1	0	0
api.GPUCommandEncoder.beginRenderPass.separate_depth_stencil_read-only	1	0	0
api.GPUCommandEncoder.beginRenderPass.timestampWrites	1	0	0
api.GPUCommandEncoder.clearBuffer	1	1	1
api.GPUCommandEncoder.copyBufferToBuffer	1	1	1
api.GPUCommandEncoder.copyBufferToBuffer.offset_and_size_parameter_optional	1	0	0
api.GPUCommandEncoder.copyBufferToTexture	1	1	1
api.GPUCommandEncoder.copyTextureToBuffer	1	1	1
api.GPUCommandEncoder.copyTextureToTexture	1	1	1
api.GPUCommandEncoder.finish	1	1	1
api.GPUCommandEncoder.insertDebugMarker	1	1	1
api.GPUCommandEncoder.label	1	1	1
api.GPUCommandEncoder.popDebugGroup	1	1	1
api.GPUCommandEncoder.pushDebugGroup	1	1	1
api.GPUCommandEncoder.resolveQuerySet	1	1	1
api.GPUCommandEncoder.writeTimestamp	0	1	0
api.GPUCompilationInfo	1	1	1
api.GPUCompilationInfo.messages	1	1	1
api.GPUCompilationMessage	1	1	1
api.GPUCompilationMessage.length	1	1	1
api.GPUCompilationMessage.lineNum	1	1	1
api.GPUCompilationMessage.linePos	1	1	1
api.GPUCompilationMessage.message	1	1	1
api.GPUCompilationMessage.offset	1	1	1
api.GPUCompilationMessage.type	1	1	1
api.GPUComputePassEncoder	1	1	1
api.GPUComputePassEncoder.dispatchWorkgroups	1	1	1
api.GPUComputePassEncoder.dispatchWorkgroupsIndirect	1	1	1
api.GPUComputePassEncoder.end	1	1	1
api.GPUComputePassEncoder.insertDebugMarker	1	1	1
api.GPUComputePassEncoder.label	1	1	1
api.GPUComputePassEncoder.popDebugGroup	1	1	1
api.GPUComputePassEncoder.pushDebugGroup	1	1	1
api.GPUComputePassEncoder.setBindGroup	1	1	1
api.GPUComputePassEncoder.setBindGroup.unset_bind_group	1	0	0
api.GPUComputePassEncoder.setImmediates	1	0	0
api.GPUComputePassEncoder.setPipeline	1	1	1
api.GPUComputePassEncoder.writeTimestamp	1	0	0
api.GPUComputePipeline	1	1	1
api.GPUComputePipeline.getBindGroupLayout	1	1	1
api.GPUComputePipeline.label	1	1	1
api.GPUDevice	1	1	1
api.GPUDevice.adapterInfo	1	1	1
api.GPUDevice.createBindGroup	1	1	1
api.GPUDevice.createBindGroup.descriptor_entries_resource_parameter_accepts_GPUBuffer	1	0	0
api.GPUDevice.createBindGroup.descriptor_entries_resource_parameter_accepts_GPUTextureView	1	0	0
api.GPUDevice.createBindGroup.descriptor_entries_resource_parameter_accepts_GPUTexture_resource	1	0	0
api.GPUDevice.createBindGroupLayout	1	1	1
api.GPUDevice.createBindGroupLayout.storageTexture_access_read-write_read-only	1	0	0
api.GPUDevice.createBindGroupLayout.texture_rgb10a2uint	1	0	0
api.GPUDevice.createBuffer	1	1	1
api.GPUDevice.createCommandEncoder	1	1	1
api.GPUDevice.createComputePipeline	1	1	1
api.GPUDevice.createComputePipeline.optional_entryPoint	1	0	0
api.GPUDevice.createComputePipelineAsync	1	1	1
api.GPUDevice.createComputePipelineAsync.optional_entryPoint	1	0	0
api.GPUDevice.createPipelineLayout	1	1	1
api.GPUDevice.createPipelineLayout.descriptor_bindGroupLayouts_parameter_accepts_null_values	1	0	0
api.GPUDevice.createQuerySet	1	1	1
api.GPUDevice.createQuerySet.timestamp	1	0	0
api.GPUDevice.createRenderBundleEncoder	1	1	1
api.GPUDevice.createRenderPipeline	1	1	1
api.GPUDevice.createRenderPipeline.dual-source-blending	1	1	0
api.GPUDevice.createRenderPipeline.optional_depthcompare_depthwriteenabled	1	0	0
api.GPUDevice.createRenderPipeline.optional_entryPoint	1	0	0
api.GPUDevice.createRenderPipeline.texture_rgb10a2uint	1	0	0
api.GPUDevice.createRenderPipeline.validates_depth_bias_for_line_and_point_topologies	1	0	0
api.GPUDevice.createRenderPipeline.vertex_unorm10-10-10-2	1	0	0
api.GPUDevice.createRenderPipelineAsync	1	1	1
api.GPUDevice.createRenderPipelineAsync.dual-source-blending	1	1	0
api.GPUDevice.createRenderPipelineAsync.optional_depthcompare_depthwriteenabled	1	0	0
api.GPUDevice.createRenderPipelineAsync.optional_entryPoint	1	0	0
api.GPUDevice.createRenderPipelineAsync.texture_rgb10a2uint	1	0	0
api.GPUDevice.createRenderPipelineAsync.validates_depth_bias_for_line_and_point_topologies	1	0	0
api.GPUDevice.createRenderPipelineAsync.vertex_unorm10-10-10-2	1	0	0
api.GPUDevice.createSampler	1	1	1
api.GPUDevice.createShaderModule	1	1	1
api.GPUDevice.createTexture	1	1	1
api.GPUDevice.createTexture.descriptor_usage_parameter	1	1	1
api.GPUDevice.createTexture.descriptor_usage_parameter.accept_transient_attachment	1	0	0
api.GPUDevice.createTexture.texture_rgb10a2uint	1	0	0
api.GPUDevice.destroy	1	1	1
api.GPUDevice.features	1	1	1
api.GPUDevice.importExternalTexture	1	1	1
api.GPUDevice.importExternalTexture.color_space_display-p3	1	0	0
api.GPUDevice.importExternalTexture.videoframe_source	1	1	1
api.GPUDevice.label	1	1	1
api.GPUDevice.limits	1	1	1
api.GPUDevice.lost	1	1	1
api.GPUDevice.popErrorScope	1	1	1
api.GPUDevice.pushErrorScope	1	1	1
api.GPUDevice.queue	1	1	1
api.GPUDevice.uncapturederror_event	1	1	1
api.GPUDeviceLostInfo	1	1	1
api.GPUDeviceLostInfo.message	1	1	1
api.GPUDeviceLostInfo.reason	1	1	1
api.GPUError	1	1	0
api.GPUError.message	1	1	0
api.GPUExternalTexture	1	1	1
api.GPUExternalTexture.label	1	1	1
api.GPUInternalError.GPUInternalError	1	1	1
api.GPUInternalError	1	1	1
api.GPUOutOfMemoryError.GPUOutOfMemoryError	1	1	1
api.GPUOutOfMemoryError	1	1	1
api.GPUPipelineError.GPUPipelineError	1	1	1
api.GPUPipelineError.GPUPipelineError.message_optional	1	1	1
api.GPUPipelineError	1	1	1
api.GPUPipelineError.reason	1	1	1
api.GPUPipelineLayout	1	1	1
api.GPUPipelineLayout.label	1	1	1
api.GPUQuerySet	1	1	1
api.GPUQuerySet.count	1	1	1
api.GPUQuerySet.destroy	1	1	1
api.GPUQuerySet.label	1	1	1
api.GPUQuerySet.type	1	1	1
api.GPUQuerySet.type.timestamp	1	0	0
api.GPUQueue	1	1	1
api.GPUQueue.copyExternalImageToTexture	1	1	1
api.GPUQueue.copyExternalImageToTexture.htmlimageelement_imagedata_source	1	0	0
api.GPUQueue.copyExternalImageToTexture.videoframe_source	1	0	1
api.GPUQueue.label	1	1	1
api.GPUQueue.onSubmittedWorkDone	1	1	1
api.GPUQueue.submit	1	1	1
api.GPUQueue.submit.validates_command_buffer_uniqueness	1	0	0
api.GPUQueue.writeBuffer	1	1	1
api.GPUQueue.writeTexture	1	1	1
api.GPURenderBundle	1	1	1
api.GPURenderBundle.label	1	1	1
api.GPURenderBundleEncoder	1	1	1
api.GPURenderBundleEncoder.draw	1	1	1
api.GPURenderBundleEncoder.drawIndexed	1	1	1
api.GPURenderBundleEncoder.drawIndexedIndirect	1	1	1
api.GPURenderBundleEncoder.drawIndirect	1	1	1
api.GPURenderBundleEncoder.finish	1	1	1
api.GPURenderBundleEncoder.insertDebugMarker	1	1	1
api.GPURenderBundleEncoder.label	1	1	1
api.GPURenderBundleEncoder.popDebugGroup	1	1	1
api.GPURenderBundleEncoder.pushDebugGroup	1	1	1
api.GPURenderBundleEncoder.setBindGroup	1	1	1
api.GPURenderBundleEncoder.setBindGroup.unset_bind_group	1	0	0
api.GPURenderBundleEncoder.setImmediates	1	0	0
api.GPURenderBundleEncoder.setIndexBuffer	1	1	1
api.GPURenderBundleEncoder.setPipeline	1	1	1
api.GPURenderBundleEncoder.setVertexBuffer	1	1	1
api.GPURenderBundleEncoder.setVertexBuffer.unset_vertex_buffer	1	1	1
api.GPURenderPassEncoder	1	1	1
api.GPURenderPassEncoder.beginOcclusionQuery	1	1	1
api.GPURenderPassEncoder.draw	1	1	1
api.GPURenderPassEncoder.drawIndexed	1	1	1
api.GPURenderPassEncoder.drawIndexedIndirect	1	1	1
api.GPURenderPassEncoder.drawIndirect	1	1	1
api.GPURenderPassEncoder.end	1	1	1
api.GPURenderPassEncoder.endOcclusionQuery	1	1	1
api.GPURenderPassEncoder.executeBundles	1	1	1
api.GPURenderPassEncoder.insertDebugMarker	1	1	1
api.GPURenderPassEncoder.label	1	1	1
api.GPURenderPassEncoder.popDebugGroup	1	1	1
api.GPURenderPassEncoder.pushDebugGroup	1	1	1
api.GPURenderPassEncoder.setBindGroup	1	1	1
api.GPURenderPassEncoder.setBindGroup.unset_bind_group	1	0	0
api.GPURenderPassEncoder.setBlendConstant	1	1	1
api.GPURenderPassEncoder.setImmediates	1	0	0
api.GPURenderPassEncoder.setIndexBuffer	1	1	1
api.GPURenderPassEncoder.setPipeline	1	1	1
api.GPURenderPassEncoder.setScissorRect	1	1	1
api.GPURenderPassEncoder.setStencilReference	1	1	1
api.GPURenderPassEncoder.setVertexBuffer	1	1	1
api.GPURenderPassEncoder.setVertexBuffer.unset_vertex_buffer	1	1	1
api.GPURenderPassEncoder.setViewport	1	1	1
api.GPURenderPassEncoder.writeTimestamp	1	0	0
api.GPURenderPipeline	1	1	1
api.GPURenderPipeline.getBindGroupLayout	1	1	1
api.GPURenderPipeline.label	1	1	1
api.GPUSampler	1	1	1
api.GPUSampler.label	1	1	1
api.GPUShaderModule	1	1	1
api.GPUShaderModule.getCompilationInfo	1	1	1
api.GPUShaderModule.label	1	1	1
api.GPUSupportedFeatures.@@iterator	1	1	1
api.GPUSupportedFeatures	1	1	1
api.GPUSupportedFeatures.entries	1	1	1
api.GPUSupportedFeatures.feature_bgra8unorm-storage	1	0	1
api.GPUSupportedFeatures.feature_clip-distances	1	0	0
api.GPUSupportedFeatures.feature_core-features-and-limits	1	1	1
api.GPUSupportedFeatures.feature_depth-clip-control	1	0	1
api.GPUSupportedFeatures.feature_depth32float-stencil8	1	0	1
api.GPUSupportedFeatures.feature_dual-source-blending	1	1	0
api.GPUSupportedFeatures.feature_float32-blendable	1	0	1
api.GPUSupportedFeatures.feature_float32-filterable	1	0	0
api.GPUSupportedFeatures.feature_indirect-first-instance	1	0	1
api.GPUSupportedFeatures.feature_primitive-index	1	0	0
api.GPUSupportedFeatures.feature_rg11b10ufloat-renderable	1	0	1
api.GPUSupportedFeatures.feature_shader-f16	1	0	1
api.GPUSupportedFeatures.feature_subgroups	1	0	0
api.GPUSupportedFeatures.feature_subgroups.subgroup_id_num_subgroups	1	0	0
api.GPUSupportedFeatures.feature_texture-component-swizzle	1	0	0
api.GPUSupportedFeatures.feature_texture-compression-astc	1	0	1
api.GPUSupportedFeatures.feature_texture-compression-astc-sliced-3d	1	1	1
api.GPUSupportedFeatures.feature_texture-compression-bc	1	0	0
api.GPUSupportedFeatures.feature_texture-compression-bc-sliced-3d	1	1	1
api.GPUSupportedFeatures.feature_texture-compression-etc2	1	0	1
api.GPUSupportedFeatures.feature_texture-formats-tier1	1	0	1
api.GPUSupportedFeatures.feature_texture-formats-tier2	1	0	0
api.GPUSupportedFeatures.feature_timestamp-query	1	0	1
api.GPUSupportedFeatures.forEach	1	1	1
api.GPUSupportedFeatures.has	1	1	1
api.GPUSupportedFeatures.keys	1	1	1
api.GPUSupportedFeatures.size	1	1	1
api.GPUSupportedFeatures.values	1	1	1
api.GPUSupportedLimits	1	1	1
api.GPUSupportedLimits.maxBindGroups	1	1	1
api.GPUSupportedLimits.maxBindGroupsPlusVertexBuffers	1	1	1
api.GPUSupportedLimits.maxBindingsPerBindGroup	1	1	1
api.GPUSupportedLimits.maxBufferSize	1	1	1
api.GPUSupportedLimits.maxColorAttachmentBytesPerSample	1	1	1
api.GPUSupportedLimits.maxColorAttachments	1	1	1
api.GPUSupportedLimits.maxComputeInvocationsPerWorkgroup	1	1	1
api.GPUSupportedLimits.maxComputeWorkgroupSizeX	1	1	1
api.GPUSupportedLimits.maxComputeWorkgroupSizeY	1	1	1
api.GPUSupportedLimits.maxComputeWorkgroupSizeZ	1	1	1
api.GPUSupportedLimits.maxComputeWorkgroupStorageSize	1	1	1
api.GPUSupportedLimits.maxComputeWorkgroupsPerDimension	1	1	1
api.GPUSupportedLimits.maxDynamicStorageBuffersPerPipelineLayout	1	1	1
api.GPUSupportedLimits.maxDynamicUniformBuffersPerPipelineLayout	1	1	1
api.GPUSupportedLimits.maxImmediateSize	1	0	0
api.GPUSupportedLimits.maxInterStageShaderComponents	0	0	0
api.GPUSupportedLimits.maxInterStageShaderVariables	1	1	1
api.GPUSupportedLimits.maxSampledTexturesPerShaderStage	1	1	1
api.GPUSupportedLimits.maxSamplersPerShaderStage	1	1	1
api.GPUSupportedLimits.maxStorageBufferBindingSize	1	1	1
api.GPUSupportedLimits.maxStorageBuffersInFragmentStage	1	1	1
api.GPUSupportedLimits.maxStorageBuffersInVertexStage	1	1	1
api.GPUSupportedLimits.maxStorageBuffersPerShaderStage	1	1	1
api.GPUSupportedLimits.maxStorageTexturesInFragmentStage	1	1	1
api.GPUSupportedLimits.maxStorageTexturesInVertexStage	1	1	1
api.GPUSupportedLimits.maxStorageTexturesPerShaderStage	1	1	1
api.GPUSupportedLimits.maxTextureArrayLayers	1	1	1
api.GPUSupportedLimits.maxTextureDimension1D	1	1	1
api.GPUSupportedLimits.maxTextureDimension2D	1	1	1
api.GPUSupportedLimits.maxTextureDimension3D	1	1	1
api.GPUSupportedLimits.maxUniformBufferBindingSize	1	1	1
api.GPUSupportedLimits.maxUniformBuffersPerShaderStage	1	1	1
api.GPUSupportedLimits.maxVertexAttributes	1	1	1
api.GPUSupportedLimits.maxVertexBufferArrayStride	1	1	1
api.GPUSupportedLimits.maxVertexBuffers	1	1	1
api.GPUSupportedLimits.minStorageBufferOffsetAlignment	1	1	1
api.GPUSupportedLimits.minUniformBufferOffsetAlignment	1	1	1
api.GPUTexture	1	1	1
api.GPUTexture.createView	1	1	1
api.GPUTexture.createView.descriptor_format_parameter_accepts_rgb10a2uint	1	0	0
api.GPUTexture.createView.descriptor_swizzle_parameter	1	0	0
api.GPUTexture.createView.descriptor_usage_parameter	1	1	0
api.GPUTexture.createView.descriptor_usage_parameter.transient_attachment	1	1	0
api.GPUTexture.depthOrArrayLayers	1	1	1
api.GPUTexture.destroy	1	1	1
api.GPUTexture.dimension	1	1	1
api.GPUTexture.format	1	1	1
api.GPUTexture.format.texture_rgb10a2uint	1	0	0
api.GPUTexture.height	1	1	1
api.GPUTexture.label	1	1	1
api.GPUTexture.mipLevelCount	1	1	1
api.GPUTexture.sampleCount	1	1	1
api.GPUTexture.textureBindingViewDimension	1	0	0
api.GPUTexture.usage	1	1	1
api.GPUTexture.usage.transient_attachment	1	1	0
api.GPUTexture.width	1	1	1
api.GPUTextureView	1	1	1
api.GPUTextureView.label	1	1	1
api.GPUUncapturedErrorEvent.GPUUncapturedErrorEvent	1	1	1
api.GPUUncapturedErrorEvent	1	1	1
api.GPUUncapturedErrorEvent.error	1	1	1
api.GPUValidationError.GPUValidationError	1	1	1
api.GPUValidationError	1	1	1
api.GainNode.GainNode	1	1	1
api.GainNode	1	1	1
api.GainNode.gain	1	1	1
api.Gamepad	1	1	1
api.Gamepad.axes	1	1	1
api.Gamepad.buttons	1	1	1
api.Gamepad.connected	1	1	1
api.Gamepad.displayId	0	0	0
api.Gamepad.hand	0	1	0
api.Gamepad.hapticActuators	0	1	0
api.Gamepad.id	1	1	1
api.Gamepad.index	1	1	1
api.Gamepad.mapping	1	1	1
api.Gamepad.pose	0	1	0
api.Gamepad.timestamp	1	1	1
api.Gamepad.vibrationActuator	1	0	1
api.GamepadButton	1	1	1
api.GamepadButton.pressed	1	1	1
api.GamepadButton.touched	1	1	0
api.GamepadButton.value	1	1	1
api.GamepadEvent.GamepadEvent	1	1	1
api.GamepadEvent	1	1	1
api.GamepadEvent.gamepad	1	1	1
api.GamepadHapticActuator	1	1	1
api.GamepadHapticActuator.canPlayEffectType	0	0	1
api.GamepadHapticActuator.effects	1	0	0
api.GamepadHapticActuator.effects.type_trigger-rumble	1	0	0
api.GamepadHapticActuator.playEffect	1	0	1
api.GamepadHapticActuator.playEffect.params_leftTrigger_parameter	1	0	0
api.GamepadHapticActuator.playEffect.params_rightTrigger_parameter	1	0	0
api.GamepadHapticActuator.playEffect.type_trigger-rumble	1	0	0
api.GamepadHapticActuator.pulse	0	1	0
api.GamepadHapticActuator.reset	1	0	1
api.GamepadHapticActuator.type	1	1	1
api.GamepadPose	0	1	0
api.GamepadPose.angularAcceleration	0	1	0
api.GamepadPose.angularVelocity	0	1	0
api.GamepadPose.hasOrientation	0	1	0
api.GamepadPose.hasPosition	0	1	0
api.GamepadPose.linearAcceleration	0	1	0
api.GamepadPose.linearVelocity	0	1	0
api.GamepadPose.orientation	0	1	0
api.GamepadPose.position	0	1	0
api.Geolocation	1	1	1
api.Geolocation.clearWatch	1	1	1
api.Geolocation.getCurrentPosition	1	1	1
api.Geolocation.secure_context_required	1	1	1
api.Geolocation.watchPosition	1	1	1
api.GeolocationCoordinates	1	1	1
api.GeolocationCoordinates.accuracy	1	1	1
api.GeolocationCoordinates.altitude	1	1	1
api.GeolocationCoordinates.altitudeAccuracy	1	1	1
api.GeolocationCoordinates.heading	1	1	1
api.GeolocationCoordinates.latitude	1	1	1
api.GeolocationCoordinates.longitude	1	1	1
api.GeolocationCoordinates.secure_context_required	1	1	1
api.GeolocationCoordinates.speed	1	1	1
api.GeolocationCoordinates.toJSON	1	1	1
api.GeolocationPosition	1	1	1
api.GeolocationPosition.coords	1	1	1
api.GeolocationPosition.secure_context_required	1	1	1
api.GeolocationPosition.timestamp	1	1	1
api.GeolocationPosition.toJSON	1	1	1
api.GeolocationPositionError	1	1	1
api.GeolocationPositionError.code	1	1	1
api.GeolocationPositionError.message	1	1	1
api.GeolocationPositionError.secure_context_required	1	1	1
api.GestureEvent	0	0	1
api.GestureEvent.altKey	0	0	1
api.GestureEvent.clientX	0	0	1
api.GestureEvent.clientY	0	0	1
api.GestureEvent.ctrlKey	0	0	1
api.GestureEvent.initGestureEvent	0	0	1
api.GestureEvent.metaKey	0	0	1
api.GestureEvent.rotation	0	0	1
api.GestureEvent.scale	0	0	1
api.GestureEvent.screenX	0	0	1
api.GestureEvent.screenY	0	0	1
api.GestureEvent.shiftKey	0	0	1
api.GestureEvent.target	0	0	1
api.GravitySensor.GravitySensor	1	0	0
api.GravitySensor	1	0	0
api.Gyroscope.Gyroscope	1	0	0
api.Gyroscope	1	0	0
api.Gyroscope.x	1	0	0
api.Gyroscope.y	1	0	0
api.Gyroscope.z	1	0	0
api.HID	1	0	0
api.HID.connect_event	1	0	0
api.HID.disconnect_event	1	0	0
api.HID.getDevices	1	0	0
api.HID.requestDevice	1	0	0
api.HID.worker_support	1	0	0
api.HIDConnectionEvent.HIDConnectionEvent	1	0	0
api.HIDConnectionEvent	1	0	0
api.HIDConnectionEvent.device	1	0	0
api.HIDConnectionEvent.worker_support	1	0	0
api.HIDDevice	1	0	0
api.HIDDevice.close	1	0	0
api.HIDDevice.collections	1	0	0
api.HIDDevice.forget	1	0	0
api.HIDDevice.inputreport_event	1	0	0
api.HIDDevice.open	1	0	0
api.HIDDevice.opened	1	0	0
api.HIDDevice.productId	1	0	0
api.HIDDevice.productName	1	0	0
api.HIDDevice.receiveFeatureReport	1	0	0
api.HIDDevice.sendFeatureReport	1	0	0
api.HIDDevice.sendReport	1	0	0
api.HIDDevice.vendorId	1	0	0
api.HIDDevice.worker_support	1	0	0
api.HIDInputReportEvent	1	0	0
api.HIDInputReportEvent.data	1	0	0
api.HIDInputReportEvent.device	1	0	0
api.HIDInputReportEvent.reportId	1	0	0
api.HIDInputReportEvent.worker_support	1	0	0
api.HMDVRDevice	0	0	0
api.HMDVRDevice.getEyeParameters	0	0	0
api.HMDVRDevice.setFieldOfView	0	0	0
api.HTMLAllCollection	1	1	1
api.HTMLAllCollection.item	1	1	1
api.HTMLAllCollection.length	1	1	1
api.HTMLAllCollection.namedItem	1	1	1
api.HTMLAnchorElement	1	1	1
api.HTMLAnchorElement.attributionSourceId	0	0	1
api.HTMLAnchorElement.attributionSrc	1	0	0
api.HTMLAnchorElement.charset	1	1	1
api.HTMLAnchorElement.coords	1	1	1
api.HTMLAnchorElement.download	1	1	1
api.HTMLAnchorElement.hash	1	1	1
api.HTMLAnchorElement.host	1	1	1
api.HTMLAnchorElement.hostname	1	1	1
api.HTMLAnchorElement.href	1	1	1
api.HTMLAnchorElement.hrefTranslate	1	0	0
api.HTMLAnchorElement.hreflang	1	1	1
api.HTMLAnchorElement.interestForElement	1	0	0
api.HTMLAnchorElement.name	1	1	1
api.HTMLAnchorElement.origin	1	1	1
api.HTMLAnchorElement.password	1	1	1
api.HTMLAnchorElement.pathname	1	1	1
api.HTMLAnchorElement.ping	1	1	1
api.HTMLAnchorElement.port	1	1	1
api.HTMLAnchorElement.protocol	1	1	1
api.HTMLAnchorElement.referrerPolicy	1	1	1
api.HTMLAnchorElement.referrerPolicy.no-referrer-when-downgrade	1	0	1
api.HTMLAnchorElement.referrerPolicy.origin-when-cross-origin	1	0	1
api.HTMLAnchorElement.referrerPolicy.unsafe-url	1	0	1
api.HTMLAnchorElement.rel	1	1	1
api.HTMLAnchorElement.relList	1	1	1
api.HTMLAnchorElement.rev	1	1	1
api.HTMLAnchorElement.search	1	1	1
api.HTMLAnchorElement.shape	1	1	1
api.HTMLAnchorElement.target	1	1	1
api.HTMLAnchorElement.text	1	1	1
api.HTMLAnchorElement.toString	1	1	1
api.HTMLAnchorElement.type	1	1	1
api.HTMLAnchorElement.username	1	1	1
api.HTMLAreaElement	1	1	1
api.HTMLAreaElement.alt	1	1	1
api.HTMLAreaElement.attributionSrc	1	0	0
api.HTMLAreaElement.coords	1	1	1
api.HTMLAreaElement.download	1	1	1
api.HTMLAreaElement.hash	1	1	1
api.HTMLAreaElement.host	1	1	1
api.HTMLAreaElement.hostname	1	1	1
api.HTMLAreaElement.href	1	1	1
api.HTMLAreaElement.hreflang	0	1	0
api.HTMLAreaElement.interestForElement	1	0	0
api.HTMLAreaElement.noHref	1	1	1
api.HTMLAreaElement.origin	1	1	1
api.HTMLAreaElement.password	1	1	1
api.HTMLAreaElement.pathname	1	1	1
api.HTMLAreaElement.ping	1	1	1
api.HTMLAreaElement.port	1	1	1
api.HTMLAreaElement.protocol	1	1	1
api.HTMLAreaElement.referrerPolicy	1	1	1
api.HTMLAreaElement.referrerPolicy.no-referrer-when-downgrade	1	0	1
api.HTMLAreaElement.referrerPolicy.origin-when-cross-origin	1	0	1
api.HTMLAreaElement.referrerPolicy.unsafe-url	1	0	1
api.HTMLAreaElement.rel	1	1	1
api.HTMLAreaElement.relList	1	1	1
api.HTMLAreaElement.search	1	1	1
api.HTMLAreaElement.shape	1	1	1
api.HTMLAreaElement.target	1	1	1
api.HTMLAreaElement.toString	1	1	1
api.HTMLAreaElement.type	0	1	0
api.HTMLAreaElement.username	1	1	1
api.HTMLAudioElement.Audio	1	1	1
api.HTMLAudioElement	1	1	1
api.HTMLBRElement	1	1	1
api.HTMLBRElement.clear	1	1	1
api.HTMLBaseElement	1	1	1
api.HTMLBaseElement.href	1	1	1
api.HTMLBaseElement.href.forbid_data_javascript_urls	0	1	1
api.HTMLBaseElement.href.forbid_special_characters	1	1	1
api.HTMLBaseElement.target	1	1	1
api.HTMLBodyElement	1	1	1
api.HTMLBodyElement.aLink	1	1	1
api.HTMLBodyElement.background	1	1	1
api.HTMLBodyElement.bgColor	1	1	1
api.HTMLBodyElement.link	1	1	1
api.HTMLBodyElement.orientationchange_event	0	0	0
api.HTMLBodyElement.text	1	1	1
api.HTMLBodyElement.vLink	1	1	1
api.HTMLButtonElement	1	1	1
api.HTMLButtonElement.checkValidity	1	1	1
api.HTMLButtonElement.command	1	1	1
api.HTMLButtonElement.command.request-close	1	1	1
api.HTMLButtonElement.commandForElement	1	1	1
api.HTMLButtonElement.commandForElement.implicit_anchor_reference	1	1	1
api.HTMLButtonElement.disabled	1	1	1
api.HTMLButtonElement.form	1	1	1
api.HTMLButtonElement.formAction	1	1	1
api.HTMLButtonElement.formEnctype	1	1	1
api.HTMLButtonElement.formMethod	1	1	1
api.HTMLButtonElement.formNoValidate	1	1	1
api.HTMLButtonElement.formTarget	1	1	1
api.HTMLButtonElement.interestForElement	1	0	0
api.HTMLButtonElement.labels	1	1	1
api.HTMLButtonElement.name	1	1	1
api.HTMLButtonElement.popoverTargetAction	1	1	1
api.HTMLButtonElement.popoverTargetElement	1	1	1
api.HTMLButtonElement.popoverTargetElement.implicit_anchor_reference	1	1	1
api.HTMLButtonElement.reportValidity	1	1	1
api.HTMLButtonElement.setCustomValidity	1	1	1
api.HTMLButtonElement.type	1	1	1
api.HTMLButtonElement.validationMessage	1	1	1
api.HTMLButtonElement.validity	1	1	1
api.HTMLButtonElement.value	1	1	1
api.HTMLButtonElement.willValidate	1	1	1
api.HTMLCameraElement	1	0	0
api.HTMLCameraElement.cancel_event	1	0	0
api.HTMLCameraElement.error	1	0	0
api.HTMLCameraElement.error_event	1	0	0
api.HTMLCameraElement.setConstraints	1	0	0
api.HTMLCameraElement.track	1	0	0
api.HTMLCameraElement.track_event	1	0	0
api.HTMLCanvasElement	1	1	1
api.HTMLCanvasElement.captureStream	1	1	1
api.HTMLCanvasElement.contextlost_event	1	1	0
api.HTMLCanvasElement.contextrestored_event	1	1	0
api.HTMLCanvasElement.getContext.2d_context	1	1	1
api.HTMLCanvasElement.getContext.2d_context.options_alpha_parameter	1	1	0
api.HTMLCanvasElement.getContext.2d_context.options_colorSpace_parameter	1	0	1
api.HTMLCanvasElement.getContext.2d_context.options_colorType_parameter	1	0	0
api.HTMLCanvasElement.getContext.2d_context.options_desynchronized_parameter	1	0	1
api.HTMLCanvasElement.getContext.2d_context.options_willReadFrequently_parameter	1	1	1
api.HTMLCanvasElement.getContext	1	1	1
api.HTMLCanvasElement.getContext.bitmaprenderer_context	1	1	1
api.HTMLCanvasElement.getContext.bitmaprenderer_context.options_alpha_parameter	1	0	1
api.HTMLCanvasElement.getContext.webgl2_context	1	1	1
api.HTMLCanvasElement.getContext.webgl2_context.options_alpha_parameter	1	1	1
api.HTMLCanvasElement.getContext.webgl2_context.options_desynchronized_parameter	1	0	0
api.HTMLCanvasElement.getContext.webgl2_context.options_failIfMajorPerformanceCaveat_parameter	1	1	1
api.HTMLCanvasElement.getContext.webgl2_context.options_powerPreference_parameter	1	1	1
api.HTMLCanvasElement.getContext.webgl_context	1	1	1
api.HTMLCanvasElement.getContext.webgl_context.options_alpha_parameter	1	1	1
api.HTMLCanvasElement.getContext.webgl_context.options_desynchronized_parameter	1	0	0
api.HTMLCanvasElement.getContext.webgl_context.options_failIfMajorPerformanceCaveat_parameter	1	1	1
api.HTMLCanvasElement.getContext.webgl_context.options_powerPreference_parameter	1	1	1
api.HTMLCanvasElement.getContext.webgpu_context	1	1	1
api.HTMLCanvasElement.height	1	1	1
api.HTMLCanvasElement.mozOpaque	0	1	0
api.HTMLCanvasElement.mozPrintCallback	0	1	0
api.HTMLCanvasElement.toBlob	1	1	1
api.HTMLCanvasElement.toBlob.quality_parameter	1	1	1
api.HTMLCanvasElement.toBlob.type_parameter_jpeg	1	1	1
api.HTMLCanvasElement.toBlob.type_parameter_png	1	1	1
api.HTMLCanvasElement.toBlob.type_parameter_webp	1	1	0
api.HTMLCanvasElement.toDataURL	1	1	1
api.HTMLCanvasElement.toDataURL.type_parameter_jpeg	1	1	1
api.HTMLCanvasElement.toDataURL.type_parameter_png	1	1	1
api.HTMLCanvasElement.toDataURL.type_parameter_webp	1	1	0
api.HTMLCanvasElement.transferControlToOffscreen	1	1	1
api.HTMLCanvasElement.webglcontextcreationerror_event	1	1	1
api.HTMLCanvasElement.webglcontextlost_event	1	1	1
api.HTMLCanvasElement.webglcontextrestored_event	1	1	1
api.HTMLCanvasElement.width	1	1	1
api.HTMLCollection	1	1	1
api.HTMLCollection.item	1	1	1
api.HTMLCollection.length	1	1	1
api.HTMLCollection.namedItem	1	1	1
api.HTMLDListElement	1	1	1
api.HTMLDListElement.compact	1	1	1
api.HTMLDataElement	1	1	1
api.HTMLDataElement.value	1	1	1
api.HTMLDataListElement	1	1	1
api.HTMLDataListElement.options	1	1	1
api.HTMLDetailsElement	1	1	1
api.HTMLDetailsElement.name	1	1	1
api.HTMLDetailsElement.open	1	1	1
api.HTMLDialogElement	1	1	1
api.HTMLDialogElement.cancel_event	1	1	1
api.HTMLDialogElement.close	1	1	1
api.HTMLDialogElement.close_event	1	1	1
api.HTMLDialogElement.closedBy	1	1	1
api.HTMLDialogElement.open	1	1	1
api.HTMLDialogElement.requestClose	1	1	1
api.HTMLDialogElement.returnValue	1	1	1
api.HTMLDialogElement.show	1	1	1
api.HTMLDialogElement.showModal	1	1	1
api.HTMLDirectoryElement	1	1	1
api.HTMLDirectoryElement.compact	1	1	1
api.HTMLDivElement	1	1	1
api.HTMLDivElement.align	1	1	1
api.HTMLDocument	1	1	1
api.HTMLElement	1	1	1
api.HTMLElement.accessKey	1	1	1
api.HTMLElement.accessKeyLabel	0	1	1
api.HTMLElement.anchorElement	0	0	0
api.HTMLElement.attachInternals	1	1	1
api.HTMLElement.attributeStyleMap	1	1	1
api.HTMLElement.autocapitalize	1	1	0
api.HTMLElement.autocorrect	1	1	1
api.HTMLElement.autofocus	1	1	1
api.HTMLElement.beforetoggle_event	1	1	1
api.HTMLElement.beforetoggle_event.dialog_elements	1	1	1
api.HTMLElement.beforetoggle_event.popover_elements	1	1	1
api.HTMLElement.blur	1	1	1
api.HTMLElement.change_event	1	1	1
api.HTMLElement.click	1	1	1
api.HTMLElement.command_event	1	1	1
api.HTMLElement.containerTiming	0	0	0
api.HTMLElement.containerTimingIgnore	0	0	0
api.HTMLElement.contentEditable	1	1	1
api.HTMLElement.contentEditable.plaintext-only	1	1	1
api.HTMLElement.dataset	1	1	1
api.HTMLElement.dir	1	1	1
api.HTMLElement.drag_event	1	1	1
api.HTMLElement.dragend_event	1	1	1
api.HTMLElement.dragenter_event	1	1	1
api.HTMLElement.dragexit_event	0	1	1
api.HTMLElement.draggable	1	1	1
api.HTMLElement.dragleave_event	1	1	1
api.HTMLElement.dragover_event	1	1	1
api.HTMLElement.dragstart_event	1	1	1
api.HTMLElement.drop_event	1	1	1
api.HTMLElement.editContext	1	0	0
api.HTMLElement.enterKeyHint	1	1	1
api.HTMLElement.error_event	1	1	1
api.HTMLElement.focus	1	1	1
api.HTMLElement.focus.options_focusVisible_parameter	1	1	1
api.HTMLElement.focus.options_preventScroll_parameter	1	1	1
api.HTMLElement.headingOffset	0	0	0
api.HTMLElement.headingReset	0	0	0
api.HTMLElement.hidden	1	1	1
api.HTMLElement.hidePopover	1	1	1
api.HTMLElement.inert	1	1	1
api.HTMLElement.inert.ignores_find_in_page	1	1	0
api.HTMLElement.innerText	1	1	1
api.HTMLElement.inputMode	1	1	1
api.HTMLElement.interest_event	1	0	0
api.HTMLElement.isContentEditable	1	1	1
api.HTMLElement.lang	1	1	1
api.HTMLElement.load_event	1	1	1
api.HTMLElement.loseinterest_event	1	0	0
api.HTMLElement.nonce	1	1	1
api.HTMLElement.offsetHeight	1	1	1
api.HTMLElement.offsetLeft	1	1	1
api.HTMLElement.offsetParent	1	1	1
api.HTMLElement.offsetTop	1	1	1
api.HTMLElement.offsetWidth	1	1	1
api.HTMLElement.outerText	1	1	1
api.HTMLElement.popover	1	1	1
api.HTMLElement.popover.hint	1	1	1
api.HTMLElement.showPopover	1	1	1
api.HTMLElement.showPopover.options_source_parameter	1	1	1
api.HTMLElement.showPopover.options_source_parameter.implicit_anchor_reference	1	1	1
api.HTMLElement.spellcheck	1	1	1
api.HTMLElement.style	1	1	1
api.HTMLElement.style.returns_CSSStyleProperties	0	1	1
api.HTMLElement.tabIndex	1	1	1
api.HTMLElement.title	1	1	1
api.HTMLElement.togglePopover	1	1	1
api.HTMLElement.togglePopover.force_parameter	1	1	1
api.HTMLElement.togglePopover.options_force_parameter	1	1	1
api.HTMLElement.togglePopover.options_source_parameter	1	1	1
api.HTMLElement.togglePopover.options_source_parameter.implicit_anchor_reference	1	1	1
api.HTMLElement.togglePopover.returns_boolean	1	1	1
api.HTMLElement.toggle_event	1	1	1
api.HTMLElement.toggle_event.details_elements	1	1	1
api.HTMLElement.toggle_event.details_elements.uses_toggleevent	1	1	1
api.HTMLElement.toggle_event.dialog_elements	1	1	1
api.HTMLElement.toggle_event.popover_elements	1	1	1
api.HTMLElement.translate	1	1	1
api.HTMLElement.virtualKeyboardPolicy	1	0	0
api.HTMLElement.writingSuggestions	1	0	1
api.HTMLEmbedElement	1	1	1
api.HTMLEmbedElement.align	1	1	1
api.HTMLEmbedElement.getSVGDocument	1	1	1
api.HTMLEmbedElement.height	1	1	1
api.HTMLEmbedElement.name	1	1	1
api.HTMLEmbedElement.src	1	1	1
api.HTMLEmbedElement.type	1	1	1
api.HTMLEmbedElement.width	1	1	1
api.HTMLFencedFrameElement	1	0	0
api.HTMLFencedFrameElement.allow	1	0	0
api.HTMLFencedFrameElement.config	1	0	0
api.HTMLFencedFrameElement.height	1	0	0
api.HTMLFencedFrameElement.sandbox	1	0	0
api.HTMLFencedFrameElement.width	1	0	0
api.HTMLFieldSetElement	1	1	1
api.HTMLFieldSetElement.checkValidity	1	1	1
api.HTMLFieldSetElement.disabled	1	1	1
api.HTMLFieldSetElement.elements	1	1	1
api.HTMLFieldSetElement.elements.type_HTMLCollection	1	1	1
api.HTMLFieldSetElement.form	1	1	1
api.HTMLFieldSetElement.name	1	1	1
api.HTMLFieldSetElement.reportValidity	1	1	1
api.HTMLFieldSetElement.setCustomValidity	1	1	1
api.HTMLFieldSetElement.type	1	1	1
api.HTMLFieldSetElement.validationMessage	1	1	1
api.HTMLFieldSetElement.validity	1	1	1
api.HTMLFieldSetElement.willValidate	1	1	1
api.HTMLFontElement	1	1	1
api.HTMLFontElement.color	1	1	1
api.HTMLFontElement.face	1	1	1
api.HTMLFontElement.size	1	1	1
api.HTMLFormControlsCollection	1	1	1
api.HTMLFormControlsCollection.namedItem	1	1	1
api.HTMLFormElement	1	1	1
api.HTMLFormElement.acceptCharset	1	1	1
api.HTMLFormElement.action	1	1	1
api.HTMLFormElement.autocomplete	1	1	1
api.HTMLFormElement.checkValidity	1	1	1
api.HTMLFormElement.elements	1	1	1
api.HTMLFormElement.encoding	1	1	1
api.HTMLFormElement.enctype	1	1	1
api.HTMLFormElement.formdata_event	1	1	1
api.HTMLFormElement.length	1	1	1
api.HTMLFormElement.method	1	1	1
api.HTMLFormElement.name	1	1	1
api.HTMLFormElement.noValidate	1	1	1
api.HTMLFormElement.rel	1	1	1
api.HTMLFormElement.relList	1	1	1
api.HTMLFormElement.reportValidity	1	1	1
api.HTMLFormElement.requestSubmit	1	1	1
api.HTMLFormElement.reset	1	1	1
api.HTMLFormElement.reset_event	1	1	1
api.HTMLFormElement.submit	1	1	1
api.HTMLFormElement.submit_event	1	1	1
api.HTMLFormElement.target	1	1	1
api.HTMLFrameElement	1	1	1
api.HTMLFrameElement.contentDocument	1	1	1
api.HTMLFrameElement.contentWindow	1	1	1
api.HTMLFrameElement.frameBorder	1	1	1
api.HTMLFrameElement.longDesc	1	1	1
api.HTMLFrameElement.marginHeight	1	1	1
api.HTMLFrameElement.marginWidth	1	1	1
api.HTMLFrameElement.name	1	1	1
api.HTMLFrameElement.noResize	1	1	1
api.HTMLFrameElement.scrolling	1	1	1
api.HTMLFrameElement.src	1	1	1
api.HTMLFrameSetElement	1	1	1
api.HTMLFrameSetElement.cols	1	1	1
api.HTMLFrameSetElement.rows	1	1	1
api.HTMLGeolocationElement	1	0	0
api.HTMLGeolocationElement.autolocate	1	0	0
api.HTMLGeolocationElement.error	1	0	0
api.HTMLGeolocationElement.initialPermissionStatus	1	0	0
api.HTMLGeolocationElement.invalidReason	1	0	0
api.HTMLGeolocationElement.isValid	1	0	0
api.HTMLGeolocationElement.location_event	1	0	0
api.HTMLGeolocationElement.permissionStatus	1	0	0
api.HTMLGeolocationElement.position	1	0	0
api.HTMLGeolocationElement.promptaction_event	1	0	0
api.HTMLGeolocationElement.promptdismiss_event	1	0	0
api.HTMLGeolocationElement.validationstatuschange_event	1	0	0
api.HTMLGeolocationElement.watch	1	0	0
api.HTMLHRElement	1	1	1
api.HTMLHRElement.align	1	1	1
api.HTMLHRElement.color	1	1	1
api.HTMLHRElement.noShade	1	1	1
api.HTMLHRElement.size	1	1	1
api.HTMLHRElement.width	1	1	1
api.HTMLHeadElement	1	1	1
api.HTMLHeadingElement	1	1	1
api.HTMLHeadingElement.align	1	1	1
api.HTMLHtmlElement	1	1	1
api.HTMLHtmlElement.version	1	1	1
api.HTMLIFrameElement	1	1	1
api.HTMLIFrameElement.adAuctionHeaders	1	0	0
api.HTMLIFrameElement.align	1	1	1
api.HTMLIFrameElement.allow	1	1	1
api.HTMLIFrameElement.allowFullscreen	1	1	1
api.HTMLIFrameElement.allowPaymentRequest	1	0	0
api.HTMLIFrameElement.browsingTopics	0	0	0
api.HTMLIFrameElement.contentDocument	1	1	1
api.HTMLIFrameElement.contentWindow	1	1	1
api.HTMLIFrameElement.credentialless	1	0	0
api.HTMLIFrameElement.csp	1	0	0
api.HTMLIFrameElement.featurePolicy	1	0	0
api.HTMLIFrameElement.frameBorder	1	1	1
api.HTMLIFrameElement.getSVGDocument	1	1	1
api.HTMLIFrameElement.height	1	1	1
api.HTMLIFrameElement.loading	1	1	1
api.HTMLIFrameElement.longDesc	1	1	1
api.HTMLIFrameElement.marginHeight	1	1	1
api.HTMLIFrameElement.marginWidth	1	1	1
api.HTMLIFrameElement.name	1	1	1
api.HTMLIFrameElement.privateToken	1	0	0
api.HTMLIFrameElement.referrerPolicy	1	1	1
api.HTMLIFrameElement.referrerPolicy.no-referrer-when-downgrade	1	0	1
api.HTMLIFrameElement.referrerPolicy.origin-when-cross-origin	1	0	1
api.HTMLIFrameElement.referrerPolicy.unsafe-url	1	0	1
api.HTMLIFrameElement.sandbox	1	1	1
api.HTMLIFrameElement.scrolling	1	1	1
api.HTMLIFrameElement.sharedStorageWritable	1	0	0
api.HTMLIFrameElement.src	1	1	1
api.HTMLIFrameElement.srcdoc	1	1	1
api.HTMLIFrameElement.srcdoc.enforces_trusted_types	1	1	1
api.HTMLIFrameElement.width	1	1	1
api.HTMLImageElement.Image	1	1	1
api.HTMLImageElement	1	1	1
api.HTMLImageElement.align	1	1	1
api.HTMLImageElement.alt	1	1	1
api.HTMLImageElement.attributionSrc	1	0	0
api.HTMLImageElement.border	1	1	1
api.HTMLImageElement.complete	1	1	1
api.HTMLImageElement.crossOrigin	1	1	1
api.HTMLImageElement.currentSrc	1	1	1
api.HTMLImageElement.decode	1	1	1
api.HTMLImageElement.decoding	1	1	1
api.HTMLImageElement.fetchPriority	1	1	1
api.HTMLImageElement.height	1	1	1
api.HTMLImageElement.hspace	1	1	1
api.HTMLImageElement.isMap	1	1	1
api.HTMLImageElement.loading	1	1	1
api.HTMLImageElement.longDesc	1	1	1
api.HTMLImageElement.lowsrc	1	1	1
api.HTMLImageElement.name	1	1	1
api.HTMLImageElement.naturalHeight	1	1	1
api.HTMLImageElement.naturalWidth	1	1	1
api.HTMLImageElement.referrerPolicy	1	1	1
api.HTMLImageElement.referrerPolicy.no-referrer-when-downgrade	1	0	1
api.HTMLImageElement.referrerPolicy.origin-when-cross-origin	1	0	1
api.HTMLImageElement.referrerPolicy.unsafe-url	1	0	1
api.HTMLImageElement.sharedStorageWritable	1	0	0
api.HTMLImageElement.sizes	1	1	1
api.HTMLImageElement.sizes.auto	1	1	1
api.HTMLImageElement.src	1	1	1
api.HTMLImageElement.srcset	1	1	1
api.HTMLImageElement.useMap	1	1	1
api.HTMLImageElement.vspace	1	1	1
api.HTMLImageElement.width	1	1	1
api.HTMLImageElement.x	1	1	1
api.HTMLImageElement.y	1	1	1
api.HTMLInputElement	1	1	1
api.HTMLInputElement.accept	1	1	1
api.HTMLInputElement.align	1	1	1
api.HTMLInputElement.alpha	0	1	1
api.HTMLInputElement.alt	1	1	1
api.HTMLInputElement.autocomplete	1	1	1
api.HTMLInputElement.cancel_event	1	1	1
api.HTMLInputElement.capture	0	0	0
api.HTMLInputElement.checkValidity	1	1	1
api.HTMLInputElement.checked	1	1	1
api.HTMLInputElement.colorSpace	0	1	1
api.HTMLInputElement.defaultChecked	1	1	1
api.HTMLInputElement.defaultValue	1	1	1
api.HTMLInputElement.dirName	1	1	1
api.HTMLInputElement.disabled	1	1	1
api.HTMLInputElement.files	1	1	1
api.HTMLInputElement.form	1	1	1
api.HTMLInputElement.formAction	1	1	1
api.HTMLInputElement.formEnctype	1	1	1
api.HTMLInputElement.formMethod	1	1	1
api.HTMLInputElement.formNoValidate	1	1	1
api.HTMLInputElement.formTarget	1	1	1
api.HTMLInputElement.height	1	1	1
api.HTMLInputElement.incremental	1	0	0
api.HTMLInputElement.indeterminate	1	1	1
api.HTMLInputElement.invalid_event	1	1	1
api.HTMLInputElement.labels	1	1	1
api.HTMLInputElement.list	1	1	1
api.HTMLInputElement.max	1	1	1
api.HTMLInputElement.maxLength	1	1	1
api.HTMLInputElement.min	1	1	1
api.HTMLInputElement.minLength	1	1	1
api.HTMLInputElement.multiple	1	1	1
api.HTMLInputElement.name	1	1	1
api.HTMLInputElement.pattern	1	1	1
api.HTMLInputElement.placeholder	1	1	1
api.HTMLInputElement.popoverTargetAction	1	1	1
api.HTMLInputElement.popoverTargetElement	1	1	1
api.HTMLInputElement.popoverTargetElement.implicit_anchor_reference	1	1	1
api.HTMLInputElement.readOnly	1	1	1
api.HTMLInputElement.reportValidity	1	1	1
api.HTMLInputElement.required	1	1	1
api.HTMLInputElement.search_event	1	0	0
api.HTMLInputElement.select	1	1	1
api.HTMLInputElement.select_event	1	1	1
api.HTMLInputElement.selectionDirection	1	1	1
api.HTMLInputElement.selectionEnd	1	1	1
api.HTMLInputElement.selectionStart	1	1	1
api.HTMLInputElement.selectionchange_event	1	1	1
api.HTMLInputElement.setCustomValidity	1	1	1
api.HTMLInputElement.setRangeText	1	1	1
api.HTMLInputElement.setSelectionRange	1	1	1
api.HTMLInputElement.showPicker	1	1	1
api.HTMLInputElement.showPicker.autocomplete_input	1	0	0
api.HTMLInputElement.showPicker.color_input	1	1	1
api.HTMLInputElement.showPicker.datalist_input	1	1	1
api.HTMLInputElement.showPicker.date_input	1	1	1
api.HTMLInputElement.showPicker.datetime_local_input	1	1	1
api.HTMLInputElement.showPicker.file_input	1	1	1
api.HTMLInputElement.showPicker.month_input	1	0	0
api.HTMLInputElement.showPicker.time_input	1	0	1
api.HTMLInputElement.showPicker.week_input	1	0	0
api.HTMLInputElement.size	1	1	1
api.HTMLInputElement.src	1	1	1
api.HTMLInputElement.step	1	1	1
api.HTMLInputElement.stepDown	1	1	1
api.HTMLInputElement.stepUp	1	1	1
api.HTMLInputElement.type	1	1	1
api.HTMLInputElement.useMap	1	1	1
api.HTMLInputElement.validationMessage	1	1	1
api.HTMLInputElement.validity	1	1	1
api.HTMLInputElement.value	1	1	1
api.HTMLInputElement.valueAsDate	1	1	1
api.HTMLInputElement.valueAsNumber	1	1	1
api.HTMLInputElement.webkitEntries	1	1	1
api.HTMLInputElement.webkitdirectory	1	1	1
api.HTMLInputElement.width	1	1	1
api.HTMLInputElement.willValidate	1	1	1
api.HTMLInstallElement	0	0	0
api.HTMLInstallElement.initialPermissionStatus	0	0	0
api.HTMLInstallElement.installresult_event	0	0	0
api.HTMLInstallElement.invalidReason	0	0	0
api.HTMLInstallElement.isValid	0	0	0
api.HTMLInstallElement.manifest	0	0	0
api.HTMLInstallElement.manifestId	0	0	0
api.HTMLInstallElement.permissionStatus	0	0	0
api.HTMLInstallElement.validationstatuschange_event	0	0	0
api.HTMLLIElement	1	1	1
api.HTMLLIElement.type	1	1	1
api.HTMLLIElement.value	1	1	1
api.HTMLLabelElement	1	1	1
api.HTMLLabelElement.control	1	1	1
api.HTMLLabelElement.form	1	1	1
api.HTMLLabelElement.htmlFor	1	1	1
api.HTMLLegendElement	1	1	1
api.HTMLLegendElement.align	1	1	1
api.HTMLLegendElement.form	1	1	1
api.HTMLLinkElement	1	1	1
api.HTMLLinkElement.as	1	1	1
api.HTMLLinkElement.blocking	1	0	1
api.HTMLLinkElement.charset	1	1	1
api.HTMLLinkElement.crossOrigin	1	1	1
api.HTMLLinkElement.disabled	1	1	1
api.HTMLLinkElement.fetchPriority	1	1	1
api.HTMLLinkElement.href	1	1	1
api.HTMLLinkElement.hreflang	1	1	1
api.HTMLLinkElement.imageSizes	1	1	1
api.HTMLLinkElement.imageSrcset	1	1	1
api.HTMLLinkElement.integrity	1	1	1
api.HTMLLinkElement.media	1	1	1
api.HTMLLinkElement.referrerPolicy	1	1	1
api.HTMLLinkElement.referrerPolicy.no-referrer-when-downgrade	1	0	1
api.HTMLLinkElement.referrerPolicy.origin-when-cross-origin	1	0	1
api.HTMLLinkElement.referrerPolicy.unsafe-url	1	0	1
api.HTMLLinkElement.rel	1	1	1
api.HTMLLinkElement.relList	1	1	1
api.HTMLLinkElement.rev	1	1	1
api.HTMLLinkElement.sheet	1	1	1
api.HTMLLinkElement.sizes	1	1	1
api.HTMLLinkElement.target	1	1	1
api.HTMLLinkElement.type	1	1	1
api.HTMLMapElement	1	1	1
api.HTMLMapElement.areas	1	1	1
api.HTMLMapElement.name	1	1	1
api.HTMLMarqueeElement	1	1	1
api.HTMLMarqueeElement.behavior	1	1	1
api.HTMLMarqueeElement.bgColor	1	1	1
api.HTMLMarqueeElement.direction	1	1	1
api.HTMLMarqueeElement.height	1	1	1
api.HTMLMarqueeElement.hspace	1	1	1
api.HTMLMarqueeElement.loop	1	1	1
api.HTMLMarqueeElement.scrollAmount	1	1	1
api.HTMLMarqueeElement.scrollDelay	1	1	1
api.HTMLMarqueeElement.start	1	1	1
api.HTMLMarqueeElement.stop	1	1	1
api.HTMLMarqueeElement.trueSpeed	1	1	1
api.HTMLMarqueeElement.vspace	1	1	1
api.HTMLMarqueeElement.width	1	1	1
api.HTMLMediaElement	1	1	1
api.HTMLMediaElement.abort_event	1	1	1
api.HTMLMediaElement.addTextTrack	1	1	1
api.HTMLMediaElement.audioTracks	0	0	1
api.HTMLMediaElement.autoplay	1	1	1
api.HTMLMediaElement.buffered	1	1	1
api.HTMLMediaElement.canPlayType	1	1	1
api.HTMLMediaElement.canplay_event	1	1	1
api.HTMLMediaElement.canplaythrough_event	1	1	1
api.HTMLMediaElement.captureStream	1	1	0
api.HTMLMediaElement.controller	0	0	1
api.HTMLMediaElement.controls	1	1	1
api.HTMLMediaElement.controlsList	1	0	0
api.HTMLMediaElement.crossOrigin	1	1	1
api.HTMLMediaElement.currentSrc	1	1	1
api.HTMLMediaElement.currentTime	1	1	1
api.HTMLMediaElement.defaultMuted	1	1	1
api.HTMLMediaElement.defaultPlaybackRate	1	1	1
api.HTMLMediaElement.disableRemotePlayback	1	0	1
api.HTMLMediaElement.duration	1	1	1
api.HTMLMediaElement.durationchange_event	1	1	1
api.HTMLMediaElement.emptied_event	1	1	1
api.HTMLMediaElement.encrypted_event	1	1	1
api.HTMLMediaElement.ended	1	1	1
api.HTMLMediaElement.ended_event	1	1	1
api.HTMLMediaElement.error	1	1	1
api.HTMLMediaElement.error_event	1	1	1
api.HTMLMediaElement.fastSeek	0	1	1
api.HTMLMediaElement.getStartDate	0	0	1
api.HTMLMediaElement.load	1	1	1
api.HTMLMediaElement.loadeddata_event	1	1	1
api.HTMLMediaElement.loadedmetadata_event	1	1	1
api.HTMLMediaElement.loading	1	0	0
api.HTMLMediaElement.loadstart_event	1	1	1
api.HTMLMediaElement.loop	1	1	1
api.HTMLMediaElement.mediaGroup	0	0	1
api.HTMLMediaElement.mediaKeys	1	1	1
api.HTMLMediaElement.mozAudioCaptured	0	1	0
api.HTMLMediaElement.mozCaptureStreamUntilEnded	0	1	0
api.HTMLMediaElement.mozFragmentEnd	0	1	0
api.HTMLMediaElement.mozGetMetadata	0	1	0
api.HTMLMediaElement.muted	1	1	1
api.HTMLMediaElement.networkState	1	1	1
api.HTMLMediaElement.pause	1	1	1
api.HTMLMediaElement.pause_event	1	1	1
api.HTMLMediaElement.paused	1	1	1
api.HTMLMediaElement.play	1	1	1
api.HTMLMediaElement.play.returns_promise	1	1	1
api.HTMLMediaElement.play_event	1	1	1
api.HTMLMediaElement.playbackRate	1	1	1
api.HTMLMediaElement.playbackRate.negative_values	0	0	1
api.HTMLMediaElement.played	1	1	1
api.HTMLMediaElement.playing_event	1	1	1
api.HTMLMediaElement.preload	1	1	1
api.HTMLMediaElement.preservesPitch	1	1	1
api.HTMLMediaElement.progress_event	1	1	1
api.HTMLMediaElement.ratechange_event	1	1	1
api.HTMLMediaElement.readyState	1	1	1
api.HTMLMediaElement.remote	1	0	1
api.HTMLMediaElement.seekable	1	1	1
api.HTMLMediaElement.seeked_event	1	1	1
api.HTMLMediaElement.seeking	1	1	1
api.HTMLMediaElement.seeking_event	1	1	1
api.HTMLMediaElement.setMediaKeys	1	1	1
api.HTMLMediaElement.setSinkId	1	1	1
api.HTMLMediaElement.sinkId	1	1	1
api.HTMLMediaElement.src	1	1	1
api.HTMLMediaElement.srcObject	1	1	1
api.HTMLMediaElement.stalled_event	1	1	1
api.HTMLMediaElement.suspend_event	1	1	1
api.HTMLMediaElement.textTracks	1	1	1
api.HTMLMediaElement.timeupdate_event	1	1	1
api.HTMLMediaElement.videoTracks	0	0	1
api.HTMLMediaElement.volume	1	1	1
api.HTMLMediaElement.volumechange_event	1	1	1
api.HTMLMediaElement.waiting_event	1	1	1
api.HTMLMediaElement.waitingforkey_event	1	1	1
api.HTMLMenuElement	1	1	1
api.HTMLMenuElement.compact	1	1	1
api.HTMLMetaElement	1	1	1
api.HTMLMetaElement.content	1	1	1
api.HTMLMetaElement.httpEquiv	1	1	1
api.HTMLMetaElement.media	1	1	1
api.HTMLMetaElement.name	1	1	1
api.HTMLMetaElement.scheme	1	1	1
api.HTMLMeterElement	1	1	1
api.HTMLMeterElement.high	1	1	1
api.HTMLMeterElement.labels	1	1	1
api.HTMLMeterElement.low	1	1	1
api.HTMLMeterElement.max	1	1	1
api.HTMLMeterElement.min	1	1	1
api.HTMLMeterElement.optimum	1	1	1
api.HTMLMeterElement.value	1	1	1
api.HTMLMicrophoneElement	1	0	0
api.HTMLMicrophoneElement.cancel_event	1	0	0
api.HTMLMicrophoneElement.error	1	0	0
api.HTMLMicrophoneElement.error_event	1	0	0
api.HTMLMicrophoneElement.setConstraints	1	0	0
api.HTMLMicrophoneElement.track	1	0	0
api.HTMLMicrophoneElement.track_event	1	0	0
api.HTMLModElement	1	1	1
api.HTMLModElement.cite	1	1	1
api.HTMLModElement.dateTime	1	1	1
api.HTMLModelElement	0	0	1
api.HTMLModelElement.boundingBoxCenter	0	0	1
api.HTMLModelElement.boundingBoxExtents	0	0	1
api.HTMLModelElement.entityTransform	0	0	1
api.HTMLModelElement.environmentMap	0	0	1
api.HTMLModelElement.environmentMapReady	0	0	1
api.HTMLModelElement.ready	0	0	1
api.HTMLModelElement.stageMode	0	0	1
api.HTMLOListElement	1	1	1
api.HTMLOListElement.compact	1	1	1
api.HTMLOListElement.reversed	1	1	1
api.HTMLOListElement.start	1	1	1
api.HTMLOListElement.type	1	1	1
api.HTMLObjectElement	1	1	1
api.HTMLObjectElement.align	1	1	1
api.HTMLObjectElement.archive	1	1	1
api.HTMLObjectElement.border	1	1	1
api.HTMLObjectElement.checkValidity	1	1	1
api.HTMLObjectElement.code	1	1	1
api.HTMLObjectElement.codeBase	1	1	1
api.HTMLObjectElement.codeType	1	1	1
api.HTMLObjectElement.contentDocument	1	1	1
api.HTMLObjectElement.contentWindow	1	1	1
api.HTMLObjectElement.data	1	1	1
api.HTMLObjectElement.declare	1	1	1
api.HTMLObjectElement.form	1	1	1
api.HTMLObjectElement.getSVGDocument	1	1	1
api.HTMLObjectElement.height	1	1	1
api.HTMLObjectElement.hspace	1	1	1
api.HTMLObjectElement.name	1	1	1
api.HTMLObjectElement.reportValidity	1	1	1
api.HTMLObjectElement.setCustomValidity	1	1	1
api.HTMLObjectElement.standby	1	1	1
api.HTMLObjectElement.type	1	1	1
api.HTMLObjectElement.useMap	1	1	1
api.HTMLObjectElement.validationMessage	1	1	1
api.HTMLObjectElement.validity	1	1	1
api.HTMLObjectElement.vspace	1	1	1
api.HTMLObjectElement.width	1	1	1
api.HTMLObjectElement.willValidate	1	1	1
api.HTMLOptGroupElement	1	1	1
api.HTMLOptGroupElement.disabled	1	1	1
api.HTMLOptGroupElement.label	1	1	1
api.HTMLOptionElement.Option	1	1	1
api.HTMLOptionElement	1	1	1
api.HTMLOptionElement.defaultSelected	1	1	1
api.HTMLOptionElement.disabled	1	1	1
api.HTMLOptionElement.form	1	1	1
api.HTMLOptionElement.index	1	1	1
api.HTMLOptionElement.label	1	1	1
api.HTMLOptionElement.selected	1	1	1
api.HTMLOptionElement.text	1	1	1
api.HTMLOptionElement.value	1	1	1
api.HTMLOptionsCollection	1	1	1
api.HTMLOptionsCollection.add	1	1	1
api.HTMLOptionsCollection.length	1	1	1
api.HTMLOptionsCollection.remove	1	1	1
api.HTMLOptionsCollection.selectedIndex	1	1	1
api.HTMLOutputElement	1	1	1
api.HTMLOutputElement.checkValidity	1	1	1
api.HTMLOutputElement.defaultValue	1	1	1
api.HTMLOutputElement.form	1	1	1
api.HTMLOutputElement.htmlFor	1	1	1
api.HTMLOutputElement.labels	1	1	1
api.HTMLOutputElement.name	1	1	1
api.HTMLOutputElement.reportValidity	1	1	1
api.HTMLOutputElement.setCustomValidity	1	1	1
api.HTMLOutputElement.type	1	1	1
api.HTMLOutputElement.validationMessage	1	1	1
api.HTMLOutputElement.validity	1	1	1
api.HTMLOutputElement.value	1	1	1
api.HTMLOutputElement.willValidate	1	1	1
api.HTMLParagraphElement	1	1	1
api.HTMLParagraphElement.align	1	1	1
api.HTMLParamElement	1	1	1
api.HTMLParamElement.name	1	1	1
api.HTMLParamElement.type	1	1	1
api.HTMLParamElement.value	1	1	1
api.HTMLParamElement.valueType	1	1	1
api.HTMLPictureElement	1	1	1
api.HTMLPreElement	1	1	1
api.HTMLPreElement.width	1	1	1
api.HTMLProgressElement	1	1	1
api.HTMLProgressElement.labels	1	1	1
api.HTMLProgressElement.max	1	1	1
api.HTMLProgressElement.position	1	1	1
api.HTMLProgressElement.value	1	1	1
api.HTMLQuoteElement	1	1	1
api.HTMLQuoteElement.cite	1	1	1
api.HTMLScriptElement	1	1	1
api.HTMLScriptElement.async	1	1	1
api.HTMLScriptElement.attributionSrc	1	0	0
api.HTMLScriptElement.blocking	1	0	1
api.HTMLScriptElement.charset	1	1	1
api.HTMLScriptElement.crossOrigin	1	1	1
api.HTMLScriptElement.defer	1	1	1
api.HTMLScriptElement.event	1	1	1
api.HTMLScriptElement.fetchPriority	1	1	1
api.HTMLScriptElement.htmlFor	1	1	1
api.HTMLScriptElement.innerText	1	1	1
api.HTMLScriptElement.innerText.enforces_trusted_types	1	1	1
api.HTMLScriptElement.integrity	1	1	1
api.HTMLScriptElement.noModule	1	1	1
api.HTMLScriptElement.referrerPolicy	1	1	1
api.HTMLScriptElement.referrerPolicy.no-referrer-when-downgrade	1	0	1
api.HTMLScriptElement.referrerPolicy.origin-when-cross-origin	1	0	1
api.HTMLScriptElement.referrerPolicy.unsafe-url	1	0	1
api.HTMLScriptElement.src	1	1	1
api.HTMLScriptElement.src.enforces_trusted_types	1	1	1
api.HTMLScriptElement.supports_static	1	1	1
api.HTMLScriptElement.text	1	1	1
api.HTMLScriptElement.text.enforces_trusted_types	1	1	1
api.HTMLScriptElement.textContent	1	1	1
api.HTMLScriptElement.textContent.enforces_trusted_types	1	1	1
api.HTMLScriptElement.type	1	1	1
api.HTMLSelectElement	1	1	1
api.HTMLSelectElement.add	1	1	1
api.HTMLSelectElement.add.index_before_parameter	1	1	1
api.HTMLSelectElement.autocomplete	1	1	1
api.HTMLSelectElement.checkValidity	1	1	1
api.HTMLSelectElement.disabled	1	1	1
api.HTMLSelectElement.form	1	1	1
api.HTMLSelectElement.item	1	1	1
api.HTMLSelectElement.labels	1	1	1
api.HTMLSelectElement.length	1	1	1
api.HTMLSelectElement.multiple	1	1	1
api.HTMLSelectElement.name	1	1	1
api.HTMLSelectElement.namedItem	1	1	1
api.HTMLSelectElement.options	1	1	1
api.HTMLSelectElement.remove	1	1	1
api.HTMLSelectElement.reportValidity	1	1	1
api.HTMLSelectElement.required	1	1	1
api.HTMLSelectElement.selectedIndex	1	1	1
api.HTMLSelectElement.selectedOptions	1	1	1
api.HTMLSelectElement.setCustomValidity	1	1	1
api.HTMLSelectElement.showPicker	1	1	0
api.HTMLSelectElement.size	1	1	1
api.HTMLSelectElement.type	1	1	1
api.HTMLSelectElement.validationMessage	1	1	1
api.HTMLSelectElement.validity	1	1	1
api.HTMLSelectElement.value	1	1	1
api.HTMLSelectElement.willValidate	1	1	1
api.HTMLSelectedContentElement	1	0	1
api.HTMLSlotElement	1	1	1
api.HTMLSlotElement.assign	1	1	1
api.HTMLSlotElement.assignedElements	1	1	1
api.HTMLSlotElement.assignedNodes	1	1	1
api.HTMLSlotElement.name	1	1	1
api.HTMLSlotElement.slotchange_event	1	1	1
api.HTMLSourceElement	1	1	1
api.HTMLSourceElement.height	1	1	1
api.HTMLSourceElement.media	1	1	1
api.HTMLSourceElement.sizes	1	1	1
api.HTMLSourceElement.src	1	1	1
api.HTMLSourceElement.srcset	1	1	1
api.HTMLSourceElement.type	1	1	1
api.HTMLSourceElement.width	1	1	1
api.HTMLSpanElement	1	1	1
api.HTMLStyleElement	1	1	1
api.HTMLStyleElement.blocking	1	0	1
api.HTMLStyleElement.disabled	1	1	1
api.HTMLStyleElement.media	1	1	1
api.HTMLStyleElement.sheet	1	1	1
api.HTMLStyleElement.type	1	1	1
api.HTMLTableCaptionElement	1	1	1
api.HTMLTableCaptionElement.align	1	1	1
api.HTMLTableCellElement	1	1	1
api.HTMLTableCellElement.abbr	1	1	1
api.HTMLTableCellElement.align	1	1	1
api.HTMLTableCellElement.axis	1	1	1
api.HTMLTableCellElement.bgColor	1	1	1
api.HTMLTableCellElement.cellIndex	1	1	1
api.HTMLTableCellElement.ch	1	1	1
api.HTMLTableCellElement.chOff	1	1	1
api.HTMLTableCellElement.colSpan	1	1	1
api.HTMLTableCellElement.headers	1	1	1
api.HTMLTableCellElement.height	1	1	1
api.HTMLTableCellElement.noWrap	1	1	1
api.HTMLTableCellElement.rowSpan	1	1	1
api.HTMLTableCellElement.scope	1	1	1
api.HTMLTableCellElement.vAlign	1	1	1
api.HTMLTableCellElement.width	1	1	1
api.HTMLTableColElement	1	1	1
api.HTMLTableColElement.align	1	1	1
api.HTMLTableColElement.ch	1	1	1
api.HTMLTableColElement.chOff	1	1	1
api.HTMLTableColElement.span	1	1	1
api.HTMLTableColElement.vAlign	1	1	1
api.HTMLTableColElement.width	1	1	1
api.HTMLTableElement	1	1	1
api.HTMLTableElement.align	1	1	1
api.HTMLTableElement.bgColor	1	1	1
api.HTMLTableElement.border	1	1	1
api.HTMLTableElement.caption	1	1	1
api.HTMLTableElement.cellPadding	1	1	1
api.HTMLTableElement.cellSpacing	1	1	1
api.HTMLTableElement.createCaption	1	1	1
api.HTMLTableElement.createTBody	1	1	1
api.HTMLTableElement.createTFoot	1	1	1
api.HTMLTableElement.createTHead	1	1	1
api.HTMLTableElement.deleteCaption	1	1	1
api.HTMLTableElement.deleteRow	1	1	1
api.HTMLTableElement.deleteTFoot	1	1	1
api.HTMLTableElement.deleteTHead	1	1	1
api.HTMLTableElement.frame	1	1	1
api.HTMLTableElement.insertRow	1	1	1
api.HTMLTableElement.rows	1	1	1
api.HTMLTableElement.rules	1	1	1
api.HTMLTableElement.summary	1	1	1
api.HTMLTableElement.tBodies	1	1	1
api.HTMLTableElement.tFoot	1	1	1
api.HTMLTableElement.tHead	1	1	1
api.HTMLTableElement.width	1	1	1
api.HTMLTableRowElement	1	1	1
api.HTMLTableRowElement.align	1	1	1
api.HTMLTableRowElement.bgColor	1	1	1
api.HTMLTableRowElement.cells	1	1	1
api.HTMLTableRowElement.ch	1	1	1
api.HTMLTableRowElement.chOff	1	1	1
api.HTMLTableRowElement.deleteCell	1	1	1
api.HTMLTableRowElement.insertCell	1	1	1
api.HTMLTableRowElement.insertCell.index_parameter_negative_one	1	1	1
api.HTMLTableRowElement.insertCell.index_parameter_optional	1	1	1
api.HTMLTableRowElement.rowIndex	1	1	1
api.HTMLTableRowElement.sectionRowIndex	1	1	1
api.HTMLTableRowElement.vAlign	1	1	1
api.HTMLTableSectionElement	1	1	1
api.HTMLTableSectionElement.align	1	1	1
api.HTMLTableSectionElement.ch	1	1	1
api.HTMLTableSectionElement.chOff	1	1	1
api.HTMLTableSectionElement.deleteRow	1	1	1
api.HTMLTableSectionElement.insertRow	1	1	1
api.HTMLTableSectionElement.rows	1	1	1
api.HTMLTableSectionElement.vAlign	1	1	1
api.HTMLTemplateElement	1	1	1
api.HTMLTemplateElement.content	1	1	1
api.HTMLTemplateElement.htmlFor	1	0	0
api.HTMLTemplateElement.shadowRootClonable	1	1	1
api.HTMLTemplateElement.shadowRootCustomElementRegistry	1	1	1
api.HTMLTemplateElement.shadowRootDelegatesFocus	1	1	1
api.HTMLTemplateElement.shadowRootMode	1	1	1
api.HTMLTemplateElement.shadowRootReferenceTarget	1	0	0
api.HTMLTemplateElement.shadowRootSerializable	1	1	1
api.HTMLTemplateElement.shadowRootSlotAssignment	1	1	1
api.HTMLTextAreaElement	1	1	1
api.HTMLTextAreaElement.autocomplete	1	1	1
api.HTMLTextAreaElement.checkValidity	1	1	1
api.HTMLTextAreaElement.cols	1	1	1
api.HTMLTextAreaElement.defaultValue	1	1	1
api.HTMLTextAreaElement.dirName	1	1	1
api.HTMLTextAreaElement.disabled	1	1	1
api.HTMLTextAreaElement.form	1	1	1
api.HTMLTextAreaElement.labels	1	1	1
api.HTMLTextAreaElement.maxLength	1	1	1
api.HTMLTextAreaElement.minLength	1	1	1
api.HTMLTextAreaElement.name	1	1	1
api.HTMLTextAreaElement.placeholder	1	1	1
api.HTMLTextAreaElement.readOnly	1	1	1
api.HTMLTextAreaElement.reportValidity	1	1	1
api.HTMLTextAreaElement.required	1	1	1
api.HTMLTextAreaElement.rows	1	1	1
api.HTMLTextAreaElement.select	1	1	1
api.HTMLTextAreaElement.select_event	1	1	1
api.HTMLTextAreaElement.selectionDirection	1	1	1
api.HTMLTextAreaElement.selectionEnd	1	1	1
api.HTMLTextAreaElement.selectionStart	1	1	1
api.HTMLTextAreaElement.selectionchange_event	1	1	1
api.HTMLTextAreaElement.setCustomValidity	1	1	1
api.HTMLTextAreaElement.setRangeText	1	1	1
api.HTMLTextAreaElement.setSelectionRange	1	1	1
api.HTMLTextAreaElement.textLength	1	1	1
api.HTMLTextAreaElement.type	1	1	1
api.HTMLTextAreaElement.validationMessage	1	1	1
api.HTMLTextAreaElement.validity	1	1	1
api.HTMLTextAreaElement.value	1	1	1
api.HTMLTextAreaElement.willValidate	1	1	1
api.HTMLTextAreaElement.wrap	1	1	1
api.HTMLTimeElement	1	1	1
api.HTMLTimeElement.dateTime	1	1	1
api.HTMLTitleElement	1	1	1
api.HTMLTitleElement.text	1	1	1
api.HTMLTrackElement	1	1	1
api.HTMLTrackElement.cuechange_event	1	1	1
api.HTMLTrackElement.default	1	1	1
api.HTMLTrackElement.kind	1	1	1
api.HTMLTrackElement.label	1	1	1
api.HTMLTrackElement.readyState	1	1	1
api.HTMLTrackElement.src	1	1	1
api.HTMLTrackElement.srclang	1	1	1
api.HTMLTrackElement.track	1	1	1
api.HTMLUListElement	1	1	1
api.HTMLUListElement.compact	1	1	1
api.HTMLUListElement.type	1	1	1
api.HTMLUnknownElement	1	1	1
api.HTMLUserMediaElement	1	0	0
api.HTMLUserMediaElement.cancel_event	1	0	0
api.HTMLUserMediaElement.error	1	0	0
api.HTMLUserMediaElement.error_event	1	0	0
api.HTMLUserMediaElement.setConstraints	1	0	0
api.HTMLUserMediaElement.stream	1	0	0
api.HTMLUserMediaElement.stream_event	1	0	0
api.HTMLVideoElement	1	1	1
api.HTMLVideoElement.cancelVideoFrameCallback	1	1	1
api.HTMLVideoElement.disablePictureInPicture	1	1	1
api.HTMLVideoElement.enterpictureinpicture_event	1	1	1
api.HTMLVideoElement.getVideoPlaybackQuality	1	1	1
api.HTMLVideoElement.height	1	1	1
api.HTMLVideoElement.leavepictureinpicture_event	1	1	1
api.HTMLVideoElement.mozDecodedFrames	0	1	0
api.HTMLVideoElement.mozFrameDelay	0	1	0
api.HTMLVideoElement.mozHasAudio	0	1	0
api.HTMLVideoElement.mozPaintedFrames	0	1	0
api.HTMLVideoElement.mozParsedFrames	0	1	0
api.HTMLVideoElement.mozPresentedFrames	0	1	0
api.HTMLVideoElement.playsInline	1	0	1
api.HTMLVideoElement.poster	1	1	1
api.HTMLVideoElement.requestPictureInPicture	1	1	1
api.HTMLVideoElement.requestVideoFrameCallback	1	1	1
api.HTMLVideoElement.resize_event	1	1	1
api.HTMLVideoElement.videoHeight	1	1	1
api.HTMLVideoElement.videoWidth	1	1	1
api.HTMLVideoElement.width	1	1	1
api.HashChangeEvent.HashChangeEvent	1	1	1
api.HashChangeEvent	1	1	1
api.HashChangeEvent.newURL	1	1	1
api.HashChangeEvent.oldURL	1	1	1
api.Headers.@@iterator	1	1	1
api.Headers.Headers	1	1	1
api.Headers	1	1	1
api.Headers.append	1	1	1
api.Headers.delete	1	1	1
api.Headers.entries	1	1	1
api.Headers.forEach	1	1	1
api.Headers.get	1	1	1
api.Headers.getSetCookie	1	1	1
api.Headers.has	1	1	1
api.Headers.iterate_combined_duplicates	1	1	1
api.Headers.iterate_lexicographically	1	1	1
api.Headers.keys	1	1	1
api.Headers.set	1	1	1
api.Headers.values	1	1	1
api.Highlight.@@iterator	1	1	1
api.Highlight.Highlight	1	1	1
api.Highlight	1	1	1
api.Highlight.add	1	1	1
api.Highlight.clear	1	1	1
api.Highlight.delete	1	1	1
api.Highlight.entries	1	1	1
api.Highlight.forEach	1	1	1
api.Highlight.has	1	1	1
api.Highlight.keys	1	1	1
api.Highlight.priority	1	1	1
api.Highlight.size	1	1	1
api.Highlight.type	1	1	1
api.Highlight.values	1	1	1
api.HighlightRegistry.@@iterator	1	1	1
api.HighlightRegistry	1	1	1
api.HighlightRegistry.clear	1	1	1
api.HighlightRegistry.delete	1	1	1
api.HighlightRegistry.entries	1	1	1
api.HighlightRegistry.forEach	1	1	1
api.HighlightRegistry.get	1	1	1
api.HighlightRegistry.has	1	1	1
api.HighlightRegistry.highlightsFromPoint	1	1	1
api.HighlightRegistry.keys	1	1	1
api.HighlightRegistry.set	1	1	1
api.HighlightRegistry.size	1	1	1
api.HighlightRegistry.values	1	1	1
api.History	1	1	1
api.History.back	1	1	1
api.History.forward	1	1	1
api.History.go	1	1	1
api.History.length	1	1	1
api.History.pushState	1	1	1
api.History.pushState.unused_parameter	0	0	0
api.History.replaceState	1	1	1
api.History.replaceState.unused_parameter	0	0	0
api.History.scrollRestoration	1	1	1
api.History.state	1	1	1
api.IDBCursor	1	1	1
api.IDBCursor.advance	1	1	1
api.IDBCursor.continue	1	1	1
api.IDBCursor.continuePrimaryKey	1	1	1
api.IDBCursor.delete	1	1	1
api.IDBCursor.direction	1	1	1
api.IDBCursor.key	1	1	1
api.IDBCursor.key.binary_keys	1	1	1
api.IDBCursor.primaryKey	1	1	1
api.IDBCursor.request	1	1	1
api.IDBCursor.source	1	1	1
api.IDBCursor.update	1	1	1
api.IDBCursor.worker_support	1	1	1
api.IDBCursorWithValue	1	1	1
api.IDBCursorWithValue.value	1	1	1
api.IDBCursorWithValue.worker_support	1	1	1
api.IDBDatabase	1	1	1
api.IDBDatabase.abort_event	1	1	1
api.IDBDatabase.close	1	1	1
api.IDBDatabase.close_event	1	1	1
api.IDBDatabase.createObjectStore	1	1	1
api.IDBDatabase.deleteObjectStore	1	1	1
api.IDBDatabase.name	1	1	1
api.IDBDatabase.objectStoreNames	1	1	1
api.IDBDatabase.transaction	1	1	1
api.IDBDatabase.transaction.mode_parameter_readwriteflush	0	0	0
api.IDBDatabase.version	1	1	1
api.IDBDatabase.versionchange_event	1	1	1
api.IDBDatabase.worker_support	1	1	1
api.IDBFactory	1	1	1
api.IDBFactory.cmp	1	1	1
api.IDBFactory.databases	1	1	1
api.IDBFactory.deleteDatabase	1	1	1
api.IDBFactory.open	1	1	1
api.IDBFactory.worker_support	1	1	1
api.IDBIndex	1	1	1
api.IDBIndex.count	1	1	1
api.IDBIndex.get	1	1	1
api.IDBIndex.getAll	1	1	1
api.IDBIndex.getAll.object_parameter	1	0	0
api.IDBIndex.getAll.object_parameter.direction	1	0	0
api.IDBIndex.getAllKeys	1	1	1
api.IDBIndex.getAllKeys.object_parameter	1	0	0
api.IDBIndex.getAllKeys.object_parameter.direction	1	0	0
api.IDBIndex.getAllRecords	1	1	1
api.IDBIndex.getKey	1	1	1
api.IDBIndex.isAutoLocale	0	0	0
api.IDBIndex.keyPath	1	1	1
api.IDBIndex.locale	0	0	0
api.IDBIndex.multiEntry	1	1	1
api.IDBIndex.name	1	1	1
api.IDBIndex.name.renaming_through_name_setter	1	1	1
api.IDBIndex.objectStore	1	1	1
api.IDBIndex.openCursor	1	1	1
api.IDBIndex.openKeyCursor	1	1	1
api.IDBIndex.unique	1	1	1
api.IDBIndex.worker_support	1	1	1
api.IDBKeyRange	1	1	1
api.IDBKeyRange.bound_static	1	1	1
api.IDBKeyRange.includes	1	1	1
api.IDBKeyRange.lower	1	1	1
api.IDBKeyRange.lowerBound_static	1	1	1
api.IDBKeyRange.lowerOpen	1	1	1
api.IDBKeyRange.only_static	1	1	1
api.IDBKeyRange.upper	1	1	1
api.IDBKeyRange.upperBound_static	1	1	1
api.IDBKeyRange.upperOpen	1	1	1
api.IDBKeyRange.worker_support	1	1	1
api.IDBObjectStore	1	1	1
api.IDBObjectStore.add	1	1	1
api.IDBObjectStore.autoIncrement	1	1	1
api.IDBObjectStore.clear	1	1	1
api.IDBObjectStore.count	1	1	1
api.IDBObjectStore.createIndex	1	1	1
api.IDBObjectStore.createIndex.options_locale_parameter	0	1	0
api.IDBObjectStore.delete	1	1	1
api.IDBObjectStore.deleteIndex	1	1	1
api.IDBObjectStore.get	1	1	1
api.IDBObjectStore.getAll	1	1	1
api.IDBObjectStore.getAll.object_parameter	1	0	0
api.IDBObjectStore.getAll.object_parameter.direction	1	0	0
api.IDBObjectStore.getAllKeys	1	1	1
api.IDBObjectStore.getAllKeys.object_parameter	1	0	0
api.IDBObjectStore.getAllKeys.object_parameter.direction	1	0	0
api.IDBObjectStore.getAllRecords	1	1	1
api.IDBObjectStore.getKey	1	1	1
api.IDBObjectStore.index	1	1	1
api.IDBObjectStore.indexNames	1	1	1
api.IDBObjectStore.keyPath	1	1	1
api.IDBObjectStore.name	1	1	1
api.IDBObjectStore.name.renaming_through_name_setter	1	1	1
api.IDBObjectStore.openCursor	1	1	1
api.IDBObjectStore.openKeyCursor	1	1	1
api.IDBObjectStore.put	1	1	1
api.IDBObjectStore.transaction	1	1	1
api.IDBObjectStore.worker_support	1	1	1
api.IDBOpenDBRequest	1	1	1
api.IDBOpenDBRequest.blocked_event	1	1	1
api.IDBOpenDBRequest.upgradeneeded_event	1	1	1
api.IDBOpenDBRequest.worker_support	1	1	1
api.IDBRecord	1	1	1
api.IDBRecord.key	1	1	1
api.IDBRecord.primaryKey	1	1	1
api.IDBRecord.value	1	1	1
api.IDBRequest	1	1	1
api.IDBRequest.error.DOMException	1	1	0
api.IDBRequest.error	1	1	1
api.IDBRequest.error.transient_unrecoverable_read_errors	1	1	1
api.IDBRequest.error_event	1	1	1
api.IDBRequest.readyState	1	1	1
api.IDBRequest.result	1	1	1
api.IDBRequest.source	1	1	1
api.IDBRequest.success_event	1	1	1
api.IDBRequest.transaction	1	1	1
api.IDBRequest.worker_support	1	1	1
api.IDBTransaction	1	1	1
api.IDBTransaction.abort	1	1	1
api.IDBTransaction.abort_event	1	1	1
api.IDBTransaction.commit	1	1	1
api.IDBTransaction.complete_event	1	1	1
api.IDBTransaction.db	1	1	1
api.IDBTransaction.durability	1	1	1
api.IDBTransaction.error.DOMException	1	1	0
api.IDBTransaction.error	1	1	1
api.IDBTransaction.error_event	1	1	1
api.IDBTransaction.mode	1	1	1
api.IDBTransaction.objectStore	1	1	1
api.IDBTransaction.objectStoreNames	1	1	1
api.IDBTransaction.worker_support	1	1	1
api.IDBVersionChangeEvent.IDBVersionChangeEvent	1	1	1
api.IDBVersionChangeEvent	1	1	1
api.IDBVersionChangeEvent.newVersion	1	1	1
api.IDBVersionChangeEvent.oldVersion	1	1	1
api.IDBVersionChangeEvent.worker_support	1	1	1
api.IIRFilterNode.IIRFilterNode	1	1	1
api.IIRFilterNode	1	1	1
api.IIRFilterNode.getFrequencyResponse	1	1	1
api.IdentityCredential	1	0	0
api.IdentityCredential.configURL	1	0	0
api.IdentityCredential.disconnect_static	1	0	0
api.IdentityCredential.isAutoSelected	1	0	0
api.IdentityCredential.token	1	0	0
api.IdentityCredentialError.IdentityCredentialError	1	0	0
api.IdentityCredentialError	1	0	0
api.IdentityCredentialError.error	1	0	0
api.IdentityCredentialError.url	1	0	0
api.IdentityProvider	1	0	0
api.IdentityProvider.close_static	1	0	0
api.IdentityProvider.getUserInfo_static	1	0	0
api.IdentityProvider.resolve_static	1	0	0
api.IdleDeadline	1	1	0
api.IdleDeadline.didTimeout	1	1	0
api.IdleDeadline.timeRemaining	1	1	0
api.IdleDetector.IdleDetector	1	0	0
api.IdleDetector	1	0	0
api.IdleDetector.change_event	1	0	0
api.IdleDetector.requestPermission_static	1	0	0
api.IdleDetector.screenState	1	0	0
api.IdleDetector.start	1	0	0
api.IdleDetector.userState	1	0	0
api.ImageBitmap	1	1	1
api.ImageBitmap.close	1	1	1
api.ImageBitmap.height	1	1	1
api.ImageBitmap.width	1	1	1
api.ImageBitmapRenderingContext	1	1	1
api.ImageBitmapRenderingContext.canvas	1	1	1
api.ImageBitmapRenderingContext.transferFromImageBitmap	1	1	1
api.ImageCapture.ImageCapture	1	0	1
api.ImageCapture	1	0	1
api.ImageCapture.getPhotoCapabilities	1	0	1
api.ImageCapture.getPhotoSettings	1	0	1
api.ImageCapture.grabFrame	1	0	1
api.ImageCapture.takePhoto	1	0	1
api.ImageCapture.track	1	0	1
api.ImageData.ImageData	1	1	1
api.ImageData.ImageData.settings_parameter	1	0	1
api.ImageData.ImageData.settings_parameter.colorSpace_option	1	0	1
api.ImageData.ImageData.settings_parameter.pixelFormat_option	1	0	0
api.ImageData	1	1	1
api.ImageData.colorSpace	1	0	1
api.ImageData.data	1	1	1
api.ImageData.height	1	1	1
api.ImageData.pixelFormat	1	0	0
api.ImageData.width	1	1	1
api.ImageData.worker_support	1	1	1
api.ImageDecoder.ImageDecoder	1	1	1
api.ImageDecoder	1	1	1
api.ImageDecoder.close	1	1	1
api.ImageDecoder.complete	1	1	1
api.ImageDecoder.completed	1	1	1
api.ImageDecoder.decode	1	1	1
api.ImageDecoder.isTypeSupported_static	1	1	1
api.ImageDecoder.reset	1	1	1
api.ImageDecoder.tracks	1	1	1
api.ImageDecoder.type	1	1	1
api.ImageTrack	1	1	1
api.ImageTrack.animated	1	1	1
api.ImageTrack.frameCount	1	1	1
api.ImageTrack.repetitionCount	1	1	1
api.ImageTrack.selected	1	1	1
api.ImageTrackList	1	1	1
api.ImageTrackList.length	1	1	1
api.ImageTrackList.ready	1	1	1
api.ImageTrackList.selectedIndex	1	1	1
api.ImageTrackList.selectedTrack	1	1	1
api.Ink	1	0	0
api.Ink.requestPresenter	1	0	0
api.InputDeviceCapabilities.InputDeviceCapabilities	1	0	0
api.InputDeviceCapabilities	1	0	0
api.InputDeviceCapabilities.firesTouchEvents	1	0	0
api.InputDeviceInfo	1	0	1
api.InputDeviceInfo.getCapabilities	1	0	1
api.InputEvent.InputEvent	1	1	1
api.InputEvent	1	1	1
api.InputEvent.data	1	1	1
api.InputEvent.dataTransfer	1	1	1
api.InputEvent.getTargetRanges	1	1	1
api.InputEvent.inputType	1	1	1
api.InputEvent.inputType.insertFromPasteAsQuotation	0	1	0
api.InputEvent.isComposing	1	1	1
api.InstallEvent.InstallEvent	1	0	1
api.InstallEvent	1	0	1
api.InstallEvent.addRoutes	1	0	1
api.InstallResultEvent.InstallResultEvent	0	0	0
api.InstallResultEvent	0	0	0
api.InstallResultEvent.result	0	0	0
api.InteractionContentfulPaint	1	0	0
api.InteractionContentfulPaint.interactionId	1	0	0
api.InteractionContentfulPaint.largestContentfulPaint	1	0	0
api.InteractionContentfulPaint.paintTime	1	0	0
api.InteractionContentfulPaint.presentationTime	1	0	0
api.InteractionContentfulPaint.toJSON	1	0	0
api.InterestEvent.InterestEvent	1	0	0
api.InterestEvent	1	0	0
api.InterestEvent.source	1	0	0
api.IntersectionObserver.IntersectionObserver	1	1	1
api.IntersectionObserver.IntersectionObserver.options_root_parameter_Document	1	1	1
api.IntersectionObserver.IntersectionObserver.options_trackVisibility_parameter	1	0	0
api.IntersectionObserver	1	1	1
api.IntersectionObserver.delay	1	0	0
api.IntersectionObserver.disconnect	1	1	1
api.IntersectionObserver.observe	1	1	1
api.IntersectionObserver.root	1	1	1
api.IntersectionObserver.rootMargin	1	1	1
api.IntersectionObserver.scrollMargin	1	1	1
api.IntersectionObserver.takeRecords	1	1	1
api.IntersectionObserver.thresholds	1	1	1
api.IntersectionObserver.trackVisibility	1	0	0
api.IntersectionObserver.unobserve	1	1	1
api.IntersectionObserverEntry.IntersectionObserverEntry	0	0	1
api.IntersectionObserverEntry	1	1	1
api.IntersectionObserverEntry.boundingClientRect	1	1	1
api.IntersectionObserverEntry.intersectionRatio	1	1	1
api.IntersectionObserverEntry.intersectionRect	1	1	1
api.IntersectionObserverEntry.isIntersecting	1	1	1
api.IntersectionObserverEntry.isVisible	1	0	0
api.IntersectionObserverEntry.rootBounds	1	1	1
api.IntersectionObserverEntry.target	1	1	1
api.IntersectionObserverEntry.time	1	1	1
api.InterventionReportBody	1	0	0
api.InterventionReportBody.columnNumber	1	0	0
api.InterventionReportBody.id	1	0	0
api.InterventionReportBody.lineNumber	1	0	0
api.InterventionReportBody.message	1	0	0
api.InterventionReportBody.sourceFile	1	0	0
api.InterventionReportBody.toJSON	1	0	0
api.KHR_parallel_shader_compile	1	0	1
api.Keyboard	1	0	0
api.Keyboard.getLayoutMap	1	0	0
api.Keyboard.lock	1	0	0
api.Keyboard.unlock	1	0	0
api.KeyboardEvent.KeyboardEvent	1	1	1
api.KeyboardEvent	1	1	1
api.KeyboardEvent.altKey	1	1	1
api.KeyboardEvent.charCode	1	1	1
api.KeyboardEvent.code	1	1	1
api.KeyboardEvent.ctrlKey	1	1	1
api.KeyboardEvent.getModifierState	1	1	1
api.KeyboardEvent.getModifierState.key_parameter_accel	1	1	0
api.KeyboardEvent.getModifierState.key_parameter_alt	1	1	1
api.KeyboardEvent.getModifierState.key_parameter_altgraph	1	1	1
api.KeyboardEvent.getModifierState.key_parameter_capslock	1	1	1
api.KeyboardEvent.getModifierState.key_parameter_control	1	1	1
api.KeyboardEvent.getModifierState.key_parameter_fn	1	1	0
api.KeyboardEvent.getModifierState.key_parameter_meta	1	1	1
api.KeyboardEvent.getModifierState.key_parameter_numlock	1	1	0
api.KeyboardEvent.getModifierState.key_parameter_os	1	1	0
api.KeyboardEvent.getModifierState.key_parameter_scrolllock	1	1	0
api.KeyboardEvent.getModifierState.key_parameter_shift	1	1	1
api.KeyboardEvent.getModifierState.key_parameter_symbol	1	0	0
api.KeyboardEvent.initKeyboardEvent	1	1	1
api.KeyboardEvent.isComposing	1	1	1
api.KeyboardEvent.key	1	1	1
api.KeyboardEvent.key.dead_key	1	1	1
api.KeyboardEvent.key.non_printable_keys	1	1	1
api.KeyboardEvent.key.printable_key	1	1	1
api.KeyboardEvent.keyCode	1	1	1
api.KeyboardEvent.keyIdentifier	0	0	1
api.KeyboardEvent.location	1	1	1
api.KeyboardEvent.metaKey	1	1	1
api.KeyboardEvent.repeat	1	1	1
api.KeyboardEvent.shiftKey	1	1	1
api.KeyboardLayoutMap.@@iterator	1	0	0
api.KeyboardLayoutMap	1	0	0
api.KeyboardLayoutMap.entries	1	0	0
api.KeyboardLayoutMap.forEach	1	0	0
api.KeyboardLayoutMap.get	1	0	0
api.KeyboardLayoutMap.has	1	0	0
api.KeyboardLayoutMap.keys	1	0	0
api.KeyboardLayoutMap.size	1	0	0
api.KeyboardLayoutMap.values	1	0	0
api.KeyframeEffect.KeyframeEffect	1	1	1
api.KeyframeEffect	1	1	1
api.KeyframeEffect.composite	1	1	1
api.KeyframeEffect.getKeyframes	1	1	1
api.KeyframeEffect.iterationComposite	0	1	1
api.KeyframeEffect.pseudoElement	1	1	1
api.KeyframeEffect.setKeyframes	1	1	1
api.KeyframeEffect.target	1	1	1
api.LanguageDetector	1	0	0
api.LanguageDetector.availability_static	1	0	0
api.LanguageDetector.create_static	1	0	0
api.LanguageDetector.destroy	1	0	0
api.LanguageDetector.detect	1	0	0
api.LanguageDetector.expectedInputLanguages	1	0	0
api.LanguageDetector.inputQuota	1	0	0
api.LanguageDetector.measureInputUsage	1	0	0
api.LanguageModel	1	0	0
api.LanguageModel.append	1	0	0
api.LanguageModel.availability_static	1	0	0
api.LanguageModel.clone	1	0	0
api.LanguageModel.contextUsage	1	0	0
api.LanguageModel.contextWindow	1	0	0
api.LanguageModel.contextoverflow_event	1	0	0
api.LanguageModel.create_static	1	0	0
api.LanguageModel.destroy	1	0	0
api.LanguageModel.measureContextUsage	1	0	0
api.LanguageModel.prompt	1	0	0
api.LanguageModel.promptStreaming	1	0	0
api.LargestContentfulPaint	1	1	1
api.LargestContentfulPaint.element	1	1	1
api.LargestContentfulPaint.id	1	1	1
api.LargestContentfulPaint.loadTime	1	1	1
api.LargestContentfulPaint.paintTime	1	1	1
api.LargestContentfulPaint.presentationTime	1	1	1
api.LargestContentfulPaint.renderTime	1	1	1
api.LargestContentfulPaint.renderTime.cross-origin	1	1	1
api.LargestContentfulPaint.size	1	1	1
api.LargestContentfulPaint.toJSON	1	1	1
api.LargestContentfulPaint.url	1	1	1
api.LaunchParams	1	0	0
api.LaunchParams.files	1	0	0
api.LaunchParams.targetURL	1	0	0
api.LaunchQueue	1	0	0
api.LaunchQueue.setConsumer	1	0	0
api.LayoutShift	1	0	0
api.LayoutShift.hadRecentInput	1	0	0
api.LayoutShift.lastInputTime	1	0	0
api.LayoutShift.sources	1	0	0
api.LayoutShift.toJSON	1	0	0
api.LayoutShift.value	1	0	0
api.LayoutShiftAttribution	1	0	0
api.LayoutShiftAttribution.currentRect	1	0	0
api.LayoutShiftAttribution.node	1	0	0
api.LayoutShiftAttribution.previousRect	1	0	0
api.LayoutShiftAttribution.toJSON	1	0	0
api.LinearAccelerationSensor.LinearAccelerationSensor	1	0	0
api.LinearAccelerationSensor	1	0	0
api.Location	1	1	1
api.Location.ancestorOrigins	1	1	1
api.Location.assign	1	1	1
api.Location.hash	1	1	1
api.Location.host	1	1	1
api.Location.hostname	1	1	1
api.Location.href	1	1	1
api.Location.origin	1	1	1
api.Location.pathname	1	1	1
api.Location.port	1	1	1
api.Location.protocol	1	1	1
api.Location.reload	1	1	1
api.Location.replace	1	1	1
api.Location.search	1	1	1
api.Location.toString	1	1	1
api.Lock	1	1	1
api.Lock.mode	1	1	1
api.Lock.name	1	1	1
api.LockManager	1	1	1
api.LockManager.query	1	1	1
api.LockManager.request	1	1	1
api.MIDIAccess	1	1	0
api.MIDIAccess.inputs	1	1	0
api.MIDIAccess.outputs	1	1	0
api.MIDIAccess.statechange_event	1	1	0
api.MIDIAccess.sysexEnabled	1	1	0
api.MIDIConnectionEvent.MIDIConnectionEvent	1	1	0
api.MIDIConnectionEvent	1	1	0
api.MIDIConnectionEvent.port	1	1	0
api.MIDIInput	1	1	0
api.MIDIInput.midimessage_event	1	1	0
api.MIDIInputMap.@@iterator	1	1	0
api.MIDIInputMap	1	1	0
api.MIDIInputMap.entries	1	1	0
api.MIDIInputMap.forEach	1	1	0
api.MIDIInputMap.get	1	1	0
api.MIDIInputMap.has	1	1	0
api.MIDIInputMap.keys	1	1	0
api.MIDIInputMap.size	1	1	0
api.MIDIInputMap.values	1	1	0
api.MIDIMessageEvent.MIDIMessageEvent	1	1	0
api.MIDIMessageEvent	1	1	0
api.MIDIMessageEvent.data	1	1	0
api.MIDIOutput	1	1	0
api.MIDIOutput.clear	0	1	0
api.MIDIOutput.send	1	1	0
api.MIDIOutputMap.@@iterator	1	1	0
api.MIDIOutputMap	1	1	0
api.MIDIOutputMap.entries	1	1	0
api.MIDIOutputMap.forEach	1	1	0
api.MIDIOutputMap.get	1	1	0
api.MIDIOutputMap.has	1	1	0
api.MIDIOutputMap.keys	1	1	0
api.MIDIOutputMap.size	1	1	0
api.MIDIOutputMap.values	1	1	0
api.MIDIPort	1	1	0
api.MIDIPort.close	1	1	0
api.MIDIPort.connection	1	1	0
api.MIDIPort.id	1	1	0
api.MIDIPort.manufacturer	1	1	0
api.MIDIPort.name	1	1	0
api.MIDIPort.open	1	1	0
api.MIDIPort.state	1	1	0
api.MIDIPort.statechange_event	1	1	0
api.MIDIPort.type	1	1	0
api.MIDIPort.version	1	1	0
api.ML	0	0	0
api.ML.createContext	0	0	0
api.MLContext	0	0	0
api.MLContext.createConstantTensor	0	0	0
api.MLContext.createTensor	0	0	0
api.MLContext.destroy	0	0	0
api.MLContext.dispatch	0	0	0
api.MLContext.lost	0	0	0
api.MLContext.opSupportLimits	0	0	0
api.MLContext.readTensor	0	0	0
api.MLContext.writeTensor	0	0	0
api.MLGraph	0	0	0
api.MLGraph.destroy	0	0	0
api.MLGraphBuilder.MLGraphBuilder	0	0	0
api.MLGraphBuilder	0	0	0
api.MLGraphBuilder.abs	0	0	0
api.MLGraphBuilder.add	0	0	0
api.MLGraphBuilder.argMax	0	0	0
api.MLGraphBuilder.argMin	0	0	0
api.MLGraphBuilder.averagePool2d	0	0	0
api.MLGraphBuilder.batchNormalization	0	0	0
api.MLGraphBuilder.build	0	0	0
api.MLGraphBuilder.cast	0	0	0
api.MLGraphBuilder.ceil	0	0	0
api.MLGraphBuilder.clamp	0	0	0
api.MLGraphBuilder.concat	0	0	0
api.MLGraphBuilder.constant	0	0	0
api.MLGraphBuilder.conv2d	0	0	0
api.MLGraphBuilder.convTranspose2d	0	0	0
api.MLGraphBuilder.cos	0	0	0
api.MLGraphBuilder.cumulativeSum	0	0	0
api.MLGraphBuilder.dequantizeLinear	0	0	0
api.MLGraphBuilder.div	0	0	0
api.MLGraphBuilder.elu	0	0	0
api.MLGraphBuilder.equal	0	0	0
api.MLGraphBuilder.erf	0	0	0
api.MLGraphBuilder.exp	0	0	0
api.MLGraphBuilder.expand	0	0	0
api.MLGraphBuilder.floor	0	0	0
api.MLGraphBuilder.gather	0	0	0
api.MLGraphBuilder.gatherElements	0	0	0
api.MLGraphBuilder.gatherND	0	0	0
api.MLGraphBuilder.gelu	0	0	0
api.MLGraphBuilder.gemm	0	0	0
api.MLGraphBuilder.greater	0	0	0
api.MLGraphBuilder.greaterOrEqual	0	0	0
api.MLGraphBuilder.gru	0	0	0
api.MLGraphBuilder.gruCell	0	0	0
api.MLGraphBuilder.hardSigmoid	0	0	0
api.MLGraphBuilder.hardSwish	0	0	0
api.MLGraphBuilder.identity	0	0	0
api.MLGraphBuilder.input	0	0	0
api.MLGraphBuilder.instanceNormalization	0	0	0
api.MLGraphBuilder.isInfinite	0	0	0
api.MLGraphBuilder.isNaN	0	0	0
api.MLGraphBuilder.l2Pool2d	0	0	0
api.MLGraphBuilder.layerNormalization	0	0	0
api.MLGraphBuilder.leakyRelu	0	0	0
api.MLGraphBuilder.lesser	0	0	0
api.MLGraphBuilder.lesserOrEqual	0	0	0
api.MLGraphBuilder.linear	0	0	0
api.MLGraphBuilder.log	0	0	0
api.MLGraphBuilder.logicalAnd	0	0	0
api.MLGraphBuilder.logicalNot	0	0	0
api.MLGraphBuilder.logicalOr	0	0	0
api.MLGraphBuilder.logicalXor	0	0	0
api.MLGraphBuilder.lstm	0	0	0
api.MLGraphBuilder.lstmCell	0	0	0
api.MLGraphBuilder.matmul	0	0	0
api.MLGraphBuilder.max	0	0	0
api.MLGraphBuilder.maxPool2d	0	0	0
api.MLGraphBuilder.min	0	0	0
api.MLGraphBuilder.mul	0	0	0
api.MLGraphBuilder.neg	0	0	0
api.MLGraphBuilder.notEqual	0	0	0
api.MLGraphBuilder.pad	0	0	0
api.MLGraphBuilder.pow	0	0	0
api.MLGraphBuilder.prelu	0	0	0
api.MLGraphBuilder.quantizeLinear	0	0	0
api.MLGraphBuilder.reciprocal	0	0	0
api.MLGraphBuilder.reduceL1	0	0	0
api.MLGraphBuilder.reduceL2	0	0	0
api.MLGraphBuilder.reduceLogSum	0	0	0
api.MLGraphBuilder.reduceLogSumExp	0	0	0
api.MLGraphBuilder.reduceMax	0	0	0
api.MLGraphBuilder.reduceMean	0	0	0
api.MLGraphBuilder.reduceMin	0	0	0
api.MLGraphBuilder.reduceProduct	0	0	0
api.MLGraphBuilder.reduceSum	0	0	0
api.MLGraphBuilder.reduceSumSquare	0	0	0
api.MLGraphBuilder.relu	0	0	0
api.MLGraphBuilder.resample2d	0	0	0
api.MLGraphBuilder.reshape	0	0	0
api.MLGraphBuilder.reverse	0	0	0
api.MLGraphBuilder.roundEven	0	0	0
api.MLGraphBuilder.scatterElements	0	0	0
api.MLGraphBuilder.scatterND	0	0	0
api.MLGraphBuilder.sigmoid	0	0	0
api.MLGraphBuilder.sign	0	0	0
api.MLGraphBuilder.sin	0	0	0
api.MLGraphBuilder.slice	0	0	0
api.MLGraphBuilder.softmax	0	0	0
api.MLGraphBuilder.softplus	0	0	0
api.MLGraphBuilder.softsign	0	0	0
api.MLGraphBuilder.split	0	0	0
api.MLGraphBuilder.sqrt	0	0	0
api.MLGraphBuilder.sub	0	0	0
api.MLGraphBuilder.tan	0	0	0
api.MLGraphBuilder.tanh	0	0	0
api.MLGraphBuilder.tile	0	0	0
api.MLGraphBuilder.transpose	0	0	0
api.MLGraphBuilder.triangular	0	0	0
api.MLGraphBuilder.where	0	0	0
api.MLOperand	0	0	0
api.MLOperand.dataType	0	0	0
api.MLOperand.shape	0	0	0
api.MLTensor	0	0	0
api.MLTensor.constant	0	0	0
api.MLTensor.dataType	0	0	0
api.MLTensor.destroy	0	0	0
api.MLTensor.readable	0	0	0
api.MLTensor.shape	0	0	0
api.MLTensor.writable	0	0	0
api.Magnetometer.Magnetometer	0	0	0
api.Magnetometer	0	0	0
api.Magnetometer.x	0	0	0
api.Magnetometer.y	0	0	0
api.Magnetometer.z	0	0	0
api.ManagedMediaSource.ManagedMediaSource	0	0	1
api.ManagedMediaSource	0	0	1
api.ManagedMediaSource.endstreaming_event	0	0	1
api.ManagedMediaSource.startstreaming_event	0	0	1
api.ManagedMediaSource.streaming	0	0	1
api.ManagedSourceBuffer	0	0	1
api.ManagedSourceBuffer.bufferedchange_event	0	0	1
api.MathMLAnchorElement	0	1	0
api.MathMLAnchorElement.hash	0	1	0
api.MathMLAnchorElement.host	0	1	0
api.MathMLAnchorElement.hostname	0	1	0
api.MathMLAnchorElement.href	0	1	0
api.MathMLAnchorElement.hreflang	0	1	0
api.MathMLAnchorElement.origin	0	1	0
api.MathMLAnchorElement.password	0	1	0
api.MathMLAnchorElement.pathname	0	1	0
api.MathMLAnchorElement.port	0	1	0
api.MathMLAnchorElement.protocol	0	1	0
api.MathMLAnchorElement.search	0	1	0
api.MathMLAnchorElement.target	0	1	0
api.MathMLAnchorElement.type	0	1	0
api.MathMLAnchorElement.username	0	1	0
api.MathMLElement	1	1	1
api.MathMLElement.attributeStyleMap	1	1	1
api.MathMLElement.autofocus	1	1	1
api.MathMLElement.blur	1	1	1
api.MathMLElement.dataset	1	1	1
api.MathMLElement.focus	1	1	1
api.MathMLElement.nonce	1	1	1
api.MathMLElement.style	1	1	1
api.MathMLElement.style.returns_CSSStyleProperties	0	1	1
api.MathMLElement.tabIndex	1	1	1
api.MediaCapabilities	1	1	1
api.MediaCapabilities.decodingInfo	1	1	1
api.MediaCapabilities.decodingInfo.configuration_parameter	1	1	1
api.MediaCapabilities.decodingInfo.configuration_parameter.keySystemConfiguration	1	1	0
api.MediaCapabilities.decodingInfo.configuration_parameter.type	1	1	1
api.MediaCapabilities.decodingInfo.configuration_parameter.type.webrtc_option	1	1	1
api.MediaCapabilities.encodingInfo	1	1	1
api.MediaCapabilities.encodingInfo.configuration_parameter	1	1	1
api.MediaCapabilities.encodingInfo.configuration_parameter.type	1	1	1
api.MediaCapabilities.encodingInfo.configuration_parameter.type.transmission_option	1	0	1
api.MediaCapabilities.encodingInfo.configuration_parameter.type.webrtc_option	1	1	1
api.MediaController.MediaController	0	0	1
api.MediaController	0	0	1
api.MediaController.buffered	0	0	1
api.MediaController.currentTime	0	0	1
api.MediaController.defaultPlaybackRate	0	0	1
api.MediaController.duration	0	0	1
api.MediaController.muted	0	0	1
api.MediaController.pause	0	0	1
api.MediaController.paused	0	0	1
api.MediaController.play	0	0	1
api.MediaController.playbackRate	0	0	1
api.MediaController.playbackState	0	0	1
api.MediaController.played	0	0	1
api.MediaController.seekable	0	0	1
api.MediaController.unpause	0	0	1
api.MediaController.volume	0	0	1
api.MediaDeviceInfo	1	1	1
api.MediaDeviceInfo.deviceId	1	1	1
api.MediaDeviceInfo.groupId	1	1	1
api.MediaDeviceInfo.kind	1	1	1
api.MediaDeviceInfo.label	1	1	1
api.MediaDeviceInfo.toJSON	1	1	1
api.MediaDevices	1	1	1
api.MediaDevices.devicechange_event	1	1	1
api.MediaDevices.enumerateDevices	1	1	1
api.MediaDevices.getDisplayMedia	1	1	1
api.MediaDevices.getDisplayMedia.audio_capture_support	1	0	0
api.MediaDevices.getDisplayMedia.controller_option	1	0	0
api.MediaDevices.getDisplayMedia.monitorTypeSurfaces_option	1	0	0
api.MediaDevices.getDisplayMedia.preferCurrentTab_option	1	0	0
api.MediaDevices.getDisplayMedia.selfBrowserSurface_option	1	0	0
api.MediaDevices.getDisplayMedia.surfaceSwitching_option	1	0	0
api.MediaDevices.getDisplayMedia.systemAudio_option	1	0	0
api.MediaDevices.getDisplayMedia.windowAudio_option	1	0	0
api.MediaDevices.getSupportedConstraints	1	1	1
api.MediaDevices.getSupportedConstraints.return_object_property_aspectRatio	1	0	1
api.MediaDevices.getSupportedConstraints.return_object_property_autoGainControl	1	1	0
api.MediaDevices.getSupportedConstraints.return_object_property_channelCount	1	1	0
api.MediaDevices.getSupportedConstraints.return_object_property_deviceId	1	1	1
api.MediaDevices.getSupportedConstraints.return_object_property_echoCancellation	1	1	1
api.MediaDevices.getSupportedConstraints.return_object_property_facingMode	1	1	1
api.MediaDevices.getSupportedConstraints.return_object_property_frameRate	1	1	1
api.MediaDevices.getSupportedConstraints.return_object_property_groupId	1	1	1
api.MediaDevices.getSupportedConstraints.return_object_property_height	1	1	1
api.MediaDevices.getSupportedConstraints.return_object_property_latency	1	0	0
api.MediaDevices.getSupportedConstraints.return_object_property_noiseSuppression	1	1	0
api.MediaDevices.getSupportedConstraints.return_object_property_resizeMode	1	1	0
api.MediaDevices.getSupportedConstraints.return_object_property_sampleRate	1	0	1
api.MediaDevices.getSupportedConstraints.return_object_property_sampleSize	1	0	1
api.MediaDevices.getSupportedConstraints.return_object_property_width	1	1	1
api.MediaDevices.getUserMedia	1	1	1
api.MediaDevices.getUserMedia.constraints_resizeMode_parameter	1	1	0
api.MediaDevices.getUserMedia.secure_context_required	1	1	1
api.MediaDevices.selectAudioOutput	0	1	0
api.MediaDevices.setCaptureHandleConfig	1	0	0
api.MediaElementAudioSourceNode.MediaElementAudioSourceNode	1	1	1
api.MediaElementAudioSourceNode	1	1	1
api.MediaElementAudioSourceNode.mediaElement	1	1	1
api.MediaEncryptedEvent.MediaEncryptedEvent	1	1	1
api.MediaEncryptedEvent	1	1	1
api.MediaEncryptedEvent.initData	1	1	1
api.MediaEncryptedEvent.initDataType	1	1	1
api.MediaError	1	1	1
api.MediaError.code	1	1	1
api.MediaError.message	1	1	1
api.MediaKeyMessageEvent.MediaKeyMessageEvent	1	1	1
api.MediaKeyMessageEvent	1	1	1
api.MediaKeyMessageEvent.message	1	1	1
api.MediaKeyMessageEvent.messageType	1	1	1
api.MediaKeySession	1	1	1
api.MediaKeySession.close	1	1	1
api.MediaKeySession.closed	1	1	1
api.MediaKeySession.expiration	1	1	1
api.MediaKeySession.generateRequest	1	1	1
api.MediaKeySession.keyStatuses	1	1	1
api.MediaKeySession.keystatuseschange_event	1	1	1
api.MediaKeySession.load	1	1	1
api.MediaKeySession.message_event	1	1	1
api.MediaKeySession.remove	1	1	1
api.MediaKeySession.sessionId	1	1	1
api.MediaKeySession.update	1	1	1
api.MediaKeyStatusMap.@@iterator	1	1	1
api.MediaKeyStatusMap	1	1	1
api.MediaKeyStatusMap.entries	1	1	1
api.MediaKeyStatusMap.forEach	1	1	1
api.MediaKeyStatusMap.get	1	1	1
api.MediaKeyStatusMap.has	1	1	1
api.MediaKeyStatusMap.keys	1	1	1
api.MediaKeyStatusMap.size	1	1	1
api.MediaKeyStatusMap.values	1	1	1
api.MediaKeySystemAccess	1	1	1
api.MediaKeySystemAccess.createMediaKeys	1	1	1
api.MediaKeySystemAccess.getConfiguration	1	1	1
api.MediaKeySystemAccess.keySystem	1	1	1
api.MediaKeys	1	1	1
api.MediaKeys.createSession	1	1	1
api.MediaKeys.getStatusForPolicy	1	1	0
api.MediaKeys.setServerCertificate	1	1	1
api.MediaList	1	1	1
api.MediaList.appendMedium	1	1	1
api.MediaList.deleteMedium	1	1	1
api.MediaList.item	1	1	1
api.MediaList.length	1	1	1
api.MediaList.mediaText	1	1	1
api.MediaList.toString	1	1	1
api.MediaMetadata.MediaMetadata	1	1	1
api.MediaMetadata	1	1	1
api.MediaMetadata.album	1	1	1
api.MediaMetadata.artist	1	1	1
api.MediaMetadata.artwork	1	1	1
api.MediaMetadata.chapterInfo	1	0	0
api.MediaMetadata.title	1	1	1
api.MediaQueryList.EventTarget_inheritance	1	1	1
api.MediaQueryList	1	1	1
api.MediaQueryList.addListener	1	1	1
api.MediaQueryList.change_event	1	1	1
api.MediaQueryList.matches	1	1	1
api.MediaQueryList.media	1	1	1
api.MediaQueryList.removeListener	1	1	1
api.MediaQueryListEvent.MediaQueryListEvent	1	1	1
api.MediaQueryListEvent	1	1	1
api.MediaQueryListEvent.matches	1	1	1
api.MediaQueryListEvent.media	1	1	1
api.MediaRecorder.MediaRecorder	1	1	1
api.MediaRecorder.MediaRecorder.options_parameter	1	1	1
api.MediaRecorder	1	1	1
api.MediaRecorder.audioBitrateMode	1	0	0
api.MediaRecorder.audioBitsPerSecond	1	1	1
api.MediaRecorder.dataavailable_event	1	1	1
api.MediaRecorder.error_event	1	1	1
api.MediaRecorder.isTypeSupported_static	1	1	1
api.MediaRecorder.mimeType	1	1	1
api.MediaRecorder.pause	1	1	1
api.MediaRecorder.pause_event	1	1	1
api.MediaRecorder.requestData	1	1	1
api.MediaRecorder.resume	1	1	1
api.MediaRecorder.resume_event	1	1	1
api.MediaRecorder.start	1	1	1
api.MediaRecorder.start_event	1	1	1
api.MediaRecorder.state	1	1	1
api.MediaRecorder.stop	1	1	1
api.MediaRecorder.stop_event	1	1	1
api.MediaRecorder.stream	1	1	1
api.MediaRecorder.videoBitsPerSecond	1	1	1
api.MediaRecorderErrorEvent.MediaRecorderErrorEvent	0	1	1
api.MediaRecorderErrorEvent	0	1	1
api.MediaRecorderErrorEvent.error	0	1	1
api.MediaSession	1	1	1
api.MediaSession.metadata	1	1	1
api.MediaSession.playbackState	1	1	1
api.MediaSession.setActionHandler	1	1	1
api.MediaSession.setActionHandler.callback	1	1	1
api.MediaSession.setActionHandler.callback.enterPictureInPictureReason	1	0	0
api.MediaSession.setActionHandler.enterpictureinpicture_type	1	0	0
api.MediaSession.setActionHandler.hangup_type	1	0	0
api.MediaSession.setActionHandler.nextslide_type	1	0	0
api.MediaSession.setActionHandler.nexttrack_type	1	1	1
api.MediaSession.setActionHandler.pause_type	1	1	1
api.MediaSession.setActionHandler.play_type	1	1	1
api.MediaSession.setActionHandler.previousslide_type	1	0	0
api.MediaSession.setActionHandler.previoustrack_type	1	1	1
api.MediaSession.setActionHandler.seekbackward_type	1	1	1
api.MediaSession.setActionHandler.seekforward_type	1	1	1
api.MediaSession.setActionHandler.seekto_type	1	1	1
api.MediaSession.setActionHandler.skipad_type	1	1	1
api.MediaSession.setActionHandler.stop_type	1	1	1
api.MediaSession.setActionHandler.togglecamera_type	1	0	1
api.MediaSession.setActionHandler.togglemicrophone_type	1	0	1
api.MediaSession.setCameraActive	1	0	1
api.MediaSession.setMicrophoneActive	1	0	1
api.MediaSession.setPositionState	1	1	1
api.MediaSession.setScreenshareActive	0	0	1
api.MediaSource.MediaSource	1	1	1
api.MediaSource	1	1	1
api.MediaSource.activeSourceBuffers	1	1	1
api.MediaSource.addSourceBuffer	1	1	1
api.MediaSource.canConstructInDedicatedWorker_static	1	0	1
api.MediaSource.clearLiveSeekableRange	1	1	1
api.MediaSource.duration	1	1	1
api.MediaSource.endOfStream	1	1	1
api.MediaSource.handle	1	0	1
api.MediaSource.isTypeSupported_static	1	1	1
api.MediaSource.readyState	1	1	1
api.MediaSource.removeSourceBuffer	1	1	1
api.MediaSource.setLiveSeekableRange	1	1	1
api.MediaSource.sourceBuffers	1	1	1
api.MediaSource.sourceclose_event	1	1	1
api.MediaSource.sourceended_event	1	1	1
api.MediaSource.sourceopen_event	1	1	1
api.MediaSource.worker_support	1	0	0
api.MediaSourceHandle	1	0	1
api.MediaStream.MediaStream	1	1	1
api.MediaStream	1	1	1
api.MediaStream.active	1	1	1
api.MediaStream.active_event	1	0	0
api.MediaStream.addTrack	1	1	1
api.MediaStream.addtrack_event	1	1	1
api.MediaStream.clone	1	1	1
api.MediaStream.getAudioTracks	1	1	1
api.MediaStream.getTrackById	1	1	1
api.MediaStream.getTracks	1	1	1
api.MediaStream.getVideoTracks	1	1	1
api.MediaStream.id	1	1	1
api.MediaStream.inactive_event	1	0	0
api.MediaStream.removeTrack	1	1	1
api.MediaStream.removetrack_event	1	1	1
api.MediaStreamAudioDestinationNode.MediaStreamAudioDestinationNode	1	1	1
api.MediaStreamAudioDestinationNode	1	1	1
api.MediaStreamAudioDestinationNode.stream	1	1	1
api.MediaStreamAudioSourceNode.MediaStreamAudioSourceNode	1	1	1
api.MediaStreamAudioSourceNode	1	1	1
api.MediaStreamAudioSourceNode.mediaStream	1	1	1
api.MediaStreamEvent.MediaStreamEvent	1	1	0
api.MediaStreamEvent	1	1	0
api.MediaStreamEvent.stream	1	1	0
api.MediaStreamTrack	1	1	1
api.MediaStreamTrack.applyConstraints	1	1	1
api.MediaStreamTrack.applyConstraints.aspectRatio_constraint	1	0	1
api.MediaStreamTrack.applyConstraints.autoGainControl_constraint	1	1	0
api.MediaStreamTrack.applyConstraints.channelCount_constraint	1	0	0
api.MediaStreamTrack.applyConstraints.deviceId_constraint	1	1	1
api.MediaStreamTrack.applyConstraints.displaySurface_constraint	1	0	1
api.MediaStreamTrack.applyConstraints.echoCancellation_constraint	1	1	1
api.MediaStreamTrack.applyConstraints.echoCancellation_constraint.all	1	0	0
api.MediaStreamTrack.applyConstraints.echoCancellation_constraint.remote-only	1	0	0
api.MediaStreamTrack.applyConstraints.facingMode_constraint	1	1	1
api.MediaStreamTrack.applyConstraints.frameRate_constraint	1	1	1
api.MediaStreamTrack.applyConstraints.groupId_constraint	1	1	1
api.MediaStreamTrack.applyConstraints.height_constraint	1	1	1
api.MediaStreamTrack.applyConstraints.latency_constraint	1	1	0
api.MediaStreamTrack.applyConstraints.logicalSurface_constraint	0	0	1
api.MediaStreamTrack.applyConstraints.noiseSuppression_constraint	1	1	0
api.MediaStreamTrack.applyConstraints.resizeMode_constraint	1	0	0
api.MediaStreamTrack.applyConstraints.restrictOwnAudio_constraint	1	0	0
api.MediaStreamTrack.applyConstraints.sampleRate_constraint	1	0	1
api.MediaStreamTrack.applyConstraints.sampleSize_constraint	1	0	1
api.MediaStreamTrack.applyConstraints.suppressLocalAudioPlayback_constraint	1	0	0
api.MediaStreamTrack.applyConstraints.volume_constraint	1	0	1
api.MediaStreamTrack.applyConstraints.width_constraint	1	1	1
api.MediaStreamTrack.capturehandlechange_event	1	0	0
api.MediaStreamTrack.clone	1	1	1
api.MediaStreamTrack.configurationchange_event	0	0	1
api.MediaStreamTrack.contentHint	1	0	1
api.MediaStreamTrack.enabled	1	1	1
api.MediaStreamTrack.ended_event	1	1	1
api.MediaStreamTrack.getCapabilities	1	1	1
api.MediaStreamTrack.getCaptureHandle	1	0	0
api.MediaStreamTrack.getConstraints	1	1	1
api.MediaStreamTrack.getSettings	1	1	1
api.MediaStreamTrack.getSettings.return_object_property_screenPixelRatio	1	0	0
api.MediaStreamTrack.id	1	1	1
api.MediaStreamTrack.kind	1	1	1
api.MediaStreamTrack.label	1	1	1
api.MediaStreamTrack.mute_event	1	1	1
api.MediaStreamTrack.muted	1	1	1
api.MediaStreamTrack.readyState	1	1	1
api.MediaStreamTrack.stats	1	0	0
api.MediaStreamTrack.stop	1	1	1
api.MediaStreamTrack.unmute_event	1	1	1
api.MediaStreamTrackAudioSourceNode.MediaStreamTrackAudioSourceNode	0	1	0
api.MediaStreamTrackAudioSourceNode	0	1	0
api.MediaStreamTrackAudioStats	1	0	0
api.MediaStreamTrackAudioStats.averageLatency	1	0	0
api.MediaStreamTrackAudioStats.latency	1	0	0
api.MediaStreamTrackAudioStats.maximumLatency	1	0	0
api.MediaStreamTrackAudioStats.minimumLatency	1	0	0
api.MediaStreamTrackAudioStats.resetLatency	1	0	0
api.MediaStreamTrackAudioStats.toJSON	1	0	0
api.MediaStreamTrackEvent.MediaStreamTrackEvent	1	1	1
api.MediaStreamTrackEvent	1	1	1
api.MediaStreamTrackEvent.track	1	1	1
api.MediaStreamTrackGenerator.MediaStreamTrackGenerator	1	0	0
api.MediaStreamTrackGenerator	1	0	0
api.MediaStreamTrackGenerator.writable	1	0	0
api.MediaStreamTrackHandle.MediaStreamTrackHandle	0	0	1
api.MediaStreamTrackHandle	0	0	1
api.MediaStreamTrackProcessor.MediaStreamTrackProcessor	1	0	1
api.MediaStreamTrackProcessor	1	0	1
api.MediaStreamTrackProcessor.discardedFrames	1	0	0
api.MediaStreamTrackProcessor.readable	1	0	1
api.MediaStreamTrackProcessor.totalFrames	1	0	0
api.MediaStreamTrackVideoStats	1	0	0
api.MediaStreamTrackVideoStats.deliveredFrames	1	0	0
api.MediaStreamTrackVideoStats.discardedFrames	1	0	0
api.MediaStreamTrackVideoStats.toJSON	1	0	0
api.MediaStreamTrackVideoStats.totalFrames	1	0	0
api.MerchantValidationEvent.MerchantValidationEvent	0	0	1
api.MerchantValidationEvent	0	0	1
api.MerchantValidationEvent.complete	0	0	1
api.MerchantValidationEvent.methodName	0	0	1
api.MerchantValidationEvent.validationURL	0	0	1
api.MessageChannel.MessageChannel	1	1	1
api.MessageChannel	1	1	1
api.MessageChannel.port1	1	1	1
api.MessageChannel.port2	1	1	1
api.MessageEvent.MessageEvent	1	1	1
api.MessageEvent	1	1	1
api.MessageEvent.data	1	1	1
api.MessageEvent.initMessageEvent	1	1	1
api.MessageEvent.lastEventId	1	1	1
api.MessageEvent.origin	1	1	1
api.MessageEvent.ports	1	1	1
api.MessageEvent.source	1	1	1
api.MessageEvent.userActivation	1	0	0
api.MessagePort	1	1	1
api.MessagePort.close	1	1	1
api.MessagePort.message_event	1	1	1
api.MessagePort.messageerror_event	1	1	1
api.MessagePort.postMessage	1	1	1
api.MessagePort.postMessage.options_includeUserActivation_parameter	1	0	0
api.MessagePort.start	1	1	1
api.MessagePort.worker_support	1	1	1
api.Metadata	1	0	0
api.Metadata.modificationTime	1	0	0
api.Metadata.size	1	0	0
api.MimeType	1	1	1
api.MimeType.description	1	1	1
api.MimeType.enabledPlugin	1	1	1
api.MimeType.suffixes	1	1	1
api.MimeType.type	1	1	1
api.MimeTypeArray	1	1	1
api.MimeTypeArray.item	1	1	1
api.MimeTypeArray.length	1	1	1
api.MimeTypeArray.namedItem	1	1	1
api.MouseEvent.MouseEvent	1	1	1
api.MouseEvent	1	1	1
api.MouseEvent.altKey	1	1	1
api.MouseEvent.button	1	1	1
api.MouseEvent.buttons	1	1	1
api.MouseEvent.clientX	1	1	1
api.MouseEvent.clientY	1	1	1
api.MouseEvent.ctrlKey	1	1	1
api.MouseEvent.getModifierState	1	1	1
api.MouseEvent.getModifierState.accel_support	0	1	0
api.MouseEvent.initMouseEvent	1	1	1
api.MouseEvent.layerX	1	1	1
api.MouseEvent.layerY	1	1	1
api.MouseEvent.metaKey	1	1	1
api.MouseEvent.movementX	1	1	1
api.MouseEvent.movementY	1	1	1
api.MouseEvent.offsetX	1	1	1
api.MouseEvent.offsetY	1	1	1
api.MouseEvent.pageX	1	1	1
api.MouseEvent.pageY	1	1	1
api.MouseEvent.relatedTarget	1	1	1
api.MouseEvent.relatedTarget.drag_events	1	1	0
api.MouseEvent.screenX	1	1	1
api.MouseEvent.screenY	1	1	1
api.MouseEvent.shiftKey	1	1	1
api.MouseEvent.x	1	1	1
api.MouseEvent.y	1	1	1
api.MouseScrollEvent	0	1	0
api.MutationEvent	0	0	0
api.MutationEvent.attrChange	0	0	0
api.MutationEvent.attrName	0	0	0
api.MutationEvent.initMutationEvent	0	0	0
api.MutationEvent.newValue	0	0	0
api.MutationEvent.prevValue	0	0	0
api.MutationEvent.relatedNode	0	0	0
api.MutationObserver.MutationObserver	1	1	1
api.MutationObserver	1	1	1
api.MutationObserver.disconnect	1	1	1
api.MutationObserver.observe	1	1	1
api.MutationObserver.takeRecords	1	1	1
api.MutationRecord	1	1	1
api.MutationRecord.addedNodes	1	1	1
api.MutationRecord.attributeName	1	1	1
api.MutationRecord.attributeNamespace	1	1	1
api.MutationRecord.nextSibling	1	1	1
api.MutationRecord.oldValue	1	1	1
api.MutationRecord.previousSibling	1	1	1
api.MutationRecord.removedNodes	1	1	1
api.MutationRecord.target	1	1	1
api.MutationRecord.type	1	1	1
api.NDEFMessage.NDEFMessage	0	0	0
api.NDEFMessage	0	0	0
api.NDEFMessage.records	0	0	0
api.NDEFMessage.secure_context_required	0	0	0
api.NDEFReader.NDEFReader	0	0	0
api.NDEFReader	0	0	0
api.NDEFReader.makeReadOnly	0	0	0
api.NDEFReader.reading_event	0	0	0
api.NDEFReader.readingerror_event	0	0	0
api.NDEFReader.scan	0	0	0
api.NDEFReader.secure_context_required	0	0	0
api.NDEFReader.write	0	0	0
api.NDEFReadingEvent.NDEFReadingEvent	0	0	0
api.NDEFReadingEvent	0	0	0
api.NDEFReadingEvent.message	0	0	0
api.NDEFReadingEvent.secure_context_required	0	0	0
api.NDEFReadingEvent.serialNumber	0	0	0
api.NDEFRecord.NDEFRecord	0	0	0
api.NDEFRecord	0	0	0
api.NDEFRecord.data	0	0	0
api.NDEFRecord.encoding	0	0	0
api.NDEFRecord.id	0	0	0
api.NDEFRecord.lang	0	0	0
api.NDEFRecord.mediaType	0	0	0
api.NDEFRecord.recordType	0	0	0
api.NDEFRecord.secure_context_required	0	0	0
api.NDEFRecord.toRecords	0	0	0
api.NamedNodeMap	1	1	1
api.NamedNodeMap.getNamedItem	1	1	1
api.NamedNodeMap.getNamedItemNS	1	1	1
api.NamedNodeMap.item	1	1	1
api.NamedNodeMap.length	1	1	1
api.NamedNodeMap.removeNamedItem	1	1	1
api.NamedNodeMap.removeNamedItemNS	1	1	1
api.NamedNodeMap.setNamedItem	1	1	1
api.NamedNodeMap.setNamedItemNS	1	1	1
api.NavigateEvent.NavigateEvent	1	1	1
api.NavigateEvent	1	1	1
api.NavigateEvent.canIntercept	1	1	1
api.NavigateEvent.destination	1	1	1
api.NavigateEvent.downloadRequest	1	1	1
api.NavigateEvent.formData	1	1	1
api.NavigateEvent.hasUAVisualTransition	1	1	1
api.NavigateEvent.hashChange	1	1	1
api.NavigateEvent.info	1	1	1
api.NavigateEvent.intercept	1	1	1
api.NavigateEvent.intercept.precommitHandler_option	1	1	0
api.NavigateEvent.navigationType	1	1	1
api.NavigateEvent.scroll	1	1	1
api.NavigateEvent.signal	1	1	1
api.NavigateEvent.sourceElement	1	1	1
api.NavigateEvent.userInitiated	1	1	1
api.Navigation	1	1	1
api.Navigation.activation	1	1	1
api.Navigation.back	1	1	1
api.Navigation.canGoBack	1	1	1
api.Navigation.canGoForward	1	1	1
api.Navigation.currentEntry	1	1	1
api.Navigation.currententrychange_event	1	1	1
api.Navigation.entries	1	1	1
api.Navigation.forward	1	1	1
api.Navigation.navigate	1	1	1
api.Navigation.navigate_event	1	1	1
api.Navigation.navigateerror_event	1	1	1
api.Navigation.navigatesuccess_event	1	1	1
api.Navigation.reload	1	1	1
api.Navigation.transition	1	1	1
api.Navigation.traverseTo	1	1	1
api.Navigation.updateCurrentEntry	1	1	1
api.NavigationActivation	1	1	1
api.NavigationActivation.entry	1	1	1
api.NavigationActivation.from	1	1	1
api.NavigationActivation.navigationType	1	1	1
api.NavigationCurrentEntryChangeEvent.NavigationCurrentEntryChangeEvent	1	1	1
api.NavigationCurrentEntryChangeEvent	1	1	1
api.NavigationCurrentEntryChangeEvent.from	1	1	1
api.NavigationCurrentEntryChangeEvent.navigationType	1	1	1
api.NavigationDestination	1	1	1
api.NavigationDestination.getState	1	1	1
api.NavigationDestination.id	1	1	1
api.NavigationDestination.index	1	1	1
api.NavigationDestination.key	1	1	1
api.NavigationDestination.sameDocument	1	1	1
api.NavigationDestination.url	1	1	1
api.NavigationHistoryEntry	1	1	1
api.NavigationHistoryEntry.dispose_event	1	1	1
api.NavigationHistoryEntry.getState	1	1	1
api.NavigationHistoryEntry.id	1	1	1
api.NavigationHistoryEntry.index	1	1	1
api.NavigationHistoryEntry.key	1	1	1
api.NavigationHistoryEntry.sameDocument	1	1	1
api.NavigationHistoryEntry.url	1	1	1
api.NavigationPrecommitController	1	1	1
api.NavigationPrecommitController.addHandler	1	1	1
api.NavigationPrecommitController.redirect	1	1	1
api.NavigationPreloadManager	1	1	1
api.NavigationPreloadManager.disable	1	1	1
api.NavigationPreloadManager.enable	1	1	1
api.NavigationPreloadManager.getState	1	1	1
api.NavigationPreloadManager.setHeaderValue	1	1	1
api.NavigationTransition	1	1	1
api.NavigationTransition.committed	1	1	1
api.NavigationTransition.finished	1	1	1
api.NavigationTransition.from	1	1	1
api.NavigationTransition.navigationType	1	1	1
api.NavigationTransition.to	1	0	1
api.Navigator	1	1	1
api.Navigator.activeVRDisplays	0	0	0
api.Navigator.activeVRDisplays.secure_context_required	0	1	0
api.Navigator.adAuctionComponents	1	0	0
api.Navigator.appCodeName	1	1	1
api.Navigator.appName	1	1	1
api.Navigator.appVersion	1	1	1
api.Navigator.audioSession	0	1	1
api.Navigator.authentication	0	0	0
api.Navigator.bluetooth	1	0	0
api.Navigator.buildID	0	1	0
api.Navigator.canLoadAdAuctionFencedFrame	1	0	0
api.Navigator.canShare	1	0	1
api.Navigator.canShare.data_files_parameter	1	0	1
api.Navigator.canShare.data_text_parameter	1	0	1
api.Navigator.clearAppBadge	1	0	1
api.Navigator.clearOriginJoinedAdInterestGroups	1	0	0
api.Navigator.clipboard	1	1	1
api.Navigator.connection	1	0	0
api.Navigator.contacts	0	0	0
api.Navigator.cookieEnabled	1	1	1
api.Navigator.cpuPerformance	1	0	0
api.Navigator.createAuctionNonce	1	0	0
api.Navigator.credentials	1	1	1
api.Navigator.deprecatedReplaceInURN	1	0	0
api.Navigator.deprecatedRunAdAuctionEnforcesKAnonymity	1	0	0
api.Navigator.deviceMemory	1	0	0
api.Navigator.devicePosture	1	0	0
api.Navigator.doNotTrack	1	1	0
api.Navigator.geolocation	1	1	1
api.Navigator.geolocation.secure_context_required	1	1	1
api.Navigator.getAutoplayPolicy	0	1	0
api.Navigator.getBattery	1	0	0
api.Navigator.getBattery.secure_context_required	1	0	0
api.Navigator.getGamepads	1	1	1
api.Navigator.getInstalledRelatedApps	1	0	0
api.Navigator.getInterestGroupAdAuctionData	1	0	0
api.Navigator.getUserMedia	1	1	0
api.Navigator.getVRDisplays	0	0	0
api.Navigator.globalPrivacyControl	0	1	0
api.Navigator.gpu	1	1	1
api.Navigator.hardwareConcurrency	1	1	1
api.Navigator.hid	1	0	0
api.Navigator.ink	1	0	0
api.Navigator.install	0	0	0
api.Navigator.javaEnabled	1	1	1
api.Navigator.joinAdInterestGroup	1	0	0
api.Navigator.keyboard	1	0	0
api.Navigator.language	1	1	1
api.Navigator.languages	1	1	1
api.Navigator.leaveAdInterestGroup	1	0	0
api.Navigator.locks	1	1	1
api.Navigator.login	1	1	0
api.Navigator.managed	1	0	0
api.Navigator.maxTouchPoints	1	1	1
api.Navigator.mediaCapabilities	1	1	1
api.Navigator.mediaDevices	1	1	1
api.Navigator.mediaDevices.secure_context_required	1	1	1
api.Navigator.mediaSession	1	1	1
api.Navigator.mimeTypes	1	1	1
api.Navigator.mimeTypes.returns_plugin_type	0	0	1
api.Navigator.ml	0	0	0
api.Navigator.onLine	1	1	1
api.Navigator.oscpu	0	1	0
api.Navigator.pdfViewerEnabled	1	1	1
api.Navigator.permissions	1	1	1
api.Navigator.platform	1	1	1
api.Navigator.plugins	1	1	1
api.Navigator.plugins.returns_plugins	0	0	1
api.Navigator.preferences	0	0	0
api.Navigator.presentation	1	0	0
api.Navigator.product	1	1	1
api.Navigator.productSub	1	1	1
api.Navigator.protectedAudience	1	0	0
api.Navigator.registerProtocolHandler	1	1	0
api.Navigator.registerProtocolHandler.scheme_parameter_bitcoin	1	1	0
api.Navigator.registerProtocolHandler.scheme_parameter_cabal	1	0	0
api.Navigator.registerProtocolHandler.scheme_parameter_dat	1	0	0
api.Navigator.registerProtocolHandler.scheme_parameter_did	1	0	0
api.Navigator.registerProtocolHandler.scheme_parameter_dweb	1	0	0
api.Navigator.registerProtocolHandler.scheme_parameter_ethereum	1	0	0
api.Navigator.registerProtocolHandler.scheme_parameter_ftp	0	1	0
api.Navigator.registerProtocolHandler.scheme_parameter_ftps	0	1	0
api.Navigator.registerProtocolHandler.scheme_parameter_geo	1	1	0
api.Navigator.registerProtocolHandler.scheme_parameter_hyper	1	0	0
api.Navigator.registerProtocolHandler.scheme_parameter_im	1	1	0
api.Navigator.registerProtocolHandler.scheme_parameter_ipfs	1	0	0
api.Navigator.registerProtocolHandler.scheme_parameter_ipns	1	0	0
api.Navigator.registerProtocolHandler.scheme_parameter_irc	1	1	0
api.Navigator.registerProtocolHandler.scheme_parameter_ircs	1	1	0
api.Navigator.registerProtocolHandler.scheme_parameter_magnet	1	1	0
api.Navigator.registerProtocolHandler.scheme_parameter_mailto	1	1	0
api.Navigator.registerProtocolHandler.scheme_parameter_matrix	1	1	0
api.Navigator.registerProtocolHandler.scheme_parameter_mms	1	1	0
api.Navigator.registerProtocolHandler.scheme_parameter_news	1	1	0
api.Navigator.registerProtocolHandler.scheme_parameter_nntp	1	1	0
api.Navigator.registerProtocolHandler.scheme_parameter_openpgp4fpr	1	1	0
api.Navigator.registerProtocolHandler.scheme_parameter_sftp	0	1	0
api.Navigator.registerProtocolHandler.scheme_parameter_sip	1	1	0
api.Navigator.registerProtocolHandler.scheme_parameter_sms	1	1	0
api.Navigator.registerProtocolHandler.scheme_parameter_smsto	1	1	0
api.Navigator.registerProtocolHandler.scheme_parameter_ssb	1	0	0
api.Navigator.registerProtocolHandler.scheme_parameter_ssh	1	1	0
api.Navigator.registerProtocolHandler.scheme_parameter_tel	1	1	0
api.Navigator.registerProtocolHandler.scheme_parameter_urn	1	1	0
api.Navigator.registerProtocolHandler.scheme_parameter_webcal	1	1	0
api.Navigator.registerProtocolHandler.scheme_parameter_wtai	1	1	0
api.Navigator.registerProtocolHandler.scheme_parameter_xmpp	1	1	0
api.Navigator.registerProtocolHandler.secure_context_required	1	1	0
api.Navigator.requestMIDIAccess	1	1	0
api.Navigator.requestMIDIAccess.secure_context_required	1	1	0
api.Navigator.requestMediaKeySystemAccess	1	1	1
api.Navigator.runAdAuction	1	0	0
api.Navigator.scheduling	1	0	0
api.Navigator.sendBeacon	1	1	1
api.Navigator.serial	1	1	0
api.Navigator.serviceWorker	1	1	1
api.Navigator.setAppBadge	1	0	1
api.Navigator.share	1	0	1
api.Navigator.share.data_files_parameter	1	0	1
api.Navigator.share.data_text_parameter	1	0	1
api.Navigator.storage	1	1	1
api.Navigator.storageBuckets	1	0	0
api.Navigator.taintEnabled	0	1	0
api.Navigator.unregisterProtocolHandler	1	0	0
api.Navigator.updateAdInterestGroups	1	0	0
api.Navigator.usb	1	0	0
api.Navigator.userActivation	1	1	1
api.Navigator.userAgent	1	1	1
api.Navigator.userAgentData	1	0	0
api.Navigator.userAgentData.secure_context_required	1	0	0
api.Navigator.vendor	1	1	1
api.Navigator.vendorSub	1	1	1
api.Navigator.vibrate	1	0	0
api.Navigator.virtualKeyboard	1	0	0
api.Navigator.wakeLock	1	1	1
api.Navigator.webdriver	1	1	1
api.Navigator.windowControlsOverlay	1	0	0
api.Navigator.xr	1	0	0
api.NavigatorLogin	1	1	0
api.NavigatorLogin.setStatus	1	1	0
api.NavigatorManagedData	1	0	0
api.NavigatorManagedData.getManagedConfiguration	1	0	0
api.NavigatorManagedData.managedconfigurationchange_event	1	0	0
api.NavigatorUAData	1	0	0
api.NavigatorUAData.brands	1	0	0
api.NavigatorUAData.getHighEntropyValues	1	0	0
api.NavigatorUAData.mobile	1	0	0
api.NavigatorUAData.platform	1	0	0
api.NavigatorUAData.toJSON	1	0	0
api.NetworkInformation	1	0	0
api.NetworkInformation.change_event	1	0	0
api.NetworkInformation.downlink	1	0	0
api.NetworkInformation.downlinkMax	1	0	0
api.NetworkInformation.effectiveType	1	0	0
api.NetworkInformation.rtt	1	0	0
api.NetworkInformation.saveData	1	0	0
api.NetworkInformation.type	1	0	0
api.NetworkInformation.typechange_event	0	0	0
api.NetworkInformation.worker_support	1	0	0
api.Node	1	1	1
api.Node.appendChild	1	1	1
api.Node.baseURI	1	1	1
api.Node.childNodes	1	1	1
api.Node.cloneNode	1	1	1
api.Node.compareDocumentPosition	1	1	1
api.Node.contains	1	1	1
api.Node.firstChild	1	1	1
api.Node.getRootNode	1	1	1
api.Node.hasChildNodes	1	1	1
api.Node.insertBefore	1	1	1
api.Node.isConnected	1	1	1
api.Node.isDefaultNamespace	1	1	1
api.Node.isEqualNode	1	1	1
api.Node.isSameNode	1	1	1
api.Node.lastChild	1	1	1
api.Node.lookupNamespaceURI	1	1	1
api.Node.lookupPrefix	1	1	1
api.Node.nextSibling	1	1	1
api.Node.nodeName	1	1	1
api.Node.nodeType	1	1	1
api.Node.nodeValue	1	1	1
api.Node.normalize	1	1	1
api.Node.ownerDocument	1	1	1
api.Node.parentElement	1	1	1
api.Node.parentNode	1	1	1
api.Node.previousSibling	1	1	1
api.Node.removeChild	1	1	1
api.Node.replaceChild	1	1	1
api.Node.selectstart_event	1	1	1
api.Node.textContent	1	1	1
api.NodeIterator	1	1	1
api.NodeIterator.detach	1	1	1
api.NodeIterator.filter	1	1	1
api.NodeIterator.nextNode	1	1	1
api.NodeIterator.pointerBeforeReferenceNode	1	1	1
api.NodeIterator.previousNode	1	1	1
api.NodeIterator.referenceNode	1	1	1
api.NodeIterator.root	1	1	1
api.NodeIterator.whatToShow	1	1	1
api.NodeList.@@iterator	1	1	1
api.NodeList	1	1	1
api.NodeList.entries	1	1	1
api.NodeList.forEach	1	1	1
api.NodeList.item	1	1	1
api.NodeList.keys	1	1	1
api.NodeList.length	1	1	1
api.NodeList.values	1	1	1
api.NotRestoredReasonDetails	1	0	0
api.NotRestoredReasonDetails.reason	1	0	0
api.NotRestoredReasonDetails.reason.unload-listener	0	0	0
api.NotRestoredReasonDetails.reason.websocket	0	0	0
api.NotRestoredReasonDetails.toJSON	1	0	0
api.NotRestoredReasons	1	0	0
api.NotRestoredReasons.children	1	0	0
api.NotRestoredReasons.id	1	0	0
api.NotRestoredReasons.name	1	0	0
api.NotRestoredReasons.reasons	1	0	0
api.NotRestoredReasons.src	1	0	0
api.NotRestoredReasons.toJSON	1	0	0
api.NotRestoredReasons.url	1	0	0
api.Notification.Notification	1	1	1
api.Notification	1	1	1
api.Notification.actions	1	1	0
api.Notification.badge	1	0	0
api.Notification.body	1	1	1
api.Notification.click_event	1	1	1
api.Notification.close	1	1	1
api.Notification.close_event	1	1	1
api.Notification.data	1	1	1
api.Notification.dir	1	1	1
api.Notification.error_event	1	1	1
api.Notification.icon	1	1	0
api.Notification.image	1	0	0
api.Notification.lang	1	1	1
api.Notification.maxActions_static	1	1	0
api.Notification.navigate	0	0	1
api.Notification.permission_static	1	1	1
api.Notification.renotify	1	0	0
api.Notification.requestPermission_static	1	1	1
api.Notification.requestPermission_static.returns_promise	1	1	1
api.Notification.requireInteraction	1	1	0
api.Notification.secure_context_required	1	1	0
api.Notification.show_event	1	1	1
api.Notification.silent	1	1	1
api.Notification.tag	1	1	0
api.Notification.timestamp	1	0	0
api.Notification.title	1	1	1
api.Notification.vibrate	1	0	0
api.Notification.worker_support	1	1	0
api.NotificationEvent.NotificationEvent	1	1	1
api.NotificationEvent	1	1	1
api.NotificationEvent.action	1	1	0
api.NotificationEvent.notification	1	1	0
api.OES_draw_buffers_indexed	1	1	1
api.OES_draw_buffers_indexed.blendEquationSeparateiOES	1	1	1
api.OES_draw_buffers_indexed.blendEquationiOES	1	1	1
api.OES_draw_buffers_indexed.blendFuncSeparateiOES	1	1	1
api.OES_draw_buffers_indexed.blendFunciOES	1	1	1
api.OES_draw_buffers_indexed.colorMaskiOES	1	1	1
api.OES_draw_buffers_indexed.disableiOES	1	1	1
api.OES_draw_buffers_indexed.enableiOES	1	1	1
api.OES_element_index_uint	1	1	1
api.OES_fbo_render_mipmap	1	1	1
api.OES_standard_derivatives	1	1	1
api.OES_texture_float	1	1	1
api.OES_texture_float_linear	1	1	1
api.OES_texture_half_float	1	1	1
api.OES_texture_half_float_linear	1	1	1
api.OES_vertex_array_object	1	1	1
api.OES_vertex_array_object.bindVertexArrayOES	1	1	1
api.OES_vertex_array_object.createVertexArrayOES	1	1	1
api.OES_vertex_array_object.deleteVertexArrayOES	1	1	1
api.OES_vertex_array_object.isVertexArrayOES	1	1	1
api.OTPCredential	1	0	0
api.OTPCredential.code	1	0	0
api.OVR_multiview2	1	1	0
api.OVR_multiview2.framebufferTextureMultiviewOVR	1	1	0
api.Observable.Observable	1	0	0
api.Observable	1	0	0
api.Observable.catch	1	0	0
api.Observable.drop	1	0	0
api.Observable.every	1	0	0
api.Observable.filter	1	0	0
api.Observable.finally	1	0	0
api.Observable.find	1	0	0
api.Observable.first	1	0	0
api.Observable.flatMap	1	0	0
api.Observable.forEach	1	0	0
api.Observable.from_static	1	0	0
api.Observable.inspect	1	0	0
api.Observable.last	1	0	0
api.Observable.map	1	0	0
api.Observable.reduce	1	0	0
api.Observable.some	1	0	0
api.Observable.subscribe	1	0	0
api.Observable.switchMap	1	0	0
api.Observable.take	1	0	0
api.Observable.takeUntil	1	0	0
api.Observable.toArray	1	0	0
api.OfflineAudioCompletionEvent.OfflineAudioCompletionEvent	1	1	1
api.OfflineAudioCompletionEvent	1	1	1
api.OfflineAudioCompletionEvent.renderedBuffer	1	1	1
api.OfflineAudioContext.OfflineAudioContext	1	1	1
api.OfflineAudioContext.OfflineAudioContext.options_parameter	1	1	1
api.OfflineAudioContext	1	1	1
api.OfflineAudioContext.complete_event	1	1	1
api.OfflineAudioContext.length	1	1	1
api.OfflineAudioContext.resume	1	1	1
api.OfflineAudioContext.startRendering	1	1	1
api.OfflineAudioContext.startRendering.returns_promise	1	1	1
api.OfflineAudioContext.suspend	1	0	1
api.OffscreenCanvas.OffscreenCanvas	1	1	1
api.OffscreenCanvas	1	1	1
api.OffscreenCanvas.contextlost_event	1	1	0
api.OffscreenCanvas.contextrestored_event	1	1	0
api.OffscreenCanvas.convertToBlob	1	1	1
api.OffscreenCanvas.convertToBlob.option_type_parameter_webp	1	1	0
api.OffscreenCanvas.getContext.2d_context	1	1	1
api.OffscreenCanvas.getContext	1	1	1
api.OffscreenCanvas.getContext.bitmaprenderer_context	1	1	1
api.OffscreenCanvas.getContext.webgl2_context	1	1	1
api.OffscreenCanvas.getContext.webgl_context	1	1	1
api.OffscreenCanvas.getContext.webgpu_context	1	1	1
api.OffscreenCanvas.height	1	1	1
api.OffscreenCanvas.transferToImageBitmap	1	1	1
api.OffscreenCanvas.width	1	1	1
api.OffscreenCanvasRenderingContext2D	1	1	1
api.OffscreenCanvasRenderingContext2D.arc	1	1	1
api.OffscreenCanvasRenderingContext2D.arcTo	1	1	1
api.OffscreenCanvasRenderingContext2D.beginPath	1	1	1
api.OffscreenCanvasRenderingContext2D.bezierCurveTo	1	1	1
api.OffscreenCanvasRenderingContext2D.canvas	1	1	1
api.OffscreenCanvasRenderingContext2D.clearRect	1	1	1
api.OffscreenCanvasRenderingContext2D.clip	1	1	1
api.OffscreenCanvasRenderingContext2D.closePath	1	1	1
api.OffscreenCanvasRenderingContext2D.commit	0	1	0
api.OffscreenCanvasRenderingContext2D.createConicGradient	1	1	1
api.OffscreenCanvasRenderingContext2D.createImageData	1	1	1
api.OffscreenCanvasRenderingContext2D.createLinearGradient	1	1	1
api.OffscreenCanvasRenderingContext2D.createPattern	1	1	1
api.OffscreenCanvasRenderingContext2D.createRadialGradient	1	1	1
api.OffscreenCanvasRenderingContext2D.direction	1	1	1
api.OffscreenCanvasRenderingContext2D.drawImage	1	1	1
api.OffscreenCanvasRenderingContext2D.ellipse	1	1	1
api.OffscreenCanvasRenderingContext2D.fill	1	1	1
api.OffscreenCanvasRenderingContext2D.fillRect	1	1	1
api.OffscreenCanvasRenderingContext2D.fillStyle	1	1	1
api.OffscreenCanvasRenderingContext2D.fillText	1	1	1
api.OffscreenCanvasRenderingContext2D.filter	1	1	0
api.OffscreenCanvasRenderingContext2D.font	1	1	1
api.OffscreenCanvasRenderingContext2D.fontKerning	1	1	0
api.OffscreenCanvasRenderingContext2D.fontStretch	1	1	0
api.OffscreenCanvasRenderingContext2D.fontVariantCaps	1	1	0
api.OffscreenCanvasRenderingContext2D.getContextAttributes	1	0	0
api.OffscreenCanvasRenderingContext2D.getImageData	1	1	1
api.OffscreenCanvasRenderingContext2D.getLineDash	1	1	1
api.OffscreenCanvasRenderingContext2D.getTransform	1	1	1
api.OffscreenCanvasRenderingContext2D.globalAlpha	1	1	1
api.OffscreenCanvasRenderingContext2D.globalCompositeOperation	1	1	1
api.OffscreenCanvasRenderingContext2D.imageSmoothingEnabled	1	1	1
api.OffscreenCanvasRenderingContext2D.imageSmoothingQuality	1	0	1
api.OffscreenCanvasRenderingContext2D.isContextLost	1	1	0
api.OffscreenCanvasRenderingContext2D.isPointInPath	1	1	1
api.OffscreenCanvasRenderingContext2D.isPointInStroke	1	1	1
api.OffscreenCanvasRenderingContext2D.lang	1	1	0
api.OffscreenCanvasRenderingContext2D.letterSpacing	1	1	1
api.OffscreenCanvasRenderingContext2D.lineCap	1	1	1
api.OffscreenCanvasRenderingContext2D.lineDashOffset	1	1	1
api.OffscreenCanvasRenderingContext2D.lineJoin	1	1	1
api.OffscreenCanvasRenderingContext2D.lineTo	1	1	1
api.OffscreenCanvasRenderingContext2D.lineWidth	1	1	1
api.OffscreenCanvasRenderingContext2D.measureText	1	1	1
api.OffscreenCanvasRenderingContext2D.miterLimit	1	1	1
api.OffscreenCanvasRenderingContext2D.moveTo	1	1	1
api.OffscreenCanvasRenderingContext2D.putImageData	1	1	1
api.OffscreenCanvasRenderingContext2D.quadraticCurveTo	1	1	1
api.OffscreenCanvasRenderingContext2D.rect	1	1	1
api.OffscreenCanvasRenderingContext2D.reset	1	1	1
api.OffscreenCanvasRenderingContext2D.resetTransform	1	1	1
api.OffscreenCanvasRenderingContext2D.restore	1	1	1
api.OffscreenCanvasRenderingContext2D.rotate	1	1	1
api.OffscreenCanvasRenderingContext2D.roundRect	1	1	1
api.OffscreenCanvasRenderingContext2D.save	1	1	1
api.OffscreenCanvasRenderingContext2D.scale	1	1	1
api.OffscreenCanvasRenderingContext2D.setLineDash	1	1	1
api.OffscreenCanvasRenderingContext2D.setTransform	1	1	1
api.OffscreenCanvasRenderingContext2D.shadowBlur	1	1	1
api.OffscreenCanvasRenderingContext2D.shadowColor	1	1	1
api.OffscreenCanvasRenderingContext2D.shadowOffsetX	1	1	1
api.OffscreenCanvasRenderingContext2D.shadowOffsetY	1	1	1
api.OffscreenCanvasRenderingContext2D.stroke	1	1	1
api.OffscreenCanvasRenderingContext2D.strokeRect	1	1	1
api.OffscreenCanvasRenderingContext2D.strokeStyle	1	1	1
api.OffscreenCanvasRenderingContext2D.strokeText	1	1	1
api.OffscreenCanvasRenderingContext2D.textAlign	1	1	1
api.OffscreenCanvasRenderingContext2D.textBaseline	1	1	1
api.OffscreenCanvasRenderingContext2D.textRendering	1	1	0
api.OffscreenCanvasRenderingContext2D.transform	1	1	1
api.OffscreenCanvasRenderingContext2D.translate	1	1	1
api.OffscreenCanvasRenderingContext2D.wordSpacing	1	1	1
api.OrientationSensor	1	0	0
api.OrientationSensor.populateMatrix	1	0	0
api.OrientationSensor.quaternion	1	0	0
api.Origin.Origin	1	0	1
api.Origin	1	0	1
api.Origin.from_static	1	0	1
api.Origin.isSameOrigin	1	0	1
api.Origin.isSameSite	1	0	1
api.Origin.opaque	1	0	1
api.OscillatorNode.OscillatorNode	1	1	1
api.OscillatorNode	1	1	1
api.OscillatorNode.detune	1	1	1
api.OscillatorNode.frequency	1	1	1
api.OscillatorNode.setPeriodicWave	1	1	1
api.OscillatorNode.type	1	1	1
api.OverconstrainedError.OverconstrainedError	1	0	1
api.OverconstrainedError	1	0	1
api.OverconstrainedError.constraint	1	0	1
api.PageRevealEvent.PageRevealEvent	1	0	1
api.PageRevealEvent	1	0	1
api.PageRevealEvent.viewTransition	1	0	1
api.PageSwapEvent.PageSwapEvent	1	0	1
api.PageSwapEvent	1	0	1
api.PageSwapEvent.activation	1	0	1
api.PageSwapEvent.viewTransition	1	0	1
api.PageTransitionEvent.PageTransitionEvent	1	1	1
api.PageTransitionEvent	1	1	1
api.PageTransitionEvent.persisted	1	1	1
api.PaintRenderingContext2D	1	0	0
api.PaintRenderingContext2D.beginPath	1	0	0
api.PaintRenderingContext2D.clearRect	1	0	0
api.PaintRenderingContext2D.clip	1	0	0
api.PaintRenderingContext2D.createLinearGradient	1	0	0
api.PaintRenderingContext2D.createPattern	1	0	0
api.PaintRenderingContext2D.createRadialGradient	1	0	0
api.PaintRenderingContext2D.drawImage	1	0	0
api.PaintRenderingContext2D.fill	1	0	0
api.PaintRenderingContext2D.fillRect	1	0	0
api.PaintRenderingContext2D.fillStyle	1	0	0
api.PaintRenderingContext2D.filter	1	0	0
api.PaintRenderingContext2D.getLineDash	1	0	0
api.PaintRenderingContext2D.getTransform	1	0	0
api.PaintRenderingContext2D.globalAlpha	1	0	0
api.PaintRenderingContext2D.globalCompositeOperation	1	0	0
api.PaintRenderingContext2D.imageSmoothingEnabled	1	0	0
api.PaintRenderingContext2D.imageSmoothingQuality	1	0	0
api.PaintRenderingContext2D.isPointInPath	1	0	0
api.PaintRenderingContext2D.isPointInStroke	1	0	0
api.PaintRenderingContext2D.lineCap	1	0	0
api.PaintRenderingContext2D.lineDashOffset	1	0	0
api.PaintRenderingContext2D.lineJoin	1	0	0
api.PaintRenderingContext2D.lineWidth	1	0	0
api.PaintRenderingContext2D.miterLimit	1	0	0
api.PaintRenderingContext2D.resetTransform	1	0	0
api.PaintRenderingContext2D.restore	1	0	0
api.PaintRenderingContext2D.rotate	1	0	0
api.PaintRenderingContext2D.save	1	0	0
api.PaintRenderingContext2D.scale	1	0	0
api.PaintRenderingContext2D.setLineDash	1	0	0
api.PaintRenderingContext2D.setTransform	1	0	0
api.PaintRenderingContext2D.shadowBlur	1	0	0
api.PaintRenderingContext2D.shadowColor	1	0	0
api.PaintRenderingContext2D.shadowOffsetX	1	0	0
api.PaintRenderingContext2D.shadowOffsetY	1	0	0
api.PaintRenderingContext2D.stroke	1	0	0
api.PaintRenderingContext2D.strokeRect	1	0	0
api.PaintRenderingContext2D.strokeStyle	1	0	0
api.PaintRenderingContext2D.transform	1	0	0
api.PaintRenderingContext2D.translate	1	0	0
api.PaintSize	1	0	0
api.PaintSize.height	1	0	0
api.PaintSize.width	1	0	0
api.PaintWorkletGlobalScope	1	0	0
api.PaintWorkletGlobalScope.devicePixelRatio	1	0	0
api.PaintWorkletGlobalScope.registerPaint	1	0	0
api.PannerNode.PannerNode	1	1	1
api.PannerNode	1	1	1
api.PannerNode.coneInnerAngle	1	1	1
api.PannerNode.coneOuterAngle	1	1	1
api.PannerNode.coneOuterGain	1	1	1
api.PannerNode.distanceModel	1	1	1
api.PannerNode.maxDistance	1	1	1
api.PannerNode.orientationX	1	1	1
api.PannerNode.orientationY	1	1	1
api.PannerNode.orientationZ	1	1	1
api.PannerNode.panningModel	1	1	1
api.PannerNode.positionX	1	1	1
api.PannerNode.positionY	1	1	1
api.PannerNode.positionZ	1	1	1
api.PannerNode.refDistance	1	1	1
api.PannerNode.rolloffFactor	1	1	1
api.PannerNode.setOrientation	1	1	1
api.PannerNode.setPosition	1	1	1
api.PasswordCredential.PasswordCredential	1	0	0
api.PasswordCredential	1	0	0
api.PasswordCredential.iconURL	1	0	0
api.PasswordCredential.name	1	0	0
api.PasswordCredential.password	1	0	0
api.Path2D.Path2D	1	1	1
api.Path2D	1	1	1
api.Path2D.addPath	1	1	1
api.Path2D.arc	1	1	1
api.Path2D.arcTo	1	1	1
api.Path2D.bezierCurveTo	1	1	1
api.Path2D.closePath	1	1	1
api.Path2D.ellipse	1	1	1
api.Path2D.lineTo	1	1	1
api.Path2D.moveTo	1	1	1
api.Path2D.quadraticCurveTo	1	1	1
api.Path2D.rect	1	1	1
api.Path2D.roundRect	1	1	1
api.PaymentAddress	1	0	1
api.PaymentAddress.addressLine	1	0	1
api.PaymentAddress.city	1	0	1
api.PaymentAddress.country	1	0	1
api.PaymentAddress.dependentLocality	1	0	1
api.PaymentAddress.organization	1	0	1
api.PaymentAddress.phone	1	0	1
api.PaymentAddress.postalCode	1	0	1
api.PaymentAddress.recipient	1	0	1
api.PaymentAddress.region	1	0	1
api.PaymentAddress.sortingCode	1	0	1
api.PaymentAddress.toJSON	1	0	1
api.PaymentManager	1	0	0
api.PaymentManager.enableDelegations	1	0	0
api.PaymentManager.secure_context_required	1	0	0
api.PaymentManager.userHint	1	0	0
api.PaymentMethodChangeEvent.PaymentMethodChangeEvent	1	0	1
api.PaymentMethodChangeEvent	1	0	1
api.PaymentMethodChangeEvent.methodDetails	1	0	1
api.PaymentMethodChangeEvent.methodName	1	0	1
api.PaymentRequest.PaymentRequest	1	0	1
api.PaymentRequest.PaymentRequest.secure_payment_confirmation_method	1	0	0
api.PaymentRequest	1	0	1
api.PaymentRequest.abort	1	0	1
api.PaymentRequest.canMakePayment	1	0	1
api.PaymentRequest.getSecurePaymentConfirmationCapabilities_static	1	0	0
api.PaymentRequest.id	1	0	1
api.PaymentRequest.merchantvalidation_event	0	0	1
api.PaymentRequest.paymentmethodchange_event	1	0	1
api.PaymentRequest.securePaymentConfirmationAvailability_static	1	0	0
api.PaymentRequest.shippingAddress	1	0	1
api.PaymentRequest.shippingOption	1	0	1
api.PaymentRequest.shippingType	1	0	1
api.PaymentRequest.shippingaddresschange_event	1	0	1
api.PaymentRequest.shippingoptionchange_event	1	0	1
api.PaymentRequest.show	1	0	1
api.PaymentRequestEvent.PaymentRequestEvent	1	0	0
api.PaymentRequestEvent	1	0	0
api.PaymentRequestEvent.changePaymentMethod	1	0	0
api.PaymentRequestEvent.changeShippingAddress	1	0	0
api.PaymentRequestEvent.changeShippingOption	1	0	0
api.PaymentRequestEvent.methodData	1	0	0
api.PaymentRequestEvent.modifiers	1	0	0
api.PaymentRequestEvent.openWindow	1	0	0
api.PaymentRequestEvent.paymentOptions	1	0	0
api.PaymentRequestEvent.paymentRequestId	1	0	0
api.PaymentRequestEvent.paymentRequestOrigin	1	0	0
api.PaymentRequestEvent.respondWith	1	0	0
api.PaymentRequestEvent.shippingOptions	1	0	0
api.PaymentRequestEvent.topOrigin	1	0	0
api.PaymentRequestEvent.total	1	0	0
api.PaymentRequestUpdateEvent.PaymentRequestUpdateEvent	1	0	1
api.PaymentRequestUpdateEvent	1	0	1
api.PaymentRequestUpdateEvent.secure_context_required	1	0	0
api.PaymentRequestUpdateEvent.updateWith	1	0	1
api.PaymentResponse	1	0	1
api.PaymentResponse.complete	1	0	1
api.PaymentResponse.details	1	0	1
api.PaymentResponse.methodName	1	0	1
api.PaymentResponse.payerEmail	1	0	1
api.PaymentResponse.payerName	1	0	1
api.PaymentResponse.payerPhone	1	0	1
api.PaymentResponse.payerdetailchange_event	1	0	1
api.PaymentResponse.requestId	1	0	1
api.PaymentResponse.retry	1	0	1
api.PaymentResponse.shippingAddress	1	0	1
api.PaymentResponse.shippingOption	1	0	1
api.PaymentResponse.toJSON	1	0	1
api.Performance	1	1	1
api.Performance.clearMarks	1	1	1
api.Performance.clearMeasures	1	1	1
api.Performance.clearResourceTimings	1	1	1
api.Performance.eventCounts	1	1	1
api.Performance.getEntries	1	1	1
api.Performance.getEntriesByName	1	1	1
api.Performance.getEntriesByType	1	1	1
api.Performance.interactionCount	1	1	1
api.Performance.mark	1	1	1
api.Performance.mark.markOptions_detail_devtools_parameter	1	0	0
api.Performance.mark.markOptions_parameter	1	1	1
api.Performance.mark.returns_performancemark	1	1	1
api.Performance.measure	1	1	1
api.Performance.measure.measureOptions_detail_devtools_parameter	1	0	0
api.Performance.measure.measureOptions_parameter	1	1	1
api.Performance.measure.returns_performancemeasure	1	1	1
api.Performance.measureUserAgentSpecificMemory	1	0	0
api.Performance.memory	1	0	0
api.Performance.navigation	1	1	1
api.Performance.now	1	1	1
api.Performance.resourcetimingbufferfull_event	1	1	1
api.Performance.setResourceTimingBufferSize	1	1	1
api.Performance.timeOrigin	1	1	1
api.Performance.timing	1	1	1
api.Performance.toJSON	1	1	1
api.PerformanceContainerTiming	0	0	0
api.PerformanceContainerTiming.firstRenderTime	0	0	0
api.PerformanceContainerTiming.identifier	0	0	0
api.PerformanceContainerTiming.intersectionRect	0	0	0
api.PerformanceContainerTiming.lastPaintedElement	0	0	0
api.PerformanceContainerTiming.paintTime	0	0	0
api.PerformanceContainerTiming.presentationTime	0	0	0
api.PerformanceContainerTiming.rootElement	0	0	0
api.PerformanceContainerTiming.size	0	0	0
api.PerformanceContainerTiming.toJSON	0	0	0
api.PerformanceElementTiming	1	0	0
api.PerformanceElementTiming.element	1	0	0
api.PerformanceElementTiming.id	1	0	0
api.PerformanceElementTiming.identifier	1	0	0
api.PerformanceElementTiming.intersectionRect	1	0	0
api.PerformanceElementTiming.loadTime	1	0	0
api.PerformanceElementTiming.naturalHeight	1	0	0
api.PerformanceElementTiming.naturalWidth	1	0	0
api.PerformanceElementTiming.paintTime	1	0	0
api.PerformanceElementTiming.presentationTime	1	0	0
api.PerformanceElementTiming.renderTime	1	0	0
api.PerformanceElementTiming.renderTime.cross-origin	1	0	0
api.PerformanceElementTiming.toJSON	1	0	0
api.PerformanceElementTiming.url	1	0	0
api.PerformanceEntry	1	1	1
api.PerformanceEntry.duration	1	1	1
api.PerformanceEntry.entryType	1	1	1
api.PerformanceEntry.name	1	1	1
api.PerformanceEntry.navigationId	1	0	0
api.PerformanceEntry.startTime	1	1	1
api.PerformanceEntry.toJSON	1	1	1
api.PerformanceEntry.worker_support	1	1	1
api.PerformanceEventTiming	1	1	1
api.PerformanceEventTiming.cancelable	1	1	1
api.PerformanceEventTiming.interactionId	1	1	1
api.PerformanceEventTiming.processingEnd	1	1	1
api.PerformanceEventTiming.processingStart	1	1	1
api.PerformanceEventTiming.target	1	1	1
api.PerformanceEventTiming.toJSON	1	1	1
api.PerformanceLongAnimationFrameTiming	1	0	0
api.PerformanceLongAnimationFrameTiming.blockingDuration	1	0	0
api.PerformanceLongAnimationFrameTiming.firstUIEventTimestamp	1	0	0
api.PerformanceLongAnimationFrameTiming.paintTime	1	0	0
api.PerformanceLongAnimationFrameTiming.presentationTime	1	0	0
api.PerformanceLongAnimationFrameTiming.renderStart	1	0	0
api.PerformanceLongAnimationFrameTiming.scripts	1	0	0
api.PerformanceLongAnimationFrameTiming.styleAndLayoutStart	1	0	0
api.PerformanceLongAnimationFrameTiming.toJSON	1	0	0
api.PerformanceLongTaskTiming	1	0	0
api.PerformanceLongTaskTiming.attribution	1	0	0
api.PerformanceLongTaskTiming.toJSON	1	0	0
api.PerformanceMark.PerformanceMark	1	1	1
api.PerformanceMark	1	1	1
api.PerformanceMark.detail	1	1	1
api.PerformanceMeasure	1	1	1
api.PerformanceMeasure.detail	1	1	1
api.PerformanceNavigation	1	1	1
api.PerformanceNavigation.redirectCount	1	1	1
api.PerformanceNavigation.toJSON	1	1	1
api.PerformanceNavigation.type	1	1	1
api.PerformanceNavigationTiming	1	1	1
api.PerformanceNavigationTiming.activationStart	1	0	0
api.PerformanceNavigationTiming.confidence	1	0	0
api.PerformanceNavigationTiming.criticalCHRestart	1	0	0
api.PerformanceNavigationTiming.domComplete	1	1	1
api.PerformanceNavigationTiming.domContentLoadedEventEnd	1	1	1
api.PerformanceNavigationTiming.domContentLoadedEventStart	1	1	1
api.PerformanceNavigationTiming.domInteractive	1	1	1
api.PerformanceNavigationTiming.loadEventEnd	1	1	1
api.PerformanceNavigationTiming.loadEventStart	1	1	1
api.PerformanceNavigationTiming.notRestoredReasons	1	0	0
api.PerformanceNavigationTiming.redirectCount	1	1	1
api.PerformanceNavigationTiming.toJSON	1	1	1
api.PerformanceNavigationTiming.type	1	1	1
api.PerformanceNavigationTiming.unloadEventEnd	1	1	1
api.PerformanceNavigationTiming.unloadEventStart	1	1	1
api.PerformanceObserver.PerformanceObserver	1	1	1
api.PerformanceObserver.PerformanceObserver.droppedEntriesCount	1	0	0
api.PerformanceObserver	1	1	1
api.PerformanceObserver.disconnect	1	1	1
api.PerformanceObserver.observe	1	1	1
api.PerformanceObserver.supportedEntryTypes_static	1	1	1
api.PerformanceObserver.takeRecords	1	1	1
api.PerformanceObserver.worker_support	1	1	1
api.PerformanceObserverEntryList	1	1	1
api.PerformanceObserverEntryList.getEntries	1	1	1
api.PerformanceObserverEntryList.getEntriesByName	1	1	1
api.PerformanceObserverEntryList.getEntriesByType	1	1	1
api.PerformancePaintTiming	1	1	1
api.PerformancePaintTiming.first-contentful-paint	1	1	1
api.PerformancePaintTiming.first-paint	1	0	0
api.PerformancePaintTiming.paintTime	1	1	0
api.PerformancePaintTiming.presentationTime	1	1	0
api.PerformancePaintTiming.toJSON	1	1	1
api.PerformanceResourceTiming	1	1	1
api.PerformanceResourceTiming.connectEnd	1	1	1
api.PerformanceResourceTiming.connectStart	1	1	1
api.PerformanceResourceTiming.contentEncoding	1	0	0
api.PerformanceResourceTiming.contentType	1	1	0
api.PerformanceResourceTiming.decodedBodySize	1	1	1
api.PerformanceResourceTiming.deliveryType	1	0	1
api.PerformanceResourceTiming.deliveryType.navigational-prefetch	1	0	0
api.PerformanceResourceTiming.domainLookupEnd	1	1	1
api.PerformanceResourceTiming.domainLookupStart	1	1	1
api.PerformanceResourceTiming.encodedBodySize	1	1	1
api.PerformanceResourceTiming.fetchStart	1	1	1
api.PerformanceResourceTiming.finalResponseHeadersStart	1	1	1
api.PerformanceResourceTiming.firstInterimResponseStart	1	1	1
api.PerformanceResourceTiming.initiatorType	1	1	1
api.PerformanceResourceTiming.nextHopProtocol	1	1	1
api.PerformanceResourceTiming.redirectEnd	1	1	1
api.PerformanceResourceTiming.redirectStart	1	1	1
api.PerformanceResourceTiming.renderBlockingStatus	1	0	0
api.PerformanceResourceTiming.requestStart	1	1	1
api.PerformanceResourceTiming.responseEnd	1	1	1
api.PerformanceResourceTiming.responseStart	1	1	1
api.PerformanceResourceTiming.responseStatus	1	1	0
api.PerformanceResourceTiming.secureConnectionStart	1	1	1
api.PerformanceResourceTiming.serverTiming	1	1	1
api.PerformanceResourceTiming.toJSON	1	1	1
api.PerformanceResourceTiming.transferSize	1	1	1
api.PerformanceResourceTiming.workerCacheLookupStart	1	0	1
api.PerformanceResourceTiming.workerFinalRouterSource	0	0	1
api.PerformanceResourceTiming.workerMatchedRouterSource	0	0	1
api.PerformanceResourceTiming.workerRouterEvaluationStart	1	0	1
api.PerformanceResourceTiming.workerStart	1	1	1
api.PerformanceResourceTiming.worker_support	1	1	1
api.PerformanceScriptTiming	1	0	0
api.PerformanceScriptTiming.executionStart	1	0	0
api.PerformanceScriptTiming.forcedStyleAndLayoutDuration	1	0	0
api.PerformanceScriptTiming.invoker	1	0	0
api.PerformanceScriptTiming.invokerType	1	0	0
api.PerformanceScriptTiming.pauseDuration	1	0	0
api.PerformanceScriptTiming.sourceCharPosition	1	0	0
api.PerformanceScriptTiming.sourceFunctionName	1	0	0
api.PerformanceScriptTiming.sourceURL	1	0	0
api.PerformanceScriptTiming.toJSON	1	0	0
api.PerformanceScriptTiming.window	1	0	0
api.PerformanceScriptTiming.windowAttribution	1	0	0
api.PerformanceServerTiming	1	1	1
api.PerformanceServerTiming.description	1	1	1
api.PerformanceServerTiming.duration	1	1	1
api.PerformanceServerTiming.name	1	1	1
api.PerformanceServerTiming.toJSON	1	1	1
api.PerformanceSoftNavigation	1	0	0
api.PerformanceSoftNavigation.getLargestInteractionContentfulPaint	1	0	0
api.PerformanceSoftNavigation.interactionId	1	0	0
api.PerformanceSoftNavigation.navigationType	1	0	0
api.PerformanceSoftNavigation.paintTime	1	0	0
api.PerformanceSoftNavigation.presentationTime	1	0	0
api.PerformanceSoftNavigation.toJSON	1	0	0
api.PerformanceTiming	1	1	1
api.PerformanceTiming.connectEnd	1	1	1
api.PerformanceTiming.connectStart	1	1	1
api.PerformanceTiming.domComplete	1	1	1
api.PerformanceTiming.domContentLoadedEventEnd	1	1	1
api.PerformanceTiming.domContentLoadedEventStart	1	1	1
api.PerformanceTiming.domInteractive	1	1	1
api.PerformanceTiming.domLoading	1	1	1
api.PerformanceTiming.domainLookupEnd	1	1	1
api.PerformanceTiming.domainLookupStart	1	1	1
api.PerformanceTiming.fetchStart	1	1	1
api.PerformanceTiming.loadEventEnd	1	1	1
api.PerformanceTiming.loadEventStart	1	1	1
api.PerformanceTiming.navigationStart	1	1	1
api.PerformanceTiming.redirectEnd	1	1	1
api.PerformanceTiming.redirectStart	1	1	1
api.PerformanceTiming.requestStart	1	1	1
api.PerformanceTiming.responseEnd	1	1	1
api.PerformanceTiming.responseStart	1	1	1
api.PerformanceTiming.secureConnectionStart	1	1	1
api.PerformanceTiming.toJSON	1	1	1
api.PerformanceTiming.unloadEventEnd	1	1	1
api.PerformanceTiming.unloadEventStart	1	1	1
api.PerformanceTimingConfidence	1	0	0
api.PerformanceTimingConfidence.randomizedTriggerRate	1	0	0
api.PerformanceTimingConfidence.toJSON	1	0	0
api.PerformanceTimingConfidence.value	1	0	0
api.PeriodicSyncEvent.PeriodicSyncEvent	1	0	0
api.PeriodicSyncEvent	1	0	0
api.PeriodicSyncEvent.tag	1	0	0
api.PeriodicSyncManager	1	0	0
api.PeriodicSyncManager.getTags	1	0	0
api.PeriodicSyncManager.register	1	0	0
api.PeriodicSyncManager.unregister	1	0	0
api.PeriodicWave.PeriodicWave	1	1	1
api.PeriodicWave	1	1	1
api.PermissionStatus	1	1	1
api.PermissionStatus.change_event	1	1	1
api.PermissionStatus.name	1	1	1
api.PermissionStatus.state	1	1	1
api.Permissions	1	1	1
api.Permissions.permission_accelerometer	1	0	0
api.Permissions.permission_accessibility-events	0	0	0
api.Permissions.permission_ambient-light-sensor	0	0	0
api.Permissions.permission_background-sync	1	0	0
api.Permissions.permission_camera	1	1	1
api.Permissions.permission_captured-surface-control	1	0	0
api.Permissions.permission_clipboard-read	1	0	0
api.Permissions.permission_clipboard-write	1	0	0
api.Permissions.permission_geolocation	1	1	1
api.Permissions.permission_gyroscope	1	0	0
api.Permissions.permission_local-fonts	1	0	0
api.Permissions.permission_local-network	1	0	0
api.Permissions.permission_local-network-access	1	0	0
api.Permissions.permission_loopback-network	1	0	0
api.Permissions.permission_magnetometer	0	0	0
api.Permissions.permission_microphone	1	1	1
api.Permissions.permission_midi	1	1	0
api.Permissions.permission_notifications	1	1	1
api.Permissions.permission_payment-handler	1	0	0
api.Permissions.permission_periodic-background-sync	1	0	0
api.Permissions.permission_persistent-storage	1	1	0
api.Permissions.permission_push	1	1	1
api.Permissions.permission_screen-wake-lock	1	1	1
api.Permissions.permission_storage-access	1	1	1
api.Permissions.permission_top-level-storage-access	1	0	0
api.Permissions.permission_web-app-installation	0	0	0
api.Permissions.permission_window-management	1	0	0
api.Permissions.query	1	1	1
api.Permissions.request	0	0	0
api.Permissions.requestAll	0	0	0
api.Permissions.revoke	0	0	0
api.PermissionsPolicy	1	0	0
api.PermissionsPolicy.allowedFeatures	1	0	0
api.PermissionsPolicy.allowsFeature	1	0	0
api.PermissionsPolicy.features	1	0	0
api.PermissionsPolicy.getAllowlistForFeature	1	0	0
api.PictureInPictureEvent.PictureInPictureEvent	1	1	1
api.PictureInPictureEvent	1	1	1
api.PictureInPictureEvent.pictureInPictureWindow	1	1	1
api.PictureInPictureWindow	1	1	1
api.PictureInPictureWindow.height	1	1	1
api.PictureInPictureWindow.resize_event	1	1	1
api.PictureInPictureWindow.width	1	1	1
api.Plugin	1	1	1
api.Plugin.description	1	1	1
api.Plugin.filename	1	1	1
api.Plugin.item	1	1	1
api.Plugin.length	1	1	1
api.Plugin.name	1	1	1
api.Plugin.namedItem	1	1	1
api.PluginArray	1	1	1
api.PluginArray.item	1	1	1
api.PluginArray.length	1	1	1
api.PluginArray.namedItem	1	1	1
api.PluginArray.refresh	1	1	1
api.PointerEvent.PointerEvent	1	1	1
api.PointerEvent.PointerEvent.options_altitudeAngle_parameter	1	1	1
api.PointerEvent.PointerEvent.options_azimuthAngle_parameter	1	1	1
api.PointerEvent	1	1	1
api.PointerEvent.altitudeAngle	1	1	1
api.PointerEvent.azimuthAngle	1	1	1
api.PointerEvent.getCoalescedEvents	1	1	1
api.PointerEvent.getPredictedEvents	1	1	1
api.PointerEvent.height	1	1	1
api.PointerEvent.isPrimary	1	1	1
api.PointerEvent.persistentDeviceId	1	1	0
api.PointerEvent.pointerId	1	1	1
api.PointerEvent.pointerType	1	1	1
api.PointerEvent.pointerType.fractional_coordinates	1	1	1
api.PointerEvent.pressure	1	1	1
api.PointerEvent.tangentialPressure	1	1	1
api.PointerEvent.tiltX	1	1	1
api.PointerEvent.tiltY	1	1	1
api.PointerEvent.twist	1	1	1
api.PointerEvent.width	1	1	1
api.PopStateEvent.PopStateEvent	1	1	1
api.PopStateEvent	1	1	1
api.PopStateEvent.hasUAVisualTransition	1	1	1
api.PopStateEvent.state	1	1	1
api.PositionSensorVRDevice	0	0	0
api.PositionSensorVRDevice.getImmediateState	0	0	0
api.PositionSensorVRDevice.getState	0	0	0
api.PositionSensorVRDevice.resetSensor	0	0	0
api.PreferenceManager	0	0	0
api.PreferenceManager.colorScheme	0	0	0
api.PreferenceManager.contrast	0	0	0
api.PreferenceManager.reducedData	0	0	0
api.PreferenceManager.reducedMotion	0	0	0
api.PreferenceManager.reducedTransparency	0	0	0
api.PreferenceObject	0	0	0
api.PreferenceObject.change_event	0	0	0
api.PreferenceObject.clearOverride	0	0	0
api.PreferenceObject.override	0	0	0
api.PreferenceObject.requestOverride	0	0	0
api.PreferenceObject.validValues	0	0	0
api.PreferenceObject.value	0	0	0
api.Presentation	1	0	0
api.Presentation.defaultRequest	1	0	0
api.Presentation.receiver	1	0	0
api.PresentationAvailability	1	0	0
api.PresentationAvailability.change_event	1	0	0
api.PresentationAvailability.value	1	0	0
api.PresentationConnection	1	0	0
api.PresentationConnection.binaryType	1	0	0
api.PresentationConnection.close	1	0	0
api.PresentationConnection.close_event	1	0	0
api.PresentationConnection.connect_event	1	0	0
api.PresentationConnection.id	1	0	0
api.PresentationConnection.message_event	1	0	0
api.PresentationConnection.send	1	0	0
api.PresentationConnection.state	1	0	0
api.PresentationConnection.terminate	1	0	0
api.PresentationConnection.terminate_event	1	0	0
api.PresentationConnection.url	1	0	0
api.PresentationConnectionAvailableEvent.PresentationConnectionAvailableEvent	1	0	0
api.PresentationConnectionAvailableEvent	1	0	0
api.PresentationConnectionAvailableEvent.connection	1	0	0
api.PresentationConnectionCloseEvent.PresentationConnectionCloseEvent	1	0	0
api.PresentationConnectionCloseEvent	1	0	0
api.PresentationConnectionCloseEvent.message	1	0	0
api.PresentationConnectionCloseEvent.reason	1	0	0
api.PresentationConnectionList	1	0	0
api.PresentationConnectionList.connectionavailable_event	1	0	0
api.PresentationConnectionList.connections	1	0	0
api.PresentationReceiver	1	0	0
api.PresentationReceiver.connectionList	1	0	0
api.PresentationRequest.PresentationRequest	1	0	0
api.PresentationRequest	1	0	0
api.PresentationRequest.connectionavailable_event	1	0	0
api.PresentationRequest.getAvailability	1	0	0
api.PresentationRequest.reconnect	1	0	0
api.PresentationRequest.secure_context_required	1	0	0
api.PresentationRequest.start	1	0	0
api.PressureObserver.PressureObserver	1	0	0
api.PressureObserver	1	0	0
api.PressureObserver.disconnect	1	0	0
api.PressureObserver.knownSources_static	1	0	0
api.PressureObserver.observe	1	0	0
api.PressureObserver.takeRecords	1	0	0
api.PressureObserver.unobserve	1	0	0
api.PressureRecord	1	0	0
api.PressureRecord.source	1	0	0
api.PressureRecord.state	1	0	0
api.PressureRecord.time	1	0	0
api.PressureRecord.toJSON	1	0	0
api.ProcessingInstruction	1	1	1
api.ProcessingInstruction.doc_html	1	0	0
api.ProcessingInstruction.doc_xml	1	1	1
api.ProcessingInstruction.getAttribute	1	0	0
api.ProcessingInstruction.getAttributeNames	1	0	0
api.ProcessingInstruction.hasAttribute	1	0	0
api.ProcessingInstruction.hasAttributes	1	0	0
api.ProcessingInstruction.removeAttribute	1	0	0
api.ProcessingInstruction.setAttribute	1	0	0
api.ProcessingInstruction.sheet	1	1	1
api.ProcessingInstruction.target	1	1	1
api.ProcessingInstruction.toggleAttribute	1	0	0
api.Profiler.Profiler	1	0	0
api.Profiler	1	0	0
api.Profiler.sampleInterval	1	0	0
api.Profiler.stop	1	0	0
api.Profiler.stopped	1	0	0
api.ProgressEvent.ProgressEvent	1	1	1
api.ProgressEvent.ProgressEvent.loaded_total_options_accept_double	1	1	1
api.ProgressEvent	1	1	1
api.ProgressEvent.lengthComputable	1	1	1
api.ProgressEvent.loaded	1	1	1
api.ProgressEvent.total	1	1	1
api.ProgressEvent.worker_support	1	1	1
api.PromiseRejectionEvent.PromiseRejectionEvent	1	1	1
api.PromiseRejectionEvent	1	1	1
api.PromiseRejectionEvent.promise	1	1	1
api.PromiseRejectionEvent.reason	1	1	1
api.ProtectedAudience	1	0	0
api.ProtectedAudience.queryFeatureSupport	1	0	0
api.PublicKeyCredential	1	1	1
api.PublicKeyCredential.authenticatorAttachment	1	1	1
api.PublicKeyCredential.getClientCapabilities_static	1	1	1
api.PublicKeyCredential.getClientExtensionResults	1	1	1
api.PublicKeyCredential.isConditionalMediationAvailable_static	1	1	1
api.PublicKeyCredential.isUserVerifyingPlatformAuthenticatorAvailable_static	1	1	1
api.PublicKeyCredential.parseCreationOptionsFromJSON_static	1	1	1
api.PublicKeyCredential.parseRequestOptionsFromJSON_static	1	1	1
api.PublicKeyCredential.rawId	1	1	1
api.PublicKeyCredential.response	1	1	1
api.PublicKeyCredential.signalAllAcceptedCredentials_static	1	0	1
api.PublicKeyCredential.signalCurrentUserDetails_static	1	0	1
api.PublicKeyCredential.signalUnknownCredential_static	1	0	1
api.PublicKeyCredential.toJSON	1	1	1
api.PushEvent.PushEvent	1	1	1
api.PushEvent	1	1	1
api.PushEvent.data	1	1	1
api.PushEvent.notification	0	0	1
api.PushManager	1	1	1
api.PushManager.getSubscription	1	1	1
api.PushManager.hasPermission	1	1	0
api.PushManager.permissionState	1	1	1
api.PushManager.register	1	1	0
api.PushManager.registrations	1	1	0
api.PushManager.subscribe	1	1	1
api.PushManager.supportedContentEncodings_static	1	1	1
api.PushManager.unregister	1	1	0
api.PushMessageData	1	1	1
api.PushMessageData.arrayBuffer	1	1	1
api.PushMessageData.blob	1	1	1
api.PushMessageData.bytes	1	1	1
api.PushMessageData.json	1	1	1
api.PushMessageData.text	1	1	1
api.PushSubscription	1	1	1
api.PushSubscription.endpoint	1	1	1
api.PushSubscription.expirationTime	1	1	1
api.PushSubscription.getKey	1	1	1
api.PushSubscription.options	1	1	1
api.PushSubscription.subscriptionId	1	0	0
api.PushSubscription.toJSON	1	1	1
api.PushSubscription.unsubscribe	1	1	1
api.PushSubscriptionChangeEvent.PushSubscriptionChangeEvent	1	1	1
api.PushSubscriptionChangeEvent	1	1	1
api.PushSubscriptionChangeEvent.newSubscription	1	1	1
api.PushSubscriptionChangeEvent.oldSubscription	1	1	1
api.PushSubscriptionOptions	1	1	1
api.PushSubscriptionOptions.applicationServerKey	1	1	1
api.PushSubscriptionOptions.userVisibleOnly	1	0	1
api.QuotaExceededError.QuotaExceededError	1	0	0
api.QuotaExceededError	1	0	0
api.QuotaExceededError.quota	1	0	0
api.QuotaExceededError.requested	1	0	0
api.RGBColor	0	0	1
api.RGBColor.blue	0	0	1
api.RGBColor.green	0	0	1
api.RGBColor.red	0	0	1
api.RTCCertificate	1	1	1
api.RTCCertificate.expires	1	1	1
api.RTCCertificate.getFingerprints	1	1	1
api.RTCDTMFSender	1	1	1
api.RTCDTMFSender.canInsertDTMF	1	1	1
api.RTCDTMFSender.insertDTMF	1	1	1
api.RTCDTMFSender.toneBuffer	1	1	1
api.RTCDTMFSender.tonechange_event	1	1	1
api.RTCDTMFToneChangeEvent.RTCDTMFToneChangeEvent	1	1	1
api.RTCDTMFToneChangeEvent	1	1	1
api.RTCDTMFToneChangeEvent.tone	1	1	1
api.RTCDataChannel	1	1	1
api.RTCDataChannel.binaryType	1	1	1
api.RTCDataChannel.binaryType.arraybuffer_value	1	1	1
api.RTCDataChannel.binaryType.blob_value	1	1	1
api.RTCDataChannel.bufferedAmount	1	1	1
api.RTCDataChannel.bufferedAmountLowThreshold	1	1	1
api.RTCDataChannel.bufferedamountlow_event	1	1	1
api.RTCDataChannel.close	1	1	1
api.RTCDataChannel.close_event	1	1	1
api.RTCDataChannel.closing_event	1	1	1
api.RTCDataChannel.error_event	1	1	1
api.RTCDataChannel.id	1	1	1
api.RTCDataChannel.label	1	1	1
api.RTCDataChannel.maxPacketLifeTime	1	1	1
api.RTCDataChannel.maxRetransmits	1	1	1
api.RTCDataChannel.message_event	1	1	1
api.RTCDataChannel.negotiated	1	1	1
api.RTCDataChannel.open_event	1	1	1
api.RTCDataChannel.ordered	1	1	1
api.RTCDataChannel.priority	0	0	1
api.RTCDataChannel.protocol	1	1	1
api.RTCDataChannel.readyState	1	1	1
api.RTCDataChannel.reliable	1	0	0
api.RTCDataChannel.sctp_sdp_21	1	1	0
api.RTCDataChannel.send	1	1	1
api.RTCDataChannel.transferable	1	1	1
api.RTCDataChannelEvent.RTCDataChannelEvent	1	1	1
api.RTCDataChannelEvent	1	1	1
api.RTCDataChannelEvent.channel	1	1	1
api.RTCDtlsTransport	1	1	1
api.RTCDtlsTransport.error_event	1	1	1
api.RTCDtlsTransport.getRemoteCertificates	1	1	1
api.RTCDtlsTransport.iceTransport	1	1	1
api.RTCDtlsTransport.state	1	1	1
api.RTCDtlsTransport.statechange_event	1	1	1
api.RTCEncodedAudioFrame.RTCEncodedAudioFrame	1	1	1
api.RTCEncodedAudioFrame.RTCEncodedAudioFrame.options_metadata_audioLevel_parameter	1	0	0
api.RTCEncodedAudioFrame.RTCEncodedAudioFrame.options_metadata_captureTime_parameter	1	0	0
api.RTCEncodedAudioFrame.RTCEncodedAudioFrame.options_metadata_contributingSources_parameter	1	1	1
api.RTCEncodedAudioFrame.RTCEncodedAudioFrame.options_metadata_mimeType_parameter	1	0	1
api.RTCEncodedAudioFrame.RTCEncodedAudioFrame.options_metadata_payloadType_parameter	1	1	1
api.RTCEncodedAudioFrame.RTCEncodedAudioFrame.options_metadata_receiveTime_parameter	1	1	0
api.RTCEncodedAudioFrame.RTCEncodedAudioFrame.options_metadata_rtpTimestamp_parameter	1	1	1
api.RTCEncodedAudioFrame.RTCEncodedAudioFrame.options_metadata_sequenceNumber_parameter	1	1	1
api.RTCEncodedAudioFrame.RTCEncodedAudioFrame.options_metadata_synchronizationSource_parameter	1	1	1
api.RTCEncodedAudioFrame	1	1	1
api.RTCEncodedAudioFrame.data	1	1	1
api.RTCEncodedAudioFrame.getMetadata	1	1	1
api.RTCEncodedAudioFrame.getMetadata.return_object_property_audioLevel	1	0	0
api.RTCEncodedAudioFrame.getMetadata.return_object_property_captureTime	1	0	0
api.RTCEncodedAudioFrame.getMetadata.return_object_property_contributingSources	1	1	1
api.RTCEncodedAudioFrame.getMetadata.return_object_property_mimeType	1	0	1
api.RTCEncodedAudioFrame.getMetadata.return_object_property_payloadType	1	1	1
api.RTCEncodedAudioFrame.getMetadata.return_object_property_receiveTime	1	1	0
api.RTCEncodedAudioFrame.getMetadata.return_object_property_rtpTimestamp	1	1	1
api.RTCEncodedAudioFrame.getMetadata.return_object_property_sequenceNumber	1	1	1
api.RTCEncodedAudioFrame.getMetadata.return_object_property_synchronizationSource	1	1	1
api.RTCEncodedAudioFrame.timestamp	1	1	1
api.RTCEncodedVideoFrame.RTCEncodedVideoFrame	1	1	1
api.RTCEncodedVideoFrame.RTCEncodedVideoFrame.options_metadata_contributingSources_parameter	1	1	1
api.RTCEncodedVideoFrame.RTCEncodedVideoFrame.options_metadata_dependencies_parameter	1	1	1
api.RTCEncodedVideoFrame.RTCEncodedVideoFrame.options_metadata_frameId_parameter	1	1	1
api.RTCEncodedVideoFrame.RTCEncodedVideoFrame.options_metadata_height_parameter	1	1	1
api.RTCEncodedVideoFrame.RTCEncodedVideoFrame.options_metadata_mimeType_parameter	1	0	1
api.RTCEncodedVideoFrame.RTCEncodedVideoFrame.options_metadata_payloadType_parameter	1	1	1
api.RTCEncodedVideoFrame.RTCEncodedVideoFrame.options_metadata_receiveTime_parameter	1	1	0
api.RTCEncodedVideoFrame.RTCEncodedVideoFrame.options_metadata_rtpTimestamp_parameter	1	0	1
api.RTCEncodedVideoFrame.RTCEncodedVideoFrame.options_metadata_spatialIndex_parameter	1	1	1
api.RTCEncodedVideoFrame.RTCEncodedVideoFrame.options_metadata_synchronizationSource_parameter	1	1	1
api.RTCEncodedVideoFrame.RTCEncodedVideoFrame.options_metadata_temporalIndex_parameter	1	1	1
api.RTCEncodedVideoFrame.RTCEncodedVideoFrame.options_metadata_width_parameter	1	1	1
api.RTCEncodedVideoFrame	1	1	1
api.RTCEncodedVideoFrame.data	1	1	1
api.RTCEncodedVideoFrame.getMetadata	1	1	1
api.RTCEncodedVideoFrame.getMetadata.return_object_property_contributingSources	1	1	1
api.RTCEncodedVideoFrame.getMetadata.return_object_property_dependencies	1	1	1
api.RTCEncodedVideoFrame.getMetadata.return_object_property_frameId	1	1	1
api.RTCEncodedVideoFrame.getMetadata.return_object_property_height	1	1	1
api.RTCEncodedVideoFrame.getMetadata.return_object_property_mimeType	1	0	1
api.RTCEncodedVideoFrame.getMetadata.return_object_property_payloadType	1	1	1
api.RTCEncodedVideoFrame.getMetadata.return_object_property_receiveTime	1	1	0
api.RTCEncodedVideoFrame.getMetadata.return_object_property_rtpTimestamp	1	0	1
api.RTCEncodedVideoFrame.getMetadata.return_object_property_spatialIndex	1	1	1
api.RTCEncodedVideoFrame.getMetadata.return_object_property_synchronizationSource	1	1	1
api.RTCEncodedVideoFrame.getMetadata.return_object_property_temporalIndex	1	1	1
api.RTCEncodedVideoFrame.getMetadata.return_object_property_width	1	1	1
api.RTCEncodedVideoFrame.timestamp	1	1	1
api.RTCEncodedVideoFrame.type	1	1	1
api.RTCError.RTCError	1	1	1
api.RTCError	1	1	1
api.RTCError.errorDetail	1	1	1
api.RTCError.errorDetail.sctp-failure	1	1	1
api.RTCError.httpRequestStatusCode	1	0	0
api.RTCError.receivedAlert	1	1	1
api.RTCError.sctpCauseCode	1	1	1
api.RTCError.sdpLineNumber	1	1	1
api.RTCError.sentAlert	1	1	1
api.RTCError.worker_support	0	1	0
api.RTCErrorEvent.RTCErrorEvent	1	1	1
api.RTCErrorEvent	1	1	1
api.RTCErrorEvent.error	1	1	1
api.RTCErrorEvent.worker_support	0	1	0
api.RTCIceCandidate.RTCIceCandidate	1	1	1
api.RTCIceCandidate	1	1	1
api.RTCIceCandidate.address	1	1	1
api.RTCIceCandidate.candidate	1	1	1
api.RTCIceCandidate.component	1	1	1
api.RTCIceCandidate.foundation	1	1	1
api.RTCIceCandidate.port	1	1	1
api.RTCIceCandidate.priority	1	1	1
api.RTCIceCandidate.protocol	1	1	1
api.RTCIceCandidate.relatedAddress	1	1	1
api.RTCIceCandidate.relatedPort	1	1	1
api.RTCIceCandidate.relayProtocol	1	0	0
api.RTCIceCandidate.sdpMLineIndex	1	1	1
api.RTCIceCandidate.sdpMid	1	1	1
api.RTCIceCandidate.tcpType	1	1	1
api.RTCIceCandidate.toJSON	1	1	1
api.RTCIceCandidate.type	1	1	1
api.RTCIceCandidate.url	1	0	0
api.RTCIceCandidate.usernameFragment	1	1	1
api.RTCIceCandidatePair	0	1	0
api.RTCIceCandidatePair.local	0	1	0
api.RTCIceCandidatePair.remote	0	1	0
api.RTCIceTransport	1	1	1
api.RTCIceTransport.gatheringState	1	1	1
api.RTCIceTransport.gatheringstatechange_event	1	1	1
api.RTCIceTransport.getLocalCandidates	1	0	0
api.RTCIceTransport.getLocalParameters	1	0	0
api.RTCIceTransport.getRemoteCandidates	1	0	0
api.RTCIceTransport.getRemoteParameters	1	0	0
api.RTCIceTransport.getSelectedCandidatePair	1	1	1
api.RTCIceTransport.role	1	1	0
api.RTCIceTransport.selectedcandidatepairchange_event	1	1	1
api.RTCIceTransport.state	1	1	1
api.RTCIceTransport.statechange_event	1	1	1
api.RTCIdentityAssertion	0	1	0
api.RTCIdentityAssertion.idp	0	1	0
api.RTCIdentityAssertion.name	0	1	0
api.RTCPeerConnection.RTCPeerConnection	1	1	1
api.RTCPeerConnection.RTCPeerConnection.configuration_alwaysNegotiateDataChannels_parameter	1	1	0
api.RTCPeerConnection.RTCPeerConnection.configuration_bundlePolicy_parameter	1	1	1
api.RTCPeerConnection.RTCPeerConnection.configuration_certificates_parameter	1	1	1
api.RTCPeerConnection.RTCPeerConnection.configuration_iceCandidatePoolSize_parameter	1	0	1
api.RTCPeerConnection.RTCPeerConnection.configuration_iceServers_parameter	1	1	1
api.RTCPeerConnection.RTCPeerConnection.configuration_iceServers_parameter.credentialType_parameter	0	1	0
api.RTCPeerConnection.RTCPeerConnection.configuration_iceServers_parameter.credential_parameter	1	1	1
api.RTCPeerConnection.RTCPeerConnection.configuration_iceServers_parameter.url_parameter	1	1	0
api.RTCPeerConnection.RTCPeerConnection.configuration_iceServers_parameter.urls_parameter	1	1	1
api.RTCPeerConnection.RTCPeerConnection.configuration_iceServers_parameter.username_parameter	1	1	1
api.RTCPeerConnection.RTCPeerConnection.configuration_iceTransportPolicy_parameter	1	1	1
api.RTCPeerConnection.RTCPeerConnection.configuration_peerIdentity_parameter	0	1	0
api.RTCPeerConnection.RTCPeerConnection.configuration_rtcpMuxPolicy_parameter	1	1	1
api.RTCPeerConnection	1	1	1
api.RTCPeerConnection.addIceCandidate	1	1	1
api.RTCPeerConnection.addIceCandidate.returns_promise	1	1	1
api.RTCPeerConnection.addStream	1	1	0
api.RTCPeerConnection.addTrack	1	1	1
api.RTCPeerConnection.addTransceiver	1	1	1
api.RTCPeerConnection.addTransceiver.init_direction_parameter	1	1	1
api.RTCPeerConnection.addTransceiver.init_sendEncodings_parameter	1	1	1
api.RTCPeerConnection.addTransceiver.init_streams_parameter	1	1	1
api.RTCPeerConnection.addstream_event	1	1	0
api.RTCPeerConnection.canTrickleIceCandidates	1	1	1
api.RTCPeerConnection.close	1	1	1
api.RTCPeerConnection.connectionState	1	1	1
api.RTCPeerConnection.connectionstatechange_event	1	1	1
api.RTCPeerConnection.createAnswer	1	1	1
api.RTCPeerConnection.createAnswer.returns_promise	1	1	1
api.RTCPeerConnection.createDTMFSender	1	0	0
api.RTCPeerConnection.createDataChannel	1	1	1
api.RTCPeerConnection.createOffer	1	1	1
api.RTCPeerConnection.createOffer.returns_promise	1	1	1
api.RTCPeerConnection.currentLocalDescription	1	1	1
api.RTCPeerConnection.currentRemoteDescription	1	1	1
api.RTCPeerConnection.datachannel_event	1	1	1
api.RTCPeerConnection.generateCertificate_static	1	1	1
api.RTCPeerConnection.getConfiguration	1	1	1
api.RTCPeerConnection.getIdentityAssertion	0	1	0
api.RTCPeerConnection.getLocalStreams	1	1	0
api.RTCPeerConnection.getReceivers	1	1	1
api.RTCPeerConnection.getReceivers.stopped_transceivers_removed	1	1	0
api.RTCPeerConnection.getRemoteStreams	1	1	0
api.RTCPeerConnection.getSenders	1	1	1
api.RTCPeerConnection.getSenders.stopped_transceivers_removed	1	1	0
api.RTCPeerConnection.getStats	1	1	1
api.RTCPeerConnection.getStats.returns_promise	1	1	1
api.RTCPeerConnection.getStats.selector_parameter	1	1	1
api.RTCPeerConnection.getTransceivers	1	1	1
api.RTCPeerConnection.getTransceivers.stopped_transceivers_removed	1	1	0
api.RTCPeerConnection.iceConnectionState	1	1	1
api.RTCPeerConnection.iceGatheringState	1	1	1
api.RTCPeerConnection.icecandidate_event	1	1	1
api.RTCPeerConnection.icecandidateerror_event	1	1	1
api.RTCPeerConnection.iceconnectionstatechange_event	1	1	1
api.RTCPeerConnection.icegatheringstatechange_event	1	1	1
api.RTCPeerConnection.idpLoginUrl	0	1	0
api.RTCPeerConnection.localDescription	1	1	1
api.RTCPeerConnection.negotiationneeded_event	1	1	1
api.RTCPeerConnection.peerIdentity	0	1	0
api.RTCPeerConnection.pendingLocalDescription	1	1	1
api.RTCPeerConnection.pendingRemoteDescription	1	1	1
api.RTCPeerConnection.remoteDescription	1	1	1
api.RTCPeerConnection.removeStream	1	0	0
api.RTCPeerConnection.removeTrack	1	1	1
api.RTCPeerConnection.removestream_event	1	0	0
api.RTCPeerConnection.restartIce	1	1	1
api.RTCPeerConnection.sctp	1	1	1
api.RTCPeerConnection.setConfiguration	1	1	1
api.RTCPeerConnection.setIdentityProvider	0	1	0
api.RTCPeerConnection.setLocalDescription	1	1	1
api.RTCPeerConnection.setLocalDescription.description_parameter_optional	1	1	1
api.RTCPeerConnection.setLocalDescription.returns_promise	1	1	1
api.RTCPeerConnection.setRemoteDescription	1	1	1
api.RTCPeerConnection.setRemoteDescription.implicit_rollback	1	1	1
api.RTCPeerConnection.setRemoteDescription.returns_promise	1	1	1
api.RTCPeerConnection.signalingState	1	1	1
api.RTCPeerConnection.signalingstatechange_event	1	1	1
api.RTCPeerConnection.track_event	1	1	1
api.RTCPeerConnectionIceErrorEvent.RTCPeerConnectionIceErrorEvent	1	1	1
api.RTCPeerConnectionIceErrorEvent	1	1	1
api.RTCPeerConnectionIceErrorEvent.address	1	1	1
api.RTCPeerConnectionIceErrorEvent.errorCode	1	1	1
api.RTCPeerConnectionIceErrorEvent.errorText	1	1	1
api.RTCPeerConnectionIceErrorEvent.hostCandidate	1	0	0
api.RTCPeerConnectionIceErrorEvent.port	1	1	1
api.RTCPeerConnectionIceErrorEvent.url	1	1	1
api.RTCPeerConnectionIceEvent.RTCPeerConnectionIceEvent	1	1	1
api.RTCPeerConnectionIceEvent	1	1	1
api.RTCPeerConnectionIceEvent.candidate	1	1	1
api.RTCPeerConnectionIceEvent.url	0	0	1
api.RTCRtpReceiver	1	1	1
api.RTCRtpReceiver.createEncodedStreams	1	0	0
api.RTCRtpReceiver.getCapabilities_static	1	1	1
api.RTCRtpReceiver.getContributingSources	1	1	1
api.RTCRtpReceiver.getContributingSources.audioLevel	1	1	1
api.RTCRtpReceiver.getContributingSources.audio_tracks_supported	1	1	1
api.RTCRtpReceiver.getContributingSources.rtpTimestamp	1	1	0
api.RTCRtpReceiver.getContributingSources.source	1	1	1
api.RTCRtpReceiver.getContributingSources.timestamp	1	1	1
api.RTCRtpReceiver.getContributingSources.video_tracks_supported	1	1	1
api.RTCRtpReceiver.getParameters	1	1	1
api.RTCRtpReceiver.getParameters.return_object_property_codecs	1	1	1
api.RTCRtpReceiver.getParameters.return_object_property_headerExtensions	1	0	1
api.RTCRtpReceiver.getParameters.return_object_property_rtcp	1	1	1
api.RTCRtpReceiver.getStats	1	1	1
api.RTCRtpReceiver.getSynchronizationSources	1	1	1
api.RTCRtpReceiver.getSynchronizationSources.audio_tracks_supported	1	1	1
api.RTCRtpReceiver.getSynchronizationSources.video_tracks_supported	1	1	1
api.RTCRtpReceiver.jitterBufferTarget	1	1	1
api.RTCRtpReceiver.rtcpTransport	1	0	0
api.RTCRtpReceiver.track	1	1	1
api.RTCRtpReceiver.transform	1	1	1
api.RTCRtpReceiver.transport	1	1	1
api.RTCRtpScriptTransform.RTCRtpScriptTransform	1	1	1
api.RTCRtpScriptTransform	1	1	1
api.RTCRtpScriptTransformer	1	1	1
api.RTCRtpScriptTransformer.generateKeyFrame	0	1	1
api.RTCRtpScriptTransformer.options	1	1	1
api.RTCRtpScriptTransformer.readable	1	1	1
api.RTCRtpScriptTransformer.sendKeyFrameRequest	1	1	1
api.RTCRtpScriptTransformer.writable	1	1	1
api.RTCRtpSender	1	1	1
api.RTCRtpSender.createEncodedStreams	1	0	0
api.RTCRtpSender.dtmf	1	1	1
api.RTCRtpSender.getCapabilities_static	1	1	1
api.RTCRtpSender.getParameters	1	1	1
api.RTCRtpSender.getParameters.return_object_property_codecs	1	1	1
api.RTCRtpSender.getParameters.return_object_property_degradationPreference	1	1	1
api.RTCRtpSender.getParameters.return_object_property_encodings	1	1	1
api.RTCRtpSender.getParameters.return_object_property_headerExtensions	1	1	1
api.RTCRtpSender.getParameters.return_object_property_rtcp	1	1	1
api.RTCRtpSender.getParameters.return_object_property_transactionId	1	1	1
api.RTCRtpSender.getStats	1	1	1
api.RTCRtpSender.replaceTrack	1	1	1
api.RTCRtpSender.rtcpTransport	1	0	0
api.RTCRtpSender.setParameters	1	1	1
api.RTCRtpSender.setParameters.parameters_codecs_parameter	1	1	1
api.RTCRtpSender.setParameters.parameters_degradationPreference_parameter	1	1	1
api.RTCRtpSender.setParameters.parameters_degradationPreference_parameter.maintain-framerate-and-resolution_value	1	0	0
api.RTCRtpSender.setParameters.parameters_encodings_parameter	1	1	1
api.RTCRtpSender.setParameters.parameters_encodings_parameter.active	1	1	1
api.RTCRtpSender.setParameters.parameters_encodings_parameter.codec	1	1	0
api.RTCRtpSender.setParameters.parameters_encodings_parameter.dtx	0	0	1
api.RTCRtpSender.setParameters.parameters_encodings_parameter.maxBitrate	1	1	1
api.RTCRtpSender.setParameters.parameters_encodings_parameter.maxFramerate	1	1	1
api.RTCRtpSender.setParameters.parameters_encodings_parameter.priority	1	1	1
api.RTCRtpSender.setParameters.parameters_encodings_parameter.rid	0	1	0
api.RTCRtpSender.setParameters.parameters_encodings_parameter.scaleResolutionDownBy	1	1	1
api.RTCRtpSender.setParameters.parameters_headerExtensions_parameter	1	1	1
api.RTCRtpSender.setParameters.parameters_rtcp_parameter	1	1	1
api.RTCRtpSender.setParameters.parameters_transactionId_parameter	1	1	1
api.RTCRtpSender.setStreams	1	1	1
api.RTCRtpSender.track	1	1	1
api.RTCRtpSender.transform	1	1	1
api.RTCRtpSender.transport	1	1	1
api.RTCRtpTransceiver	1	1	1
api.RTCRtpTransceiver.currentDirection	1	1	1
api.RTCRtpTransceiver.currentDirection.stopped_value	1	1	0
api.RTCRtpTransceiver.direction	1	1	1
api.RTCRtpTransceiver.direction.value_stopped	1	1	0
api.RTCRtpTransceiver.getHeaderExtensionsToNegotiate	1	0	0
api.RTCRtpTransceiver.getNegotiatedHeaderExtensions	1	0	0
api.RTCRtpTransceiver.mid	1	1	1
api.RTCRtpTransceiver.receiver	1	1	1
api.RTCRtpTransceiver.sender	1	1	1
api.RTCRtpTransceiver.setCodecPreferences	1	1	1
api.RTCRtpTransceiver.setHeaderExtensionsToNegotiate	1	0	0
api.RTCRtpTransceiver.stop	1	1	1
api.RTCRtpTransceiver.stopped	1	1	1
api.RTCSctpTransport	1	1	1
api.RTCSctpTransport.maxChannels	1	1	1
api.RTCSctpTransport.maxMessageSize	1	1	1
api.RTCSctpTransport.state	1	1	1
api.RTCSctpTransport.statechange_event	1	1	1
api.RTCSctpTransport.transport	1	1	1
api.RTCSessionDescription.RTCSessionDescription	1	1	1
api.RTCSessionDescription	1	1	1
api.RTCSessionDescription.sdp	1	1	1
api.RTCSessionDescription.toJSON	1	1	1
api.RTCSessionDescription.type	1	1	1
api.RTCStatsReport.@@iterator	1	1	1
api.RTCStatsReport	1	1	1
api.RTCStatsReport.entries	1	1	1
api.RTCStatsReport.forEach	1	1	1
api.RTCStatsReport.get	1	1	1
api.RTCStatsReport.has	1	1	1
api.RTCStatsReport.keys	1	1	1
api.RTCStatsReport.size	1	1	1
api.RTCStatsReport.type_candidate-pair	1	1	1
api.RTCStatsReport.type_candidate-pair.availableOutgoingBitrate	1	0	0
api.RTCStatsReport.type_candidate-pair.bytesDiscardedOnSend	1	0	0
api.RTCStatsReport.type_candidate-pair.bytesReceived	1	1	1
api.RTCStatsReport.type_candidate-pair.bytesSent	1	1	1
api.RTCStatsReport.type_candidate-pair.consentRequestsSent	1	0	0
api.RTCStatsReport.type_candidate-pair.currentRoundTripTime	1	1	0
api.RTCStatsReport.type_candidate-pair.id	1	1	1
api.RTCStatsReport.type_candidate-pair.lastPacketReceivedTimestamp	1	1	0
api.RTCStatsReport.type_candidate-pair.lastPacketSentTimestamp	1	1	0
api.RTCStatsReport.type_candidate-pair.localCandidateId	1	1	1
api.RTCStatsReport.type_candidate-pair.nominated	1	1	1
api.RTCStatsReport.type_candidate-pair.packetsDiscardedOnSend	1	0	0
api.RTCStatsReport.type_candidate-pair.packetsReceived	1	0	0
api.RTCStatsReport.type_candidate-pair.packetsSent	1	0	0
api.RTCStatsReport.type_candidate-pair.priority	1	1	0
api.RTCStatsReport.type_candidate-pair.remoteCandidateId	1	1	1
api.RTCStatsReport.type_candidate-pair.requestsReceived	1	0	1
api.RTCStatsReport.type_candidate-pair.requestsSent	1	0	1
api.RTCStatsReport.type_candidate-pair.responsesReceived	1	1	1
api.RTCStatsReport.type_candidate-pair.responsesSent	1	0	1
api.RTCStatsReport.type_candidate-pair.state	1	1	1
api.RTCStatsReport.type_candidate-pair.timestamp	1	1	1
api.RTCStatsReport.type_candidate-pair.totalRoundTripTime	1	1	1
api.RTCStatsReport.type_candidate-pair.transportId	1	1	1
api.RTCStatsReport.type_candidate-pair.type	1	1	1
api.RTCStatsReport.type_certificate	1	1	1
api.RTCStatsReport.type_certificate.base64Certificate	1	1	1
api.RTCStatsReport.type_certificate.fingerprint	1	1	1
api.RTCStatsReport.type_certificate.fingerprintAlgorithm	1	1	1
api.RTCStatsReport.type_certificate.id	1	1	1
api.RTCStatsReport.type_certificate.issuerCertificateId	0	1	0
api.RTCStatsReport.type_certificate.timestamp	1	1	1
api.RTCStatsReport.type_certificate.type	1	1	1
api.RTCStatsReport.type_codec	1	1	1
api.RTCStatsReport.type_codec.channels	1	1	1
api.RTCStatsReport.type_codec.clockRate	1	1	1
api.RTCStatsReport.type_codec.id	1	1	1
api.RTCStatsReport.type_codec.mimeType	1	1	1
api.RTCStatsReport.type_codec.payloadType	1	1	1
api.RTCStatsReport.type_codec.sdpFmtpLine	1	1	1
api.RTCStatsReport.type_codec.timestamp	1	1	1
api.RTCStatsReport.type_codec.transportId	1	1	0
api.RTCStatsReport.type_codec.type	1	1	1
api.RTCStatsReport.type_data-channel	1	1	1
api.RTCStatsReport.type_data-channel.bytesReceived	1	1	1
api.RTCStatsReport.type_data-channel.bytesSent	1	1	1
api.RTCStatsReport.type_data-channel.dataChannelIdentifier	1	1	0
api.RTCStatsReport.type_data-channel.id	1	1	1
api.RTCStatsReport.type_data-channel.label	1	1	1
api.RTCStatsReport.type_data-channel.messagesReceived	1	1	1
api.RTCStatsReport.type_data-channel.messagesSent	1	1	1
api.RTCStatsReport.type_data-channel.protocol	1	1	1
api.RTCStatsReport.type_data-channel.state	1	1	1
api.RTCStatsReport.type_data-channel.timestamp	1	1	1
api.RTCStatsReport.type_data-channel.type	1	1	1
api.RTCStatsReport.type_inbound-rtp	1	1	1
api.RTCStatsReport.type_inbound-rtp.audioLevel	1	1	0
api.RTCStatsReport.type_inbound-rtp.bytesReceived	1	1	1
api.RTCStatsReport.type_inbound-rtp.codecId	1	1	0
api.RTCStatsReport.type_inbound-rtp.concealedSamples	1	1	1
api.RTCStatsReport.type_inbound-rtp.concealmentEvents	1	1	1
api.RTCStatsReport.type_inbound-rtp.estimatedPlayoutTimestamp	0	1	0
api.RTCStatsReport.type_inbound-rtp.fecPacketsDiscarded	1	1	1
api.RTCStatsReport.type_inbound-rtp.fecPacketsReceived	1	1	1
api.RTCStatsReport.type_inbound-rtp.frameHeight	1	1	0
api.RTCStatsReport.type_inbound-rtp.frameWidth	1	1	0
api.RTCStatsReport.type_inbound-rtp.framesAssembledFromMultiplePackets	0	1	0
api.RTCStatsReport.type_inbound-rtp.framesDecoded	1	1	0
api.RTCStatsReport.type_inbound-rtp.framesPerSecond	1	1	0
api.RTCStatsReport.type_inbound-rtp.framesReceived	1	1	0
api.RTCStatsReport.type_inbound-rtp.freezeCount	0	1	0
api.RTCStatsReport.type_inbound-rtp.headerBytesReceived	1	1	1
api.RTCStatsReport.type_inbound-rtp.id	1	1	1
api.RTCStatsReport.type_inbound-rtp.insertedSamplesForDeceleration	1	1	1
api.RTCStatsReport.type_inbound-rtp.jitter	1	1	1
api.RTCStatsReport.type_inbound-rtp.jitterBufferDelay	1	1	1
api.RTCStatsReport.type_inbound-rtp.jitterBufferEmittedCount	1	1	1
api.RTCStatsReport.type_inbound-rtp.jitterBufferMinimumDelay	1	1	0
api.RTCStatsReport.type_inbound-rtp.jitterBufferTargetDelay	1	1	0
api.RTCStatsReport.type_inbound-rtp.keyFramesDecoded	1	1	0
api.RTCStatsReport.type_inbound-rtp.kind	1	1	1
api.RTCStatsReport.type_inbound-rtp.lastPacketReceivedTimestamp	1	1	0
api.RTCStatsReport.type_inbound-rtp.mid	1	1	1
api.RTCStatsReport.type_inbound-rtp.nackCount	1	1	0
api.RTCStatsReport.type_inbound-rtp.packetsDiscarded	1	1	1
api.RTCStatsReport.type_inbound-rtp.packetsLost	1	1	1
api.RTCStatsReport.type_inbound-rtp.packetsReceived	1	1	1
api.RTCStatsReport.type_inbound-rtp.pauseCount	0	1	0
api.RTCStatsReport.type_inbound-rtp.playoutId	1	0	0
api.RTCStatsReport.type_inbound-rtp.qpSum	1	1	0
api.RTCStatsReport.type_inbound-rtp.remoteId	1	1	0
api.RTCStatsReport.type_inbound-rtp.removedSamplesForAcceleration	1	1	1
api.RTCStatsReport.type_inbound-rtp.silentConcealedSamples	1	1	1
api.RTCStatsReport.type_inbound-rtp.ssrc	1	1	1
api.RTCStatsReport.type_inbound-rtp.timestamp	1	1	1
api.RTCStatsReport.type_inbound-rtp.totalAssemblyTime	0	1	0
api.RTCStatsReport.type_inbound-rtp.totalAudioEnergy	1	1	1
api.RTCStatsReport.type_inbound-rtp.totalDecodeTime	1	1	0
api.RTCStatsReport.type_inbound-rtp.totalFreezesDuration	0	1	0
api.RTCStatsReport.type_inbound-rtp.totalInterFrameDelay	1	1	0
api.RTCStatsReport.type_inbound-rtp.totalPausesDuration	0	1	0
api.RTCStatsReport.type_inbound-rtp.totalProcessingDelay	1	1	0
api.RTCStatsReport.type_inbound-rtp.totalSamplesDuration	1	1	1
api.RTCStatsReport.type_inbound-rtp.totalSamplesReceived	1	1	1
api.RTCStatsReport.type_inbound-rtp.totalSquaredInterFrameDelay	1	1	0
api.RTCStatsReport.type_inbound-rtp.trackIdentifier	1	1	1
api.RTCStatsReport.type_inbound-rtp.transportId	1	1	1
api.RTCStatsReport.type_inbound-rtp.type	1	1	1
api.RTCStatsReport.type_local-candidate	1	1	1
api.RTCStatsReport.type_local-candidate.address	1	1	0
api.RTCStatsReport.type_local-candidate.candidateType	1	1	1
api.RTCStatsReport.type_local-candidate.foundation	1	0	0
api.RTCStatsReport.type_local-candidate.id	1	1	1
api.RTCStatsReport.type_local-candidate.port	1	1	1
api.RTCStatsReport.type_local-candidate.priority	1	1	1
api.RTCStatsReport.type_local-candidate.protocol	1	1	1
api.RTCStatsReport.type_local-candidate.timestamp	1	1	1
api.RTCStatsReport.type_local-candidate.transportId	1	1	1
api.RTCStatsReport.type_local-candidate.type	1	1	1
api.RTCStatsReport.type_local-candidate.usernameFragment	1	0	0
api.RTCStatsReport.type_media-playout	1	0	0
api.RTCStatsReport.type_media-playout.id	1	0	0
api.RTCStatsReport.type_media-playout.kind	1	0	0
api.RTCStatsReport.type_media-playout.synthesizedSamplesDuration	1	0	0
api.RTCStatsReport.type_media-playout.synthesizedSamplesEvents	1	0	0
api.RTCStatsReport.type_media-playout.timestamp	1	0	0
api.RTCStatsReport.type_media-playout.totalPlayoutDelay	1	0	0
api.RTCStatsReport.type_media-playout.totalSamplesCount	1	0	0
api.RTCStatsReport.type_media-playout.totalSamplesDuration	1	0	0
api.RTCStatsReport.type_media-playout.type	1	0	0
api.RTCStatsReport.type_media-source	1	1	1
api.RTCStatsReport.type_media-source.audioLevel	1	0	0
api.RTCStatsReport.type_media-source.frames	1	1	0
api.RTCStatsReport.type_media-source.framesPerSecond	1	1	0
api.RTCStatsReport.type_media-source.height	1	1	0
api.RTCStatsReport.type_media-source.id	1	1	1
api.RTCStatsReport.type_media-source.kind	1	1	1
api.RTCStatsReport.type_media-source.timestamp	1	1	1
api.RTCStatsReport.type_media-source.totalAudioEnergy	1	0	0
api.RTCStatsReport.type_media-source.totalSamplesDuration	1	0	0
api.RTCStatsReport.type_media-source.trackIdentifier	1	1	1
api.RTCStatsReport.type_media-source.type	1	1	1
api.RTCStatsReport.type_media-source.width	1	1	0
api.RTCStatsReport.type_outbound-rtp	1	1	1
api.RTCStatsReport.type_outbound-rtp.active	1	0	0
api.RTCStatsReport.type_outbound-rtp.bytesSent	1	1	1
api.RTCStatsReport.type_outbound-rtp.codecId	1	1	1
api.RTCStatsReport.type_outbound-rtp.frameHeight	1	1	0
api.RTCStatsReport.type_outbound-rtp.frameWidth	1	1	0
api.RTCStatsReport.type_outbound-rtp.framesEncoded	1	1	0
api.RTCStatsReport.type_outbound-rtp.framesPerSecond	1	1	0
api.RTCStatsReport.type_outbound-rtp.framesSent	1	1	0
api.RTCStatsReport.type_outbound-rtp.headerBytesSent	1	1	1
api.RTCStatsReport.type_outbound-rtp.id	1	1	1
api.RTCStatsReport.type_outbound-rtp.keyFramesEncoded	1	0	0
api.RTCStatsReport.type_outbound-rtp.kind	1	1	1
api.RTCStatsReport.type_outbound-rtp.mediaSourceId	1	0	1
api.RTCStatsReport.type_outbound-rtp.mid	1	1	0
api.RTCStatsReport.type_outbound-rtp.nackCount	1	1	1
api.RTCStatsReport.type_outbound-rtp.packetsSent	1	1	1
api.RTCStatsReport.type_outbound-rtp.qpSum	1	1	0
api.RTCStatsReport.type_outbound-rtp.qualityLimitationDurations	1	0	0
api.RTCStatsReport.type_outbound-rtp.qualityLimitationReason	1	0	0
api.RTCStatsReport.type_outbound-rtp.remoteId	1	1	0
api.RTCStatsReport.type_outbound-rtp.retransmittedBytesSent	1	1	1
api.RTCStatsReport.type_outbound-rtp.retransmittedPacketsSent	1	1	1
api.RTCStatsReport.type_outbound-rtp.rid	1	1	0
api.RTCStatsReport.type_outbound-rtp.scalabilityMode	1	0	0
api.RTCStatsReport.type_outbound-rtp.ssrc	1	1	1
api.RTCStatsReport.type_outbound-rtp.targetBitrate	1	0	1
api.RTCStatsReport.type_outbound-rtp.timestamp	1	1	1
api.RTCStatsReport.type_outbound-rtp.totalEncodeTime	1	1	0
api.RTCStatsReport.type_outbound-rtp.totalEncodedBytesTarget	0	1	0
api.RTCStatsReport.type_outbound-rtp.totalPacketSendDelay	1	0	0
api.RTCStatsReport.type_outbound-rtp.transportId	1	1	1
api.RTCStatsReport.type_outbound-rtp.type	1	1	1
api.RTCStatsReport.type_peer-connection	1	1	1
api.RTCStatsReport.type_peer-connection.dataChannelsClosed	1	1	1
api.RTCStatsReport.type_peer-connection.dataChannelsOpened	1	1	1
api.RTCStatsReport.type_peer-connection.id	1	1	1
api.RTCStatsReport.type_peer-connection.timestamp	1	1	1
api.RTCStatsReport.type_peer-connection.type	1	1	1
api.RTCStatsReport.type_remote-candidate	1	1	1
api.RTCStatsReport.type_remote-candidate.address	1	1	0
api.RTCStatsReport.type_remote-candidate.candidateType	1	1	1
api.RTCStatsReport.type_remote-candidate.foundation	1	0	0
api.RTCStatsReport.type_remote-candidate.id	1	1	1
api.RTCStatsReport.type_remote-candidate.port	1	1	1
api.RTCStatsReport.type_remote-candidate.priority	1	1	1
api.RTCStatsReport.type_remote-candidate.protocol	1	1	1
api.RTCStatsReport.type_remote-candidate.timestamp	1	1	1
api.RTCStatsReport.type_remote-candidate.transportId	1	0	1
api.RTCStatsReport.type_remote-candidate.type	1	1	1
api.RTCStatsReport.type_remote-candidate.usernameFragment	1	0	0
api.RTCStatsReport.type_remote-inbound-rtp	1	1	1
api.RTCStatsReport.type_remote-inbound-rtp.codecId	1	1	1
api.RTCStatsReport.type_remote-inbound-rtp.fractionLost	1	1	0
api.RTCStatsReport.type_remote-inbound-rtp.id	1	1	1
api.RTCStatsReport.type_remote-inbound-rtp.jitter	1	1	0
api.RTCStatsReport.type_remote-inbound-rtp.kind	1	1	1
api.RTCStatsReport.type_remote-inbound-rtp.localId	1	1	1
api.RTCStatsReport.type_remote-inbound-rtp.packetsLost	1	1	0
api.RTCStatsReport.type_remote-inbound-rtp.packetsReceived	0	1	0
api.RTCStatsReport.type_remote-inbound-rtp.roundTripTime	1	1	1
api.RTCStatsReport.type_remote-inbound-rtp.roundTripTimeMeasurements	1	1	0
api.RTCStatsReport.type_remote-inbound-rtp.ssrc	1	1	1
api.RTCStatsReport.type_remote-inbound-rtp.timestamp	1	1	1
api.RTCStatsReport.type_remote-inbound-rtp.totalRoundTripTime	1	1	0
api.RTCStatsReport.type_remote-inbound-rtp.transportId	1	1	1
api.RTCStatsReport.type_remote-inbound-rtp.type	1	1	1
api.RTCStatsReport.type_remote-outbound-rtp	1	1	1
api.RTCStatsReport.type_remote-outbound-rtp.bytesSent	1	1	0
api.RTCStatsReport.type_remote-outbound-rtp.codecId	1	1	1
api.RTCStatsReport.type_remote-outbound-rtp.id	1	1	0
api.RTCStatsReport.type_remote-outbound-rtp.kind	1	1	1
api.RTCStatsReport.type_remote-outbound-rtp.localId	1	1	0
api.RTCStatsReport.type_remote-outbound-rtp.packetsSent	1	1	0
api.RTCStatsReport.type_remote-outbound-rtp.remoteTimestamp	1	1	0
api.RTCStatsReport.type_remote-outbound-rtp.reportsSent	1	0	0
api.RTCStatsReport.type_remote-outbound-rtp.roundTripTimeMeasurements	1	0	0
api.RTCStatsReport.type_remote-outbound-rtp.ssrc	1	1	1
api.RTCStatsReport.type_remote-outbound-rtp.timestamp	1	1	0
api.RTCStatsReport.type_remote-outbound-rtp.totalRoundTripTime	1	0	0
api.RTCStatsReport.type_remote-outbound-rtp.transportId	1	1	1
api.RTCStatsReport.type_remote-outbound-rtp.type	1	1	0
api.RTCStatsReport.type_transport	1	1	1
api.RTCStatsReport.type_transport.bytesReceived	1	1	1
api.RTCStatsReport.type_transport.bytesSent	1	1	1
api.RTCStatsReport.type_transport.dtlsCipher	1	1	1
api.RTCStatsReport.type_transport.dtlsRole	1	1	0
api.RTCStatsReport.type_transport.dtlsState	1	1	1
api.RTCStatsReport.type_transport.iceLocalUsernameFragment	1	1	0
api.RTCStatsReport.type_transport.iceRole	1	1	0
api.RTCStatsReport.type_transport.iceState	1	1	0
api.RTCStatsReport.type_transport.id	1	1	1
api.RTCStatsReport.type_transport.localCertificateId	1	1	1
api.RTCStatsReport.type_transport.packetsReceived	1	1	0
api.RTCStatsReport.type_transport.packetsSent	1	1	0
api.RTCStatsReport.type_transport.remoteCertificateId	1	1	1
api.RTCStatsReport.type_transport.selectedCandidatePairChanges	1	1	0
api.RTCStatsReport.type_transport.selectedCandidatePairId	1	1	1
api.RTCStatsReport.type_transport.srtpCipher	1	1	1
api.RTCStatsReport.type_transport.timestamp	1	1	1
api.RTCStatsReport.type_transport.tlsVersion	1	1	1
api.RTCStatsReport.type_transport.type	1	1	1
api.RTCStatsReport.values	1	1	1
api.RTCTrackEvent.RTCTrackEvent	1	1	1
api.RTCTrackEvent	1	1	1
api.RTCTrackEvent.receiver	1	1	1
api.RTCTrackEvent.streams	1	1	1
api.RTCTrackEvent.track	1	1	1
api.RTCTrackEvent.transceiver	1	1	1
api.RTCTransformEvent	1	1	1
api.RTCTransformEvent.transformer	1	1	1
api.RadioNodeList	1	1	1
api.RadioNodeList.value	1	1	1
api.Range.Range	1	1	1
api.Range	1	1	1
api.Range.cloneContents	1	1	1
api.Range.cloneRange	1	1	1
api.Range.collapse	1	1	1
api.Range.collapse.toStart_parameter_optional	1	1	1
api.Range.collapsed	1	1	1
api.Range.commonAncestorContainer	1	1	1
api.Range.compareBoundaryPoints	1	1	1
api.Range.compareNode	0	0	1
api.Range.comparePoint	1	1	1
api.Range.createContextualFragment	1	1	1
api.Range.createContextualFragment.enforces_trusted_types	1	1	1
api.Range.deleteContents	1	1	1
api.Range.detach	1	1	1
api.Range.endContainer	1	1	1
api.Range.endOffset	1	1	1
api.Range.extractContents	1	1	1
api.Range.getBoundingClientRect	1	1	1
api.Range.getClientRects	1	1	1
api.Range.insertNode	1	1	1
api.Range.intersectsNode	1	1	1
api.Range.isPointInRange	1	1	1
api.Range.selectNode	1	1	1
api.Range.selectNodeContents	1	1	1
api.Range.setEnd	1	1	1
api.Range.setEndAfter	1	1	1
api.Range.setEndBefore	1	1	1
api.Range.setStart	1	1	1
api.Range.setStartAfter	1	1	1
api.Range.setStartBefore	1	1	1
api.Range.startContainer	1	1	1
api.Range.startOffset	1	1	1
api.Range.surroundContents	1	1	1
api.Range.toString	1	1	1
api.ReadableByteStreamController	1	1	1
api.ReadableByteStreamController.byobRequest	1	1	1
api.ReadableByteStreamController.close	1	1	1
api.ReadableByteStreamController.desiredSize	1	1	1
api.ReadableByteStreamController.enqueue	1	1	1
api.ReadableByteStreamController.error	1	1	1
api.ReadableStream.@@asyncIterator	1	1	1
api.ReadableStream.ReadableStream	1	1	1
api.ReadableStream	1	1	1
api.ReadableStream.cancel	1	1	1
api.ReadableStream.from_static	0	1	1
api.ReadableStream.getReader	1	1	1
api.ReadableStream.locked	1	1	1
api.ReadableStream.pipeThrough	1	1	1
api.ReadableStream.pipeTo	1	1	1
api.ReadableStream.tee	1	1	1
api.ReadableStream.transferable	1	1	0
api.ReadableStream.values	1	1	1
api.ReadableStreamBYOBReader.ReadableStreamBYOBReader	1	1	1
api.ReadableStreamBYOBReader	1	1	1
api.ReadableStreamBYOBReader.cancel	1	1	1
api.ReadableStreamBYOBReader.closed	1	1	1
api.ReadableStreamBYOBReader.read	1	1	1
api.ReadableStreamBYOBReader.read.options_min_parameter	1	1	0
api.ReadableStreamBYOBReader.releaseLock	1	1	1
api.ReadableStreamBYOBReader.releaseLock.reject_pending_read_request	1	1	0
api.ReadableStreamBYOBRequest	1	1	1
api.ReadableStreamBYOBRequest.respond	1	1	1
api.ReadableStreamBYOBRequest.respondWithNewView	1	1	1
api.ReadableStreamBYOBRequest.view	1	1	1
api.ReadableStreamDefaultController	1	1	1
api.ReadableStreamDefaultController.close	1	1	1
api.ReadableStreamDefaultController.desiredSize	1	1	1
api.ReadableStreamDefaultController.enqueue	1	1	1
api.ReadableStreamDefaultController.error	1	1	1
api.ReadableStreamDefaultReader.ReadableStreamDefaultReader	1	1	1
api.ReadableStreamDefaultReader	1	1	1
api.ReadableStreamDefaultReader.cancel	1	1	1
api.ReadableStreamDefaultReader.closed	1	1	1
api.ReadableStreamDefaultReader.read	1	1	1
api.ReadableStreamDefaultReader.releaseLock	1	1	1
api.ReadableStreamDefaultReader.releaseLock.reject_pending_read_request	1	1	1
api.Rect	0	0	1
api.Rect.bottom	0	0	1
api.Rect.left	0	0	1
api.Rect.right	0	0	1
api.Rect.top	0	0	1
api.RelativeOrientationSensor.RelativeOrientationSensor	1	0	0
api.RelativeOrientationSensor	1	0	0
api.RemotePlayback	1	0	1
api.RemotePlayback.cancelWatchAvailability	1	0	1
api.RemotePlayback.connect_event	1	0	1
api.RemotePlayback.connecting_event	1	0	1
api.RemotePlayback.disconnect_event	1	0	1
api.RemotePlayback.prompt	1	0	1
api.RemotePlayback.state	1	0	1
api.RemotePlayback.watchAvailability	1	0	1
api.Report	1	1	1
api.Report.body	1	1	1
api.Report.toJSON	1	1	1
api.Report.type	1	1	1
api.Report.url	1	1	1
api.ReportBody	1	1	1
api.ReportBody.toJSON	1	1	1
api.ReportingObserver.ReportingObserver	1	1	1
api.ReportingObserver.ReportingObserver.options_parameter	1	1	1
api.ReportingObserver.ReportingObserver.options_parameter.types_property	1	1	1
api.ReportingObserver.ReportingObserver.options_parameter.types_property.coep	1	0	0
api.ReportingObserver.ReportingObserver.options_parameter.types_property.connection-allowlist	1	0	0
api.ReportingObserver.ReportingObserver.options_parameter.types_property.csp-violation	1	1	1
api.ReportingObserver.ReportingObserver.options_parameter.types_property.deprecation	1	1	0
api.ReportingObserver.ReportingObserver.options_parameter.types_property.integrity-violation	1	1	0
api.ReportingObserver.ReportingObserver.options_parameter.types_property.intervention	1	0	0
api.ReportingObserver.ReportingObserver.options_parameter.types_property.permissions-policy-violation	1	0	0
api.ReportingObserver	1	1	1
api.ReportingObserver.disconnect	1	1	1
api.ReportingObserver.observe	1	1	1
api.ReportingObserver.takeRecords	1	1	1
api.ReportingObserver.worker_support	1	1	0
api.Request.Request	1	1	1
api.Request.Request.cross_origin_stripped	1	1	1
api.Request.Request.options_parameter	1	1	1
api.Request.Request.options_parameter.attributionReporting	1	0	0
api.Request.Request.options_parameter.body	1	1	1
api.Request.Request.options_parameter.body.accepts_readablestream	1	0	0
api.Request.Request.options_parameter.browsingTopics	1	0	0
api.Request.Request.options_parameter.duplex	1	0	0
api.Request.Request.options_parameter.keepalive	1	1	1
api.Request.Request.options_parameter.priority	1	1	1
api.Request.Request.options_parameter.privateToken	1	0	0
api.Request.Request.options_parameter.referrer	1	1	1
api.Request.Request.options_parameter.targetAddressSpace	1	0	0
api.Request.Request.response_body_readablestream	1	1	0
api.Request	1	1	1
api.Request.arrayBuffer	1	1	1
api.Request.blob	1	1	1
api.Request.body	1	0	1
api.Request.bodyUsed	1	1	1
api.Request.bytes	1	1	1
api.Request.cache	1	1	1
api.Request.cache.only-if-cached	1	1	1
api.Request.clone	1	1	1
api.Request.credentials	1	1	1
api.Request.credentials.default_same-origin	1	1	1
api.Request.destination	1	1	1
api.Request.destination.speculationrules	1	0	0
api.Request.destination.text	0	1	0
api.Request.duplex	1	0	1
api.Request.formData	1	1	1
api.Request.headers	1	1	1
api.Request.integrity	1	1	1
api.Request.isHistoryNavigation	1	0	0
api.Request.isReloadNavigation	1	0	0
api.Request.json	1	1	1
api.Request.keepalive	1	1	1
api.Request.method	1	1	1
api.Request.mode	1	1	1
api.Request.mode.navigate_mode	1	1	1
api.Request.redirect	1	1	1
api.Request.referrer	1	1	1
api.Request.referrerPolicy	1	1	1
api.Request.signal	1	1	1
api.Request.targetAddressSpace	1	0	0
api.Request.text	1	1	1
api.Request.textStream	1	0	0
api.Request.url	1	1	1
api.ResizeObserver.ResizeObserver	1	1	1
api.ResizeObserver	1	1	1
api.ResizeObserver.disconnect	1	1	1
api.ResizeObserver.observe	1	1	1
api.ResizeObserver.observe.options_box_parameter	1	1	1
api.ResizeObserver.unobserve	1	1	1
api.ResizeObserverEntry	1	1	1
api.ResizeObserverEntry.borderBoxSize	1	1	1
api.ResizeObserverEntry.contentBoxSize	1	1	1
api.ResizeObserverEntry.contentRect	1	1	1
api.ResizeObserverEntry.devicePixelContentBoxSize	1	1	0
api.ResizeObserverEntry.target	1	1	1
api.ResizeObserverSize	1	1	1
api.ResizeObserverSize.blockSize	1	1	1
api.ResizeObserverSize.inlineSize	1	1	1
api.Response.Response	1	1	1
api.Response.Response.accept_readablestream	1	1	1
api.Response.Response.body_parameter_optional	1	1	1
api.Response	1	1	1
api.Response.arrayBuffer	1	1	1
api.Response.blob	1	1	1
api.Response.body	1	1	1
api.Response.body.readable_byte_stream	1	1	1
api.Response.bodyUsed	1	1	1
api.Response.bytes	1	1	1
api.Response.clone	1	1	1
api.Response.error_static	1	1	1
api.Response.formData	1	1	1
api.Response.headers	1	1	1
api.Response.json	1	1	1
api.Response.json_static	1	1	1
api.Response.ok	1	1	1
api.Response.redirect_static	1	1	1
api.Response.redirected	1	1	1
api.Response.status	1	1	1
api.Response.statusText	1	1	1
api.Response.text	1	1	1
api.Response.textStream	1	0	0
api.Response.type	1	1	1
api.Response.url	1	1	1
api.RestrictionTarget	1	0	0
api.RestrictionTarget.fromElement_static	1	0	0
api.SVGAElement	1	1	1
api.SVGAElement.download	1	1	0
api.SVGAElement.hash	0	1	0
api.SVGAElement.host	0	1	0
api.SVGAElement.hostname	0	1	0
api.SVGAElement.href	1	1	1
api.SVGAElement.hreflang	1	1	1
api.SVGAElement.interestForElement	1	0	0
api.SVGAElement.origin	0	1	0
api.SVGAElement.password	0	1	0
api.SVGAElement.pathname	0	1	0
api.SVGAElement.ping	1	1	0
api.SVGAElement.port	0	1	0
api.SVGAElement.protocol	0	1	0
api.SVGAElement.referrerPolicy	1	1	0
api.SVGAElement.rel	1	1	1
api.SVGAElement.relList	1	1	1
api.SVGAElement.search	0	1	0
api.SVGAElement.target	1	1	1
api.SVGAElement.type	1	1	1
api.SVGAElement.username	0	1	0
api.SVGAngle	1	1	1
api.SVGAngle.convertToSpecifiedUnits	1	1	1
api.SVGAngle.newValueSpecifiedUnits	1	1	1
api.SVGAngle.unitType	1	1	1
api.SVGAngle.value	1	1	1
api.SVGAngle.valueAsString	1	1	1
api.SVGAngle.valueInSpecifiedUnits	1	1	1
api.SVGAnimateElement	1	1	1
api.SVGAnimateMotionElement	1	1	1
api.SVGAnimateTransformElement	1	1	1
api.SVGAnimatedAngle	1	1	1
api.SVGAnimatedAngle.animVal	1	1	1
api.SVGAnimatedAngle.baseVal	1	1	1
api.SVGAnimatedBoolean	1	1	1
api.SVGAnimatedBoolean.animVal	1	1	1
api.SVGAnimatedBoolean.baseVal	1	1	1
api.SVGAnimatedEnumeration	1	1	1
api.SVGAnimatedEnumeration.animVal	1	1	1
api.SVGAnimatedEnumeration.baseVal	1	1	1
api.SVGAnimatedInteger	1	1	1
api.SVGAnimatedInteger.animVal	1	1	1
api.SVGAnimatedInteger.baseVal	1	1	1
api.SVGAnimatedLength	1	1	1
api.SVGAnimatedLength.animVal	1	1	1
api.SVGAnimatedLength.baseVal	1	1	1
api.SVGAnimatedLengthList	1	1	1
api.SVGAnimatedLengthList.animVal	1	1	1
api.SVGAnimatedLengthList.baseVal	1	1	1
api.SVGAnimatedNumber	1	1	1
api.SVGAnimatedNumber.animVal	1	1	1
api.SVGAnimatedNumber.baseVal	1	1	1
api.SVGAnimatedNumberList	1	1	1
api.SVGAnimatedNumberList.animVal	1	1	1
api.SVGAnimatedNumberList.baseVal	1	1	1
api.SVGAnimatedPreserveAspectRatio	1	1	1
api.SVGAnimatedPreserveAspectRatio.animVal	1	1	1
api.SVGAnimatedPreserveAspectRatio.baseVal	1	1	1
api.SVGAnimatedRect	1	1	1
api.SVGAnimatedRect.animVal	1	1	1
api.SVGAnimatedRect.baseVal	1	1	1
api.SVGAnimatedString	1	1	1
api.SVGAnimatedString.animVal	1	1	1
api.SVGAnimatedString.baseVal	1	1	1
api.SVGAnimatedString.baseVal.enforces_trusted_types	1	1	0
api.SVGAnimatedTransformList	1	1	1
api.SVGAnimatedTransformList.animVal	1	1	1
api.SVGAnimatedTransformList.baseVal	1	1	1
api.SVGAnimationElement	1	1	1
api.SVGAnimationElement.beginElement	1	1	1
api.SVGAnimationElement.beginElementAt	1	1	1
api.SVGAnimationElement.beginEvent_event	1	1	1
api.SVGAnimationElement.endElement	1	1	1
api.SVGAnimationElement.endElementAt	1	1	1
api.SVGAnimationElement.endEvent_event	1	1	1
api.SVGAnimationElement.getCurrentTime	1	1	1
api.SVGAnimationElement.getSimpleDuration	1	1	1
api.SVGAnimationElement.getStartTime	1	1	1
api.SVGAnimationElement.repeatEvent_event	1	1	1
api.SVGAnimationElement.requiredExtensions	1	1	1
api.SVGAnimationElement.systemLanguage	1	1	1
api.SVGAnimationElement.targetElement	1	1	1
api.SVGCircleElement	1	1	1
api.SVGCircleElement.cx	1	1	1
api.SVGCircleElement.cy	1	1	1
api.SVGCircleElement.r	1	1	1
api.SVGClipPathElement	1	1	1
api.SVGClipPathElement.clipPathUnits	1	1	1
api.SVGClipPathElement.transform	1	1	1
api.SVGComponentTransferFunctionElement	1	1	1
api.SVGComponentTransferFunctionElement.amplitude	1	1	1
api.SVGComponentTransferFunctionElement.exponent	1	1	1
api.SVGComponentTransferFunctionElement.intercept	1	1	1
api.SVGComponentTransferFunctionElement.offset	1	1	1
api.SVGComponentTransferFunctionElement.slope	1	1	1
api.SVGComponentTransferFunctionElement.tableValues	1	1	1
api.SVGComponentTransferFunctionElement.type	1	1	1
api.SVGDefsElement	1	1	1
api.SVGDescElement	1	1	1
api.SVGDiscardElement	0	0	0
api.SVGElement	1	1	1
api.SVGElement.attributeStyleMap	1	1	1
api.SVGElement.autofocus	1	1	1
api.SVGElement.blur	1	1	1
api.SVGElement.className	1	1	1
api.SVGElement.dataset	1	1	1
api.SVGElement.error_event	1	1	1
api.SVGElement.focus	1	1	1
api.SVGElement.focus.options_preventScroll_parameter	1	1	1
api.SVGElement.load_event	1	1	1
api.SVGElement.nonce	1	1	1
api.SVGElement.ownerSVGElement	1	1	1
api.SVGElement.style	1	1	1
api.SVGElement.style.returns_CSSStyleProperties	0	1	1
api.SVGElement.tabIndex	1	1	1
api.SVGElement.viewportElement	1	1	1
api.SVGEllipseElement	1	1	1
api.SVGEllipseElement.cx	1	1	1
api.SVGEllipseElement.cy	1	1	1
api.SVGEllipseElement.rx	1	1	1
api.SVGEllipseElement.ry	1	1	1
api.SVGFEBlendElement	1	1	1
api.SVGFEBlendElement.height	1	1	1
api.SVGFEBlendElement.in1	1	1	1
api.SVGFEBlendElement.in2	1	1	1
api.SVGFEBlendElement.mode	1	1	1
api.SVGFEBlendElement.result	1	1	1
api.SVGFEBlendElement.width	1	1	1
api.SVGFEBlendElement.x	1	1	1
api.SVGFEBlendElement.y	1	1	1
api.SVGFEColorMatrixElement	1	1	1
api.SVGFEColorMatrixElement.height	1	1	1
api.SVGFEColorMatrixElement.in1	1	1	1
api.SVGFEColorMatrixElement.result	1	1	1
api.SVGFEColorMatrixElement.type	1	1	1
api.SVGFEColorMatrixElement.values	1	1	1
api.SVGFEColorMatrixElement.width	1	1	1
api.SVGFEColorMatrixElement.x	1	1	1
api.SVGFEColorMatrixElement.y	1	1	1
api.SVGFEComponentTransferElement	1	1	1
api.SVGFEComponentTransferElement.height	1	1	1
api.SVGFEComponentTransferElement.in1	1	1	1
api.SVGFEComponentTransferElement.result	1	1	1
api.SVGFEComponentTransferElement.width	1	1	1
api.SVGFEComponentTransferElement.x	1	1	1
api.SVGFEComponentTransferElement.y	1	1	1
api.SVGFECompositeElement	1	1	1
api.SVGFECompositeElement.height	1	1	1
api.SVGFECompositeElement.in1	1	1	1
api.SVGFECompositeElement.in2	1	1	1
api.SVGFECompositeElement.k1	1	1	1
api.SVGFECompositeElement.k2	1	1	1
api.SVGFECompositeElement.k3	1	1	1
api.SVGFECompositeElement.k4	1	1	1
api.SVGFECompositeElement.operator	1	1	1
api.SVGFECompositeElement.result	1	1	1
api.SVGFECompositeElement.width	1	1	1
api.SVGFECompositeElement.x	1	1	1
api.SVGFECompositeElement.y	1	1	1
api.SVGFEConvolveMatrixElement	1	1	1
api.SVGFEConvolveMatrixElement.bias	1	1	1
api.SVGFEConvolveMatrixElement.divisor	1	1	1
api.SVGFEConvolveMatrixElement.edgeMode	1	1	1
api.SVGFEConvolveMatrixElement.height	1	1	1
api.SVGFEConvolveMatrixElement.in1	1	1	1
api.SVGFEConvolveMatrixElement.kernelMatrix	1	1	1
api.SVGFEConvolveMatrixElement.kernelUnitLengthX	1	1	1
api.SVGFEConvolveMatrixElement.kernelUnitLengthY	1	1	1
api.SVGFEConvolveMatrixElement.orderX	1	1	1
api.SVGFEConvolveMatrixElement.orderY	1	1	1
api.SVGFEConvolveMatrixElement.preserveAlpha	1	1	1
api.SVGFEConvolveMatrixElement.result	1	1	1
api.SVGFEConvolveMatrixElement.targetX	1	1	1
api.SVGFEConvolveMatrixElement.targetY	1	1	1
api.SVGFEConvolveMatrixElement.width	1	1	1
api.SVGFEConvolveMatrixElement.x	1	1	1
api.SVGFEConvolveMatrixElement.y	1	1	1
api.SVGFEDiffuseLightingElement	1	1	1
api.SVGFEDiffuseLightingElement.diffuseConstant	1	1	1
api.SVGFEDiffuseLightingElement.height	1	1	1
api.SVGFEDiffuseLightingElement.in1	1	1	1
api.SVGFEDiffuseLightingElement.kernelUnitLengthX	1	1	1
api.SVGFEDiffuseLightingElement.kernelUnitLengthY	1	1	1
api.SVGFEDiffuseLightingElement.result	1	1	1
api.SVGFEDiffuseLightingElement.surfaceScale	1	1	1
api.SVGFEDiffuseLightingElement.width	1	1	1
api.SVGFEDiffuseLightingElement.x	1	1	1
api.SVGFEDiffuseLightingElement.y	1	1	1
api.SVGFEDisplacementMapElement	1	1	1
api.SVGFEDisplacementMapElement.height	1	1	1
api.SVGFEDisplacementMapElement.in1	1	1	1
api.SVGFEDisplacementMapElement.in2	1	1	1
api.SVGFEDisplacementMapElement.result	1	1	1
api.SVGFEDisplacementMapElement.scale	1	1	1
api.SVGFEDisplacementMapElement.width	1	1	1
api.SVGFEDisplacementMapElement.x	1	1	1
api.SVGFEDisplacementMapElement.xChannelSelector	1	1	1
api.SVGFEDisplacementMapElement.y	1	1	1
api.SVGFEDisplacementMapElement.yChannelSelector	1	1	1
api.SVGFEDistantLightElement	1	1	1
api.SVGFEDistantLightElement.azimuth	1	1	1
api.SVGFEDistantLightElement.elevation	1	1	1
api.SVGFEDropShadowElement	1	1	1
api.SVGFEDropShadowElement.dx	1	1	1
api.SVGFEDropShadowElement.dy	1	1	1
api.SVGFEDropShadowElement.height	1	1	1
api.SVGFEDropShadowElement.in1	1	1	1
api.SVGFEDropShadowElement.result	1	1	1
api.SVGFEDropShadowElement.setStdDeviation	1	1	1
api.SVGFEDropShadowElement.stdDeviationX	1	1	1
api.SVGFEDropShadowElement.stdDeviationY	1	1	1
api.SVGFEDropShadowElement.width	1	1	1
api.SVGFEDropShadowElement.x	1	1	1
api.SVGFEDropShadowElement.y	1	1	1
api.SVGFEFloodElement	1	1	1
api.SVGFEFloodElement.height	1	1	1
api.SVGFEFloodElement.result	1	1	1
api.SVGFEFloodElement.width	1	1	1
api.SVGFEFloodElement.x	1	1	1
api.SVGFEFloodElement.y	1	1	1
api.SVGFEFuncAElement	1	1	1
api.SVGFEFuncBElement	1	1	1
api.SVGFEFuncGElement	1	1	1
api.SVGFEFuncRElement	1	1	1
api.SVGFEGaussianBlurElement	1	1	1
api.SVGFEGaussianBlurElement.edgeMode	0	0	1
api.SVGFEGaussianBlurElement.height	1	1	1
api.SVGFEGaussianBlurElement.in1	1	1	1
api.SVGFEGaussianBlurElement.result	1	1	1
api.SVGFEGaussianBlurElement.setStdDeviation	1	1	1
api.SVGFEGaussianBlurElement.stdDeviationX	1	1	1
api.SVGFEGaussianBlurElement.stdDeviationY	1	1	1
api.SVGFEGaussianBlurElement.width	1	1	1
api.SVGFEGaussianBlurElement.x	1	1	1
api.SVGFEGaussianBlurElement.y	1	1	1
api.SVGFEImageElement	1	1	1
api.SVGFEImageElement.crossOrigin	0	1	0
api.SVGFEImageElement.height	1	1	1
api.SVGFEImageElement.href	1	1	1
api.SVGFEImageElement.preserveAspectRatio	1	1	1
api.SVGFEImageElement.result	1	1	1
api.SVGFEImageElement.width	1	1	1
api.SVGFEImageElement.x	1	1	1
api.SVGFEImageElement.y	1	1	1
api.SVGFEMergeElement	1	1	1
api.SVGFEMergeElement.height	1	1	1
api.SVGFEMergeElement.result	1	1	1
api.SVGFEMergeElement.width	1	1	1
api.SVGFEMergeElement.x	1	1	1
api.SVGFEMergeElement.y	1	1	1
api.SVGFEMergeNodeElement	1	1	1
api.SVGFEMergeNodeElement.in1	1	1	1
api.SVGFEMorphologyElement	1	1	1
api.SVGFEMorphologyElement.height	1	1	1
api.SVGFEMorphologyElement.in1	1	1	1
api.SVGFEMorphologyElement.operator	1	1	1
api.SVGFEMorphologyElement.radiusX	1	1	1
api.SVGFEMorphologyElement.radiusY	1	1	1
api.SVGFEMorphologyElement.result	1	1	1
api.SVGFEMorphologyElement.width	1	1	1
api.SVGFEMorphologyElement.x	1	1	1
api.SVGFEMorphologyElement.y	1	1	1
api.SVGFEOffsetElement	1	1	1
api.SVGFEOffsetElement.dx	1	1	1
api.SVGFEOffsetElement.dy	1	1	1
api.SVGFEOffsetElement.height	1	1	1
api.SVGFEOffsetElement.in1	1	1	1
api.SVGFEOffsetElement.result	1	1	1
api.SVGFEOffsetElement.width	1	1	1
api.SVGFEOffsetElement.x	1	1	1
api.SVGFEOffsetElement.y	1	1	1
api.SVGFEPointLightElement	1	1	1
api.SVGFEPointLightElement.x	1	1	1
api.SVGFEPointLightElement.y	1	1	1
api.SVGFEPointLightElement.z	1	1	1
api.SVGFESpecularLightingElement	1	1	1
api.SVGFESpecularLightingElement.height	1	1	1
api.SVGFESpecularLightingElement.in1	1	1	1
api.SVGFESpecularLightingElement.kernelUnitLengthX	1	1	1
api.SVGFESpecularLightingElement.kernelUnitLengthY	1	1	1
api.SVGFESpecularLightingElement.result	1	1	1
api.SVGFESpecularLightingElement.specularConstant	1	1	1
api.SVGFESpecularLightingElement.specularExponent	1	1	1
api.SVGFESpecularLightingElement.surfaceScale	1	1	1
api.SVGFESpecularLightingElement.width	1	1	1
api.SVGFESpecularLightingElement.x	1	1	1
api.SVGFESpecularLightingElement.y	1	1	1
api.SVGFESpotLightElement	1	1	1
api.SVGFESpotLightElement.limitingConeAngle	1	1	1
api.SVGFESpotLightElement.pointsAtX	1	1	1
api.SVGFESpotLightElement.pointsAtY	1	1	1
api.SVGFESpotLightElement.pointsAtZ	1	1	1
api.SVGFESpotLightElement.specularExponent	1	1	1
api.SVGFESpotLightElement.x	1	1	1
api.SVGFESpotLightElement.y	1	1	1
api.SVGFESpotLightElement.z	1	1	1
api.SVGFETileElement	1	1	1
api.SVGFETileElement.height	1	1	1
api.SVGFETileElement.in1	1	1	1
api.SVGFETileElement.result	1	1	1
api.SVGFETileElement.width	1	1	1
api.SVGFETileElement.x	1	1	1
api.SVGFETileElement.y	1	1	1
api.SVGFETurbulenceElement	1	1	1
api.SVGFETurbulenceElement.baseFrequencyX	1	1	1
api.SVGFETurbulenceElement.baseFrequencyY	1	1	1
api.SVGFETurbulenceElement.height	1	1	1
api.SVGFETurbulenceElement.numOctaves	1	1	1
api.SVGFETurbulenceElement.result	1	1	1
api.SVGFETurbulenceElement.seed	1	1	1
api.SVGFETurbulenceElement.stitchTiles	1	1	1
api.SVGFETurbulenceElement.type	1	1	1
api.SVGFETurbulenceElement.width	1	1	1
api.SVGFETurbulenceElement.x	1	1	1
api.SVGFETurbulenceElement.y	1	1	1
api.SVGFilterElement	1	1	1
api.SVGFilterElement.filterUnits	1	1	1
api.SVGFilterElement.height	1	1	1
api.SVGFilterElement.href	1	1	1
api.SVGFilterElement.primitiveUnits	1	1	1
api.SVGFilterElement.width	1	1	1
api.SVGFilterElement.x	1	1	1
api.SVGFilterElement.y	1	1	1
api.SVGForeignObjectElement	1	1	1
api.SVGForeignObjectElement.height	1	1	1
api.SVGForeignObjectElement.width	1	1	1
api.SVGForeignObjectElement.x	1	1	1
api.SVGForeignObjectElement.y	1	1	1
api.SVGGElement	1	1	1
api.SVGGeometryElement	1	1	1
api.SVGGeometryElement.getPointAtLength	1	1	1
api.SVGGeometryElement.getTotalLength	1	1	1
api.SVGGeometryElement.isPointInFill	1	1	1
api.SVGGeometryElement.isPointInFill.point_parameter_DOMPoint	1	1	1
api.SVGGeometryElement.isPointInStroke	1	1	1
api.SVGGeometryElement.isPointInStroke.point_parameter_DOMPoint	1	1	1
api.SVGGeometryElement.pathLength	1	1	1
api.SVGGradientElement	1	1	1
api.SVGGradientElement.gradientTransform	1	1	1
api.SVGGradientElement.gradientUnits	1	1	1
api.SVGGradientElement.href	1	1	1
api.SVGGradientElement.spreadMethod	1	1	1
api.SVGGraphicsElement	1	1	1
api.SVGGraphicsElement.getBBox	1	1	1
api.SVGGraphicsElement.getBBox.options_parameter	0	1	0
api.SVGGraphicsElement.getBBox.options_parameter.options_clipped_parameter	0	1	0
api.SVGGraphicsElement.getBBox.options_parameter.options_fill_parameter	0	1	0
api.SVGGraphicsElement.getBBox.options_parameter.options_markers_parameter	0	1	0
api.SVGGraphicsElement.getBBox.options_parameter.options_stroke_parameter	0	1	0
api.SVGGraphicsElement.getCTM	1	1	1
api.SVGGraphicsElement.getScreenCTM	1	1	1
api.SVGGraphicsElement.requiredExtensions	1	1	1
api.SVGGraphicsElement.systemLanguage	1	1	1
api.SVGGraphicsElement.transform	1	1	1
api.SVGImageElement	1	1	1
api.SVGImageElement.crossOrigin	1	1	1
api.SVGImageElement.decode	1	1	1
api.SVGImageElement.decoding	1	1	0
api.SVGImageElement.height	1	1	1
api.SVGImageElement.href	1	1	1
api.SVGImageElement.preserveAspectRatio	1	1	1
api.SVGImageElement.width	1	1	1
api.SVGImageElement.x	1	1	1
api.SVGImageElement.y	1	1	1
api.SVGLength	1	1	1
api.SVGLength.convertToSpecifiedUnits	1	1	1
api.SVGLength.newValueSpecifiedUnits	1	1	1
api.SVGLength.unitType	1	1	1
api.SVGLength.value	1	1	1
api.SVGLength.valueAsString	1	1	1
api.SVGLength.valueInSpecifiedUnits	1	1	1
api.SVGLengthList	1	1	1
api.SVGLengthList.appendItem	1	1	1
api.SVGLengthList.clear	1	1	1
api.SVGLengthList.getItem	1	1	1
api.SVGLengthList.initialize	1	1	1
api.SVGLengthList.insertItemBefore	1	1	1
api.SVGLengthList.length	1	1	1
api.SVGLengthList.numberOfItems	1	1	1
api.SVGLengthList.removeItem	1	1	1
api.SVGLengthList.replaceItem	1	1	1
api.SVGLineElement	1	1	1
api.SVGLineElement.x1	1	1	1
api.SVGLineElement.x2	1	1	1
api.SVGLineElement.y1	1	1	1
api.SVGLineElement.y2	1	1	1
api.SVGLinearGradientElement	1	1	1
api.SVGLinearGradientElement.x1	1	1	1
api.SVGLinearGradientElement.x2	1	1	1
api.SVGLinearGradientElement.y1	1	1	1
api.SVGLinearGradientElement.y2	1	1	1
api.SVGMPathElement	1	1	1
api.SVGMPathElement.href	1	1	1
api.SVGMarkerElement	1	1	1
api.SVGMarkerElement.markerHeight	1	1	1
api.SVGMarkerElement.markerUnits	1	1	1
api.SVGMarkerElement.markerWidth	1	1	1
api.SVGMarkerElement.orient	0	0	1
api.SVGMarkerElement.orientAngle	1	1	1
api.SVGMarkerElement.orientType	1	1	1
api.SVGMarkerElement.preserveAspectRatio	1	1	1
api.SVGMarkerElement.refX	1	1	1
api.SVGMarkerElement.refY	1	1	1
api.SVGMarkerElement.setOrientToAngle	1	1	1
api.SVGMarkerElement.setOrientToAuto	1	1	1
api.SVGMarkerElement.viewBox	1	1	1
api.SVGMaskElement	1	1	1
api.SVGMaskElement.height	1	1	1
api.SVGMaskElement.maskContentUnits	1	1	1
api.SVGMaskElement.maskUnits	1	1	1
api.SVGMaskElement.width	1	1	1
api.SVGMaskElement.x	1	1	1
api.SVGMaskElement.y	1	1	1
api.SVGMetadataElement	1	1	1
api.SVGNumber	1	1	1
api.SVGNumber.value	1	1	1
api.SVGNumberList	1	1	1
api.SVGNumberList.appendItem	1	1	1
api.SVGNumberList.clear	1	1	1
api.SVGNumberList.getItem	1	1	1
api.SVGNumberList.initialize	1	1	1
api.SVGNumberList.insertItemBefore	1	1	1
api.SVGNumberList.length	1	1	1
api.SVGNumberList.numberOfItems	1	1	1
api.SVGNumberList.removeItem	1	1	1
api.SVGNumberList.replaceItem	1	1	1
api.SVGPathElement	1	1	1
api.SVGPathElement.createSVGPathSegArcAbs	0	0	1
api.SVGPathElement.createSVGPathSegArcRel	0	0	1
api.SVGPathElement.createSVGPathSegClosePath	0	0	1
api.SVGPathElement.createSVGPathSegCurvetoCubicAbs	0	0	1
api.SVGPathElement.createSVGPathSegCurvetoCubicRel	0	0	1
api.SVGPathElement.createSVGPathSegCurvetoCubicSmoothAbs	0	0	1
api.SVGPathElement.createSVGPathSegCurvetoCubicSmoothRel	0	0	1
api.SVGPathElement.createSVGPathSegCurvetoQuadraticAbs	0	0	1
api.SVGPathElement.createSVGPathSegCurvetoQuadraticRel	0	0	1
api.SVGPathElement.createSVGPathSegCurvetoQuadraticSmoothAbs	0	0	1
api.SVGPathElement.createSVGPathSegCurvetoQuadraticSmoothRel	0	0	1
api.SVGPathElement.createSVGPathSegLinetoAbs	0	0	1
api.SVGPathElement.createSVGPathSegLinetoHorizontalAbs	0	0	1
api.SVGPathElement.createSVGPathSegLinetoHorizontalRel	0	0	1
api.SVGPathElement.createSVGPathSegLinetoRel	0	0	1
api.SVGPathElement.createSVGPathSegLinetoVerticalAbs	0	0	1
api.SVGPathElement.createSVGPathSegLinetoVerticalRel	0	0	1
api.SVGPathElement.createSVGPathSegMovetoAbs	0	0	1
api.SVGPathElement.createSVGPathSegMovetoRel	0	0	1
api.SVGPathElement.getPathData	0	1	0
api.SVGPathElement.getPathSegAtLength	0	0	1
api.SVGPathElement.getPathSegmentAtLength	0	1	0
api.SVGPathElement.getPointAtLength	1	1	1
api.SVGPathElement.getTotalLength	1	1	1
api.SVGPathElement.pathLength	1	1	1
api.SVGPathElement.setPathData	0	1	0
api.SVGPatternElement	1	1	1
api.SVGPatternElement.height	1	1	1
api.SVGPatternElement.href	1	1	1
api.SVGPatternElement.patternContentUnits	1	1	1
api.SVGPatternElement.patternTransform	1	1	1
api.SVGPatternElement.patternUnits	1	1	1
api.SVGPatternElement.preserveAspectRatio	1	1	1
api.SVGPatternElement.viewBox	1	1	1
api.SVGPatternElement.width	1	1	1
api.SVGPatternElement.x	1	1	1
api.SVGPatternElement.y	1	1	1
api.SVGPoint	1	1	1
api.SVGPoint.matrixTransform	1	1	1
api.SVGPoint.x	1	1	1
api.SVGPoint.y	1	1	1
api.SVGPointList	1	1	1
api.SVGPointList.appendItem	1	1	1
api.SVGPointList.clear	1	1	1
api.SVGPointList.getItem	1	1	1
api.SVGPointList.initialize	1	1	1
api.SVGPointList.insertItemBefore	1	1	1
api.SVGPointList.length	1	1	1
api.SVGPointList.numberOfItems	1	1	1
api.SVGPointList.removeItem	1	1	1
api.SVGPointList.replaceItem	1	1	1
api.SVGPolygonElement	1	1	1
api.SVGPolygonElement.animatedPoints	1	1	1
api.SVGPolygonElement.points	1	1	1
api.SVGPolylineElement	1	1	1
api.SVGPolylineElement.animatedPoints	1	1	1
api.SVGPolylineElement.points	1	1	1
api.SVGPreserveAspectRatio	1	1	1
api.SVGPreserveAspectRatio.align	1	1	1
api.SVGPreserveAspectRatio.meetOrSlice	1	1	1
api.SVGRadialGradientElement	1	1	1
api.SVGRadialGradientElement.cx	1	1	1
api.SVGRadialGradientElement.cy	1	1	1
api.SVGRadialGradientElement.fr	1	1	1
api.SVGRadialGradientElement.fx	1	1	1
api.SVGRadialGradientElement.fy	1	1	1
api.SVGRadialGradientElement.r	1	1	1
api.SVGRect	1	1	1
api.SVGRect.height	1	1	1
api.SVGRect.width	1	1	1
api.SVGRect.x	1	1	1
api.SVGRect.y	1	1	1
api.SVGRectElement	1	1	1
api.SVGRectElement.height	1	1	1
api.SVGRectElement.rx	1	1	1
api.SVGRectElement.ry	1	1	1
api.SVGRectElement.width	1	1	1
api.SVGRectElement.x	1	1	1
api.SVGRectElement.y	1	1	1
api.SVGSVGElement	1	1	1
api.SVGSVGElement.animationsPaused	1	1	1
api.SVGSVGElement.checkEnclosure	1	0	1
api.SVGSVGElement.checkIntersection	1	0	1
api.SVGSVGElement.createSVGAngle	1	1	1
api.SVGSVGElement.createSVGLength	1	1	1
api.SVGSVGElement.createSVGMatrix	1	1	1
api.SVGSVGElement.createSVGNumber	1	1	1
api.SVGSVGElement.createSVGPoint	1	1	1
api.SVGSVGElement.createSVGRect	1	1	1
api.SVGSVGElement.createSVGTransform	1	1	1
api.SVGSVGElement.createSVGTransformFromMatrix	1	1	1
api.SVGSVGElement.currentScale	1	1	1
api.SVGSVGElement.currentTranslate	1	1	1
api.SVGSVGElement.currentView	0	0	1
api.SVGSVGElement.deselectAll	1	1	1
api.SVGSVGElement.forceRedraw	1	1	1
api.SVGSVGElement.getCurrentTime	1	1	1
api.SVGSVGElement.getElementById	1	1	1
api.SVGSVGElement.getEnclosureList	1	0	1
api.SVGSVGElement.getIntersectionList	1	0	1
api.SVGSVGElement.height	1	1	1
api.SVGSVGElement.pauseAnimations	1	1	1
api.SVGSVGElement.preserveAspectRatio	1	1	1
api.SVGSVGElement.setCurrentTime	1	1	1
api.SVGSVGElement.suspendRedraw	1	1	1
api.SVGSVGElement.unpauseAnimations	1	1	1
api.SVGSVGElement.unsuspendRedraw	1	1	1
api.SVGSVGElement.unsuspendRedrawAll	1	1	1
api.SVGSVGElement.useCurrentView	0	0	1
api.SVGSVGElement.viewBox	1	1	1
api.SVGSVGElement.width	1	1	1
api.SVGSVGElement.x	1	1	1
api.SVGSVGElement.y	1	1	1
api.SVGScriptElement	1	1	1
api.SVGScriptElement.async	1	1	1
api.SVGScriptElement.crossOrigin	0	1	0
api.SVGScriptElement.defer	0	1	0
api.SVGScriptElement.href	1	1	1
api.SVGScriptElement.type	1	1	1
api.SVGSetElement	1	1	1
api.SVGStopElement	1	1	1
api.SVGStopElement.offset	1	1	1
api.SVGStringList	1	1	1
api.SVGStringList.appendItem	1	1	1
api.SVGStringList.clear	1	1	1
api.SVGStringList.getItem	1	1	1
api.SVGStringList.initialize	1	1	1
api.SVGStringList.insertItemBefore	1	1	1
api.SVGStringList.length	1	1	1
api.SVGStringList.numberOfItems	1	1	1
api.SVGStringList.removeItem	1	1	1
api.SVGStringList.replaceItem	1	1	1
api.SVGStyleElement	1	1	1
api.SVGStyleElement.disabled	1	1	1
api.SVGStyleElement.media	1	1	1
api.SVGStyleElement.sheet	1	1	1
api.SVGStyleElement.title	1	1	1
api.SVGStyleElement.type	1	1	1
api.SVGSwitchElement	1	1	1
api.SVGSymbolElement	1	1	1
api.SVGSymbolElement.preserveAspectRatio	1	1	1
api.SVGSymbolElement.viewBox	1	1	1
api.SVGTSpanElement	1	1	1
api.SVGTextContentElement	1	1	1
api.SVGTextContentElement.getCharNumAtPosition	1	1	1
api.SVGTextContentElement.getComputedTextLength	1	1	1
api.SVGTextContentElement.getEndPositionOfChar	1	1	1
api.SVGTextContentElement.getExtentOfChar	1	1	1
api.SVGTextContentElement.getNumberOfChars	1	1	1
api.SVGTextContentElement.getRotationOfChar	1	1	1
api.SVGTextContentElement.getStartPositionOfChar	1	1	1
api.SVGTextContentElement.getSubStringLength	1	1	1
api.SVGTextContentElement.lengthAdjust	1	1	1
api.SVGTextContentElement.selectSubString	1	1	1
api.SVGTextContentElement.textLength	1	1	1
api.SVGTextElement	1	1	1
api.SVGTextPathElement	1	1	1
api.SVGTextPathElement.href	1	1	1
api.SVGTextPathElement.method	1	1	1
api.SVGTextPathElement.side	0	1	0
api.SVGTextPathElement.spacing	1	1	1
api.SVGTextPathElement.startOffset	1	1	1
api.SVGTextPositioningElement	1	1	1
api.SVGTextPositioningElement.dx	1	1	1
api.SVGTextPositioningElement.dy	1	1	1
api.SVGTextPositioningElement.rotate	1	1	1
api.SVGTextPositioningElement.x	1	1	1
api.SVGTextPositioningElement.y	1	1	1
api.SVGTitleElement	1	1	1
api.SVGTransform	1	1	1
api.SVGTransform.angle	1	1	1
api.SVGTransform.matrix	1	1	1
api.SVGTransform.setMatrix	1	1	1
api.SVGTransform.setRotate	1	1	1
api.SVGTransform.setScale	1	1	1
api.SVGTransform.setSkewX	1	1	1
api.SVGTransform.setSkewY	1	1	1
api.SVGTransform.setTranslate	1	1	1
api.SVGTransform.type	1	1	1
api.SVGTransformList	1	1	1
api.SVGTransformList.appendItem	1	1	1
api.SVGTransformList.clear	1	1	1
api.SVGTransformList.consolidate	1	1	1
api.SVGTransformList.createSVGTransformFromMatrix	1	1	1
api.SVGTransformList.getItem	1	1	1
api.SVGTransformList.initialize	1	1	1
api.SVGTransformList.insertItemBefore	1	1	1
api.SVGTransformList.length	1	1	1
api.SVGTransformList.numberOfItems	1	1	1
api.SVGTransformList.removeItem	1	1	1
api.SVGTransformList.replaceItem	1	1	1
api.SVGUnitTypes	1	1	1
api.SVGUseElement	1	1	1
api.SVGUseElement.height	1	1	1
api.SVGUseElement.href	1	1	1
api.SVGUseElement.width	1	1	1
api.SVGUseElement.x	1	1	1
api.SVGUseElement.y	1	1	1
api.SVGViewElement	1	1	1
api.SVGViewElement.preserveAspectRatio	1	1	1
api.SVGViewElement.viewBox	1	1	1
api.Sanitizer.Sanitizer	1	1	0
api.Sanitizer	1	1	0
api.Sanitizer.allowAttribute	1	1	0
api.Sanitizer.allowElement	1	1	0
api.Sanitizer.allowProcessingInstruction	1	0	0
api.Sanitizer.get	1	1	0
api.Sanitizer.removeAttribute	1	1	0
api.Sanitizer.removeElement	1	1	0
api.Sanitizer.removeProcessingInstruction	1	0	0
api.Sanitizer.removeUnsafe	1	1	0
api.Sanitizer.replaceElementWithChildren	1	1	0
api.Sanitizer.setComments	1	1	0
api.Sanitizer.setDataAttributes	1	1	0
api.Scheduler	1	1	0
api.Scheduler.postTask	1	1	0
api.Scheduler.yield	1	1	0
api.Scheduling	1	0	0
api.Scheduling.isInputPending	1	0	0
api.Screen	1	1	1
api.Screen.availHeight	1	1	1
api.Screen.availLeft	1	1	1
api.Screen.availLeft.relative-multi-screen	1	1	1
api.Screen.availTop	1	1	1
api.Screen.availTop.relative-multi-screen	1	1	1
api.Screen.availWidth	1	1	1
api.Screen.change_event	1	0	0
api.Screen.colorDepth	1	1	1
api.Screen.height	1	1	1
api.Screen.isExtended	1	0	0
api.Screen.left	0	1	0
api.Screen.left.relative-multi-screen	0	1	0
api.Screen.lockOrientation	0	1	0
api.Screen.mozBrightness	0	0	0
api.Screen.mozEnabled	0	0	0
api.Screen.orientation	1	1	1
api.Screen.orientationchange_event	0	0	0
api.Screen.pixelDepth	1	1	1
api.Screen.top	0	1	0
api.Screen.top.relative-multi-screen	0	1	0
api.Screen.unlockOrientation	0	1	0
api.Screen.width	1	1	1
api.ScreenDetailed	1	0	0
api.ScreenDetailed.availLeft	1	0	0
api.ScreenDetailed.availTop	1	0	0
api.ScreenDetailed.devicePixelRatio	1	0	0
api.ScreenDetailed.isInternal	1	0	0
api.ScreenDetailed.isPrimary	1	0	0
api.ScreenDetailed.label	1	0	0
api.ScreenDetailed.left	1	0	0
api.ScreenDetailed.top	1	0	0
api.ScreenDetails	1	0	0
api.ScreenDetails.currentScreen	1	0	0
api.ScreenDetails.currentscreenchange_event	1	0	0
api.ScreenDetails.screens	1	0	0
api.ScreenDetails.screenschange_event	1	0	0
api.ScreenOrientation	1	1	1
api.ScreenOrientation.angle	1	1	1
api.ScreenOrientation.change_event	1	1	1
api.ScreenOrientation.lock	1	1	0
api.ScreenOrientation.type	1	1	1
api.ScreenOrientation.unlock	1	1	0
api.ScriptProcessorNode	1	1	1
api.ScriptProcessorNode.audioprocess_event	1	1	1
api.ScriptProcessorNode.bufferSize	1	1	1
api.ScrollTimeline.ScrollTimeline	1	1	1
api.ScrollTimeline	1	1	1
api.ScrollTimeline.axis	1	1	1
api.ScrollTimeline.source	1	1	1
api.SecurityPolicyViolationEvent.SecurityPolicyViolationEvent	1	1	1
api.SecurityPolicyViolationEvent	1	1	1
api.SecurityPolicyViolationEvent.blockedURI	1	1	1
api.SecurityPolicyViolationEvent.columnNumber	1	1	1
api.SecurityPolicyViolationEvent.disposition	1	1	1
api.SecurityPolicyViolationEvent.documentURI	1	1	1
api.SecurityPolicyViolationEvent.effectiveDirective	1	1	1
api.SecurityPolicyViolationEvent.lineNumber	1	1	1
api.SecurityPolicyViolationEvent.originalPolicy	1	1	1
api.SecurityPolicyViolationEvent.referrer	1	1	1
api.SecurityPolicyViolationEvent.sample	1	1	1
api.SecurityPolicyViolationEvent.sourceFile	1	1	1
api.SecurityPolicyViolationEvent.statusCode	1	1	1
api.SecurityPolicyViolationEvent.violatedDirective	1	1	1
api.SecurityPolicyViolationEvent.worker_support	1	1	0
api.Selection	1	1	1
api.Selection.addRange	1	1	1
api.Selection.addRange.multiple_ranges	0	1	0
api.Selection.anchorNode	1	1	1
api.Selection.anchorOffset	1	1	1
api.Selection.collapse	1	1	1
api.Selection.collapse.accepts_nodes_in_shadow_trees	1	1	0
api.Selection.collapse.node_parameter_nullable	1	1	1
api.Selection.collapse.offset_parameter_optional	1	1	1
api.Selection.collapseToEnd	1	1	1
api.Selection.collapseToStart	1	1	1
api.Selection.containsNode	1	1	1
api.Selection.containsNode.partialContainment_parameter_optional	1	1	1
api.Selection.deleteFromDocument	1	1	1
api.Selection.direction	1	1	1
api.Selection.empty	1	1	1
api.Selection.extend	1	1	1
api.Selection.extend.accepts_nodes_in_shadow_trees	1	1	0
api.Selection.extend.offset_parameter_optional	1	1	1
api.Selection.focusNode	1	1	1
api.Selection.focusOffset	1	1	1
api.Selection.getComposedRanges	1	1	1
api.Selection.getComposedRanges.returns_multiple_ranges	0	1	0
api.Selection.getRangeAt	1	1	1
api.Selection.isCollapsed	1	1	1
api.Selection.modify	1	1	1
api.Selection.rangeCount	1	1	1
api.Selection.removeAllRanges	1	1	1
api.Selection.removeRange	1	1	1
api.Selection.selectAllChildren	1	1	1
api.Selection.setBaseAndExtent	1	1	1
api.Selection.setBaseAndExtent.accepts_nodes_in_shadow_trees	1	1	0
api.Selection.setPosition	1	1	1
api.Selection.toString	1	1	1
api.Selection.type	1	1	1
api.Sensor	1	0	0
api.Sensor.activate_event	1	0	0
api.Sensor.activated	1	0	0
api.Sensor.error_event	1	0	0
api.Sensor.hasReading	1	0	0
api.Sensor.reading_event	1	0	0
api.Sensor.start	1	0	0
api.Sensor.stop	1	0	0
api.Sensor.timestamp	1	0	0
api.SensorErrorEvent.SensorErrorEvent	1	0	0
api.SensorErrorEvent	1	0	0
api.SensorErrorEvent.error	1	0	0
api.Serial	1	1	0
api.Serial.getPorts	1	1	0
api.Serial.requestPort	1	1	0
api.Serial.requestPort.allowedBluetoothServiceClassIds_option	1	0	0
api.Serial.requestPort.filters_bluetoothServiceClassId	1	0	0
api.SerialPort	1	1	0
api.SerialPort.close	1	1	0
api.SerialPort.connect_event	1	1	0
api.SerialPort.connect_event.bluetooth_rfcomm	1	0	0
api.SerialPort.connected	1	1	0
api.SerialPort.disconnect_event	1	1	0
api.SerialPort.disconnect_event.bluetooth_rfcomm	1	0	0
api.SerialPort.forget	1	1	0
api.SerialPort.getInfo	1	1	0
api.SerialPort.getInfo.bluetoothServiceClassId	1	0	0
api.SerialPort.getSignals	1	1	0
api.SerialPort.open	1	1	0
api.SerialPort.readable	1	1	0
api.SerialPort.setSignals	1	1	0
api.SerialPort.writable	1	1	0
api.ServiceWorker	1	1	1
api.ServiceWorker.ecmascript_modules	1	1	1
api.ServiceWorker.error_event	1	1	1
api.ServiceWorker.postMessage	1	1	1
api.ServiceWorker.scriptURL	1	1	1
api.ServiceWorker.state	1	1	1
api.ServiceWorker.statechange_event	1	1	1
api.ServiceWorkerContainer	1	1	1
api.ServiceWorkerContainer.controller	1	1	1
api.ServiceWorkerContainer.controllerchange_event	1	1	1
api.ServiceWorkerContainer.getRegistration	1	1	1
api.ServiceWorkerContainer.getRegistrations	1	1	1
api.ServiceWorkerContainer.message_event	1	1	1
api.ServiceWorkerContainer.messageerror_event	1	1	1
api.ServiceWorkerContainer.ready	1	1	1
api.ServiceWorkerContainer.register	1	1	1
api.ServiceWorkerContainer.register.enforces_trusted_types	1	1	1
api.ServiceWorkerContainer.startMessages	1	1	1
api.ServiceWorkerContainer.worker_support	0	1	1
api.ServiceWorkerGlobalScope	1	1	1
api.ServiceWorkerGlobalScope.abortpayment_event	1	0	0
api.ServiceWorkerGlobalScope.activate_event	1	1	1
api.ServiceWorkerGlobalScope.backgroundfetchabort_event	1	0	0
api.ServiceWorkerGlobalScope.backgroundfetchclick_event	1	0	0
api.ServiceWorkerGlobalScope.backgroundfetchfail_event	1	0	0
api.ServiceWorkerGlobalScope.backgroundfetchsuccess_event	1	0	0
api.ServiceWorkerGlobalScope.canmakepayment_event	1	0	0
api.ServiceWorkerGlobalScope.clients	1	1	1
api.ServiceWorkerGlobalScope.contentdelete_event	0	0	0
api.ServiceWorkerGlobalScope.cookieStore	1	1	1
api.ServiceWorkerGlobalScope.cookiechange_event	1	1	0
api.ServiceWorkerGlobalScope.fetch_event	1	1	1
api.ServiceWorkerGlobalScope.install_event	1	1	1
api.ServiceWorkerGlobalScope.message_event	1	1	1
api.ServiceWorkerGlobalScope.messageerror_event	1	1	1
api.ServiceWorkerGlobalScope.notificationclick_event	1	1	1
api.ServiceWorkerGlobalScope.notificationclose_event	1	1	1
api.ServiceWorkerGlobalScope.paymentrequest_event	1	0	0
api.ServiceWorkerGlobalScope.periodicsync_event	1	0	0
api.ServiceWorkerGlobalScope.push_event	1	1	1
api.ServiceWorkerGlobalScope.pushsubscriptionchange_event	1	1	1
api.ServiceWorkerGlobalScope.registration	1	1	1
api.ServiceWorkerGlobalScope.serviceWorker	1	0	1
api.ServiceWorkerGlobalScope.skipWaiting	1	1	1
api.ServiceWorkerGlobalScope.sync_event	1	0	0
api.ServiceWorkerRegistration	1	1	1
api.ServiceWorkerRegistration.active	1	1	1
api.ServiceWorkerRegistration.backgroundFetch	1	0	0
api.ServiceWorkerRegistration.cookies	1	1	0
api.ServiceWorkerRegistration.getNotifications	1	1	1
api.ServiceWorkerRegistration.index	0	0	0
api.ServiceWorkerRegistration.installing	1	1	1
api.ServiceWorkerRegistration.navigationPreload	1	1	1
api.ServiceWorkerRegistration.paymentManager	1	0	0
api.ServiceWorkerRegistration.periodicSync	1	0	0
api.ServiceWorkerRegistration.pushManager	1	1	1
api.ServiceWorkerRegistration.scope	1	1	1
api.ServiceWorkerRegistration.showNotification	1	1	1
api.ServiceWorkerRegistration.showNotification.options_actions_parameter	1	1	0
api.ServiceWorkerRegistration.showNotification.options_badge_parameter	1	0	0
api.ServiceWorkerRegistration.showNotification.options_data_parameter	1	0	0
api.ServiceWorkerRegistration.showNotification.options_image_parameter	1	0	0
api.ServiceWorkerRegistration.showNotification.options_renotify_parameter	1	0	0
api.ServiceWorkerRegistration.showNotification.options_requireInteraction_parameter	1	0	0
api.ServiceWorkerRegistration.showNotification.options_vibrate_parameter	1	0	0
api.ServiceWorkerRegistration.sync	1	0	0
api.ServiceWorkerRegistration.unregister	1	1	1
api.ServiceWorkerRegistration.update	1	1	1
api.ServiceWorkerRegistration.updateViaCache	1	1	1
api.ServiceWorkerRegistration.updatefound_event	1	1	1
api.ServiceWorkerRegistration.waiting	1	1	1
api.ShadowRoot	1	1	1
api.ShadowRoot.activeElement	1	1	1
api.ShadowRoot.adoptedStyleSheets	1	1	1
api.ShadowRoot.afterHTML	0	0	0
api.ShadowRoot.afterHTMLUnsafe	0	0	0
api.ShadowRoot.appendHTML	0	0	0
api.ShadowRoot.appendHTMLUnsafe	0	0	0
api.ShadowRoot.beforeHTML	0	0	0
api.ShadowRoot.beforeHTMLUnsafe	0	0	0
api.ShadowRoot.clonable	1	1	1
api.ShadowRoot.customElementRegistry	1	1	1
api.ShadowRoot.delegatesFocus	1	1	1
api.ShadowRoot.elementFromPoint	1	1	1
api.ShadowRoot.elementsFromPoint	1	1	1
api.ShadowRoot.fullscreenElement	1	1	1
api.ShadowRoot.getAnimations	1	1	1
api.ShadowRoot.getHTML	1	1	1
api.ShadowRoot.getHTML.escapes_lt_gt_in_attributes	1	1	1
api.ShadowRoot.getSelection	1	0	0
api.ShadowRoot.host	1	1	1
api.ShadowRoot.innerHTML	1	1	1
api.ShadowRoot.innerHTML.enforces_trusted_types	1	1	1
api.ShadowRoot.innerHTML.escapes_lt_gt_in_attributes	1	1	1
api.ShadowRoot.mode	1	1	1
api.ShadowRoot.pictureInPictureElement	1	1	1
api.ShadowRoot.pointerLockElement	1	1	1
api.ShadowRoot.prependHTML	0	0	0
api.ShadowRoot.prependHTMLUnsafe	0	0	0
api.ShadowRoot.referenceTarget	1	0	0
api.ShadowRoot.replaceWithHTML	0	0	0
api.ShadowRoot.replaceWithHTMLUnsafe	0	0	0
api.ShadowRoot.serializable	1	1	1
api.ShadowRoot.setHTML	1	1	0
api.ShadowRoot.setHTMLUnsafe	1	1	1
api.ShadowRoot.setHTMLUnsafe.enforces_trusted_types	1	1	1
api.ShadowRoot.setHTMLUnsafe.options_runscripts_parameter	0	0	0
api.ShadowRoot.setHTMLUnsafe.options_sanitizer_parameter	1	1	0
api.ShadowRoot.slotAssignment	1	1	1
api.ShadowRoot.streamAfterHTML	0	0	0
api.ShadowRoot.streamAfterHTMLUnsafe	0	0	0
api.ShadowRoot.streamAppendHTML	0	0	0
api.ShadowRoot.streamAppendHTMLUnsafe	0	0	0
api.ShadowRoot.streamBeforeHTML	0	0	0
api.ShadowRoot.streamBeforeHTMLUnsafe	0	0	0
api.ShadowRoot.streamHTML	0	0	0
api.ShadowRoot.streamHTMLUnsafe	0	0	0
api.ShadowRoot.streamPrependHTML	0	0	0
api.ShadowRoot.streamPrependHTMLUnsafe	0	0	0
api.ShadowRoot.streamReplaceWithHTML	0	0	0
api.ShadowRoot.streamReplaceWithHTMLUnsafe	0	0	0
api.ShadowRoot.styleSheets	1	1	1
api.SharedStorage	1	0	0
api.SharedStorage.append	1	0	0
api.SharedStorage.batchUpdate	1	0	0
api.SharedStorage.clear	1	0	0
api.SharedStorage.createWorklet	1	0	0
api.SharedStorage.delete	1	0	0
api.SharedStorage.get	0	0	0
api.SharedStorage.run	1	0	0
api.SharedStorage.selectURL	1	0	0
api.SharedStorage.set	1	0	0
api.SharedStorage.worklet	1	0	0
api.SharedStorageAppendMethod.SharedStorageAppendMethod	1	0	0
api.SharedStorageAppendMethod	1	0	0
api.SharedStorageClearMethod.SharedStorageClearMethod	1	0	0
api.SharedStorageClearMethod	1	0	0
api.SharedStorageDeleteMethod.SharedStorageDeleteMethod	1	0	0
api.SharedStorageDeleteMethod	1	0	0
api.SharedStorageModifierMethod	1	0	0
api.SharedStorageSetMethod.SharedStorageSetMethod	1	0	0
api.SharedStorageSetMethod	1	0	0
api.SharedStorageWorklet	1	0	0
api.SharedStorageWorklet.run	1	0	0
api.SharedStorageWorklet.selectURL	1	0	0
api.SharedStorageWorkletGlobalScope	1	0	0
api.SharedStorageWorkletGlobalScope.interestGroups	1	0	0
api.SharedStorageWorkletGlobalScope.register	1	0	0
api.SharedStorageWorkletGlobalScope.sharedStorage	1	0	0
api.SharedWorker.SharedWorker	1	1	1
api.SharedWorker.SharedWorker.ecmascript_modules	1	1	1
api.SharedWorker.SharedWorker.enforces_trusted_types	1	1	1
api.SharedWorker.SharedWorker.mime_checks	0	1	1
api.SharedWorker.SharedWorker.options_extendedLifetime_parameter	1	0	0
api.SharedWorker.SharedWorker.options_name_parameter	1	1	0
api.SharedWorker.SharedWorker.options_sameSiteCookies_parameter	1	0	0
api.SharedWorker.SharedWorker.options_type_parameter	1	1	1
api.SharedWorker	1	1	1
api.SharedWorker.error_event	1	1	1
api.SharedWorker.port	1	1	1
api.SharedWorkerGlobalScope	1	1	1
api.SharedWorkerGlobalScope.close	1	1	1
api.SharedWorkerGlobalScope.connect_event	1	1	1
api.SharedWorkerGlobalScope.name	1	1	1
api.SnapEvent.SnapEvent	0	0	0
api.SnapEvent	1	0	0
api.SnapEvent.snapTargetBlock	1	0	0
api.SnapEvent.snapTargetInline	1	0	0
api.SourceBuffer	1	1	1
api.SourceBuffer.abort	1	1	1
api.SourceBuffer.abort.worker_support	1	0	0
api.SourceBuffer.abort_event	1	1	1
api.SourceBuffer.abort_event.worker_support	1	0	0
api.SourceBuffer.appendBuffer	1	1	1
api.SourceBuffer.appendBuffer.worker_support	1	0	0
api.SourceBuffer.appendBufferAsync	0	0	0
api.SourceBuffer.appendWindowEnd	1	1	1
api.SourceBuffer.appendWindowEnd.worker_support	1	0	0
api.SourceBuffer.appendWindowStart	1	1	1
api.SourceBuffer.appendWindowStart.worker_support	1	0	0
api.SourceBuffer.audioTracks	0	0	1
api.SourceBuffer.audioTracks.worker_support	0	0	0
api.SourceBuffer.buffered	1	1	1
api.SourceBuffer.buffered.worker_support	1	0	0
api.SourceBuffer.changeType	1	1	1
api.SourceBuffer.changeType.worker_support	1	0	0
api.SourceBuffer.error_event	1	1	1
api.SourceBuffer.error_event.worker_support	1	0	0
api.SourceBuffer.mode	1	1	1
api.SourceBuffer.mode.worker_support	1	0	0
api.SourceBuffer.remove	1	1	1
api.SourceBuffer.remove.worker_support	1	0	0
api.SourceBuffer.removeAsync	0	0	0
api.SourceBuffer.textTracks	0	0	1
api.SourceBuffer.timestampOffset	1	1	1
api.SourceBuffer.timestampOffset.worker_support	1	0	0
api.SourceBuffer.update_event	1	1	1
api.SourceBuffer.update_event.worker_support	1	0	0
api.SourceBuffer.updateend_event	1	1	1
api.SourceBuffer.updateend_event.worker_support	1	0	0
api.SourceBuffer.updatestart_event	1	1	1
api.SourceBuffer.updatestart_event.worker_support	1	0	0
api.SourceBuffer.updating	1	1	1
api.SourceBuffer.updating.worker_support	1	0	0
api.SourceBuffer.videoTracks	0	0	1
api.SourceBuffer.videoTracks.worker_support	0	0	0
api.SourceBufferList	1	1	1
api.SourceBufferList.addsourcebuffer_event	1	1	1
api.SourceBufferList.addsourcebuffer_event.worker_support	1	0	0
api.SourceBufferList.length	1	1	1
api.SourceBufferList.length.worker_support	1	0	0
api.SourceBufferList.removesourcebuffer_event	1	1	1
api.SourceBufferList.removesourcebuffer_event.worker_support	1	0	0
api.SpeechGrammar.SpeechGrammar	1	0	0
api.SpeechGrammar	1	0	0
api.SpeechGrammar.src	1	0	0
api.SpeechGrammar.weight	1	0	0
api.SpeechGrammarList.SpeechGrammarList	1	0	0
api.SpeechGrammarList	1	0	0
api.SpeechGrammarList.addFromString	1	0	0
api.SpeechGrammarList.addFromURI	1	0	0
api.SpeechGrammarList.item	1	0	0
api.SpeechGrammarList.length	1	0	0
api.SpeechRecognition.SpeechRecognition	1	0	1
api.SpeechRecognition	1	0	1
api.SpeechRecognition.abort	1	0	1
api.SpeechRecognition.audioend_event	1	0	1
api.SpeechRecognition.audiostart_event	1	0	1
api.SpeechRecognition.available_static	1	0	0
api.SpeechRecognition.available_static.options_parameter	1	0	0
api.SpeechRecognition.available_static.options_parameter.options_langs_parameter	1	0	0
api.SpeechRecognition.available_static.options_parameter.options_processLocally_parameter	1	0	0
api.SpeechRecognition.available_static.options_parameter.options_quality_parameter	1	0	0
api.SpeechRecognition.continuous	1	0	1
api.SpeechRecognition.end_event	1	0	1
api.SpeechRecognition.error_event	1	0	1
api.SpeechRecognition.grammars	1	0	0
api.SpeechRecognition.install_static	1	0	0
api.SpeechRecognition.install_static.options_parameter	1	0	0
api.SpeechRecognition.install_static.options_parameter.options_langs_parameter	1	0	0
api.SpeechRecognition.install_static.options_parameter.options_processLocally_parameter	1	0	0
api.SpeechRecognition.install_static.options_parameter.options_quality_parameter	1	0	0
api.SpeechRecognition.interimResults	1	0	1
api.SpeechRecognition.lang	1	0	1
api.SpeechRecognition.maxAlternatives	1	0	1
api.SpeechRecognition.nomatch_event	1	0	1
api.SpeechRecognition.phrases	1	0	0
api.SpeechRecognition.processLocally	1	0	0
api.SpeechRecognition.result_event	1	0	1
api.SpeechRecognition.soundend_event	1	0	1
api.SpeechRecognition.soundstart_event	1	0	1
api.SpeechRecognition.speechend_event	1	0	1
api.SpeechRecognition.speechstart_event	1	0	1
api.SpeechRecognition.start	1	0	1
api.SpeechRecognition.start.audioTrack	1	0	0
api.SpeechRecognition.start_event	1	0	1
api.SpeechRecognition.stop	1	0	1
api.SpeechRecognition.unspokenPunctuation	1	0	0
api.SpeechRecognitionAlternative	1	0	1
api.SpeechRecognitionAlternative.confidence	1	0	1
api.SpeechRecognitionAlternative.transcript	1	0	1
api.SpeechRecognitionErrorEvent.SpeechRecognitionErrorEvent	1	0	1
api.SpeechRecognitionErrorEvent	1	0	1
api.SpeechRecognitionErrorEvent.error	1	0	1
api.SpeechRecognitionErrorEvent.message	1	0	1
api.SpeechRecognitionEvent.SpeechRecognitionEvent	1	0	1
api.SpeechRecognitionEvent	1	0	1
api.SpeechRecognitionEvent.resultIndex	1	0	1
api.SpeechRecognitionEvent.results	1	0	1
api.SpeechRecognitionPhrase.SpeechRecognitionPhrase	1	0	0
api.SpeechRecognitionPhrase	1	0	0
api.SpeechRecognitionPhrase.boost	1	0	0
api.SpeechRecognitionPhrase.phrase	1	0	0
api.SpeechRecognitionResult	1	0	1
api.SpeechRecognitionResult.isFinal	1	0	1
api.SpeechRecognitionResult.item	1	0	1
api.SpeechRecognitionResult.length	1	0	1
api.SpeechRecognitionResultList	1	0	1
api.SpeechRecognitionResultList.item	1	0	1
api.SpeechRecognitionResultList.length	1	0	1
api.SpeechSynthesis	1	1	1
api.SpeechSynthesis.cancel	1	1	1
api.SpeechSynthesis.getVoices	1	1	1
api.SpeechSynthesis.pause	1	1	1
api.SpeechSynthesis.paused	1	1	1
api.SpeechSynthesis.pending	1	1	1
api.SpeechSynthesis.resume	1	1	1
api.SpeechSynthesis.speak	1	1	1
api.SpeechSynthesis.speaking	1	1	1
api.SpeechSynthesis.voiceschanged_event	1	1	1
api.SpeechSynthesisErrorEvent.SpeechSynthesisErrorEvent	1	1	1
api.SpeechSynthesisErrorEvent	1	1	1
api.SpeechSynthesisErrorEvent.error	1	1	1
api.SpeechSynthesisEvent.SpeechSynthesisEvent	1	1	1
api.SpeechSynthesisEvent	1	1	1
api.SpeechSynthesisEvent.charIndex	1	1	1
api.SpeechSynthesisEvent.charLength	1	1	1
api.SpeechSynthesisEvent.elapsedTime	1	1	1
api.SpeechSynthesisEvent.elapsedTime.milliseconds	1	0	0
api.SpeechSynthesisEvent.name	1	1	1
api.SpeechSynthesisEvent.utterance	1	1	1
api.SpeechSynthesisUtterance.SpeechSynthesisUtterance	1	1	1
api.SpeechSynthesisUtterance	1	1	1
api.SpeechSynthesisUtterance.boundary_event	1	1	1
api.SpeechSynthesisUtterance.end_event	1	1	1
api.SpeechSynthesisUtterance.error_event	1	1	1
api.SpeechSynthesisUtterance.lang	1	1	1
api.SpeechSynthesisUtterance.mark_event	1	1	1
api.SpeechSynthesisUtterance.pause_event	1	1	1
api.SpeechSynthesisUtterance.pitch	1	1	1
api.SpeechSynthesisUtterance.rate	1	1	1
api.SpeechSynthesisUtterance.resume_event	1	1	1
api.SpeechSynthesisUtterance.start_event	1	1	1
api.SpeechSynthesisUtterance.text	1	1	1
api.SpeechSynthesisUtterance.voice	1	1	1
api.SpeechSynthesisUtterance.volume	1	1	1
api.SpeechSynthesisVoice	1	1	1
api.SpeechSynthesisVoice.default	1	1	1
api.SpeechSynthesisVoice.lang	1	1	1
api.SpeechSynthesisVoice.localService	1	1	1
api.SpeechSynthesisVoice.name	1	1	1
api.SpeechSynthesisVoice.voiceURI	1	1	1
api.StaticRange.StaticRange	1	1	1
api.StaticRange	1	1	1
api.StaticRange.collapsed	1	1	1
api.StaticRange.endContainer	1	1	1
api.StaticRange.endOffset	1	1	1
api.StaticRange.startContainer	1	1	1
api.StaticRange.startOffset	1	1	1
api.StereoPannerNode.StereoPannerNode	1	1	1
api.StereoPannerNode	1	1	1
api.StereoPannerNode.pan	1	1	1
api.Storage	1	1	1
api.Storage.clear	1	1	1
api.Storage.getItem	1	1	1
api.Storage.key	1	1	1
api.Storage.length	1	1	1
api.Storage.removeItem	1	1	1
api.Storage.setItem	1	1	1
api.StorageAccessHandle.BroadcastChannel	1	0	0
api.StorageAccessHandle.SharedWorker	1	0	0
api.StorageAccessHandle	1	0	0
api.StorageAccessHandle.caches	1	0	0
api.StorageAccessHandle.createObjectURL	1	0	0
api.StorageAccessHandle.estimate	1	0	0
api.StorageAccessHandle.getDirectory	1	0	0
api.StorageAccessHandle.indexedDB	1	0	0
api.StorageAccessHandle.localStorage	1	0	0
api.StorageAccessHandle.locks	1	0	0
api.StorageAccessHandle.revokeObjectURL	1	0	0
api.StorageAccessHandle.sessionStorage	1	0	0
api.StorageBucket	1	0	0
api.StorageBucket.caches	1	0	0
api.StorageBucket.estimate	1	0	0
api.StorageBucket.expires	1	0	0
api.StorageBucket.getDirectory	1	0	0
api.StorageBucket.indexedDB	1	0	0
api.StorageBucket.name	1	0	0
api.StorageBucket.persist	1	0	0
api.StorageBucket.persisted	1	0	0
api.StorageBucket.setExpires	1	0	0
api.StorageBucketManager	1	0	0
api.StorageBucketManager.delete	1	0	0
api.StorageBucketManager.keys	1	0	0
api.StorageBucketManager.open	1	0	0
api.StorageEvent.StorageEvent	1	1	1
api.StorageEvent	1	1	1
api.StorageEvent.initStorageEvent	1	1	1
api.StorageEvent.key	1	1	1
api.StorageEvent.newValue	1	1	1
api.StorageEvent.oldValue	1	1	1
api.StorageEvent.storageArea	1	1	1
api.StorageEvent.url	1	1	1
api.StorageManager	1	1	1
api.StorageManager.estimate	1	1	1
api.StorageManager.estimate.usageDetails	1	0	0
api.StorageManager.getDirectory	1	1	1
api.StorageManager.persist	1	1	1
api.StorageManager.persisted	1	1	1
api.StyleMedia	1	0	0
api.StyleMedia.matchMedium	1	0	0
api.StyleMedia.type	1	0	0
api.StylePropertyMap	1	1	1
api.StylePropertyMap.append	1	1	1
api.StylePropertyMap.clear	1	1	1
api.StylePropertyMap.delete	1	1	1
api.StylePropertyMap.set	1	1	1
api.StylePropertyMapReadOnly.@@iterator	1	1	1
api.StylePropertyMapReadOnly	1	1	1
api.StylePropertyMapReadOnly.entries	1	1	1
api.StylePropertyMapReadOnly.forEach	1	1	1
api.StylePropertyMapReadOnly.get	1	1	1
api.StylePropertyMapReadOnly.getAll	1	1	1
api.StylePropertyMapReadOnly.has	1	1	1
api.StylePropertyMapReadOnly.keys	1	1	1
api.StylePropertyMapReadOnly.size	1	1	1
api.StylePropertyMapReadOnly.values	1	1	1
api.StyleSheet	1	1	1
api.StyleSheet.disabled	1	1	1
api.StyleSheet.href	1	1	1
api.StyleSheet.media	1	1	1
api.StyleSheet.ownerNode	1	1	1
api.StyleSheet.parentStyleSheet	1	1	1
api.StyleSheet.title	1	1	1
api.StyleSheet.type	1	1	1
api.StyleSheetList	1	1	1
api.StyleSheetList.item	1	1	1
api.StyleSheetList.length	1	1	1
api.SubmitEvent.SubmitEvent	1	1	1
api.SubmitEvent	1	1	1
api.SubmitEvent.submitter	1	1	1
api.Subscriber	1	0	0
api.Subscriber.active	1	0	0
api.Subscriber.addTeardown	1	0	0
api.Subscriber.complete	1	0	0
api.Subscriber.error	1	0	0
api.Subscriber.next	1	0	0
api.Subscriber.signal	1	0	0
api.SubtleCrypto	1	1	1
api.SubtleCrypto.decapsulateBits	0	1	0
api.SubtleCrypto.decapsulateKey	0	1	0
api.SubtleCrypto.decrypt	1	1	1
api.SubtleCrypto.deriveBits	1	1	1
api.SubtleCrypto.deriveBits.x25519	1	1	1
api.SubtleCrypto.deriveKey	1	1	1
api.SubtleCrypto.deriveKey.derivedKeyAlgorithm_option_aes	1	1	1
api.SubtleCrypto.deriveKey.derivedKeyAlgorithm_option_hkdf	1	1	1
api.SubtleCrypto.deriveKey.derivedKeyAlgorithm_option_hmac	1	1	1
api.SubtleCrypto.deriveKey.derivedKeyAlgorithm_option_pbkdf2	1	1	1
api.SubtleCrypto.deriveKey.x25519	1	1	1
api.SubtleCrypto.digest	1	1	1
api.SubtleCrypto.encapsulateBits	0	1	0
api.SubtleCrypto.encapsulateKey	0	1	0
api.SubtleCrypto.encrypt	1	1	1
api.SubtleCrypto.exportKey	1	1	1
api.SubtleCrypto.exportKey.ed25519	1	1	1
api.SubtleCrypto.exportKey.x25519	1	1	1
api.SubtleCrypto.generateKey	1	1	1
api.SubtleCrypto.generateKey.ed25519	1	1	1
api.SubtleCrypto.generateKey.x25519	1	1	1
api.SubtleCrypto.importKey.ECDH	1	1	1
api.SubtleCrypto.importKey.ECDH.compressed_elliptic_curve_points	1	1	0
api.SubtleCrypto.importKey.ECDSA	1	1	1
api.SubtleCrypto.importKey.ECDSA.compressed_elliptic_curve_points	1	1	0
api.SubtleCrypto.importKey	1	1	1
api.SubtleCrypto.importKey.ed25519	1	1	1
api.SubtleCrypto.importKey.x25519	1	1	1
api.SubtleCrypto.secure_context_required	1	1	1
api.SubtleCrypto.sign	1	1	1
api.SubtleCrypto.sign.ed25519	1	1	1
api.SubtleCrypto.unwrapKey	1	1	1
api.SubtleCrypto.verify	1	1	1
api.SubtleCrypto.verify.ed25519	1	1	1
api.SubtleCrypto.worker_support	1	1	1
api.SubtleCrypto.wrapKey	1	1	1
api.Summarizer	1	0	0
api.Summarizer.availability_static	1	0	0
api.Summarizer.create_static	1	0	0
api.Summarizer.destroy	1	0	0
api.Summarizer.expectedContextLanguages	1	0	0
api.Summarizer.expectedInputLanguages	1	0	0
api.Summarizer.format	1	0	0
api.Summarizer.inputQuota	1	0	0
api.Summarizer.length	1	0	0
api.Summarizer.measureInputUsage	1	0	0
api.Summarizer.outputLanguage	1	0	0
api.Summarizer.sharedContext	1	0	0
api.Summarizer.summarize	1	0	0
api.Summarizer.summarizeStreaming	1	0	0
api.Summarizer.type	1	0	0
api.SyncEvent.SyncEvent	1	0	0
api.SyncEvent	1	0	0
api.SyncEvent.lastChance	1	0	0
api.SyncEvent.tag	1	0	0
api.SyncManager	1	0	0
api.SyncManager.getTags	1	0	0
api.SyncManager.register	1	0	0
api.SyncManager.worker_support	1	0	0
api.TaskAttributionTiming	1	0	0
api.TaskAttributionTiming.containerId	1	0	0
api.TaskAttributionTiming.containerName	1	0	0
api.TaskAttributionTiming.containerSrc	1	0	0
api.TaskAttributionTiming.containerType	1	0	0
api.TaskAttributionTiming.toJSON	1	0	0
api.TaskController.TaskController	1	1	0
api.TaskController	1	1	0
api.TaskController.setPriority	1	1	0
api.TaskPriorityChangeEvent.TaskPriorityChangeEvent	1	1	0
api.TaskPriorityChangeEvent	1	1	0
api.TaskPriorityChangeEvent.previousPriority	1	1	0
api.TaskSignal	1	1	0
api.TaskSignal.any_static	1	1	0
api.TaskSignal.priority	1	1	0
api.TaskSignal.prioritychange_event	1	1	0
api.Text.Text	1	1	1
api.Text	1	1	1
api.Text.assignedSlot	1	1	1
api.Text.getBoxQuads	0	0	0
api.Text.splitText	1	1	1
api.Text.wholeText	1	1	1
api.TextDecoder.TextDecoder	1	1	1
api.TextDecoder	1	1	1
api.TextDecoder.decode	1	1	1
api.TextDecoder.encoding	1	1	1
api.TextDecoder.fatal	1	1	1
api.TextDecoder.ignoreBOM	1	1	1
api.TextDecoder.worker_support	1	1	1
api.TextDecoderStream.TextDecoderStream	1	1	1
api.TextDecoderStream	1	1	1
api.TextDecoderStream.encoding	1	1	1
api.TextDecoderStream.fatal	1	1	1
api.TextDecoderStream.ignoreBOM	1	1	1
api.TextDecoderStream.readable	1	1	1
api.TextDecoderStream.writable	1	1	1
api.TextEncoder.TextEncoder	1	1	1
api.TextEncoder	1	1	1
api.TextEncoder.encode	1	1	1
api.TextEncoder.encodeInto	1	1	1
api.TextEncoder.encoding	1	1	1
api.TextEncoder.worker_support	1	1	1
api.TextEncoderStream.TextEncoderStream	1	1	1
api.TextEncoderStream	1	1	1
api.TextEncoderStream.encoding	1	1	1
api.TextEncoderStream.readable	1	1	1
api.TextEncoderStream.writable	1	1	1
api.TextEvent	1	1	1
api.TextEvent.data	1	1	1
api.TextEvent.initTextEvent	1	1	1
api.TextFormat.TextFormat	1	0	0
api.TextFormat	1	0	0
api.TextFormat.rangeEnd	1	0	0
api.TextFormat.rangeStart	1	0	0
api.TextFormat.underlineStyle	1	0	0
api.TextFormat.underlineThickness	1	0	0
api.TextFormatUpdateEvent.TextFormatUpdateEvent	1	0	0
api.TextFormatUpdateEvent	1	0	0
api.TextFormatUpdateEvent.getTextFormats	1	0	0
api.TextMetrics	1	1	1
api.TextMetrics.actualBoundingBoxAscent	1	1	1
api.TextMetrics.actualBoundingBoxDescent	1	1	1
api.TextMetrics.actualBoundingBoxLeft	1	1	1
api.TextMetrics.actualBoundingBoxRight	1	1	1
api.TextMetrics.alphabeticBaseline	1	1	1
api.TextMetrics.emHeightAscent	0	1	1
api.TextMetrics.emHeightDescent	0	1	1
api.TextMetrics.fontBoundingBoxAscent	1	1	1
api.TextMetrics.fontBoundingBoxDescent	1	1	1
api.TextMetrics.hangingBaseline	1	1	1
api.TextMetrics.ideographicBaseline	1	1	1
api.TextMetrics.width	1	1	1
api.TextTrack	1	1	1
api.TextTrack.activeCues	1	1	1
api.TextTrack.addCue	1	1	1
api.TextTrack.cuechange_event	1	1	1
api.TextTrack.cues	1	1	1
api.TextTrack.id	1	1	1
api.TextTrack.inBandMetadataTrackDispatchType	0	1	1
api.TextTrack.kind	1	1	1
api.TextTrack.label	1	1	1
api.TextTrack.language	1	1	1
api.TextTrack.mode	1	1	1
api.TextTrack.removeCue	1	1	1
api.TextTrack.sourceBuffer	0	0	1
api.TextTrackCue	1	1	1
api.TextTrackCue.endTime	1	1	1
api.TextTrackCue.enter_event	1	1	1
api.TextTrackCue.exit_event	1	1	1
api.TextTrackCue.id	1	1	1
api.TextTrackCue.pauseOnExit	1	1	1
api.TextTrackCue.startTime	1	1	1
api.TextTrackCue.track	1	1	1
api.TextTrackCueList	1	1	1
api.TextTrackCueList.getCueById	1	1	1
api.TextTrackCueList.length	1	1	1
api.TextTrackList	1	1	1
api.TextTrackList.addtrack_event	1	1	1
api.TextTrackList.change_event	1	1	1
api.TextTrackList.getTrackById	1	1	1
api.TextTrackList.length	1	1	1
api.TextTrackList.removetrack_event	1	1	1
api.TextUpdateEvent.TextUpdateEvent	1	0	0
api.TextUpdateEvent	1	0	0
api.TextUpdateEvent.selectionEnd	1	0	0
api.TextUpdateEvent.selectionStart	1	0	0
api.TextUpdateEvent.text	1	0	0
api.TextUpdateEvent.updateRangeEnd	1	0	0
api.TextUpdateEvent.updateRangeStart	1	0	0
api.TimeEvent	0	1	0
api.TimeEvent.detail	0	1	0
api.TimeEvent.initTimeEvent	0	1	0
api.TimeEvent.view	0	1	0
api.TimeRanges	1	1	1
api.TimeRanges.end	1	1	1
api.TimeRanges.length	1	1	1
api.TimeRanges.start	1	1	1
api.ToggleEvent.ToggleEvent	1	1	1
api.ToggleEvent	1	1	1
api.ToggleEvent.newState	1	1	1
api.ToggleEvent.oldState	1	1	1
api.ToggleEvent.source	1	1	1
api.Touch.Touch	1	1	0
api.Touch	1	1	0
api.Touch.altitudeAngle	0	0	0
api.Touch.azimuthAngle	0	0	0
api.Touch.clientX	1	1	0
api.Touch.clientY	1	1	0
api.Touch.force	1	1	0
api.Touch.identifier	1	1	0
api.Touch.pageX	1	1	0
api.Touch.pageY	1	1	0
api.Touch.radiusX	1	1	0
api.Touch.radiusY	1	1	0
api.Touch.rotationAngle	1	1	0
api.Touch.screenX	1	1	0
api.Touch.screenY	1	1	0
api.Touch.target	1	1	0
api.Touch.touchType	0	0	0
api.TouchEvent.TouchEvent	1	0	0
api.TouchEvent	1	1	0
api.TouchEvent.altKey	1	1	0
api.TouchEvent.changedTouches	1	1	0
api.TouchEvent.ctrlKey	1	1	0
api.TouchEvent.metaKey	1	1	0
api.TouchEvent.shiftKey	1	1	0
api.TouchEvent.targetTouches	1	1	0
api.TouchEvent.touches	1	1	0
api.TouchList	1	1	0
api.TouchList.item	1	1	0
api.TouchList.length	1	1	0
api.TrackEvent.TrackEvent	1	1	1
api.TrackEvent	1	1	1
api.TrackEvent.track	1	1	1
api.TransformStream.TransformStream	1	1	1
api.TransformStream.TransformStream.transformer_cancel	0	0	0
api.TransformStream	1	1	1
api.TransformStream.readable	1	1	1
api.TransformStream.transferable	1	1	0
api.TransformStream.writable	1	1	1
api.TransformStreamDefaultController	1	1	1
api.TransformStreamDefaultController.desiredSize	1	1	1
api.TransformStreamDefaultController.enqueue	1	1	1
api.TransformStreamDefaultController.error	1	1	1
api.TransformStreamDefaultController.terminate	1	1	1
api.TransitionEvent.TransitionEvent	1	1	1
api.TransitionEvent	1	1	1
api.TransitionEvent.animation	1	1	1
api.TransitionEvent.elapsedTime	1	1	1
api.TransitionEvent.propertyName	1	1	1
api.TransitionEvent.pseudoElement	1	1	1
api.Translator	1	0	0
api.Translator.availability_static	1	0	0
api.Translator.create_static	1	0	0
api.Translator.destroy	1	0	0
api.Translator.inputQuota	1	0	0
api.Translator.measureInputUsage	1	0	0
api.Translator.sourceLanguage	1	0	0
api.Translator.targetLanguage	1	0	0
api.Translator.translate	1	0	0
api.Translator.translateStreaming	1	0	0
api.TreeWalker	1	1	1
api.TreeWalker.currentNode	1	1	1
api.TreeWalker.filter	1	1	1
api.TreeWalker.firstChild	1	1	1
api.TreeWalker.lastChild	1	1	1
api.TreeWalker.nextNode	1	1	1
api.TreeWalker.nextSibling	1	1	1
api.TreeWalker.parentNode	1	1	1
api.TreeWalker.previousNode	1	1	1
api.TreeWalker.previousSibling	1	1	1
api.TreeWalker.root	1	1	1
api.TreeWalker.whatToShow	1	1	1
api.TrustedHTML	1	1	1
api.TrustedHTML.toJSON	1	1	1
api.TrustedHTML.toString	1	1	1
api.TrustedHTMLParserOptions	0	0	0
api.TrustedHTMLParserOptions.runScripts	0	0	0
api.TrustedHTMLParserOptions.sanitizer	0	0	0
api.TrustedScript	1	1	1
api.TrustedScript.toJSON	1	1	1
api.TrustedScript.toString	1	1	1
api.TrustedScriptURL	1	1	1
api.TrustedScriptURL.toJSON	1	1	1
api.TrustedScriptURL.toString	1	1	1
api.TrustedTypePolicy	1	1	1
api.TrustedTypePolicy.createHTML	1	1	1
api.TrustedTypePolicy.createScript	1	1	1
api.TrustedTypePolicy.createScriptURL	1	1	1
api.TrustedTypePolicy.name	1	1	1
api.TrustedTypePolicyFactory	1	1	1
api.TrustedTypePolicyFactory.createPolicy	1	1	1
api.TrustedTypePolicyFactory.defaultPolicy	1	1	1
api.TrustedTypePolicyFactory.emptyHTML	1	1	1
api.TrustedTypePolicyFactory.emptyScript	1	1	1
api.TrustedTypePolicyFactory.getAttributeType	1	1	1
api.TrustedTypePolicyFactory.getPropertyType	1	1	1
api.TrustedTypePolicyFactory.isHTML	1	1	1
api.TrustedTypePolicyFactory.isScript	1	1	1
api.TrustedTypePolicyFactory.isScriptURL	1	1	1
api.UIEvent.UIEvent	1	1	1
api.UIEvent	1	1	1
api.UIEvent.detail	1	1	1
api.UIEvent.initUIEvent	1	1	1
api.UIEvent.sourceCapabilities	1	0	0
api.UIEvent.view	1	1	1
api.UIEvent.which	1	1	1
api.URL.URL	1	1	1
api.URL	1	1	1
api.URL.canParse_static	1	1	1
api.URL.createObjectURL_static	1	1	1
api.URL.hash	1	1	1
api.URL.host	1	1	1
api.URL.hostname	1	1	1
api.URL.href	1	1	1
api.URL.origin	1	1	1
api.URL.parse_static	1	1	1
api.URL.password	1	1	1
api.URL.pathname	1	1	1
api.URL.pathname.encodes_trailing_space_in_opaque_path	0	0	1
api.URL.port	1	1	1
api.URL.protocol	1	1	1
api.URL.revokeObjectURL_static	1	1	1
api.URL.search	1	1	1
api.URL.searchParams	1	1	1
api.URL.toJSON	1	1	1
api.URL.toString	1	1	1
api.URL.username	1	1	1
api.URLPattern.URLPattern	1	1	1
api.URLPattern.URLPattern.ignoreCase_option	1	1	1
api.URLPattern	1	1	1
api.URLPattern.exec	1	1	1
api.URLPattern.hasRegExpGroups	1	1	1
api.URLPattern.hash	1	1	1
api.URLPattern.hostname	1	1	1
api.URLPattern.password	1	1	1
api.URLPattern.pathname	1	1	1
api.URLPattern.port	1	1	1
api.URLPattern.protocol	1	1	1
api.URLPattern.search	1	1	1
api.URLPattern.test	1	1	1
api.URLPattern.username	1	1	1
api.URLSearchParams.@@iterator	1	1	1
api.URLSearchParams.URLSearchParams.USVString	1	1	1
api.URLSearchParams.URLSearchParams	1	1	1
api.URLSearchParams.URLSearchParams.record	1	1	1
api.URLSearchParams.URLSearchParams.sequence	1	1	1
api.URLSearchParams	1	1	1
api.URLSearchParams.append	1	1	1
api.URLSearchParams.delete	1	1	1
api.URLSearchParams.delete.value_parameter	1	1	1
api.URLSearchParams.entries	1	1	1
api.URLSearchParams.forEach	1	1	1
api.URLSearchParams.get	1	1	1
api.URLSearchParams.getAll	1	1	1
api.URLSearchParams.has	1	1	1
api.URLSearchParams.has.value_parameter	1	1	1
api.URLSearchParams.keys	1	1	1
api.URLSearchParams.set	1	1	1
api.URLSearchParams.size	1	1	1
api.URLSearchParams.sort	1	1	1
api.URLSearchParams.toString	1	1	1
api.URLSearchParams.values	1	1	1
api.USB	1	0	0
api.USB.connect_event	1	0	0
api.USB.disconnect_event	1	0	0
api.USB.getDevices	1	0	0
api.USB.requestDevice	1	0	0
api.USB.worker_support	1	0	0
api.USBAlternateInterface.USBAlternateInterface	1	0	0
api.USBAlternateInterface	1	0	0
api.USBAlternateInterface.alternateSetting	1	0	0
api.USBAlternateInterface.endpoints	1	0	0
api.USBAlternateInterface.interfaceClass	1	0	0
api.USBAlternateInterface.interfaceName	1	0	0
api.USBAlternateInterface.interfaceProtocol	1	0	0
api.USBAlternateInterface.interfaceSubclass	1	0	0
api.USBAlternateInterface.worker_support	1	0	0
api.USBConfiguration.USBConfiguration	1	0	0
api.USBConfiguration	1	0	0
api.USBConfiguration.configurationName	1	0	0
api.USBConfiguration.configurationValue	1	0	0
api.USBConfiguration.interfaces	1	0	0
api.USBConfiguration.worker_support	1	0	0
api.USBConnectionEvent.USBConnectionEvent	1	0	0
api.USBConnectionEvent	1	0	0
api.USBConnectionEvent.device	1	0	0
api.USBConnectionEvent.worker_support	1	0	0
api.USBDevice	1	0	0
api.USBDevice.claimInterface	1	0	0
api.USBDevice.clearHalt	1	0	0
api.USBDevice.close	1	0	0
api.USBDevice.configuration	1	0	0
api.USBDevice.configurations	1	0	0
api.USBDevice.controlTransferIn	1	0	0
api.USBDevice.controlTransferOut	1	0	0
api.USBDevice.deviceClass	1	0	0
api.USBDevice.deviceProtocol	1	0	0
api.USBDevice.deviceSubclass	1	0	0
api.USBDevice.deviceVersionMajor	1	0	0
api.USBDevice.deviceVersionMinor	1	0	0
api.USBDevice.deviceVersionSubminor	1	0	0
api.USBDevice.forget	1	0	0
api.USBDevice.isochronousTransferIn	1	0	0
api.USBDevice.isochronousTransferOut	1	0	0
api.USBDevice.manufacturerName	1	0	0
api.USBDevice.open	1	0	0
api.USBDevice.opened	1	0	0
api.USBDevice.productId	1	0	0
api.USBDevice.productName	1	0	0
api.USBDevice.releaseInterface	1	0	0
api.USBDevice.reset	1	0	0
api.USBDevice.selectAlternateInterface	1	0	0
api.USBDevice.selectConfiguration	1	0	0
api.USBDevice.serialNumber	1	0	0
api.USBDevice.transferIn	1	0	0
api.USBDevice.transferOut	1	0	0
api.USBDevice.usbVersionMajor	1	0	0
api.USBDevice.usbVersionMinor	1	0	0
api.USBDevice.usbVersionSubminor	1	0	0
api.USBDevice.vendorId	1	0	0
api.USBDevice.worker_support	1	0	0
api.USBEndpoint.USBEndpoint	1	0	0
api.USBEndpoint	1	0	0
api.USBEndpoint.direction	1	0	0
api.USBEndpoint.endpointNumber	1	0	0
api.USBEndpoint.packetSize	1	0	0
api.USBEndpoint.type	1	0	0
api.USBEndpoint.worker_support	1	0	0
api.USBInTransferResult.USBInTransferResult	1	0	0
api.USBInTransferResult	1	0	0
api.USBInTransferResult.data	1	0	0
api.USBInTransferResult.status	1	0	0
api.USBInTransferResult.worker_support	1	0	0
api.USBInterface.USBInterface	1	0	0
api.USBInterface	1	0	0
api.USBInterface.alternate	1	0	0
api.USBInterface.alternates	1	0	0
api.USBInterface.claimed	1	0	0
api.USBInterface.interfaceNumber	1	0	0
api.USBInterface.worker_support	1	0	0
api.USBIsochronousInTransferPacket.USBIsochronousInTransferPacket	1	0	0
api.USBIsochronousInTransferPacket	1	0	0
api.USBIsochronousInTransferPacket.data	1	0	0
api.USBIsochronousInTransferPacket.status	1	0	0
api.USBIsochronousInTransferPacket.worker_support	1	0	0
api.USBIsochronousInTransferResult.USBIsochronousInTransferResult	1	0	0
api.USBIsochronousInTransferResult	1	0	0
api.USBIsochronousInTransferResult.data	1	0	0
api.USBIsochronousInTransferResult.packets	1	0	0
api.USBIsochronousInTransferResult.worker_support	1	0	0
api.USBIsochronousOutTransferPacket.USBIsochronousOutTransferPacket	1	0	0
api.USBIsochronousOutTransferPacket	1	0	0
api.USBIsochronousOutTransferPacket.bytesWritten	1	0	0
api.USBIsochronousOutTransferPacket.status	1	0	0
api.USBIsochronousOutTransferPacket.worker_support	1	0	0
api.USBIsochronousOutTransferResult.USBIsochronousOutTransferResult	1	0	0
api.USBIsochronousOutTransferResult	1	0	0
api.USBIsochronousOutTransferResult.packets	1	0	0
api.USBIsochronousOutTransferResult.worker_support	1	0	0
api.USBOutTransferResult.USBOutTransferResult	1	0	0
api.USBOutTransferResult	1	0	0
api.USBOutTransferResult.bytesWritten	1	0	0
api.USBOutTransferResult.status	1	0	0
api.USBOutTransferResult.worker_support	1	0	0
api.UserActivation	1	1	1
api.UserActivation.hasBeenActive	1	1	1
api.UserActivation.isActive	1	1	1
api.VRDisplay	0	0	0
api.VRDisplay.cancelAnimationFrame	0	0	0
api.VRDisplay.capabilities	0	0	0
api.VRDisplay.depthFar	0	0	0
api.VRDisplay.depthNear	0	0	0
api.VRDisplay.displayId	0	0	0
api.VRDisplay.displayName	0	0	0
api.VRDisplay.exitPresent	0	0	0
api.VRDisplay.getEyeParameters	0	0	0
api.VRDisplay.getFrameData	0	0	0
api.VRDisplay.getImmediatePose	0	0	0
api.VRDisplay.getLayers	0	0	0
api.VRDisplay.getPose	0	0	0
api.VRDisplay.isConnected	0	0	0
api.VRDisplay.isPresenting	0	0	0
api.VRDisplay.requestAnimationFrame	0	0	0
api.VRDisplay.requestPresent	0	0	0
api.VRDisplay.resetPose	0	0	0
api.VRDisplay.stageParameters	0	0	0
api.VRDisplay.submitFrame	0	0	0
api.VRDisplayCapabilities	0	0	0
api.VRDisplayCapabilities.canPresent	0	0	0
api.VRDisplayCapabilities.hasExternalDisplay	0	0	0
api.VRDisplayCapabilities.hasOrientation	0	0	0
api.VRDisplayCapabilities.hasPosition	0	0	0
api.VRDisplayCapabilities.maxLayers	0	0	0
api.VRDisplayEvent.VRDisplayEvent	0	0	0
api.VRDisplayEvent	0	0	0
api.VRDisplayEvent.display	0	0	0
api.VRDisplayEvent.reason	0	0	0
api.VREyeParameters	0	0	0
api.VREyeParameters.fieldOfView	0	0	0
api.VREyeParameters.maximumFieldOfView	0	0	0
api.VREyeParameters.minimumFieldOfView	0	0	0
api.VREyeParameters.offset	0	0	0
api.VREyeParameters.renderHeight	0	0	0
api.VREyeParameters.renderWidth	0	0	0
api.VRFieldOfView	0	0	0
api.VRFieldOfView.downDegrees	0	0	0
api.VRFieldOfView.leftDegrees	0	0	0
api.VRFieldOfView.rightDegrees	0	0	0
api.VRFieldOfView.upDegrees	0	0	0
api.VRFrameData.VRFrameData	0	0	0
api.VRFrameData	0	0	0
api.VRFrameData.leftProjectionMatrix	0	0	0
api.VRFrameData.leftViewMatrix	0	0	0
api.VRFrameData.pose	0	0	0
api.VRFrameData.rightProjectionMatrix	0	0	0
api.VRFrameData.rightViewMatrix	0	0	0
api.VRFrameData.timestamp	0	0	0
api.VRPose	0	0	0
api.VRPose.angularAcceleration	0	0	0
api.VRPose.angularVelocity	0	0	0
api.VRPose.linearAcceleration	0	0	0
api.VRPose.linearVelocity	0	0	0
api.VRPose.orientation	0	0	0
api.VRPose.position	0	0	0
api.VRStageParameters	0	0	0
api.VRStageParameters.sittingToStandingTransform	0	0	0
api.VRStageParameters.sizeX	0	0	0
api.VRStageParameters.sizeY	0	0	0
api.VTTCue.VTTCue	1	1	1
api.VTTCue	1	1	1
api.VTTCue.align	1	1	1
api.VTTCue.getCueAsHTML	1	1	1
api.VTTCue.line	1	1	1
api.VTTCue.lineAlign	0	1	1
api.VTTCue.position	1	1	1
api.VTTCue.positionAlign	0	1	1
api.VTTCue.region	0	1	1
api.VTTCue.size	1	1	1
api.VTTCue.snapToLines	1	1	1
api.VTTCue.text	1	1	1
api.VTTCue.text.all_html_character_references	1	1	1
api.VTTCue.vertical	1	1	1
api.VTTRegion.VTTRegion	0	1	1
api.VTTRegion	0	1	1
api.VTTRegion.id	0	1	1
api.VTTRegion.lines	0	1	1
api.VTTRegion.regionAnchorX	0	1	1
api.VTTRegion.regionAnchorY	0	1	1
api.VTTRegion.scroll	0	1	1
api.VTTRegion.viewportAnchorX	0	1	1
api.VTTRegion.viewportAnchorY	0	1	1
api.VTTRegion.width	0	1	1
api.ValidityState	1	1	1
api.ValidityState.badInput	1	1	1
api.ValidityState.customError	1	1	1
api.ValidityState.patternMismatch	1	1	1
api.ValidityState.rangeOverflow	1	1	1
api.ValidityState.rangeUnderflow	1	1	1
api.ValidityState.stepMismatch	1	1	1
api.ValidityState.tooLong	1	1	1
api.ValidityState.tooShort	1	1	1
api.ValidityState.typeMismatch	1	1	1
api.ValidityState.valid	1	1	1
api.ValidityState.valueMissing	1	1	1
api.VideoColorSpace.VideoColorSpace	1	1	1
api.VideoColorSpace	1	1	1
api.VideoColorSpace.fullRange	1	1	1
api.VideoColorSpace.matrix	1	1	1
api.VideoColorSpace.primaries	1	1	1
api.VideoColorSpace.toJSON	1	1	1
api.VideoColorSpace.transfer	1	1	1
api.VideoDecoder.VideoDecoder	1	1	1
api.VideoDecoder	1	1	1
api.VideoDecoder.close	1	1	1
api.VideoDecoder.configure	1	1	1
api.VideoDecoder.configure.flip_option	1	0	0
api.VideoDecoder.configure.rotation_option	1	0	0
api.VideoDecoder.decode	1	1	1
api.VideoDecoder.decodeQueueSize	1	1	1
api.VideoDecoder.dequeue_event	1	1	1
api.VideoDecoder.flush	1	1	1
api.VideoDecoder.isConfigSupported_static	1	1	1
api.VideoDecoder.isConfigSupported_static.flip_option	1	0	0
api.VideoDecoder.isConfigSupported_static.rotation_option	1	0	0
api.VideoDecoder.reset	1	1	1
api.VideoDecoder.state	1	1	1
api.VideoEncoder.VideoEncoder	1	1	1
api.VideoEncoder	1	1	1
api.VideoEncoder.close	1	1	1
api.VideoEncoder.configure	1	1	1
api.VideoEncoder.dequeue_event	1	1	1
api.VideoEncoder.encode	1	1	1
api.VideoEncoder.encodeQueueSize	1	1	1
api.VideoEncoder.flush	1	1	1
api.VideoEncoder.isConfigSupported_static	1	1	1
api.VideoEncoder.reset	1	1	1
api.VideoEncoder.state	1	1	1
api.VideoFrame.VideoFrame	1	1	1
api.VideoFrame.VideoFrame.flip_option	1	0	0
api.VideoFrame.VideoFrame.metadata_option	1	0	0
api.VideoFrame.VideoFrame.rotation_option	1	0	0
api.VideoFrame	1	1	1
api.VideoFrame.allocationSize	1	1	1
api.VideoFrame.clone	1	1	1
api.VideoFrame.close	1	1	1
api.VideoFrame.codedHeight	1	1	1
api.VideoFrame.codedRect	1	1	1
api.VideoFrame.codedWidth	1	1	1
api.VideoFrame.colorSpace	1	1	1
api.VideoFrame.copyTo	1	1	1
api.VideoFrame.copyTo.format_property	1	1	0
api.VideoFrame.displayHeight	1	1	1
api.VideoFrame.displayWidth	1	1	1
api.VideoFrame.duration	1	1	1
api.VideoFrame.flip	1	0	0
api.VideoFrame.format	1	1	1
api.VideoFrame.metadata	1	0	0
api.VideoFrame.rotation	1	0	0
api.VideoFrame.timestamp	1	1	1
api.VideoFrame.visibleRect	1	1	1
api.VideoPlaybackQuality	1	1	1
api.VideoPlaybackQuality.corruptedVideoFrames	1	0	1
api.VideoPlaybackQuality.creationTime	1	1	1
api.VideoPlaybackQuality.droppedVideoFrames	1	1	1
api.VideoPlaybackQuality.totalFrameDelay	0	0	1
api.VideoPlaybackQuality.totalVideoFrames	1	1	1
api.VideoTrack	0	0	1
api.VideoTrack.id	0	0	1
api.VideoTrack.kind	0	0	1
api.VideoTrack.label	0	0	1
api.VideoTrack.language	0	0	1
api.VideoTrack.selected	0	0	1
api.VideoTrack.sourceBuffer	0	0	1
api.VideoTrackGenerator.VideoTrackGenerator	0	0	1
api.VideoTrackGenerator	0	0	1
api.VideoTrackGenerator.muted	0	0	1
api.VideoTrackGenerator.track	0	0	1
api.VideoTrackGenerator.writable	0	0	1
api.VideoTrackList	0	0	1
api.VideoTrackList.addtrack_event	0	0	1
api.VideoTrackList.change_event	0	0	1
api.VideoTrackList.getTrackById	0	0	1
api.VideoTrackList.length	0	0	1
api.VideoTrackList.removetrack_event	0	0	1
api.VideoTrackList.selectedIndex	0	0	1
api.ViewTimeline.ViewTimeline	1	1	1
api.ViewTimeline	1	1	1
api.ViewTimeline.endOffset	1	1	1
api.ViewTimeline.startOffset	1	1	1
api.ViewTimeline.subject	1	1	1
api.ViewTransition	1	1	1
api.ViewTransition.finished	1	1	1
api.ViewTransition.ready	1	1	1
api.ViewTransition.skipTransition	1	1	1
api.ViewTransition.transitionRoot	1	0	0
api.ViewTransition.types	1	1	1
api.ViewTransition.updateCallbackDone	1	1	1
api.ViewTransition.waitUntil	1	0	0
api.ViewTransitionTypeSet.@@iterator	1	1	1
api.ViewTransitionTypeSet	1	1	1
api.ViewTransitionTypeSet.add	1	1	1
api.ViewTransitionTypeSet.clear	1	1	1
api.ViewTransitionTypeSet.delete	1	1	1
api.ViewTransitionTypeSet.entries	1	1	1
api.ViewTransitionTypeSet.forEach	1	1	1
api.ViewTransitionTypeSet.has	1	1	1
api.ViewTransitionTypeSet.keys	1	1	1
api.ViewTransitionTypeSet.size	1	1	1
api.ViewTransitionTypeSet.values	1	1	1
api.Viewport	1	0	0
api.Viewport.segments	1	0	0
api.VirtualKeyboard	1	0	0
api.VirtualKeyboard.boundingRect	1	0	0
api.VirtualKeyboard.geometrychange_event	1	0	0
api.VirtualKeyboard.hide	1	0	0
api.VirtualKeyboard.overlaysContent	1	0	0
api.VirtualKeyboard.show	1	0	0
api.VisibilityStateEntry	1	0	0
api.VisibilityStateEntry.duration	1	0	0
api.VisibilityStateEntry.entryType	1	0	0
api.VisibilityStateEntry.name	1	0	0
api.VisibilityStateEntry.startTime	1	0	0
api.VisualViewport	1	1	1
api.VisualViewport.height	1	1	1
api.VisualViewport.offsetLeft	1	1	1
api.VisualViewport.offsetTop	1	1	1
api.VisualViewport.pageLeft	1	1	1
api.VisualViewport.pageTop	1	1	1
api.VisualViewport.resize_event	1	1	1
api.VisualViewport.scale	1	1	1
api.VisualViewport.scroll_event	1	1	1
api.VisualViewport.scrollend_event	1	1	0
api.VisualViewport.width	1	1	1
api.WEBGL_color_buffer_float	1	1	1
api.WEBGL_compressed_texture_astc	1	1	1
api.WEBGL_compressed_texture_astc.getSupportedProfiles	1	1	1
api.WEBGL_compressed_texture_etc	1	1	1
api.WEBGL_compressed_texture_etc1	1	1	1
api.WEBGL_compressed_texture_pvrtc	1	0	1
api.WEBGL_compressed_texture_s3tc	1	1	1
api.WEBGL_compressed_texture_s3tc_srgb	1	1	1
api.WEBGL_debug_renderer_info	1	1	1
api.WEBGL_debug_shaders	1	1	1
api.WEBGL_debug_shaders.getTranslatedShaderSource	1	1	1
api.WEBGL_depth_texture	1	1	1
api.WEBGL_draw_buffers	1	1	1
api.WEBGL_draw_buffers.drawBuffersWEBGL	1	1	1
api.WEBGL_lose_context	1	1	1
api.WEBGL_lose_context.loseContext	1	1	1
api.WEBGL_lose_context.restoreContext	1	1	1
api.WEBGL_multi_draw	1	0	1
api.WEBGL_multi_draw.multiDrawArraysInstancedWEBGL	1	0	1
api.WEBGL_multi_draw.multiDrawArraysWEBGL	1	0	1
api.WEBGL_multi_draw.multiDrawElementsInstancedWEBGL	1	0	1
api.WEBGL_multi_draw.multiDrawElementsWEBGL	1	0	1
api.WGSLLanguageFeatures.@@iterator	1	1	1
api.WGSLLanguageFeatures	1	1	1
api.WGSLLanguageFeatures.entries	1	1	1
api.WGSLLanguageFeatures.extension_linear_indexing	1	0	0
api.WGSLLanguageFeatures.extension_packed_4x8_integer_dot_product	1	0	0
api.WGSLLanguageFeatures.extension_pointer_composite_access	1	0	0
api.WGSLLanguageFeatures.extension_readonly_and_readwrite_storage_textures	1	0	0
api.WGSLLanguageFeatures.extension_subgroup_id	1	0	0
api.WGSLLanguageFeatures.extension_subgroup_uniformity	1	0	0
api.WGSLLanguageFeatures.extension_texture_and_sampler_let	1	0	0
api.WGSLLanguageFeatures.extension_uniform_buffer_standard_layout	1	0	0
api.WGSLLanguageFeatures.extension_unrestricted_pointer_parameters	1	0	0
api.WGSLLanguageFeatures.forEach	1	1	1
api.WGSLLanguageFeatures.has	1	1	1
api.WGSLLanguageFeatures.keys	1	1	1
api.WGSLLanguageFeatures.size	1	1	1
api.WGSLLanguageFeatures.values	1	1	1
api.WakeLock	1	1	1
api.WakeLock.request	1	1	1
api.WakeLockSentinel	1	1	1
api.WakeLockSentinel.release	1	1	1
api.WakeLockSentinel.release_event	1	1	1
api.WakeLockSentinel.released	1	1	1
api.WakeLockSentinel.type	1	1	1
api.WaveShaperNode.WaveShaperNode	1	1	1
api.WaveShaperNode	1	1	1
api.WaveShaperNode.curve	1	1	1
api.WaveShaperNode.oversample	1	1	1
api.WebGL2RenderingContext	1	1	1
api.WebGL2RenderingContext.activeTexture	1	1	1
api.WebGL2RenderingContext.attachShader	1	1	1
api.WebGL2RenderingContext.beginQuery	1	1	1
api.WebGL2RenderingContext.beginTransformFeedback	1	1	1
api.WebGL2RenderingContext.bindAttribLocation	1	1	1
api.WebGL2RenderingContext.bindBuffer	1	1	1
api.WebGL2RenderingContext.bindBufferBase	1	1	1
api.WebGL2RenderingContext.bindBufferRange	1	1	1
api.WebGL2RenderingContext.bindFramebuffer	1	1	1
api.WebGL2RenderingContext.bindRenderbuffer	1	1	1
api.WebGL2RenderingContext.bindSampler	1	1	1
api.WebGL2RenderingContext.bindTexture	1	1	1
api.WebGL2RenderingContext.bindTransformFeedback	1	1	1
api.WebGL2RenderingContext.bindVertexArray	1	1	1
api.WebGL2RenderingContext.blendColor	1	1	1
api.WebGL2RenderingContext.blendEquation	1	1	1
api.WebGL2RenderingContext.blendEquationSeparate	1	1	1
api.WebGL2RenderingContext.blendFunc	1	1	1
api.WebGL2RenderingContext.blendFuncSeparate	1	1	1
api.WebGL2RenderingContext.blitFramebuffer	1	1	1
api.WebGL2RenderingContext.bufferData	1	1	1
api.WebGL2RenderingContext.bufferData.srcData_param_accepts_SharedArrayBuffer	1	1	0
api.WebGL2RenderingContext.bufferSubData	1	1	1
api.WebGL2RenderingContext.bufferSubData.srcData_param_accepts_SharedArrayBuffer	1	1	0
api.WebGL2RenderingContext.canvas	1	1	1
api.WebGL2RenderingContext.checkFramebufferStatus	1	1	1
api.WebGL2RenderingContext.clear	1	1	1
api.WebGL2RenderingContext.clearBufferfi	1	1	1
api.WebGL2RenderingContext.clearBufferfv	1	1	1
api.WebGL2RenderingContext.clearBufferfv.values_param_accepts_SharedArrayBuffer	1	1	0
api.WebGL2RenderingContext.clearBufferiv	1	1	1
api.WebGL2RenderingContext.clearBufferiv.values_param_accepts_SharedArrayBuffer	1	1	0
api.WebGL2RenderingContext.clearBufferuiv	1	1	1
api.WebGL2RenderingContext.clearBufferuiv.values_param_accepts_SharedArrayBuffer	1	1	0
api.WebGL2RenderingContext.clearColor	1	1	1
api.WebGL2RenderingContext.clearDepth	1	1	1
api.WebGL2RenderingContext.clearStencil	1	1	1
api.WebGL2RenderingContext.clientWaitSync	1	1	1
api.WebGL2RenderingContext.colorMask	1	1	1
api.WebGL2RenderingContext.compileShader	1	1	1
api.WebGL2RenderingContext.compressedTexImage2D	1	1	1
api.WebGL2RenderingContext.compressedTexImage2D.pixels_param_accepts_SharedArrayBuffer	1	1	0
api.WebGL2RenderingContext.compressedTexImage3D	1	1	1
api.WebGL2RenderingContext.compressedTexImage3D.pixels_param_accepts_SharedArrayBuffer	1	1	0
api.WebGL2RenderingContext.compressedTexSubImage2D	1	1	1
api.WebGL2RenderingContext.compressedTexSubImage2D.srcData_param_accepts_SharedArrayBuffer	1	1	0
api.WebGL2RenderingContext.compressedTexSubImage3D	1	1	1
api.WebGL2RenderingContext.copyBufferSubData	1	1	1
api.WebGL2RenderingContext.copyTexImage2D	1	1	1
api.WebGL2RenderingContext.copyTexSubImage2D	1	1	1
api.WebGL2RenderingContext.copyTexSubImage3D	1	1	1
api.WebGL2RenderingContext.createBuffer	1	1	1
api.WebGL2RenderingContext.createFramebuffer	1	1	1
api.WebGL2RenderingContext.createProgram	1	1	1
api.WebGL2RenderingContext.createQuery	1	1	1
api.WebGL2RenderingContext.createRenderbuffer	1	1	1
api.WebGL2RenderingContext.createSampler	1	1	1
api.WebGL2RenderingContext.createShader	1	1	1
api.WebGL2RenderingContext.createTexture	1	1	1
api.WebGL2RenderingContext.createTransformFeedback	1	1	1
api.WebGL2RenderingContext.createVertexArray	1	1	1
api.WebGL2RenderingContext.cullFace	1	1	1
api.WebGL2RenderingContext.deleteBuffer	1	1	1
api.WebGL2RenderingContext.deleteFramebuffer	1	1	1
api.WebGL2RenderingContext.deleteProgram	1	1	1
api.WebGL2RenderingContext.deleteQuery	1	1	1
api.WebGL2RenderingContext.deleteRenderbuffer	1	1	1
api.WebGL2RenderingContext.deleteSampler	1	1	1
api.WebGL2RenderingContext.deleteShader	1	1	1
api.WebGL2RenderingContext.deleteSync	1	1	1
api.WebGL2RenderingContext.deleteTexture	1	1	1
api.WebGL2RenderingContext.deleteTransformFeedback	1	1	1
api.WebGL2RenderingContext.deleteVertexArray	1	1	1
api.WebGL2RenderingContext.depthFunc	1	1	1
api.WebGL2RenderingContext.depthMask	1	1	1
api.WebGL2RenderingContext.depthRange	1	1	1
api.WebGL2RenderingContext.detachShader	1	1	1
api.WebGL2RenderingContext.disable	1	1	1
api.WebGL2RenderingContext.disableVertexAttribArray	1	1	1
api.WebGL2RenderingContext.drawArrays	1	1	1
api.WebGL2RenderingContext.drawArraysInstanced	1	1	1
api.WebGL2RenderingContext.drawBuffers	1	1	1
api.WebGL2RenderingContext.drawElements	1	1	1
api.WebGL2RenderingContext.drawElementsInstanced	1	1	1
api.WebGL2RenderingContext.drawRangeElements	1	1	1
api.WebGL2RenderingContext.drawingBufferColorSpace	1	1	1
api.WebGL2RenderingContext.drawingBufferFormat	1	0	0
api.WebGL2RenderingContext.drawingBufferHeight	1	1	1
api.WebGL2RenderingContext.drawingBufferStorage	1	0	0
api.WebGL2RenderingContext.drawingBufferWidth	1	1	1
api.WebGL2RenderingContext.enable	1	1	1
api.WebGL2RenderingContext.enableVertexAttribArray	1	1	1
api.WebGL2RenderingContext.endQuery	1	1	1
api.WebGL2RenderingContext.endTransformFeedback	1	1	1
api.WebGL2RenderingContext.fenceSync	1	1	1
api.WebGL2RenderingContext.finish	1	1	1
api.WebGL2RenderingContext.flush	1	1	1
api.WebGL2RenderingContext.framebufferRenderbuffer	1	1	1
api.WebGL2RenderingContext.framebufferTexture2D	1	1	1
api.WebGL2RenderingContext.framebufferTextureLayer	1	1	1
api.WebGL2RenderingContext.frontFace	1	1	1
api.WebGL2RenderingContext.generateMipmap	1	1	1
api.WebGL2RenderingContext.getActiveAttrib	1	1	1
api.WebGL2RenderingContext.getActiveUniform	1	1	1
api.WebGL2RenderingContext.getActiveUniformBlockName	1	1	1
api.WebGL2RenderingContext.getActiveUniformBlockParameter	1	1	1
api.WebGL2RenderingContext.getActiveUniforms	1	1	1
api.WebGL2RenderingContext.getAttachedShaders	1	1	1
api.WebGL2RenderingContext.getAttribLocation	1	1	1
api.WebGL2RenderingContext.getBufferParameter	1	1	1
api.WebGL2RenderingContext.getBufferSubData	1	1	1
api.WebGL2RenderingContext.getBufferSubData.dstData_param_accepts_SharedArrayBuffer	1	1	0
api.WebGL2RenderingContext.getContextAttributes	1	1	1
api.WebGL2RenderingContext.getError	1	1	1
api.WebGL2RenderingContext.getExtension	1	1	1
api.WebGL2RenderingContext.getFragDataLocation	1	1	1
api.WebGL2RenderingContext.getFramebufferAttachmentParameter	1	1	1
api.WebGL2RenderingContext.getIndexedParameter	1	1	1
api.WebGL2RenderingContext.getInternalformatParameter	1	1	1
api.WebGL2RenderingContext.getParameter	1	1	1
api.WebGL2RenderingContext.getProgramInfoLog	1	1	1
api.WebGL2RenderingContext.getProgramParameter	1	1	1
api.WebGL2RenderingContext.getQuery	1	1	1
api.WebGL2RenderingContext.getQueryParameter	1	1	1
api.WebGL2RenderingContext.getRenderbufferParameter	1	1	1
api.WebGL2RenderingContext.getSamplerParameter	1	1	1
api.WebGL2RenderingContext.getShaderInfoLog	1	1	1
api.WebGL2RenderingContext.getShaderParameter	1	1	1
api.WebGL2RenderingContext.getShaderPrecisionFormat	1	1	1
api.WebGL2RenderingContext.getShaderSource	1	1	1
api.WebGL2RenderingContext.getSupportedExtensions	1	1	1
api.WebGL2RenderingContext.getSyncParameter	1	1	1
api.WebGL2RenderingContext.getTexParameter	1	1	1
api.WebGL2RenderingContext.getTransformFeedbackVarying	1	1	1
api.WebGL2RenderingContext.getUniform	1	1	1
api.WebGL2RenderingContext.getUniformBlockIndex	1	1	1
api.WebGL2RenderingContext.getUniformIndices	1	1	1
api.WebGL2RenderingContext.getUniformLocation	1	1	1
api.WebGL2RenderingContext.getVertexAttrib	1	1	1
api.WebGL2RenderingContext.getVertexAttribOffset	1	1	1
api.WebGL2RenderingContext.hint	1	1	1
api.WebGL2RenderingContext.invalidateFramebuffer	1	1	1
api.WebGL2RenderingContext.invalidateSubFramebuffer	1	1	1
api.WebGL2RenderingContext.isBuffer	1	1	1
api.WebGL2RenderingContext.isContextLost	1	1	1
api.WebGL2RenderingContext.isEnabled	1	1	1
api.WebGL2RenderingContext.isFramebuffer	1	1	1
api.WebGL2RenderingContext.isProgram	1	1	1
api.WebGL2RenderingContext.isQuery	1	1	1
api.WebGL2RenderingContext.isRenderbuffer	1	1	1
api.WebGL2RenderingContext.isSampler	1	1	1
api.WebGL2RenderingContext.isShader	1	1	1
api.WebGL2RenderingContext.isSync	1	1	1
api.WebGL2RenderingContext.isTexture	1	1	1
api.WebGL2RenderingContext.isTransformFeedback	1	1	1
api.WebGL2RenderingContext.isVertexArray	1	1	1
api.WebGL2RenderingContext.lineWidth	1	1	1
api.WebGL2RenderingContext.linkProgram	1	1	1
api.WebGL2RenderingContext.makeXRCompatible	1	0	0
api.WebGL2RenderingContext.pauseTransformFeedback	1	1	1
api.WebGL2RenderingContext.pixelStorei	1	1	1
api.WebGL2RenderingContext.polygonOffset	1	1	1
api.WebGL2RenderingContext.readBuffer	1	1	1
api.WebGL2RenderingContext.readPixels	1	1	1
api.WebGL2RenderingContext.readPixels.pixels_param_accepts_SharedArrayBuffer	1	1	0
api.WebGL2RenderingContext.renderbufferStorage	1	1	1
api.WebGL2RenderingContext.renderbufferStorageMultisample	1	1	1
api.WebGL2RenderingContext.resumeTransformFeedback	1	1	1
api.WebGL2RenderingContext.sampleCoverage	1	1	1
api.WebGL2RenderingContext.samplerParameterf	1	1	1
api.WebGL2RenderingContext.samplerParameteri	1	1	1
api.WebGL2RenderingContext.scissor	1	1	1
api.WebGL2RenderingContext.shaderSource	1	1	1
api.WebGL2RenderingContext.stencilFunc	1	1	1
api.WebGL2RenderingContext.stencilFuncSeparate	1	1	1
api.WebGL2RenderingContext.stencilMask	1	1	1
api.WebGL2RenderingContext.stencilMaskSeparate	1	1	1
api.WebGL2RenderingContext.stencilOp	1	1	1
api.WebGL2RenderingContext.stencilOpSeparate	1	1	1
api.WebGL2RenderingContext.texImage2D	1	1	1
api.WebGL2RenderingContext.texImage3D	1	1	1
api.WebGL2RenderingContext.texImage3D.srcData_param_accepts_SharedArrayBuffer	1	1	0
api.WebGL2RenderingContext.texParameterf	1	1	1
api.WebGL2RenderingContext.texParameteri	1	1	1
api.WebGL2RenderingContext.texStorage2D	1	1	1
api.WebGL2RenderingContext.texStorage3D	1	1	1
api.WebGL2RenderingContext.texSubImage2D	1	1	1
api.WebGL2RenderingContext.texSubImage3D	1	1	1
api.WebGL2RenderingContext.texSubImage3D.srcData_param_accepts_SharedArrayBuffer	1	1	0
api.WebGL2RenderingContext.transformFeedbackVaryings	1	1	1
api.WebGL2RenderingContext.uniform1f	1	1	1
api.WebGL2RenderingContext.uniform1fv	1	1	1
api.WebGL2RenderingContext.uniform1i	1	1	1
api.WebGL2RenderingContext.uniform1iv	1	1	1
api.WebGL2RenderingContext.uniform1ui	1	1	1
api.WebGL2RenderingContext.uniform1uiv	1	1	1
api.WebGL2RenderingContext.uniform2f	1	1	1
api.WebGL2RenderingContext.uniform2fv	1	1	1
api.WebGL2RenderingContext.uniform2i	1	1	1
api.WebGL2RenderingContext.uniform2iv	1	1	1
api.WebGL2RenderingContext.uniform2ui	1	1	1
api.WebGL2RenderingContext.uniform2uiv	1	1	1
api.WebGL2RenderingContext.uniform3f	1	1	1
api.WebGL2RenderingContext.uniform3fv	1	1	1
api.WebGL2RenderingContext.uniform3i	1	1	1
api.WebGL2RenderingContext.uniform3iv	1	1	1
api.WebGL2RenderingContext.uniform3ui	1	1	1
api.WebGL2RenderingContext.uniform3uiv	1	1	1
api.WebGL2RenderingContext.uniform4f	1	1	1
api.WebGL2RenderingContext.uniform4fv	1	1	1
api.WebGL2RenderingContext.uniform4i	1	1	1
api.WebGL2RenderingContext.uniform4iv	1	1	1
api.WebGL2RenderingContext.uniform4ui	1	1	1
api.WebGL2RenderingContext.uniform4uiv	1	1	1
api.WebGL2RenderingContext.uniformBlockBinding	1	1	1
api.WebGL2RenderingContext.uniformMatrix2fv	1	1	1
api.WebGL2RenderingContext.uniformMatrix2fv.value_param_accepts_SharedArrayBuffer	1	1	0
api.WebGL2RenderingContext.uniformMatrix2x3fv	1	1	1
api.WebGL2RenderingContext.uniformMatrix2x3fv.data_param_accepts_SharedArrayBuffer	1	1	0
api.WebGL2RenderingContext.uniformMatrix2x4fv	1	1	1
api.WebGL2RenderingContext.uniformMatrix2x4fv.data_param_accepts_SharedArrayBuffer	1	1	0
api.WebGL2RenderingContext.uniformMatrix3fv	1	1	1
api.WebGL2RenderingContext.uniformMatrix3fv.value_param_accepts_SharedArrayBuffer	1	1	0
api.WebGL2RenderingContext.uniformMatrix3x2fv	1	1	1
api.WebGL2RenderingContext.uniformMatrix3x2fv.data_param_accepts_SharedArrayBuffer	1	1	0
api.WebGL2RenderingContext.uniformMatrix3x4fv	1	1	1
api.WebGL2RenderingContext.uniformMatrix3x4fv.data_param_accepts_SharedArrayBuffer	1	1	0
api.WebGL2RenderingContext.uniformMatrix4fv	1	1	1
api.WebGL2RenderingContext.uniformMatrix4fv.value_param_accepts_SharedArrayBuffer	1	1	0
api.WebGL2RenderingContext.uniformMatrix4x2fv	1	1	1
api.WebGL2RenderingContext.uniformMatrix4x2fv.data_param_accepts_SharedArrayBuffer	1	1	0
api.WebGL2RenderingContext.uniformMatrix4x3fv	1	1	1
api.WebGL2RenderingContext.uniformMatrix4x3fv.data_param_accepts_SharedArrayBuffer	1	1	0
api.WebGL2RenderingContext.unpackColorSpace	1	1	0
api.WebGL2RenderingContext.useProgram	1	1	1
api.WebGL2RenderingContext.validateProgram	1	1	1
api.WebGL2RenderingContext.vertexAttrib1f	1	1	1
api.WebGL2RenderingContext.vertexAttrib1fv	1	1	1
api.WebGL2RenderingContext.vertexAttrib1fv.value_param_accepts_SharedArrayBuffer	1	1	0
api.WebGL2RenderingContext.vertexAttrib2f	1	1	1
api.WebGL2RenderingContext.vertexAttrib2fv	1	1	1
api.WebGL2RenderingContext.vertexAttrib2fv.value_param_accepts_SharedArrayBuffer	1	1	0
api.WebGL2RenderingContext.vertexAttrib3f	1	1	1
api.WebGL2RenderingContext.vertexAttrib3fv	1	1	1
api.WebGL2RenderingContext.vertexAttrib3fv.value_param_accepts_SharedArrayBuffer	1	1	0
api.WebGL2RenderingContext.vertexAttrib4f	1	1	1
api.WebGL2RenderingContext.vertexAttrib4fv	1	1	1
api.WebGL2RenderingContext.vertexAttrib4fv.value_param_accepts_SharedArrayBuffer	1	1	0
api.WebGL2RenderingContext.vertexAttribDivisor	1	1	1
api.WebGL2RenderingContext.vertexAttribI4i	1	1	1
api.WebGL2RenderingContext.vertexAttribI4iv	1	1	1
api.WebGL2RenderingContext.vertexAttribI4iv.value_param_accepts_SharedArrayBuffer	1	1	0
api.WebGL2RenderingContext.vertexAttribI4ui	1	1	1
api.WebGL2RenderingContext.vertexAttribI4uiv	1	1	1
api.WebGL2RenderingContext.vertexAttribI4uiv.value_param_accepts_SharedArrayBuffer	1	1	0
api.WebGL2RenderingContext.vertexAttribIPointer	1	1	1
api.WebGL2RenderingContext.vertexAttribPointer	1	1	1
api.WebGL2RenderingContext.viewport	1	1	1
api.WebGL2RenderingContext.waitSync	1	1	1
api.WebGLActiveInfo	1	1	1
api.WebGLActiveInfo.name	1	1	1
api.WebGLActiveInfo.size	1	1	1
api.WebGLActiveInfo.type	1	1	1
api.WebGLActiveInfo.worker_support	0	1	0
api.WebGLBuffer	1	1	1
api.WebGLBuffer.worker_support	0	1	0
api.WebGLContextEvent.WebGLContextEvent	1	1	1
api.WebGLContextEvent	1	1	1
api.WebGLContextEvent.statusMessage	1	1	1
api.WebGLContextEvent.worker_support	0	1	0
api.WebGLFramebuffer	1	1	1
api.WebGLFramebuffer.worker_support	0	1	0
api.WebGLObject	1	0	0
api.WebGLProgram	1	1	1
api.WebGLProgram.worker_support	0	1	0
api.WebGLQuery	1	1	1
api.WebGLRenderbuffer	1	1	1
api.WebGLRenderbuffer.worker_support	0	1	0
api.WebGLRenderingContext	1	1	1
api.WebGLRenderingContext.activeTexture	1	1	1
api.WebGLRenderingContext.attachShader	1	1	1
api.WebGLRenderingContext.bindAttribLocation	1	1	1
api.WebGLRenderingContext.bindBuffer	1	1	1
api.WebGLRenderingContext.bindFramebuffer	1	1	1
api.WebGLRenderingContext.bindRenderbuffer	1	1	1
api.WebGLRenderingContext.bindTexture	1	1	1
api.WebGLRenderingContext.blendColor	1	1	1
api.WebGLRenderingContext.blendEquation	1	1	1
api.WebGLRenderingContext.blendEquationSeparate	1	1	1
api.WebGLRenderingContext.blendFunc	1	1	1
api.WebGLRenderingContext.blendFuncSeparate	1	1	1
api.WebGLRenderingContext.bufferData	1	1	1
api.WebGLRenderingContext.bufferSubData	1	1	1
api.WebGLRenderingContext.canvas	1	1	1
api.WebGLRenderingContext.checkFramebufferStatus	1	1	1
api.WebGLRenderingContext.clear	1	1	1
api.WebGLRenderingContext.clearColor	1	1	1
api.WebGLRenderingContext.clearDepth	1	1	1
api.WebGLRenderingContext.clearStencil	1	1	1
api.WebGLRenderingContext.colorMask	1	1	1
api.WebGLRenderingContext.compileShader	1	1	1
api.WebGLRenderingContext.compressedTexImage2D	1	1	1
api.WebGLRenderingContext.compressedTexImage2D.pixels_param_accepts_SharedArrayBuffer	1	1	0
api.WebGLRenderingContext.compressedTexSubImage2D	1	1	1
api.WebGLRenderingContext.copyTexImage2D	1	1	1
api.WebGLRenderingContext.copyTexSubImage2D	1	1	1
api.WebGLRenderingContext.createBuffer	1	1	1
api.WebGLRenderingContext.createFramebuffer	1	1	1
api.WebGLRenderingContext.createProgram	1	1	1
api.WebGLRenderingContext.createRenderbuffer	1	1	1
api.WebGLRenderingContext.createShader	1	1	1
api.WebGLRenderingContext.createTexture	1	1	1
api.WebGLRenderingContext.cullFace	1	1	1
api.WebGLRenderingContext.deleteBuffer	1	1	1
api.WebGLRenderingContext.deleteFramebuffer	1	1	1
api.WebGLRenderingContext.deleteProgram	1	1	1
api.WebGLRenderingContext.deleteRenderbuffer	1	1	1
api.WebGLRenderingContext.deleteShader	1	1	1
api.WebGLRenderingContext.deleteTexture	1	1	1
api.WebGLRenderingContext.depthFunc	1	1	1
api.WebGLRenderingContext.depthMask	1	1	1
api.WebGLRenderingContext.depthRange	1	1	1
api.WebGLRenderingContext.detachShader	1	1	1
api.WebGLRenderingContext.disable	1	1	1
api.WebGLRenderingContext.disableVertexAttribArray	1	1	1
api.WebGLRenderingContext.drawArrays	1	1	1
api.WebGLRenderingContext.drawElements	1	1	1
api.WebGLRenderingContext.drawingBufferColorSpace	1	1	1
api.WebGLRenderingContext.drawingBufferFormat	1	0	0
api.WebGLRenderingContext.drawingBufferHeight	1	1	1
api.WebGLRenderingContext.drawingBufferStorage	1	0	0
api.WebGLRenderingContext.drawingBufferWidth	1	1	1
api.WebGLRenderingContext.enable	1	1	1
api.WebGLRenderingContext.enableVertexAttribArray	1	1	1
api.WebGLRenderingContext.finish	1	1	1
api.WebGLRenderingContext.flush	1	1	1
api.WebGLRenderingContext.framebufferRenderbuffer	1	1	1
api.WebGLRenderingContext.framebufferTexture2D	1	1	1
api.WebGLRenderingContext.frontFace	1	1	1
api.WebGLRenderingContext.generateMipmap	1	1	1
api.WebGLRenderingContext.getActiveAttrib	1	1	1
api.WebGLRenderingContext.getActiveUniform	1	1	1
api.WebGLRenderingContext.getAttachedShaders	1	1	1
api.WebGLRenderingContext.getAttribLocation	1	1	1
api.WebGLRenderingContext.getBufferParameter	1	1	1
api.WebGLRenderingContext.getContextAttributes	1	1	1
api.WebGLRenderingContext.getError	1	1	1
api.WebGLRenderingContext.getExtension	1	1	1
api.WebGLRenderingContext.getFramebufferAttachmentParameter	1	1	1
api.WebGLRenderingContext.getParameter	1	1	1
api.WebGLRenderingContext.getProgramInfoLog	1	1	1
api.WebGLRenderingContext.getProgramParameter	1	1	1
api.WebGLRenderingContext.getRenderbufferParameter	1	1	1
api.WebGLRenderingContext.getShaderInfoLog	1	1	1
api.WebGLRenderingContext.getShaderParameter	1	1	1
api.WebGLRenderingContext.getShaderPrecisionFormat	1	1	1
api.WebGLRenderingContext.getShaderSource	1	1	1
api.WebGLRenderingContext.getSupportedExtensions	1	1	1
api.WebGLRenderingContext.getTexParameter	1	1	1
api.WebGLRenderingContext.getUniform	1	1	1
api.WebGLRenderingContext.getUniformLocation	1	1	1
api.WebGLRenderingContext.getVertexAttrib	1	1	1
api.WebGLRenderingContext.getVertexAttribOffset	1	1	1
api.WebGLRenderingContext.hint	1	1	1
api.WebGLRenderingContext.isBuffer	1	1	1
api.WebGLRenderingContext.isContextLost	1	1	1
api.WebGLRenderingContext.isEnabled	1	1	1
api.WebGLRenderingContext.isFramebuffer	1	1	1
api.WebGLRenderingContext.isProgram	1	1	1
api.WebGLRenderingContext.isRenderbuffer	1	1	1
api.WebGLRenderingContext.isShader	1	1	1
api.WebGLRenderingContext.isTexture	1	1	1
api.WebGLRenderingContext.lineWidth	1	1	1
api.WebGLRenderingContext.linkProgram	1	1	1
api.WebGLRenderingContext.makeXRCompatible	1	0	0
api.WebGLRenderingContext.pixelStorei	1	1	1
api.WebGLRenderingContext.polygonOffset	1	1	1
api.WebGLRenderingContext.readPixels	1	1	1
api.WebGLRenderingContext.renderbufferStorage	1	1	1
api.WebGLRenderingContext.sampleCoverage	1	1	1
api.WebGLRenderingContext.scissor	1	1	1
api.WebGLRenderingContext.shaderSource	1	1	1
api.WebGLRenderingContext.stencilFunc	1	1	1
api.WebGLRenderingContext.stencilFuncSeparate	1	1	1
api.WebGLRenderingContext.stencilMask	1	1	1
api.WebGLRenderingContext.stencilMaskSeparate	1	1	1
api.WebGLRenderingContext.stencilOp	1	1	1
api.WebGLRenderingContext.stencilOpSeparate	1	1	1
api.WebGLRenderingContext.texImage2D	1	1	1
api.WebGLRenderingContext.texParameterf	1	1	1
api.WebGLRenderingContext.texParameteri	1	1	1
api.WebGLRenderingContext.texSubImage2D	1	1	1
api.WebGLRenderingContext.uniform1f	1	1	1
api.WebGLRenderingContext.uniform1fv	1	1	1
api.WebGLRenderingContext.uniform1i	1	1	1
api.WebGLRenderingContext.uniform1iv	1	1	1
api.WebGLRenderingContext.uniform2f	1	1	1
api.WebGLRenderingContext.uniform2fv	1	1	1
api.WebGLRenderingContext.uniform2i	1	1	1
api.WebGLRenderingContext.uniform2iv	1	1	1
api.WebGLRenderingContext.uniform3f	1	1	1
api.WebGLRenderingContext.uniform3fv	1	1	1
api.WebGLRenderingContext.uniform3i	1	1	1
api.WebGLRenderingContext.uniform3iv	1	1	1
api.WebGLRenderingContext.uniform4f	1	1	1
api.WebGLRenderingContext.uniform4fv	1	1	1
api.WebGLRenderingContext.uniform4i	1	1	1
api.WebGLRenderingContext.uniform4iv	1	1	1
api.WebGLRenderingContext.uniformMatrix2fv	1	1	1
api.WebGLRenderingContext.uniformMatrix3fv	1	1	1
api.WebGLRenderingContext.uniformMatrix4fv	1	1	1
api.WebGLRenderingContext.unpackColorSpace	1	1	0
api.WebGLRenderingContext.useProgram	1	1	1
api.WebGLRenderingContext.validateProgram	1	1	1
api.WebGLRenderingContext.vertexAttrib1f	1	1	1
api.WebGLRenderingContext.vertexAttrib1fv	1	1	1
api.WebGLRenderingContext.vertexAttrib1fv.value_param_accepts_SharedArrayBuffer	1	1	0
api.WebGLRenderingContext.vertexAttrib2f	1	1	1
api.WebGLRenderingContext.vertexAttrib2fv	1	1	1
api.WebGLRenderingContext.vertexAttrib2fv.value_param_accepts_SharedArrayBuffer	1	1	0
api.WebGLRenderingContext.vertexAttrib3f	1	1	1
api.WebGLRenderingContext.vertexAttrib3fv	1	1	1
api.WebGLRenderingContext.vertexAttrib3fv.value_param_accepts_SharedArrayBuffer	1	1	0
api.WebGLRenderingContext.vertexAttrib4f	1	1	1
api.WebGLRenderingContext.vertexAttrib4fv	1	1	1
api.WebGLRenderingContext.vertexAttrib4fv.value_param_accepts_SharedArrayBuffer	1	1	0
api.WebGLRenderingContext.vertexAttribPointer	1	1	1
api.WebGLRenderingContext.viewport	1	1	1
api.WebGLRenderingContext.worker_support	0	1	0
api.WebGLSampler	1	1	1
api.WebGLShader	1	1	1
api.WebGLShader.worker_support	0	1	0
api.WebGLShaderPrecisionFormat	1	1	1
api.WebGLShaderPrecisionFormat.precision	1	1	1
api.WebGLShaderPrecisionFormat.rangeMax	1	1	1
api.WebGLShaderPrecisionFormat.rangeMin	1	1	1
api.WebGLShaderPrecisionFormat.worker_support	0	1	0
api.WebGLSync	1	1	1
api.WebGLTexture	1	1	1
api.WebGLTexture.worker_support	0	1	0
api.WebGLTimerQueryEXT	1	0	0
api.WebGLTransformFeedback	1	1	1
api.WebGLUniformLocation	1	1	1
api.WebGLUniformLocation.worker_support	0	1	0
api.WebGLVertexArrayObject	1	1	1
api.WebGLVertexArrayObjectOES	1	1	1
api.WebKitPoint.WebKitPoint	0	0	1
api.WebKitPoint	0	0	1
api.WebKitPoint.x	0	0	1
api.WebKitPoint.y	0	0	1
api.WebSocket.WebSocket	1	1	1
api.WebSocket.WebSocket.url_parameter_http_https_relative	1	1	1
api.WebSocket	1	1	1
api.WebSocket.binaryType	1	1	1
api.WebSocket.bufferedAmount	1	1	1
api.WebSocket.close	1	1	1
api.WebSocket.close_event	1	1	1
api.WebSocket.error_event	1	1	1
api.WebSocket.extensions	1	1	1
api.WebSocket.local_network_access	1	0	0
api.WebSocket.message_event	1	1	1
api.WebSocket.open_event	1	1	1
api.WebSocket.protocol	1	1	1
api.WebSocket.protocol_rfc_6455	1	1	1
api.WebSocket.readyState	1	1	1
api.WebSocket.send	1	1	1
api.WebSocket.url	1	1	1
api.WebSocket.worker_support	1	1	1
api.WebSocketError.WebSocketError	1	0	0
api.WebSocketError	1	0	0
api.WebSocketError.closeCode	1	0	0
api.WebSocketError.reason	1	0	0
api.WebSocketStream.WebSocketStream	1	0	0
api.WebSocketStream	1	0	0
api.WebSocketStream.close	1	0	0
api.WebSocketStream.closed	1	0	0
api.WebSocketStream.opened	1	0	0
api.WebSocketStream.url	1	0	0
api.WebTransport.WebTransport	1	1	1
api.WebTransport.WebTransport.options_allowPooling_parameter	0	1	1
api.WebTransport.WebTransport.options_congestionControl_parameter	0	1	1
api.WebTransport.WebTransport.options_protocols_parameter	1	1	1
api.WebTransport.WebTransport.options_requireUnreliable_parameter	0	1	1
api.WebTransport.WebTransport.options_serverCertificateHashes_parameter	1	1	1
api.WebTransport	1	1	1
api.WebTransport.anticipatedConcurrentIncomingBidirectionalStreams	0	0	1
api.WebTransport.anticipatedConcurrentIncomingUnidirectionalStreams	0	0	1
api.WebTransport.byob_readers	1	1	1
api.WebTransport.close	1	1	1
api.WebTransport.closed	1	1	1
api.WebTransport.congestionControl	0	1	1
api.WebTransport.createBidirectionalStream	1	1	1
api.WebTransport.createBidirectionalStream.options_sendOrder_parameter	0	1	1
api.WebTransport.createSendGroup	0	1	1
api.WebTransport.createUnidirectionalStream	1	1	1
api.WebTransport.createUnidirectionalStream.byob_readers	1	1	1
api.WebTransport.createUnidirectionalStream.options_sendOrder_parameter	0	1	1
api.WebTransport.datagrams	1	1	1
api.WebTransport.draining	0	1	1
api.WebTransport.exportKeyingMaterial	0	1	0
api.WebTransport.getStats	0	1	1
api.WebTransport.incomingBidirectionalStreams	1	1	1
api.WebTransport.incomingUnidirectionalStreams	1	1	1
api.WebTransport.local_network_access	1	0	0
api.WebTransport.protocol	1	1	1
api.WebTransport.ready	1	1	1
api.WebTransport.reliability	0	1	1
api.WebTransport.responseHeaders	0	0	1
api.WebTransport.supportsReliableOnly_static	0	0	1
api.WebTransportBidirectionalStream	1	1	1
api.WebTransportBidirectionalStream.readable	1	1	1
api.WebTransportBidirectionalStream.readable.returns_WebTransportReceiveStream	0	1	1
api.WebTransportBidirectionalStream.writable	1	1	1
api.WebTransportBidirectionalStream.writable.returns_WebTransportSendStream	0	1	1
api.WebTransportDatagramDuplexStream	1	1	1
api.WebTransportDatagramDuplexStream.byob_readers	1	0	1
api.WebTransportDatagramDuplexStream.createWritable	0	1	1
api.WebTransportDatagramDuplexStream.incomingHighWaterMark	1	1	0
api.WebTransportDatagramDuplexStream.incomingMaxAge	1	1	1
api.WebTransportDatagramDuplexStream.incomingMaxBufferedDatagrams	1	0	1
api.WebTransportDatagramDuplexStream.maxDatagramSize	1	1	1
api.WebTransportDatagramDuplexStream.outgoingHighWaterMark	1	1	0
api.WebTransportDatagramDuplexStream.outgoingMaxAge	1	1	1
api.WebTransportDatagramDuplexStream.outgoingMaxBufferedDatagrams	1	0	1
api.WebTransportDatagramDuplexStream.readable	1	1	1
api.WebTransportDatagramDuplexStream.writable	1	1	0
api.WebTransportDatagramsWritable	0	1	1
api.WebTransportDatagramsWritable.sendGroup	0	1	1
api.WebTransportDatagramsWritable.sendOrder	0	1	1
api.WebTransportError.WebTransportError	1	1	1
api.WebTransportError	1	1	1
api.WebTransportError.source	1	1	1
api.WebTransportError.streamErrorCode	1	1	1
api.WebTransportReceiveStream	0	1	1
api.WebTransportReceiveStream.getStats	0	1	1
api.WebTransportSendGroup	0	1	1
api.WebTransportSendGroup.getStats	0	1	1
api.WebTransportSendStream	0	1	1
api.WebTransportSendStream.getStats	0	1	1
api.WebTransportSendStream.getWriter	0	1	1
api.WebTransportSendStream.sendGroup	0	1	1
api.WebTransportSendStream.sendOrder	0	1	1
api.WheelEvent.WheelEvent	1	1	1
api.WheelEvent	1	1	1
api.WheelEvent.deltaMode	1	1	1
api.WheelEvent.deltaX	1	1	1
api.WheelEvent.deltaY	1	1	1
api.WheelEvent.deltaZ	1	1	1
api.WheelEvent.momentum	1	0	0
api.WheelEvent.pinch_to_zoom_support	1	1	1
api.WheelEvent.wheelDelta	1	1	1
api.WheelEvent.wheelDeltaX	1	1	1
api.WheelEvent.wheelDeltaY	1	1	1
api.Window	1	1	1
api.Window.afterprint_event	1	1	1
api.Window.alert	1	1	1
api.Window.appinstalled_event	1	0	0
api.Window.beforeinstallprompt_event	1	0	0
api.Window.beforeprint_event	1	1	1
api.Window.beforeunload_event	1	1	1
api.Window.beforeunload_event.event_returnvalue_activation	1	1	1
api.Window.beforeunload_event.generic_string_displayed	1	1	1
api.Window.beforeunload_event.preventdefault_activation	1	1	1
api.Window.beforeunload_event.return_string_activation	1	1	1
api.Window.blur	1	1	1
api.Window.blur_event	1	1	1
api.Window.cancelAnimationFrame	1	1	1
api.Window.cancelIdleCallback	1	1	0
api.Window.captureEvents	1	1	1
api.Window.clearImmediate	0	0	0
api.Window.close	1	1	1
api.Window.closed	1	1	1
api.Window.confirm	1	1	1
api.Window.cookieStore	1	1	1
api.Window.crashReport	1	0	0
api.Window.credentialless	1	0	0
api.Window.customElements	1	1	1
api.Window.devicePixelRatio	1	1	1
api.Window.devicemotion_event	1	1	1
api.Window.deviceorientation_event	1	1	1
api.Window.deviceorientationabsolute_event	1	1	0
api.Window.document	1	1	1
api.Window.documentPictureInPicture	1	1	0
api.Window.dump	0	1	0
api.Window.error_event	1	1	1
api.Window.event	1	1	1
api.Window.external	1	1	0
api.Window.fence	1	0	0
api.Window.fetchLater	1	0	0
api.Window.find	1	1	1
api.Window.focus	1	1	1
api.Window.focus_event	1	1	1
api.Window.frameElement	1	1	1
api.Window.frames	1	1	1
api.Window.fullScreen	0	1	0
api.Window.gamepadconnected_event	1	1	1
api.Window.gamepaddisconnected_event	1	1	1
api.Window.getComputedStyle	1	1	1
api.Window.getComputedStyle.pseudo_element_support	1	1	1
api.Window.getComputedStyle.returns_CSSStyleProperties	0	1	1
api.Window.getDefaultComputedStyle	0	1	0
api.Window.getDefaultComputedStyle.pseudo_element_support	0	1	0
api.Window.getDigitalGoodsService	0	0	0
api.Window.getScreenDetails	1	0	0
api.Window.getSelection	1	1	1
api.Window.hashchange_event	1	1	1
api.Window.history	1	1	1
api.Window.innerHeight	1	1	1
api.Window.innerWidth	1	1	1
api.Window.languagechange_event	1	1	1
api.Window.launchQueue	1	0	0
api.Window.length	1	1	1
api.Window.load_event	1	1	1
api.Window.localStorage	1	1	1
api.Window.location	1	1	1
api.Window.locationbar	1	1	1
api.Window.matchMedia	1	1	1
api.Window.menubar	1	1	1
api.Window.message_event	1	1	1
api.Window.messageerror_event	1	1	1
api.Window.moveBy	1	1	1
api.Window.moveTo	1	1	1
api.Window.moveTo.relative-multi-screen	1	1	1
api.Window.mozInnerScreenX	0	1	0
api.Window.mozInnerScreenY	0	1	0
api.Window.name	1	1	1
api.Window.navigation	1	1	1
api.Window.navigator	1	1	1
api.Window.offline_event	1	1	1
api.Window.online_event	1	1	1
api.Window.open	1	1	1
api.Window.open.features_parameter_attributionsrc	1	0	0
api.Window.open.features_parameter_popup	1	1	0
api.Window.open.once_per_event	1	1	1
api.Window.open.relative-multi-screen	1	1	1
api.Window.opener	1	1	1
api.Window.orientation	0	0	0
api.Window.orientationchange_event	0	0	0
api.Window.originAgentCluster	1	1	1
api.Window.outerHeight	1	1	1
api.Window.outerWidth	1	1	1
api.Window.pagehide_event	1	1	1
api.Window.pagereveal_event	1	0	1
api.Window.pageshow_event	1	1	1
api.Window.pageswap_event	1	0	1
api.Window.parent	1	1	1
api.Window.personalbar	1	1	1
api.Window.popstate_event	1	1	1
api.Window.postMessage	1	1	1
api.Window.postMessage.options_delegate_parameter	1	0	0
api.Window.postMessage.options_includeUserActivation_parameter	1	0	0
api.Window.postMessage.transfer_parameter	1	1	1
api.Window.print	1	1	1
api.Window.prompt	1	1	1
api.Window.pushManager	0	0	1
api.Window.queryLocalFonts	1	0	0
api.Window.rejectionhandled_event	1	1	1
api.Window.releaseEvents	1	1	1
api.Window.requestAnimationFrame	1	1	1
api.Window.requestFileSystem	1	0	0
api.Window.requestIdleCallback	1	1	0
api.Window.requestResize	1	0	0
api.Window.resizeBy	1	1	1
api.Window.resizeTo	1	1	1
api.Window.resize_event	1	1	1
api.Window.resolveLocalFileSystemURL	1	0	0
api.Window.screen	1	1	1
api.Window.screenLeft	1	1	1
api.Window.screenLeft.relative-multi-screen	1	1	1
api.Window.screenTop	1	1	1
api.Window.screenTop.relative-multi-screen	1	1	1
api.Window.screenX	1	1	1
api.Window.screenX.relative-multi-screen	1	1	1
api.Window.screenY	1	1	1
api.Window.screenY.relative-multi-screen	1	1	1
api.Window.scroll	1	1	1
api.Window.scroll.options_behavior_parameter	1	1	1
api.Window.scroll.options_left_parameter	1	1	1
api.Window.scroll.options_top_parameter	1	1	1
api.Window.scroll.returns_promise	1	0	0
api.Window.scrollBy	1	1	1
api.Window.scrollBy.options_behavior_parameter	1	1	1
api.Window.scrollBy.options_left_parameter	1	1	1
api.Window.scrollBy.options_top_parameter	1	1	1
api.Window.scrollBy.returns_promise	1	0	0
api.Window.scrollByLines	0	1	0
api.Window.scrollByPages	0	1	0
api.Window.scrollMaxX	0	1	0
api.Window.scrollMaxY	0	1	0
api.Window.scrollTo	1	1	1
api.Window.scrollTo.options_behavior_parameter	1	1	1
api.Window.scrollTo.options_left_parameter	1	1	1
api.Window.scrollTo.options_top_parameter	1	1	1
api.Window.scrollTo.returns_promise	1	0	0
api.Window.scrollX	1	1	1
api.Window.scrollX.subpixel_precision	1	1	0
api.Window.scrollY	1	1	1
api.Window.scrollY.subpixel_precision	1	1	0
api.Window.scrollbars	1	1	1
api.Window.scrollsnapchange_event	1	0	0
api.Window.scrollsnapchanging_event	1	0	0
api.Window.self	1	1	1
api.Window.sessionStorage	1	1	1
api.Window.setImmediate	0	0	0
api.Window.setResizable	0	1	0
api.Window.sharedStorage	1	0	0
api.Window.showDirectoryPicker	1	0	0
api.Window.showOpenFilePicker	1	0	0
api.Window.showSaveFilePicker	1	0	0
api.Window.speechSynthesis	1	1	1
api.Window.status	1	1	1
api.Window.statusbar	1	1	1
api.Window.stop	1	1	1
api.Window.storage_event	1	1	1
api.Window.styleMedia	1	0	1
api.Window.toolbar	1	1	1
api.Window.top	1	1	1
api.Window.unhandledrejection_event	1	1	1
api.Window.unload_event	1	1	1
api.Window.updateCommands	0	1	0
api.Window.viewport	1	0	0
api.Window.visualViewport	1	1	1
api.Window.vrdisplayactivate_event	0	0	0
api.Window.vrdisplayconnect_event	0	0	0
api.Window.vrdisplaydeactivate_event	0	0	0
api.Window.vrdisplaydisconnect_event	0	0	0
api.Window.vrdisplaypresentchange_event	0	0	0
api.Window.webkitConvertPointFromNodeToPage	0	0	1
api.Window.webkitConvertPointFromPageToNode	0	0	1
api.Window.window	1	1	1
api.WindowClient	1	1	1
api.WindowClient.ancestorOrigins	0	0	1
api.WindowClient.focus	1	1	1
api.WindowClient.focused	1	1	1
api.WindowClient.navigate	1	1	1
api.WindowClient.navigate.local_network_access	1	0	0
api.WindowClient.visibilityState	1	1	1
api.WindowControlsOverlay	1	0	0
api.WindowControlsOverlay.geometrychange_event	1	0	0
api.WindowControlsOverlay.getTitlebarAreaRect	1	0	0
api.WindowControlsOverlay.visible	1	0	0
api.WindowControlsOverlayGeometryChangeEvent.WindowControlsOverlayGeometryChangeEvent	1	0	0
api.WindowControlsOverlayGeometryChangeEvent	1	0	0
api.WindowControlsOverlayGeometryChangeEvent.titlebarAreaRect	1	0	0
api.WindowControlsOverlayGeometryChangeEvent.visible	1	0	0
api.Worker.Worker	1	1	1
api.Worker.Worker.ecmascript_modules	1	1	1
api.Worker.Worker.enforces_trusted_types	1	1	1
api.Worker.Worker.mime_checks	0	1	1
api.Worker.Worker.options_name_parameter	1	1	1
api.Worker.Worker.options_type_parameter	1	1	1
api.Worker	1	1	1
api.Worker.error_event	1	1	1
api.Worker.message_event	1	1	1
api.Worker.messageerror_event	0	1	1
api.Worker.postMessage	1	1	1
api.Worker.postMessage.options_includeUserActivation_parameter	1	0	0
api.Worker.terminate	1	1	1
api.Worker.worker_support	1	1	1
api.WorkerGlobalScope	1	1	1
api.WorkerGlobalScope.dump	0	1	0
api.WorkerGlobalScope.error_event	1	1	1
api.WorkerGlobalScope.fonts	1	1	1
api.WorkerGlobalScope.importScripts	1	1	1
api.WorkerGlobalScope.importScripts.enforces_trusted_types	1	1	1
api.WorkerGlobalScope.importScripts.mime_checks	1	1	1
api.WorkerGlobalScope.languagechange_event	1	1	0
api.WorkerGlobalScope.location	1	1	1
api.WorkerGlobalScope.navigator	1	1	1
api.WorkerGlobalScope.offline_event	0	1	1
api.WorkerGlobalScope.online_event	0	1	1
api.WorkerGlobalScope.rejectionhandled_event	1	1	1
api.WorkerGlobalScope.securitypolicyviolation_event	1	1	1
api.WorkerGlobalScope.self	1	1	1
api.WorkerGlobalScope.unhandledrejection_event	1	1	1
api.WorkerLocation	1	1	1
api.WorkerLocation.hash	1	1	1
api.WorkerLocation.host	1	1	1
api.WorkerLocation.hostname	1	1	1
api.WorkerLocation.href	1	1	1
api.WorkerLocation.origin	1	1	1
api.WorkerLocation.pathname	1	1	1
api.WorkerLocation.port	1	1	1
api.WorkerLocation.protocol	1	1	1
api.WorkerLocation.search	1	1	1
api.WorkerLocation.toString	1	1	1
api.WorkerNavigator	1	1	1
api.WorkerNavigator.appCodeName	1	1	1
api.WorkerNavigator.appName	1	1	1
api.WorkerNavigator.appVersion	1	1	1
api.WorkerNavigator.connection	1	0	0
api.WorkerNavigator.deviceMemory	1	0	0
api.WorkerNavigator.globalPrivacyControl	0	1	0
api.WorkerNavigator.gpu	1	1	1
api.WorkerNavigator.hardwareConcurrency	1	1	1
api.WorkerNavigator.hid	1	0	0
api.WorkerNavigator.language	1	1	1
api.WorkerNavigator.languages	1	1	1
api.WorkerNavigator.locks	1	1	1
api.WorkerNavigator.mediaCapabilities	1	1	1
api.WorkerNavigator.ml	0	0	0
api.WorkerNavigator.onLine	1	1	1
api.WorkerNavigator.permissions	1	1	1
api.WorkerNavigator.platform	1	1	1
api.WorkerNavigator.product	1	1	1
api.WorkerNavigator.serial	1	1	0
api.WorkerNavigator.serviceWorker	0	1	1
api.WorkerNavigator.storage	1	1	1
api.WorkerNavigator.storageBuckets	1	0	0
api.WorkerNavigator.usb	1	0	0
api.WorkerNavigator.userAgent	1	1	1
api.WorkerNavigator.userAgentData	1	0	0
api.Worklet	1	1	1
api.Worklet.addModule	1	1	1
api.Worklet.ecmascript_modules	1	1	1
api.WorkletGlobalScope	1	1	1
api.WritableStream.WritableStream	1	1	1
api.WritableStream	1	1	1
api.WritableStream.abort	1	1	1
api.WritableStream.close	1	1	1
api.WritableStream.getWriter	1	1	1
api.WritableStream.locked	1	1	1
api.WritableStream.transferable	1	1	0
api.WritableStreamDefaultController	1	1	1
api.WritableStreamDefaultController.error	1	1	1
api.WritableStreamDefaultController.signal	1	1	1
api.WritableStreamDefaultWriter.WritableStreamDefaultWriter	1	1	1
api.WritableStreamDefaultWriter	1	1	1
api.WritableStreamDefaultWriter.abort	1	1	1
api.WritableStreamDefaultWriter.close	1	1	1
api.WritableStreamDefaultWriter.closed	1	1	1
api.WritableStreamDefaultWriter.desiredSize	1	1	1
api.WritableStreamDefaultWriter.ready	1	1	1
api.WritableStreamDefaultWriter.releaseLock	1	1	1
api.WritableStreamDefaultWriter.write	1	1	1
api.XMLDocument	1	1	1
api.XMLHttpRequest.XMLHttpRequest	1	1	1
api.XMLHttpRequest	1	1	1
api.XMLHttpRequest.abort	1	1	1
api.XMLHttpRequest.abort_event	1	1	1
api.XMLHttpRequest.authorization_removed_cross_origin	0	1	1
api.XMLHttpRequest.error_event	1	1	1
api.XMLHttpRequest.getAllResponseHeaders	1	1	1
api.XMLHttpRequest.getAllResponseHeaders.header_names_lowercase	1	1	1
api.XMLHttpRequest.getResponseHeader	1	1	1
api.XMLHttpRequest.load_event	1	1	1
api.XMLHttpRequest.loadend_event	1	1	1
api.XMLHttpRequest.loadstart_event	1	1	1
api.XMLHttpRequest.open	1	1	1
api.XMLHttpRequest.overrideMimeType	1	1	1
api.XMLHttpRequest.progress_event	1	1	1
api.XMLHttpRequest.readyState	1	1	1
api.XMLHttpRequest.readystatechange_event	1	1	1
api.XMLHttpRequest.response	1	1	1
api.XMLHttpRequest.responseText	1	1	1
api.XMLHttpRequest.responseType	1	1	1
api.XMLHttpRequest.responseType.arraybuffer_value	1	1	1
api.XMLHttpRequest.responseType.blob_value	1	1	1
api.XMLHttpRequest.responseType.document_value	1	1	1
api.XMLHttpRequest.responseType.json_value	1	1	1
api.XMLHttpRequest.responseURL	1	1	1
api.XMLHttpRequest.responseXML	1	1	1
api.XMLHttpRequest.send	1	1	1
api.XMLHttpRequest.send.body_ArrayBufferView_type	1	1	1
api.XMLHttpRequest.send.body_ArrayBuffer_type	1	1	1
api.XMLHttpRequest.send.body_Blob_type	1	1	1
api.XMLHttpRequest.send.body_FormData_type	1	1	1
api.XMLHttpRequest.send.body_URLSearchParams_type	1	1	1
api.XMLHttpRequest.setAttributionReporting	1	0	0
api.XMLHttpRequest.setPrivateToken	1	0	0
api.XMLHttpRequest.setRequestHeader	1	1	1
api.XMLHttpRequest.status	1	1	1
api.XMLHttpRequest.statusText	1	1	1
api.XMLHttpRequest.timeout	1	1	1
api.XMLHttpRequest.timeout_event	1	1	1
api.XMLHttpRequest.upload	1	1	1
api.XMLHttpRequest.withCredentials	1	1	1
api.XMLHttpRequest.worker_support	1	1	1
api.XMLHttpRequestEventTarget	1	1	1
api.XMLHttpRequestUpload	1	1	1
api.XMLHttpRequestUpload.abort_event	1	1	1
api.XMLHttpRequestUpload.error_event	1	1	1
api.XMLHttpRequestUpload.load_event	1	1	1
api.XMLHttpRequestUpload.loadend_event	1	1	1
api.XMLHttpRequestUpload.loadstart_event	1	1	1
api.XMLHttpRequestUpload.progress_event	1	1	1
api.XMLHttpRequestUpload.timeout_event	1	1	1
api.XMLSerializer.XMLSerializer	1	1	1
api.XMLSerializer	1	1	1
api.XMLSerializer.serializeToString	1	1	1
api.XPathEvaluator.XPathEvaluator	1	1	1
api.XPathEvaluator	1	1	1
api.XPathEvaluator.createExpression	1	1	1
api.XPathEvaluator.createNSResolver	1	1	1
api.XPathEvaluator.evaluate	1	1	1
api.XPathExpression	1	1	1
api.XPathExpression.evaluate	1	1	1
api.XPathResult	1	1	1
api.XPathResult.booleanValue	1	1	1
api.XPathResult.invalidIteratorState	1	1	1
api.XPathResult.iterateNext	1	1	1
api.XPathResult.numberValue	1	1	1
api.XPathResult.resultType	1	1	1
api.XPathResult.singleNodeValue	1	1	1
api.XPathResult.snapshotItem	1	1	1
api.XPathResult.snapshotLength	1	1	1
api.XPathResult.stringValue	1	1	1
api.XRAnchor	1	0	0
api.XRAnchor.anchorSpace	1	0	0
api.XRAnchor.delete	1	0	0
api.XRAnchor.requestPersistentHandle	0	0	0
api.XRAnchorSet.@@iterator	1	0	0
api.XRAnchorSet	1	0	0
api.XRAnchorSet.entries	1	0	0
api.XRAnchorSet.forEach	1	0	0
api.XRAnchorSet.has	1	0	0
api.XRAnchorSet.keys	1	0	0
api.XRAnchorSet.size	1	0	0
api.XRAnchorSet.values	1	0	0
api.XRBoundedReferenceSpace	1	0	0
api.XRBoundedReferenceSpace.boundsGeometry	1	0	0
api.XRCPUDepthInformation	1	0	0
api.XRCPUDepthInformation.data	1	0	0
api.XRCPUDepthInformation.getDepthInMeters	1	0	0
api.XRCamera	1	0	0
api.XRCamera.height	1	0	0
api.XRCamera.width	1	0	0
api.XRCompositionLayer	1	0	0
api.XRCompositionLayer.blendTextureSourceAlpha	1	0	0
api.XRCompositionLayer.destroy	1	0	0
api.XRCompositionLayer.forceMonoPresentation	1	0	0
api.XRCompositionLayer.layout	1	0	0
api.XRCompositionLayer.mipLevels	1	0	0
api.XRCompositionLayer.needsRedraw	1	0	0
api.XRCompositionLayer.opacity	1	0	0
api.XRCompositionLayer.quality	0	0	0
api.XRCubeLayer	1	0	0
api.XRCubeLayer.orientation	1	0	0
api.XRCubeLayer.redraw_event	1	0	0
api.XRCubeLayer.space	1	0	0
api.XRCylinderLayer	1	0	0
api.XRCylinderLayer.aspectRatio	1	0	0
api.XRCylinderLayer.centralAngle	1	0	0
api.XRCylinderLayer.radius	1	0	0
api.XRCylinderLayer.redraw_event	1	0	0
api.XRCylinderLayer.space	1	0	0
api.XRCylinderLayer.transform	1	0	0
api.XRDepthInformation	1	0	0
api.XRDepthInformation.height	1	0	0
api.XRDepthInformation.normDepthBufferFromNormView	1	0	0
api.XRDepthInformation.projectionMatrix	1	0	0
api.XRDepthInformation.rawValueToMeters	1	0	0
api.XRDepthInformation.transform	1	0	0
api.XRDepthInformation.width	1	0	0
api.XREquirectLayer	1	0	0
api.XREquirectLayer.centralHorizontalAngle	1	0	0
api.XREquirectLayer.lowerVerticalAngle	1	0	0
api.XREquirectLayer.radius	1	0	0
api.XREquirectLayer.redraw_event	1	0	0
api.XREquirectLayer.space	1	0	0
api.XREquirectLayer.transform	1	0	0
api.XREquirectLayer.upperVerticalAngle	1	0	0
api.XRFrame	1	0	0
api.XRFrame.createAnchor	1	0	0
api.XRFrame.detectedMeshes	0	0	0
api.XRFrame.detectedPlanes	1	0	0
api.XRFrame.fillJointRadii	1	0	0
api.XRFrame.fillPoses	1	0	0
api.XRFrame.getDepthInformation	1	0	0
api.XRFrame.getHitTestResults	1	0	0
api.XRFrame.getHitTestResultsForTransientInput	1	0	0
api.XRFrame.getJointPose	1	0	0
api.XRFrame.getLightEstimate	1	0	0
api.XRFrame.getPose	1	0	0
api.XRFrame.getViewerPose	1	0	0
api.XRFrame.predictedDisplayTime	0	0	0
api.XRFrame.session	1	0	0
api.XRFrame.trackedAnchors	1	0	0
api.XRHand.@@iterator	1	0	0
api.XRHand	1	0	0
api.XRHand.entries	1	0	0
api.XRHand.forEach	1	0	0
api.XRHand.get	1	0	0
api.XRHand.keys	1	0	0
api.XRHand.size	1	0	0
api.XRHand.values	1	0	0
api.XRHitTestResult	1	0	0
api.XRHitTestResult.createAnchor	1	0	0
api.XRHitTestResult.getPose	1	0	0
api.XRHitTestSource	1	0	0
api.XRHitTestSource.cancel	1	0	0
api.XRInputSource	1	0	0
api.XRInputSource.gamepad	1	0	0
api.XRInputSource.gripSpace	1	0	0
api.XRInputSource.hand	1	0	0
api.XRInputSource.handedness	1	0	0
api.XRInputSource.profiles	1	0	0
api.XRInputSource.skipRendering	0	0	0
api.XRInputSource.targetRayMode	1	0	0
api.XRInputSource.targetRaySpace	1	0	0
api.XRInputSourceArray.@@iterator	1	0	0
api.XRInputSourceArray	1	0	0
api.XRInputSourceArray.entries	1	0	0
api.XRInputSourceArray.forEach	1	0	0
api.XRInputSourceArray.keys	1	0	0
api.XRInputSourceArray.length	1	0	0
api.XRInputSourceArray.values	1	0	0
api.XRInputSourceEvent.XRInputSourceEvent	1	0	0
api.XRInputSourceEvent	1	0	0
api.XRInputSourceEvent.frame	1	0	0
api.XRInputSourceEvent.inputSource	1	0	0
api.XRInputSourcesChangeEvent.XRInputSourcesChangeEvent	1	0	0
api.XRInputSourcesChangeEvent	1	0	0
api.XRInputSourcesChangeEvent.added	1	0	0
api.XRInputSourcesChangeEvent.removed	1	0	0
api.XRInputSourcesChangeEvent.session	1	0	0
api.XRJointPose	1	0	0
api.XRJointPose.radius	1	0	0
api.XRJointSpace	1	0	0
api.XRJointSpace.jointName	1	0	0
api.XRLayer	1	0	0
api.XRLayerEvent.XRLayerEvent	1	0	0
api.XRLayerEvent	1	0	0
api.XRLayerEvent.layer	1	0	0
api.XRLightEstimate	1	0	0
api.XRLightEstimate.primaryLightDirection	1	0	0
api.XRLightEstimate.primaryLightIntensity	1	0	0
api.XRLightEstimate.sphericalHarmonicsCoefficients	1	0	0
api.XRLightProbe	1	0	0
api.XRLightProbe.probeSpace	1	0	0
api.XRLightProbe.reflectionchange_event	1	0	0
api.XRMediaBinding.XRMediaBinding	0	0	0
api.XRMediaBinding	0	0	0
api.XRMediaBinding.createCylinderLayer	0	0	0
api.XRMediaBinding.createEquirectLayer	0	0	0
api.XRMediaBinding.createQuadLayer	0	0	0
api.XRPlane	1	0	0
api.XRPlane.lastChangedTime	1	0	0
api.XRPlane.orientation	1	0	0
api.XRPlane.planeSpace	1	0	0
api.XRPlane.polygon	1	0	0
api.XRPlane.semanticLabel	1	0	0
api.XRPlaneSet.@@iterator	1	0	0
api.XRPlaneSet	1	0	0
api.XRPlaneSet.entries	1	0	0
api.XRPlaneSet.forEach	1	0	0
api.XRPlaneSet.has	1	0	0
api.XRPlaneSet.keys	1	0	0
api.XRPlaneSet.size	1	0	0
api.XRPlaneSet.values	1	0	0
api.XRPose	1	0	0
api.XRPose.angularVelocity	0	0	0
api.XRPose.emulatedPosition	1	0	0
api.XRPose.linearVelocity	0	0	0
api.XRPose.transform	1	0	0
api.XRProjectionLayer	1	0	0
api.XRProjectionLayer.deltaPose	1	0	0
api.XRProjectionLayer.fixedFoveation	1	0	0
api.XRProjectionLayer.ignoreDepthValues	1	0	0
api.XRProjectionLayer.textureArrayLength	1	0	0
api.XRProjectionLayer.textureHeight	1	0	0
api.XRProjectionLayer.textureWidth	1	0	0
api.XRQuadLayer	1	0	0
api.XRQuadLayer.height	1	0	0
api.XRQuadLayer.redraw_event	1	0	0
api.XRQuadLayer.space	1	0	0
api.XRQuadLayer.transform	1	0	0
api.XRQuadLayer.width	1	0	0
api.XRRay.XRRay	1	0	0
api.XRRay	1	0	0
api.XRRay.direction	1	0	0
api.XRRay.matrix	1	0	0
api.XRRay.origin	1	0	0
api.XRReferenceSpace	1	0	0
api.XRReferenceSpace.getOffsetReferenceSpace	1	0	0
api.XRReferenceSpace.reset_event	1	0	0
api.XRReferenceSpaceEvent.XRReferenceSpaceEvent	1	0	0
api.XRReferenceSpaceEvent	1	0	0
api.XRReferenceSpaceEvent.referenceSpace	1	0	0
api.XRReferenceSpaceEvent.transform	1	0	0
api.XRRenderState	1	0	0
api.XRRenderState.baseLayer	1	0	0
api.XRRenderState.depthFar	1	0	0
api.XRRenderState.depthNear	1	0	0
api.XRRenderState.inlineVerticalFieldOfView	1	0	0
api.XRRenderState.layers	1	0	0
api.XRRenderState.passthroughFullyObscured	0	0	0
api.XRRigidTransform.XRRigidTransform	1	0	0
api.XRRigidTransform	1	0	0
api.XRRigidTransform.inverse	1	0	0
api.XRRigidTransform.matrix	1	0	0
api.XRRigidTransform.orientation	1	0	0
api.XRRigidTransform.position	1	0	0
api.XRSession	1	0	0
api.XRSession.cancelAnimationFrame	1	0	0
api.XRSession.deletePersistentAnchor	0	0	0
api.XRSession.depthActive	1	0	0
api.XRSession.depthDataFormat	1	0	0
api.XRSession.depthType	1	0	0
api.XRSession.depthUsage	1	0	0
api.XRSession.domOverlayState	1	0	0
api.XRSession.enabledFeatures	1	0	0
api.XRSession.end	1	0	0
api.XRSession.end_event	1	0	0
api.XRSession.environmentBlendMode	1	0	0
api.XRSession.frameRate	0	0	0
api.XRSession.initiateRoomCapture	1	0	0
api.XRSession.inputSources	1	0	0
api.XRSession.inputsourceschange_event	1	0	0
api.XRSession.interactionMode	1	0	0
api.XRSession.isSystemKeyboardSupported	0	0	0
api.XRSession.maxRenderLayers	1	0	0
api.XRSession.pauseDepthSensing	1	0	0
api.XRSession.persistentAnchors	0	0	0
api.XRSession.preferredReflectionFormat	1	0	0
api.XRSession.renderState	1	0	0
api.XRSession.requestAnimationFrame	1	0	0
api.XRSession.requestHitTestSource	1	0	0
api.XRSession.requestHitTestSourceForTransientInput	1	0	0
api.XRSession.requestLightProbe	1	0	0
api.XRSession.requestReferenceSpace	1	0	0
api.XRSession.restorePersistentAnchor	0	0	0
api.XRSession.resumeDepthSensing	1	0	0
api.XRSession.select_event	1	0	0
api.XRSession.selectend_event	1	0	0
api.XRSession.selectstart_event	1	0	0
api.XRSession.squeeze_event	1	0	0
api.XRSession.squeezeend_event	1	0	0
api.XRSession.squeezestart_event	1	0	0
api.XRSession.supportedFrameRates	0	0	0
api.XRSession.trackedSources	0	0	0
api.XRSession.updateRenderState	1	0	0
api.XRSession.updateTargetFrameRate	0	0	0
api.XRSession.visibilityState	1	0	0
api.XRSession.visibilitychange_event	1	0	0
api.XRSession.visibilitymaskchange_event	1	0	0
api.XRSessionEvent.XRSessionEvent	1	0	0
api.XRSessionEvent	1	0	0
api.XRSessionEvent.session	1	0	0
api.XRSpace	1	0	0
api.XRSubImage	1	0	0
api.XRSubImage.viewport	1	0	0
api.XRSystem	1	0	0
api.XRSystem.devicechange_event	1	0	0
api.XRSystem.isSessionSupported	1	0	0
api.XRSystem.requestSession	1	0	0
api.XRTransientInputHitTestResult	1	0	0
api.XRTransientInputHitTestResult.inputSource	1	0	0
api.XRTransientInputHitTestResult.results	1	0	0
api.XRTransientInputHitTestSource	1	0	0
api.XRTransientInputHitTestSource.cancel	1	0	0
api.XRView	1	0	0
api.XRView.camera	1	0	0
api.XRView.eye	1	0	0
api.XRView.index	1	0	0
api.XRView.isFirstPersonObserver	1	0	0
api.XRView.projectionMatrix	1	0	0
api.XRView.recommendedViewportScale	1	0	0
api.XRView.requestViewportScale	1	0	0
api.XRView.transform	1	0	0
api.XRViewerPose	1	0	0
api.XRViewerPose.views	1	0	0
api.XRViewport	1	0	0
api.XRViewport.height	1	0	0
api.XRViewport.width	1	0	0
api.XRViewport.x	1	0	0
api.XRViewport.y	1	0	0
api.XRVisibilityMaskChangeEvent.XRVisibilityMaskChangeEvent	1	0	0
api.XRVisibilityMaskChangeEvent	1	0	0
api.XRVisibilityMaskChangeEvent.eye	1	0	0
api.XRVisibilityMaskChangeEvent.index	1	0	0
api.XRVisibilityMaskChangeEvent.indices	1	0	0
api.XRVisibilityMaskChangeEvent.session	1	0	0
api.XRVisibilityMaskChangeEvent.vertices	1	0	0
api.XRWebGLBinding.XRWebGLBinding	1	0	0
api.XRWebGLBinding	1	0	0
api.XRWebGLBinding.createCubeLayer	1	0	0
api.XRWebGLBinding.createCylinderLayer	1	0	0
api.XRWebGLBinding.createEquirectLayer	1	0	0
api.XRWebGLBinding.createProjectionLayer	1	0	0
api.XRWebGLBinding.createQuadLayer	1	0	0
api.XRWebGLBinding.foveateBoundTexture	0	0	0
api.XRWebGLBinding.getCameraImage	1	0	0
api.XRWebGLBinding.getDepthInformation	1	0	0
api.XRWebGLBinding.getReflectionCubeMap	1	0	0
api.XRWebGLBinding.getSubImage	1	0	0
api.XRWebGLBinding.getViewSubImage	1	0	0
api.XRWebGLBinding.nativeProjectionScaleFactor	1	0	0
api.XRWebGLBinding.usesDepthValues	1	0	0
api.XRWebGLDepthInformation	1	0	0
api.XRWebGLDepthInformation.imageIndex	0	0	0
api.XRWebGLDepthInformation.texture	1	0	0
api.XRWebGLDepthInformation.textureType	0	0	0
api.XRWebGLLayer.XRWebGLLayer	1	0	0
api.XRWebGLLayer	1	0	0
api.XRWebGLLayer.antialias	1	0	0
api.XRWebGLLayer.fixedFoveation	0	0	0
api.XRWebGLLayer.framebuffer	1	0	0
api.XRWebGLLayer.framebufferHeight	1	0	0
api.XRWebGLLayer.framebufferWidth	1	0	0
api.XRWebGLLayer.getNativeFramebufferScaleFactor_static	1	0	0
api.XRWebGLLayer.getViewport	1	0	0
api.XRWebGLLayer.ignoreDepthValues	1	0	0
api.XRWebGLSubImage	1	0	0
api.XRWebGLSubImage.colorTexture	1	0	0
api.XRWebGLSubImage.colorTextureHeight	1	0	0
api.XRWebGLSubImage.colorTextureWidth	1	0	0
api.XRWebGLSubImage.depthStencilTexture	1	0	0
api.XRWebGLSubImage.depthStencilTextureHeight	1	0	0
api.XRWebGLSubImage.depthStencilTextureWidth	1	0	0
api.XRWebGLSubImage.imageIndex	1	0	0
api.XRWebGLSubImage.motionVectorTexture	1	0	0
api.XRWebGLSubImage.motionVectorTextureHeight	1	0	0
api.XRWebGLSubImage.motionVectorTextureWidth	1	0	0
api.XSLTProcessor.XSLTProcessor	1	1	1
api.XSLTProcessor	1	1	1
api.XSLTProcessor.clearParameters	1	1	1
api.XSLTProcessor.getParameter	1	1	1
api.XSLTProcessor.importStylesheet	1	1	1
api.XSLTProcessor.removeParameter	1	1	1
api.XSLTProcessor.reset	1	1	1
api.XSLTProcessor.setParameter	1	1	1
api.XSLTProcessor.transformToDocument	1	1	1
api.XSLTProcessor.transformToFragment	1	1	1
api.atob	1	1	1
api.atob.worker_support	1	1	1
api.btoa	1	1	1
api.btoa.worker_support	1	1	1
api.caches	1	1	1
api.caches.secure_context_required	1	1	1
api.caches.worker_support	1	1	1
api.clearInterval	1	1	1
api.clearInterval.worker_support	1	1	1
api.clearTimeout	1	1	1
api.clearTimeout.worker_support	1	1	1
api.console	1	1	1
api.console.assert_static	1	1	1
api.console.clear_static	1	1	1
api.console.countReset_static	1	1	1
api.console.count_static	1	1	1
api.console.debug_static	1	1	1
api.console.dir_static	1	1	1
api.console.dir_static.options_colors_parameter	0	0	0
api.console.dir_static.options_depth_parameter	0	0	0
api.console.dir_static.options_showHidden_parameter	0	0	0
api.console.dirxml_static	1	1	1
api.console.error_static	1	1	1
api.console.exception_static	0	1	0
api.console.groupCollapsed_static	1	1	1
api.console.groupEnd_static	1	1	1
api.console.group_static	1	1	1
api.console.info_static	1	1	1
api.console.log_static	1	1	1
api.console.profileEnd_static	1	1	1
api.console.profile_static	1	1	1
api.console.substitution_strings	1	1	1
api.console.table_static	1	1	1
api.console.timeEnd_static	1	1	1
api.console.timeLog_static	1	1	1
api.console.timeStamp_static	1	1	1
api.console.timeStamp_static.color_parameter	1	0	0
api.console.timeStamp_static.data_parameter	1	0	0
api.console.timeStamp_static.end_parameter	1	0	0
api.console.timeStamp_static.label_parameter	1	0	1
api.console.timeStamp_static.start_parameter	1	0	0
api.console.timeStamp_static.trackGroup_parameter	1	0	0
api.console.timeStamp_static.trackName_parameter	1	0	0
api.console.time_static	1	1	1
api.console.trace_static	1	1	1
api.console.warn_static	1	1	1
api.console.worker_support	1	1	1
api.createImageBitmap	1	1	1
api.createImageBitmap.options_colorSpaceConversion_parameter	1	1	1
api.createImageBitmap.options_imageOrientation_parameter	1	1	1
api.createImageBitmap.options_imageOrientation_parameter.from-image	1	1	1
api.createImageBitmap.options_imageOrientation_parameter.none	0	0	0
api.createImageBitmap.options_premultiplyAlpha_parameter	1	1	1
api.createImageBitmap.options_resizeHeight_parameter	1	1	1
api.createImageBitmap.options_resizeQuality_parameter	1	1	1
api.createImageBitmap.options_resizeWidth_parameter	1	1	1
api.createImageBitmap.svgimageelement_as_source_image	1	1	1
api.crossOriginIsolated	1	1	1
api.crypto	1	1	1
api.crypto.worker_support	1	1	1
api.fetch	1	1	1
api.fetch.authorization_removed_cross_origin	0	1	1
api.fetch.blob_data_support	1	1	1
api.fetch.options_parameter	1	1	1
api.fetch.options_parameter.attributionReporting	1	0	0
api.fetch.options_parameter.body	1	1	1
api.fetch.options_parameter.body.accepts_readablestream	1	0	0
api.fetch.options_parameter.browsingTopics	1	0	0
api.fetch.options_parameter.duplex	1	0	0
api.fetch.options_parameter.keepalive	1	1	1
api.fetch.options_parameter.priority	1	1	1
api.fetch.options_parameter.privateToken	1	0	0
api.fetch.options_parameter.referrerPolicy	1	1	1
api.fetch.options_parameter.signal	1	1	1
api.fetch.options_parameter.targetAddressSpace	1	0	0
api.indexedDB	1	1	1
api.indexedDB.worker_support	1	1	1
api.isSecureContext	1	1	1
api.isSecureContext.worker_support	1	1	1
api.origin	1	1	1
api.performance	1	1	1
api.performance.worker_support	1	1	1
api.queueMicrotask	1	1	1
api.reportError	1	1	1
api.scheduler	1	1	0
api.setInterval	1	1	1
api.setInterval.code_param_enforces_trusted_types	1	1	1
api.setInterval.supports_parameters_for_callback	1	1	1
api.setInterval.worker_support	1	1	1
api.setTimeout	1	1	1
api.setTimeout.code_param_enforces_trusted_types	1	1	1
api.setTimeout.supports_parameters_for_callback	1	1	1
api.setTimeout.worker_support	1	1	1
api.structuredClone	1	1	1
api.trustedTypes	1	1	1
