0	1900	1	1	正月
1	1900	1	2	正月
2	1900	1	3	正月
3	1900	1	4	正月
4	1900	1	5	正月
5	1900	1	6	正月
6	1900	1	7	正月
7	1900	1	8	正月
8	1900	1	9	正月
9	1900	1	10	正月
10	1900	1	11	正月
11	1900	1	12	正月
12	1900	1	13	正月
13	1900	1	14	正月
14	1900	1	15	正月
15	1900	1	16	正月
16	1900	1	17	正月
17	1900	1	18	正月
18	1900	1	19	正月
19	1900	1	20	正月
20	1900	1	21	正月
21	1900	1	22	正月
22	1900	1	23	正月
23	1900	1	24	正月
24	1900	1	25	正月
25	1900	1	26	正月
26	1900	1	27	正月
27	1900	1	28	正月
28	1900	1	29	正月
29	1900	2	1	二月
30	1900	2	2	二月
31	1900	2	3	二月
32	1900	2	4	二月
33	1900	2	5	二月
34	1900	2	6	二月
35	1900	2	7	二月
36	1900	2	8	二月
37	1900	2	9	二月
38	1900	2	10	二月
39	1900	2	11	二月
40	1900	2	12	二月
41	1900	2	13	二月
42	1900	2	14	二月
43	1900	2	15	二月
44	1900	2	16	二月
45	1900	2	17	二月
46	1900	2	18	二月
47	1900	2	19	二月
48	1900	2	20	二月
49	1900	2	21	二月
50	1900	2	22	二月
51	1900	2	23	二月
52	1900	2	24	二月
53	1900	2	25	二月
54	1900	2	26	二月
55	1900	2	27	二月
56	1900	2	28	二月
57	1900	2	29	二月
58	1900	2	30	二月
59	1900	3	1	三月
60	1900	3	2	三月
61	1900	3	3	三月
62	1900	3	4	三月
63	1900	3	5	三月
64	1900	3	6	三月
65	1900	3	7	三月
66	1900	3	8	三月
67	1900	3	9	三月
68	1900	3	10	三月
69	1900	3	11	三月
73384	2100	12	2	腊月
73385	2100	12	3	腊月
73386	2100	12	4	腊月
73387	2100	12	5	腊月
73388	2100	12	6	腊月
73389	2100	12	7	腊月
73390	2100	12	8	腊月
73391	2100	12	9	腊月
73392	2100	12	10	腊月
73393	2100	12	11	腊月
73394	2100	12	12	腊月
73395	2100	12	13	腊月
73396	2100	12	14	腊月
73397	2100	12	15	腊月
73398	2100	12	16	腊月
73399	2100	12	17	腊月
73400	2100	12	18	腊月
73401	2100	12	19	腊月
73402	2100	12	20	腊月
73403	2100	12	21	腊月
73404	2100	12	22	腊月
73405	2100	12	23	腊月
73406	2100	12	24	腊月
73407	2100	12	25	腊月
73408	2100	12	26	腊月
73409	2100	12	27	腊月
73410	2100	12	28	腊月
73411	2100	12	29	腊月
37307	2002	2	11	二月
57950	2058	8	12	八月
70129	2091	12	25	腊月
12060	1933	1	13	正月
39643	2008	7	15	七月
3430	1909	5	6	五月
52053	2042	6	22	六月
54268	2048	7	21	七月
65279	2078	9	18	九月
49074	2034	4	25	四月
64189	2075	9	20	九月
52520	2043	10	16	十月
61767	2069	2	20	二月
5242	1914	5	16	五月
15585	1942	8	24	八月
6772	1918	7	11	七月
72891	2099	7	11	七月
64810	2077	5	22	五月
48393	2032	6	24	六月
40680	2011	5	17	五月
827	1902	4	1	四月
42690	2016	11	20	冬月
2269	1906	3	26	三月
31804	1987	2	1	二月
15423	1942	3	10	三月
16594	1945	5	29	五月
22773	1962	5	7	五月
72848	2099	5	26	五月
49119	2034	6	11	六月
27370	1974	11	26	冬月
15997	1943	10	22	十月
14312	1939	2	20	二月
34755	1995	2	29	二月
67562	2084	12	27	腊月
11453	1931	4	26	四月
39792	2008	12	16	腊月
24847	1968	1	13	正月
70838	2093	11	25	冬月
11645	1931	11	12	冬月
9876	1927	1	14	正月
41283	2013	1	1	正月
34506	1994	6	15	六月
71925	2096	11	19	冬月
38536	2005	6	30	六月
22075	1960	6	17	六月
7710	1921	2	3	二月
20065	1954	12	15	腊月
18016	1949	5	3	五月
10075	1927	8	7	八月
36410	1999	9	1	九月
7217	1919	9	13	九月
67472	2084	9	25	九月
4211	1911	闰6	19	闰六月
55562	2052	2	16	二月
70549	2093	3	2	三月
45416	2024	4	29	四月
1631	1904	6	8	六月
12834	1935	2	19	二月
37777	2003	6	8	六月
53048	2045	3	12	三月
27735	1975	12	8	腊月
22806	1962	6	10	六月
48769	2033	7	16	七月
6244	1917	2	14	二月
33579	1991	12	4	腊月
64282	2075	12	25	腊月
15769	1943	3	1	三月
14256	1938	12	24	腊月
57819	2058	4	29	四月
9842	1926	12	9	腊月
56321	2054	3	7	三月
41572	2013	10	24	十月
44035	2020	7	6	七月
71138	2094	9	30	九月
41321	2013	2	9	二月
6680	1918	4	8	四月
59479	2062	11	6	冬月
27010	1973	12	21	腊月
57385	2057	2	9	二月
25768	1970	7	19	七月
51791	2041	10	25	十月
19514	1953	5	26	五月
33433	1991	7	6	七月
31060	1984	12	25	腊月
45915	2025	8	26	八月
11694	1932	1	2	正月
35809	1998	1	19	正月
12928	1935	5	25	五月
65803	2080	3	10	三月
37318	2002	2	22	二月
469	1901	3	27	三月
13300	1936	5	13	五月
28267	1977	5	7	五月
10230	1928	1	13	正月
7201	1919	8	27	八月
8284	1922	8	17	八月
35863	1998	3	14	三月
16650	1945	7	26	七月
67549	2084	12	14	腊月
70864	2093	12	21	腊月
65855	2080	4	3	四月
12498	1934	3	8	三月
43437	2018	11	29	冬月
11888	1932	7	18	七月
54107	2048	2	9	二月
70530	2093	2	13	二月
709	1901	12	1	腊月
14860	1940	9	8	九月
17003	1946	7	25	七月
35314	1996	8	26	八月
10645	1929	2	15	二月
62092	2069	12	20	腊月
28051	1976	9	28	九月
62070	2069	11	27	冬月
301	1900	10	7	十月
30040	1982	4	8	四月
40471	2010	10	16	十月
5330	1914	7	16	七月
21973	1960	3	4	三月
32128	1987	11	29	冬月
41407	2013	5	7	五月
20222	1955	4	24	四月
1525	1904	2	20	二月
3192	1908	10	4	十月
42183	2015	6	15	六月
30502	1983	6	28	六月
51817	2041	11	21	冬月
10252	1928	2	6	二月
30783	1984	4	13	四月
12670	1934	9	3	九月
34549	1994	7	29	七月
24156	1966	3	1	三月
59959	2064	2	13	二月
41178	2012	9	14	九月
35777	1997	12	16	腊月
71220	2094	12	23	腊月
12159	1933	4	23	四月
27882	1976	5	6	五月
60229	2064	11	18	冬月
64992	2077	11	26	冬月
5791	1915	11	4	冬月
32934	1990	3	8	三月
63497	2073	11	8	冬月
40504	2010	11	19	冬月
54899	2050	4	3	四月
32550	1989	2	8	二月
34953	1995	闰8	19	闰八月
4836	1913	3	23	三月
56003	2053	4	14	四月
44326	2021	5	2	五月
64745	2077	4	15	四月
48196	2031	12	3	腊月
8591	1923	6	28	六月
48774	2033	7	21	七月
52493	2043	9	19	九月
12792	1935	1	6	正月
38951	2006	8	2	八月
506	1901	5	6	五月
625	1901	9	7	九月
35536	1997	4	12	四月
3427	1909	5	3	五月
34282	1993	10	28	十月
48981	2034	1	20	正月
39092	2006	12	24	腊月
59667	2063	5	16	五月
41750	2014	4	25	四月
2613	1907	2	16	二月
72296	2097	12	7	腊月
32119	1987	11	20	冬月
11450	1931	4	23	四月
32421	1988	9	27	九月
24296	1966	6	23	六月
32755	1989	9	7	九月
43030	2017	10	6	十月
64133	2075	7	23	七月
60204	2064	10	22	十月
20527	1956	3	4	三月
63950	2075	1	18	正月
15093	1941	5	4	五月
10180	1927	11	23	冬月
25871	1970	11	3	冬月
50150	2037	4	8	四月
32905	1990	2	9	二月
4056	1911	2	11	二月
5827	1915	12	11	腊月
68314	2087	1	11	正月
24729	1967	9	13	九月
44296	2021	4	1	四月
34159	1993	6	23	六月
10326	1928	3	21	三月
50889	2039	5	9	五月
69444	2090	2	19	二月
2915	1907	12	22	腊月
32538	1989	1	26	正月
59985	2064	3	9	三月
36700	2000	6	24	六月
21399	1958	7	20	七月
22282	1960	12	17	腊月
43469	2019	1	1	正月
14176	1938	10	3	十月
39415	2007	11	22	冬月
24542	1967	3	3	三月
26577	1972	10	1	十月
67532	2084	11	26	冬月
5867	1916	1	21	正月
34670	1994	12	3	腊月
18001	1949	4	18	四月
28432	1977	10	25	十月
23983	1965	9	6	九月
34614	1994	10	6	十月
67005	2083	6	1	六月
16044	1943	12	10	腊月
42319	2015	11	3	冬月
9998	1927	5	18	五月
661	1901	10	13	十月
64140	2075	8	1	八月
26383	1972	3	13	三月
29118	1979	9	2	九月
9401	1925	9	11	九月
45672	2025	1	19	正月
12575	1934	5	26	五月
26070	1971	5	26	五月
59121	2061	11	2	冬月
55676	2052	6	12	六月
68987	2088	11	5	冬月
2778	1907	8	3	八月
50337	2037	10	19	十月
61136	2067	5	9	五月
60459	2065	7	11	七月
49514	2035	7	22	七月
24589	1967	4	21	四月
36960	2001	3	18	三月
55803	2052	9	22	九月
1990	1905	6	12	六月
2977	1908	2	25	二月
23348	1963	11	20	冬月
31335	1985	10	5	十月
6826	1918	9	6	九月
28505	1978	1	10	正月
34584	1994	9	5	九月
11639	1931	11	6	冬月
17526	1947	12	16	腊月
71073	2094	7	24	七月
36824	2000	11	1	冬月
59299	2062	5	3	五月
37858	2003	9	1	九月
25649	1970	3	18	三月
16508	1945	3	2	三月
14795	1940	7	1	七月
34986	1995	9	23	九月
22077	1960	6	19	六月
50428	2038	1	21	正月
8615	1923	7	23	七月
40222	2010	2	2	二月
44381	2021	6	27	六月
46676	2027	10	20	十月
15295	1941	10	29	十月
50986	2039	7	17	七月
43505	2019	2	7	二月
64740	2077	4	10	四月
7035	1919	4	8	四月
37442	2002	6	28	六月
8825	1924	2	27	二月
56492	2054	9	2	九月
63127	2072	10	22	十月
33914	1992	11	15	冬月
181	1900	7	6	七月
22640	1961	12	21	腊月
37723	2003	4	14	四月
52966	2044	12	19	腊月
67949	2085	12	30	腊月
56564	2054	11	15	冬月
65547	2079	6	20	六月
49490	2035	6	28	六月
14729	1940	4	24	四月
66748	2082	9	10	九月
41059	2012	5	13	五月
19798	1954	3	14	三月
70229	2092	4	7	四月
15788	1943	3	20	三月
22511	1961	8	10	八月
47830	2030	12	21	腊月
13309	1936	5	22	五月
34316	1993	12	3	腊月
34695	1994	12	28	腊月
64586	2076	11	4	冬月
44981	2023	闰2	7	闰二月
51516	2041	1	16	正月
11407	1931	3	9	三月
39078	2006	12	10	腊月
30237	1982	9	29	九月
47804	2030	11	25	冬月
70435	2092	11	6	冬月
25090	1968	8	20	八月
44221	2021	1	15	正月
61536	2068	6	26	六月
71439	2095	8	6	八月
65018	2077	12	22	腊月
59853	2063	10	26	十月
66900	2083	2	15	二月
1479	1904	1	4	正月
72698	2099	1	25	正月
59769	2063	8	1	八月
27140	1974	闰4	2	闰四月
43435	2018	11	27	冬月
66538	2082	3	7	三月
65865	2080	4	13	四月
6464	1917	8	28	八月
35555	1997	5	2	五月
47382	2029	9	16	九月
12069	1933	1	22	正月
65764	2080	1	30	正月
54011	2047	11	1	冬月
38026	2004	2	22	二月
72993	2099	10	25	十月
58628	2060	7	12	七月
70647	2093	6	11	六月
67458	2084	9	11	九月
46837	2028	4	2	四月
41188	2012	9	24	九月
2567	1906	12	29	腊月
11262	1930	10	13	十月
33153	1990	9	22	九月
65628	2079	9	13	九月
28027	1976	9	4	九月
47326	2029	7	19	七月
18953	1951	11	25	冬月
33308	1991	2	28	二月
42059	2015	2	9	二月
48470	2032	9	12	九月
69353	2089	11	17	冬月
26452	1972	5	24	五月
22111	1960	闰6	23	闰六月
60126	2064	8	3	八月
16537	1945	4	1	四月
61236	2067	8	20	八月
10359	1928	4	25	四月
43698	2019	8	24	八月
71297	2095	3	11	三月
26572	1972	9	26	九月
31155	1985	4	1	四月
55902	2053	1	1	正月
2385	1906	6	24	六月
17612	1948	3	13	三月
70335	2092	7	24	七月
49006	2034	2	16	二月
5773	1915	10	16	十月
58780	2060	12	15	腊月
70775	2093	9	21	九月
34690	1994	12	23	腊月
55117	2050	11	14	冬月
20252	1955	5	25	五月
69699	2090	10	9	十月
59562	2063	1	30	正月
43917	2020	4	6	四月
4756	1913	1	3	正月
36299	1999	5	7	五月
47338	2029	8	2	八月
19569	1953	7	21	七月
27708	1975	11	10	冬月
43219	2018	4	17	四月
17550	1948	1	10	正月
1377	1903	9	21	九月
7512	1920	7	13	七月
21483	1958	10	16	十月
37494	2002	8	21	八月
43489	2019	1	21	正月
18988	1952	1	1	正月
29051	1979	闰6	24	闰六月
286	1900	9	22	九月
54773	2049	12	24	腊月
57268	2056	10	10	十月
19467	1953	4	8	四月
35794	1998	1	4	正月
27233	1974	7	7	七月
17428	1947	9	7	九月
60731	2066	4	18	四月
62782	2071	11	2	冬月
54577	2049	6	6	六月
55728	2052	8	6	八月
40795	2011	9	15	九月
57214	2056	8	14	八月
20829	1957	1	11	正月
25072	1968	8	2	八月
67639	2085	3	15	三月
23114	1963	4	22	四月
16181	1944	4	29	四月
18156	1949	8	26	八月
41799	2014	6	15	六月
28750	1978	9	18	九月
42633	2016	9	22	九月
17912	1949	1	18	正月
22771	1962	5	5	五月
6946	1919	1	7	正月
41377	2013	4	6	四月
51484	2040	12	13	腊月
44519	2021	11	18	冬月
46366	2026	12	4	腊月
48405	2032	7	6	七月
3752	1910	4	3	四月
2511	1906	11	2	冬月
1670	1904	7	18	七月
10849	1929	9	13	九月
5052	1913	11	4	冬月
9451	1925	11	2	冬月
44986	2023	闰2	12	闰二月
57861	2058	5	12	五月
55172	2051	1	10	正月
40891	2011	12	22	腊月
64538	2076	9	15	九月
21437	1958	8	29	八月
7380	1920	2	28	二月
29015	1979	6	18	六月
23282	1963	9	14	九月
61057	2067	2	19	二月
52168	2042	10	18	十月
60315	2065	2	15	二月
286	1900	9	22	九月
15937	1943	8	21	八月
25448	1969	8	23	八月
73019	2099	11	21	冬月
62678	2071	8	16	八月
66373	2081	9	19	九月
55308	2051	5	28	五月
31951	1987	6	30	六月
61574	2068	8	4	八月
14377	1939	4	26	四月
4012	1910	12	26	腊月
38967	2006	8	18	八月
9622	1926	4	26	四月
26437	1972	5	9	五月
14448	1939	7	9	七月
46359	2026	11	27	冬月
98	1900	4	11	四月
42893	2017	6	16	六月
51668	2041	6	21	六月
15071	1941	4	12	四月
49726	2036	2	27	二月
47181	2029	2	22	二月
52192	2042	11	13	冬月
58243	2059	6	10	六月
44394	2021	7	11	七月
6901	1918	11	22	冬月
39416	2007	11	23	冬月
59979	2064	3	3	三月
67758	2085	6	16	六月
18489	1950	8	4	八月
59980	2064	3	4	三月
35919	1998	5	11	五月
65614	2079	8	28	八月
1281	1903	6	13	六月
65852	2080	闰3	29	闰三月
21923	1960	1	13	正月
53382	2046	2	21	二月
55973	2053	3	13	三月
31620	1986	7	23	七月
1615	1904	5	21	五月
11050	1930	4	6	四月
36861	2000	12	8	腊月
11224	1930	9	4	九月
65051	2078	1	26	正月
18050	1949	6	8	六月
72457	2098	5	19	五月
4860	1913	4	18	四月
53655	2046	11	29	冬月
926	1902	7	12	七月
69437	2090	2	12	二月
57988	2058	9	21	九月
64115	2075	7	5	七月
6814	1918	8	24	八月
4945	1913	7	15	七月
63820	2074	9	6	九月
41599	2013	11	21	冬月
934	1902	7	20	七月
37681	2003	3	1	三月
71172	2094	11	4	冬月
55763	2052	闰8	11	闰八月
56470	2054	8	9	八月
50477	2038	3	10	三月
36988	2001	4	17	四月
41383	2013	4	12	四月
35454	1997	1	19	正月
39121	2007	1	23	正月
8068	1922	2	7	二月
12771	1934	12	15	腊月
42498	2016	5	5	五月
29929	1981	12	16	腊月
61844	2069	闰4	8	闰四月
39415	2007	11	22	冬月
53458	2046	5	9	五月
6417	1917	7	10	七月
19960	1954	8	29	八月
19463	1953	4	4	四月
41990	2014	11	28	冬月
3413	1909	4	19	四月
35752	1997	11	21	冬月
47847	2031	1	9	正月
41450	2013	6	20	六月
51469	2040	11	28	冬月
15068	1941	4	9	四月
46079	2026	2	12	二月
5134	1914	1	27	正月
67629	2085	3	5	三月
1600	1904	5	6	五月
19627	1953	9	20	九月
7562	1920	9	4	九月
68417	2087	4	25	四月
34112	1993	5	5	五月
59739	2063	7	29	七月
28446	1977	11	9	冬月
38213	2004	8	2	八月
7004	1919	3	6	三月
46139	2026	4	13	四月
65862	2080	4	10	四月
15057	1941	3	27	三月
71216	2094	12	19	腊月
33295	1991	2	15	二月
58686	2060	9	11	九月
63577	2074	1	29	正月
36720	2000	7	15	七月
62739	2071	9	18	九月
31814	1987	2	11	二月
45737	2025	3	25	三月
59072	2061	9	13	九月
59959	2064	2	13	二月
72866	2099	6	15	六月
20801	1956	12	13	腊月
58160	2059	3	16	三月
50059	2037	1	6	正月
63486	2073	10	26	十月
57025	2056	2	3	二月
38856	2006	5	25	五月
9343	1925	7	13	七月
50710	2038	11	8	冬月
65017	2077	12	21	腊月
63176	2072	12	12	腊月
52731	2044	5	20	五月
72734	2099	闰2	1	闰二月
53325	2045	12	24	腊月
23944	1965	7	26	七月
19867	1954	5	24	五月
40270	2010	3	21	三月
28965	1979	4	27	四月
27408	1975	1	5	正月
10239	1928	1	22	正月
61770	2069	2	23	二月
2205	1906	1	21	正月
10248	1928	2	2	二月
6347	1917	4	29	四月
45982	2025	11	4	冬月
67093	2083	9	1	九月
61440	2068	3	18	三月
15419	1942	3	6	三月
12542	1934	4	23	四月
55089	2050	10	16	十月
33300	1991	2	20	二月
25119	1968	9	19	九月
58594	2060	6	7	六月
57013	2056	1	21	正月
51396	2040	9	14	九月
387	1901	1	4	正月
44318	2021	4	23	四月
46245	2026	8	2	八月
71252	2095	1	25	正月
10819	1929	8	13	八月
59650	2063	4	29	四月
27029	1974	1	10	正月
6992	1919	2	24	二月
7523	1920	7	24	七月
66546	2082	3	15	三月
21373	1958	6	23	六月
1680	1904	7	28	七月
71759	2096	6	1	六月
33370	1991	5	2	五月
21133	1957	10	20	十月
40560	2011	1	16	正月
34707	1995	1	10	正月
42282	2015	9	25	九月
30377	1983	2	20	二月
68540	2087	9	1	九月
13663	1937	5	21	五月
5330	1914	7	16	七月
9257	1925	闰4	16	闰四月
16940	1946	5	20	五月
16319	1944	8	20	八月
67002	2083	5	28	五月
7729	1921	2	22	二月
1044	1902	11	12	冬月
23407	1964	1	20	正月
36294	1999	5	2	五月
60165	2064	9	13	九月
30104	1982	5	14	五月
46255	2026	8	12	八月
9046	1924	10	11	十月
21725	1959	6	21	六月
37516	2002	9	14	九月
46067	2026	1	30	正月
12026	1932	12	9	腊月
43953	2020	闰4	12	闰四月
26180	1971	8	18	八月
72471	2098	6	4	六月
5562	1915	3	12	三月
6397	1917	6	20	六月
22692	1962	2	14	二月
31851	1987	3	19	三月
40142	2009	11	12	冬月
25313	1969	4	7	四月
22388	1961	4	5	四月
62599	2071	5	25	五月
70790	2093	10	6	十月
30309	1982	12	12	腊月
34120	1993	5	13	五月
451	1901	3	9	三月
3402	1909	4	8	四月
58985	2061	6	14	六月
3900	1910	9	4	九月
69215	2089	6	26	六月
51254	2040	4	20	四月
30369	1983	2	12	二月
41652	2014	1	15	正月
59055	2061	8	25	八月
1342	1903	8	15	八月
71037	2094	6	18	六月
42496	2016	5	3	五月
37351	2002	3	25	三月
23530	1964	5	25	五月
14405	1939	5	25	五月
59448	2062	10	5	十月
44003	2020	6	3	六月
19994	1954	10	3	十月
33861	1992	9	21	九月
14440	1939	7	1	七月
27307	1974	9	23	九月
61634	2068	10	5	十月
38281	2004	10	11	十月
2364	1906	6	3	六月
63403	2073	8	2	八月
47710	2030	8	19	八月
1469	1903	12	24	腊月
55800	2052	9	19	九月
31119	1985	2	25	二月
29446	1980	8	6	八月
34493	1994	6	2	六月
34852	1995	6	7	六月
67275	2084	3	6	三月
16954	1946	6	5	六月
1561	1904	3	26	三月
45568	2024	10	4	十月
57503	2057	6	8	六月
48294	2032	3	13	三月
23769	1965	1	27	正月
26364	1972	2	24	二月
42647	2016	10	6	十月
43610	2019	5	24	五月
6365	1917	5	18	五月
23528	1964	5	23	五月
34219	1993	8	24	八月
45802	2025	6	2	六月
29561	1980	12	2	腊月
18444	1950	6	18	六月
22543	1961	9	12	九月
37674	2003	2	24	二月
53897	2047	7	5	七月
10040	1927	7	1	七月
43503	2019	2	5	二月
48018	2031	6	3	六月
6717	1918	5	15	五月
25616	1970	2	14	二月
1679	1904	7	27	七月
66046	2080	10	18	十月
5757	1915	9	29	九月
37036	2001	5	6	五月
13151	1936	1	11	正月
68454	2087	6	4	六月
49757	2036	3	28	三月
33372	1991	5	4	五月
33111	1990	8	9	八月
13294	1936	5	7	五月
49697	2036	1	28	正月
14348	1939	3	26	三月
41375	2013	4	4	四月
2758	1907	7	13	七月
43909	2020	3	28	三月
60548	2065	10	12	十月
70655	2093	6	19	六月
55582	2052	3	6	三月
20609	1956	5	27	五月
13372	1936	7	26	七月
18139	1949	8	9	八月
8298	1922	9	2	九月
32693	1989	7	4	七月
64088	2075	6	8	六月
4607	1912	8	2	八月
6210	1917	1	10	正月
64165	2075	8	26	八月
50756	2038	12	24	腊月
32383	1988	8	19	八月
1378	1903	9	22	九月
15917	1943	8	1	八月
37380	2002	4	25	四月
27003	1973	12	14	腊月
58086	2059	1	1	正月
34881	1995	7	7	七月
44492	2021	10	20	十月
5843	1915	12	27	腊月
9954	1927	4	4	四月
37861	2003	9	4	九月
38504	2005	5	27	五月
20879	1957	3	2	三月
16638	1945	7	14	七月
25417	1969	7	22	七月
70508	2093	1	20	正月
34055	1993	闰3	7	闰三月
9278	1925	5	7	五月
67641	2085	3	17	三月
48520	2032	11	2	冬月
843	1902	4	17	四月
27766	1976	1	9	正月
67245	2084	2	5	二月
15884	1943	6	28	六月
30895	1984	8	7	八月
29274	1980	2	10	二月
24701	1967	8	15	八月
35676	1997	9	4	九月
26939	1973	10	9	十月
594	1901	8	5	八月
9961	1927	4	11	四月
23520	1964	5	15	五月
1599	1904	5	5	五月
36726	2000	7	21	七月
29901	1981	11	18	冬月
5300	1914	6	15	六月
523	1901	5	23	五月
4322	1911	10	12	十月
34913	1995	8	9	八月
38016	2004	2	12	二月
66847	2082	12	21	腊月
10494	1928	9	13	九月
4785	1913	2	2	二月
45960	2025	10	12	十月
15207	1941	7	29	七月
41754	2014	4	29	四月
31349	1985	10	19	十月
6764	1918	7	3	七月
7091	1919	6	5	六月
20598	1956	5	16	五月
5037	1913	10	19	十月
53548	2046	8	10	八月
27215	1974	6	19	六月
50458	2038	2	21	二月
47353	2029	8	17	八月
61432	2068	3	10	三月
38535	2005	6	29	六月
49274	2034	11	18	冬月
47177	2029	2	18	二月
38928	2006	闰7	8	闰七月
63167	2072	12	3	腊月
9430	1925	10	11	十月
38481	2005	5	4	五月
26188	1971	8	26	八月
67479	2084	10	3	十月
57302	2056	11	14	冬月
12265	1933	7	11	七月
52444	2043	7	29	七月
46215	2026	7	1	七月
63738	2074	闰6	12	闰六月
44589	2022	1	29	正月
12788	1935	1	2	正月
25963	1971	2	7	二月
54202	2048	5	15	五月
65321	2078	11	1	冬月
20700	1956	9	1	九月
12783	1934	12	27	腊月
17022	1946	8	14	八月
3197	1908	10	9	十月
52284	2043	2	16	二月
31887	1987	4	25	四月
67810	2085	8	9	八月
57629	2057	10	16	十月
4204	1911	闰6	12	闰六月
22835	1962	7	10	七月
16566	1945	5	1	五月
24561	1967	3	22	三月
72420	2098	4	12	四月
69375	2089	12	9	腊月
54894	2050	闰3	28	闰三月
33817	1992	8	6	八月
14336	1939	3	14	三月
22039	1960	5	11	五月
10110	1927	9	12	九月
61877	2069	5	12	五月
12828	1935	2	13	二月
443	1901	3	1	三月
41166	2012	9	2	九月
1357	1903	9	1	九月
29180	1979	11	5	冬月
44055	2020	7	26	七月
49342	2035	1	27	正月
46721	2027	12	5	腊月
1084	1902	12	22	腊月
787	1902	2	20	二月
13850	1937	12	1	腊月
4365	1911	11	26	冬月
57868	2058	5	19	五月
20591	1956	5	9	五月
4670	1912	10	6	十月
12209	1933	闰5	14	闰五月
66920	2083	3	5	三月
62995	2072	6	7	六月
45410	2024	4	23	四月
62993	2072	6	5	六月
68480	2087	6	30	六月
59003	2061	7	3	七月
60318	2065	2	18	二月
13629	1937	4	17	四月
3056	1908	5	16	五月
68939	2088	9	17	九月
68198	2086	9	13	九月
27129	1974	4	21	四月
29048	1979	闰6	21	闰六月
44599	2022	2	9	二月
40462	2010	10	7	十月
47377	2029	9	11	九月
6900	1918	11	21	冬月
46647	2027	9	20	九月
48254	2032	2	2	二月
35101	1996	1	20	正月
14712	1940	4	7	四月
72255	2097	10	25	十月
17226	1947	闰2	10	闰二月
45137	2023	7	16	七月
61692	2068	12	4	腊月
26123	1971	6	20	六月
33790	1992	7	8	七月
14565	1939	11	8	冬月
10440	1928	7	18	七月
55911	2053	1	10	正月
53950	2047	8	28	八月
30829	1984	5	29	五月
51564	2041	3	5	三月
7999	1921	11	28	冬月
71302	2095	3	16	三月
5105	1913	12	28	腊月
61200	2067	7	14	七月
31139	1985	3	15	三月
50434	2038	1	27	正月
45041	2023	4	9	四月
61352	2067	12	18	腊月
52075	2042	7	14	七月
15770	1943	3	2	三月
35137	1996	2	27	二月
49576	2035	9	26	九月
60187	2064	10	5	十月
50162	2037	4	20	四月
15521	1942	6	19	六月
24316	1966	7	14	七月
38219	2004	8	8	八月
142	1900	5	26	五月
7701	1921	1	24	正月
34016	1993	2	28	二月
26091	1971	闰5	17	闰五月
46330	2026	10	28	十月
64681	2077	2	10	二月
376	1900	12	23	腊月
55747	2052	8	25	八月
70078	2091	11	4	冬月
30321	1982	12	24	腊月
1344	1903	8	17	八月
71143	2094	10	5	十月
52550	2043	11	17	冬月
20221	1955	4	23	四月
3088	1908	6	18	六月
24691	1967	8	5	八月
46326	2026	10	24	十月
17869	1948	12	5	腊月
33080	1990	7	8	七月
27607	1975	7	27	七月
25306	1969	3	29	三月
23473	1964	3	27	三月
46652	2027	9	25	九月
20723	1956	9	24	九月
4722	1912	11	28	冬月
31381	1985	11	21	冬月
25792	1970	8	13	八月
8439	1923	1	24	正月
51086	2039	10	29	十月
45453	2024	6	7	六月
8848	1924	3	20	三月
53967	2047	9	16	九月
40050	2009	8	8	八月
34937	1995	闰8	3	闰八月
52548	2043	11	15	冬月
2603	1907	2	6	二月
25262	1969	2	15	二月
72509	2098	7	13	七月
14708	1940	4	3	四月
35819	1998	1	29	正月
56702	2055	4	4	四月
23197	1963	6	17	六月
59928	2064	1	12	正月
30747	1984	3	7	三月
27298	1974	9	14	九月
68273	2086	11	29	冬月
64696	2077	2	25	二月
8951	1924	7	4	七月
28374	1977	8	26	八月
12765	1934	12	9	腊月
46964	2028	7	12	七月
37831	2003	8	3	八月
47938	2031	闰3	11	闰三月
19677	1953	11	11	冬月
12104	1933	2	28	二月
47911	2031	3	14	三月
44922	2023	1	7	正月
23037	1963	2	4	二月
28932	1979	3	23	三月
63051	2072	8	5	八月
45662	2025	1	9	正月
54685	2049	9	25	九月
43544	2019	3	17	三月
57611	2057	9	27	九月
22486	1961	7	15	七月
10165	1927	11	8	冬月
51420	2040	10	8	十月
71539	2095	11	17	冬月
8774	1924	1	5	正月
60321	2065	2	21	二月
51000	2039	8	2	八月
49943	2036	9	9	九月
40058	2009	8	16	八月
5449	1914	11	17	冬月
45020	2023	3	17	三月
56303	2054	2	19	二月
61930	2069	7	6	七月
29593	1981	1	4	正月
8512	1923	4	8	四月
28163	1977	1	22	正月
5098	1913	12	21	腊月
51201	2040	2	26	二月
34528	1994	7	8	七月
25707	1970	5	17	五月
57358	2057	1	11	正月
52009	2042	5	7	五月
44424	2021	8	11	八月
46935	2028	6	12	六月
36646	2000	4	29	四月
61501	2068	5	20	五月
36652	2000	5	6	五月
35663	1997	8	21	八月
18050	1949	6	8	六月
12277	1933	7	23	七月
64136	2075	7	26	七月
39315	2007	8	12	八月
34186	1993	7	20	七月
53609	2046	10	13	十月
23872	1965	5	12	五月
51591	2041	4	3	四月
4582	1912	7	6	七月
33777	1992	6	25	六月
8664	1923	9	13	九月
27283	1974	8	28	八月
33890	1992	10	20	十月
26497	1972	7	10	七月
17280	1947	4	6	四月
59451	2062	10	8	十月
8734	1923	11	24	冬月
27045	1974	1	26	正月
41348	2013	3	7	三月
31095	1985	2	1	二月
44262	2021	2	27	二月
50865	2039	4	15	四月
20044	1954	11	24	冬月
72899	2099	7	19	七月
15442	1942	3	29	三月
7725	1921	2	18	二月
47188	2029	2	29	二月
415	1901	2	3	二月
71282	2095	2	26	二月
9805	1926	11	2	冬月
6440	1917	8	4	八月
47151	2029	1	22	正月
14610	1939	12	24	腊月
21069	1957	闰8	15	闰八月
2336	1906	5	4	五月
20979	1957	6	13	六月
14706	1940	4	1	四月
59541	2063	1	9	正月
53976	2047	9	25	九月
34863	1995	6	18	六月
39722	2008	10	5	十月
21317	1958	4	26	四月
44444	2021	9	2	九月
37975	2003	12	30	腊月
22818	1962	6	22	六月
22573	1961	10	13	十月
11908	1932	8	8	八月
35539	1997	4	15	四月
670	1901	10	22	十月
28917	1979	3	8	三月
2464	1906	9	14	九月
71663	2096	3	23	三月
69978	2091	7	21	七月
2433	1906	8	13	八月
36384	1999	8	4	八月
20599	1956	5	17	五月
59030	2061	7	30	七月
18861	1951	8	22	八月
22132	1960	7	15	七月
24887	1968	2	24	二月
66034	2080	10	6	十月
65321	2078	11	1	冬月
17148	1946	12	22	腊月
3159	1908	9	1	九月
606	1901	8	17	八月
16977	1946	6	28	六月
6072	1916	8	19	八月
49183	2034	8	16	八月
58890	2061	闰3	7	闰三月
5805	1915	11	18	冬月
21224	1958	1	23	正月
5699	1915	8	1	八月
26074	1971	5	30	五月
70633	2093	5	27	五月
51476	2040	12	5	腊月
67599	2085	2	5	二月
35750	1997	11	19	冬月
49305	2034	12	20	腊月
43936	2020	4	25	四月
61859	2069	闰4	23	闰四月
10898	1929	11	3	冬月
51517	2041	1	17	正月
17220	1947	闰2	4	闰二月
11755	1932	3	3	三月
16586	1945	5	21	五月
41217	2012	10	23	十月
60428	2065	6	9	六月
42711	2016	12	11	腊月
50634	2038	8	20	八月
11177	1930	7	16	七月
13380	1936	8	4	八月
14327	1939	3	5	三月
46986	2028	8	4	八月
25641	1970	3	10	三月
55812	2052	10	1	十月
46919	2028	闰5	25	闰五月
71622	2096	2	11	二月
67933	2085	12	14	腊月
70664	2093	6	28	六月
53655	2046	11	29	冬月
46282	2026	9	10	九月
7825	1921	6	1	六月
35708	1997	10	7	十月
5147	1914	2	10	二月
41662	2014	1	25	正月
28433	1977	10	26	十月
31640	1986	8	14	八月
20707	1956	9	8	九月
65414	2079	2	5	二月
43841	2020	1	19	正月
31288	1985	8	16	八月
7527	1920	7	28	七月
1366	1903	9	10	九月
28225	1977	3	25	三月
65424	2079	2	15	二月
35115	1996	2	5	二月
41834	2014	7	20	七月
17277	1947	4	3	四月
13064	1935	10	13	十月
72667	2098	12	24	腊月
29494	1980	9	24	九月
8389	1922	12	4	腊月
18156	1949	8	26	八月
70039	2091	9	23	九月
14626	1940	1	10	正月
12113	1933	3	7	三月
12360	1933	10	17	十月
29491	1980	9	21	九月
13090	1935	11	9	冬月
73181	2100	5	5	五月
47644	2030	6	12	六月
69271	2089	8	24	八月
8186	1922	闰5	7	闰五月
42597	2016	8	16	八月
8232	1922	6	24	六月
39907	2009	4	12	四月
42298	2015	10	11	十月
54325	2048	9	19	九月
20384	1955	10	10	十月
16235	1944	5	24	五月
5530	1915	2	9	二月
62725	2071	9	4	九月
22072	1960	6	14	六月
47367	2029	9	1	九月
67870	2085	10	10	十月
15617	1942	9	26	九月
49452	2035	5	19	五月
56519	2054	9	29	九月
12994	1935	8	2	八月
68605	2087	11	7	冬月
49308	2034	12	23	腊月
13079	1935	10	28	十月
52406	2043	6	20	六月
49937	2036	9	3	九月
70780	2093	9	26	九月
67239	2084	1	29	正月
8438	1923	1	23	正月
47009	2028	8	27	八月
50200	2037	5	28	五月
39523	2008	3	12	三月
46758	2028	1	13	正月
69273	2089	8	26	八月
72880	2099	6	29	六月
8763	1923	12	24	腊月
57782	2058	3	22	三月
13281	1936	4	23	四月
8552	1923	5	19	五月
19503	1953	5	15	五月
6642	1918	2	28	二月
33521	1991	10	6	十月
13312	1936	5	25	五月
16915	1946	4	25	四月
10814	1929	8	8	八月
49313	2034	12	28	腊月
37172	2001	9	24	九月
69323	2089	10	17	十月
71230	2095	1	3	正月
55461	2051	11	4	冬月
9192	1925	3	10	三月
26007	1971	3	21	三月
29566	1980	12	7	腊月
42649	2016	10	8	十月
40892	2011	12	23	腊月
38207	2004	7	25	七月
59246	2062	3	8	三月
51217	2040	3	13	三月
15376	1942	1	22	正月
20351	1955	9	6	九月
42310	2015	10	23	十月
34121	1993	5	14	五月
13632	1937	4	20	四月
27371	1974	11	27	冬月
9046	1924	10	11	十月
65605	2079	8	19	八月
59748	2063	闰7	9	闰七月
36835	2000	11	12	冬月
17774	1948	8	28	八月
44613	2022	2	23	二月
45140	2023	7	19	七月
49931	2036	8	26	八月
14906	1940	10	24	十月
19073	1952	3	27	三月
36068	1998	9	13	九月
51275	2040	5	11	五月
54742	2049	11	23	冬月
59301	2062	5	5	五月
5656	1915	6	17	六月
46811	2028	3	6	三月
9642	1926	5	17	五月
26129	1971	6	26	六月
62744	2071	9	23	九月
65123	2078	4	9	四月
43870	2020	2	19	二月
10197	1927	12	10	腊月
27320	1974	10	6	十月
73019	2099	11	21	冬月
9210	1925	3	28	三月
16761	1945	11	18	冬月
28576	1978	3	22	三月
9595	1926	3	29	三月
18774	1951	5	23	五月
68285	2086	12	11	腊月
23964	1965	8	16	八月
25335	1969	4	29	四月
17046	1946	9	9	九月
65585	2079	7	29	七月
67956	2086	1	7	正月
50987	2039	7	18	七月
11214	1930	8	24	八月
38905	2006	7	15	七月
592	1901	8	3	八月
59543	2063	1	11	正月
19798	1954	3	14	三月
6345	1917	4	27	四月
4568	1912	6	22	六月
65051	2078	1	26	正月
11782	1932	3	30	三月
36961	2001	3	19	三月
51368	2040	8	16	八月
36955	2001	3	13	三月
11622	1931	10	18	十月
9657	1926	6	2	六月
27012	1973	12	23	腊月
31735	1986	11	20	冬月
18454	1950	6	28	六月
43377	2018	9	28	九月
58460	2060	1	20	正月
15191	1941	7	13	七月
36458	1999	10	19	十月
49057	2034	4	8	四月
19876	1954	6	4	六月
30635	1983	11	14	冬月
33238	1990	12	17	腊月
59501	2062	11	28	冬月
28456	1977	11	19	冬月
2599	1907	2	2	二月
31578	1986	6	11	六月
45465	2024	6	19	六月
2840	1907	10	6	十月
50339	2037	10	21	十月
19266	1952	9	13	九月
51925	2042	闰2	11	闰二月
59752	2063	闰7	13	闰七月
28103	1976	11	21	冬月
3930	1910	10	4	十月
17009	1946	8	1	八月
13356	1936	7	10	七月
69775	2090	12	25	腊月
15634	1942	10	14	十月
44197	2020	12	21	腊月
59512	2062	12	9	腊月
31999	1987	7	19	七月
51178	2040	2	3	二月
67981	2086	2	3	二月
6764	1918	7	3	七月
33919	1992	11	20	冬月
64098	2075	6	18	六月
65305	2078	10	14	十月
56540	2054	10	20	十月
30519	1983	7	15	七月
822	1902	3	26	三月
42553	2016	7	1	七月
11044	1930	3	30	三月
1635	1904	6	12	六月
5162	1914	2	25	二月
28345	1977	7	26	七月
32904	1990	2	8	二月
17347	1947	6	14	六月
486	1901	4	15	四月
45393	2024	4	6	四月
61128	2067	5	1	五月
65747	2080	1	13	正月
29794	1981	7	29	七月
62077	2069	12	5	腊月
59588	2063	2	26	二月
53143	2045	6	19	六月
39118	2007	1	20	正月
11521	1931	7	5	七月
43720	2019	9	16	九月
72891	2099	7	11	七月
24050	1965	11	14	冬月
26197	1971	9	5	九月
40184	2009	12	24	腊月
39775	2008	11	28	冬月
12402	1933	12	1	腊月
27993	1976	8	29	八月
34628	1994	10	20	十月
55843	2052	11	2	冬月
9926	1927	3	5	三月
2201	1906	1	17	正月
27564	1975	6	13	六月
40799	2011	9	19	九月
12274	1933	7	20	七月
66593	2082	5	2	五月
52124	2042	9	4	九月
49851	2036	闰6	5	闰六月
38062	2004	闰2	28	闰二月
36085	1998	9	30	九月
12352	1933	10	9	十月
55827	2052	10	16	十月
1934	1905	4	16	四月
8477	1923	3	3	三月
71996	2097	2	1	二月
5923	1916	3	18	三月
37362	2002	4	7	四月
50869	2039	4	19	四月
71196	2094	11	28	冬月
56315	2054	3	1	三月
10374	1928	5	10	五月
46529	2027	5	19	五月
33576	1991	12	1	腊月
65407	2079	1	27	正月
35542	1997	4	18	四月
45781	2025	5	10	五月
54960	2050	6	5	六月
73119	2100	3	2	三月
61822	2069	4	16	四月
67073	2083	8	10	八月
64036	2075	4	15	四月
45291	2023	12	22	腊月
50002	2036	11	9	冬月
1861	1905	2	2	二月
70132	2091	12	28	腊月
12183	1933	5	18	五月
53282	2045	11	11	冬月
57657	2057	11	15	冬月
11784	1932	4	2	四月
3039	1908	4	29	四月
63034	2072	7	17	七月
32565	1989	2	23	二月
2144	1905	11	19	冬月
49991	2036	10	27	十月
32990	1990	5	6	五月
11605	1931	10	1	十月
3896	1910	8	29	八月
33315	1991	3	5	三月
39706	2008	9	19	九月
4677	1912	10	13	十月
32740	1989	8	22	八月
14211	1938	11	8	冬月
40502	2010	11	17	冬月
51109	2039	11	22	冬月
33112	1990	8	10	八月
39535	2008	3	24	三月
19498	1953	5	10	五月
50817	2039	2	26	二月
64780	2077	闰4	21	闰四月
8339	1922	10	13	十月
57578	2057	8	24	八月
47089	2028	11	19	冬月
44400	2021	7	17	七月
46375	2026	12	13	腊月
21558	1959	1	2	正月
66597	2082	5	6	五月
1324	1903	7	26	七月
32119	1987	11	20	冬月
61042	2067	2	4	二月
44889	2022	12	4	腊月
5440	1914	11	8	冬月
44871	2022	11	15	冬月
50170	2037	4	28	四月
6557	1917	12	2	腊月
10400	1928	6	7	六月
8443	1923	1	28	正月
2570	1907	1	2	正月
39917	2009	4	22	四月
45024	2023	3	21	三月
41403	2013	5	3	五月
43026	2017	10	2	十月
50985	2039	7	16	七月
44864	2022	11	8	冬月
15899	1943	7	13	七月
56682	2055	3	14	三月
50529	2038	5	3	五月
49144	2034	7	7	七月
47991	2031	5	5	五月
57714	2058	1	13	正月
33393	1991	5	25	五月
19236	1952	8	13	八月
30979	1984	闰10	3	闰十月
72126	2097	6	14	六月
40629	2011	3	26	三月
69700	2090	10	10	十月
58003	2058	10	6	十月
62174	2070	3	13	三月
51473	2040	12	2	腊月
20936	1957	4	29	四月
12175	1933	5	10	五月
65482	2079	4	14	四月
6801	1918	8	11	八月
42308	2015	10	21	十月
63047	2072	8	1	八月
13850	1937	12	1	腊月
57409	2057	3	3	三月
25072	1968	8	2	八月
28787	1978	10	25	十月
25086	1968	8	16	八月
61981	2069	8	28	八月
10732	1929	5	14	五月
27051	1974	2	2	二月
54930	2050	5	5	五月
30261	1982	10	24	十月
3632	1909	12	1	腊月
55035	2050	8	21	八月
14234	1938	12	2	腊月
8841	1924	3	13	三月
48644	2033	3	8	三月
60699	2066	3	15	三月
59566	2063	2	4	二月
19233	1952	8	10	八月
55640	2052	5	6	五月
36175	1999	1	1	正月
9302	1925	6	1	六月
21477	1958	10	10	十月
11424	1931	3	26	三月
39171	2007	3	15	三月
20718	1956	9	19	九月
36657	2000	5	11	五月
50772	2039	1	11	正月
62155	2070	2	24	二月
49494	2035	7	2	七月
12805	1935	1	19	正月
11292	1930	11	13	冬月
5771	1915	10	14	十月
10978	1930	1	23	正月
27985	1976	8	21	八月
12180	1933	5	15	五月
68571	2087	10	3	十月
60442	2065	6	23	六月
28029	1976	9	6	九月
9528	1926	1	20	正月
17095	1946	10	28	十月
19842	1954	4	28	四月
1021	1902	10	19	十月
39236	2007	5	21	五月
22807	1962	6	11	六月
36386	1999	8	6	八月
63229	2073	2	5	二月
32152	1987	12	24	腊月
43495	2019	1	27	正月
45074	2023	5	12	五月
72989	2099	10	21	十月
4544	1912	5	27	五月
8063	1922	2	2	二月
58906	2061	闰3	23	闰三月
25549	1969	12	6	腊月
27160	1974	闰4	22	闰四月
48731	2033	6	7	六月
42878	2017	6	1	六月
24953	1968	5	1	五月
26528	1972	8	11	八月
42571	2016	7	19	七月
22346	1961	2	22	二月
4741	1912	12	18	腊月
60392	2065	5	3	五月
33867	1992	9	27	九月
64042	2075	4	21	四月
22077	1960	6	19	六月
62636	2071	7	3	七月
23991	1965	9	14	九月
50274	2037	8	14	八月
16781	1945	12	9	腊月
70724	2093	7	29	七月
64815	2077	5	27	五月
35710	1997	10	9	十月
23121	1963	4	29	四月
3876	1910	8	9	八月
8639	1923	8	17	八月
48978	2034	1	17	正月
71189	2094	11	21	冬月
32012	1987	8	2	八月
26247	1971	10	25	十月
6898	1918	11	19	冬月
2829	1907	9	25	九月
36336	1999	6	15	六月
14487	1939	8	19	八月
34230	1993	9	6	九月
68661	2088	1	3	正月
53768	2047	3	24	三月
23391	1964	1	4	正月
64334	2076	2	18	二月
22269	1960	12	4	腊月
44616	2022	2	26	二月
8643	1923	8	21	八月
16154	1944	4	2	四月
17113	1946	11	16	冬月
588	1901	7	29	七月
8659	1923	9	8	九月
23110	1963	4	18	四月
32053	1987	9	13	九月
26948	1973	10	18	十月
21775	1959	8	12	八月
182	1900	7	7	七月
20501	1956	2	8	二月
72788	2099	3	26	三月
31463	1986	2	15	二月
53302	2045	12	1	腊月
14461	1939	7	22	七月
57292	2056	11	4	冬月
71135	2094	9	27	九月
4226	1911	7	5	七月
63349	2073	6	7	六月
44252	2021	2	17	二月
27679	1975	10	11	十月
51870	2042	1	15	正月
22909	1962	9	24	九月
7588	1920	9	30	九月
54883	2050	闰3	17	闰三月
20418	1955	11	14	冬月
4997	1913	9	8	九月
25852	1970	10	14	十月
8535	1923	5	2	五月
20410	1955	11	6	冬月
39381	2007	10	18	十月
72044	2097	3	20	三月
61711	2068	12	23	腊月
8942	1924	6	25	六月
32029	1987	8	19	八月
41724	2014	3	28	三月
2327	1906	闰4	25	闰四月
70894	2094	1	22	正月
14033	1938	6	7	六月
25576	1970	1	4	正月
52123	2042	9	3	九月
51378	2040	8	26	八月
11353	1931	1	15	正月
40520	2010	12	6	腊月
30263	1982	10	26	十月
33614	1992	1	9	正月
37577	2002	11	16	冬月
6056	1916	8	3	八月
23135	1963	闰4	14	闰四月
25782	1970	8	3	八月
9121	1924	12	27	腊月
19764	1954	2	9	二月
62427	2070	12	1	腊月
35698	1997	9	26	九月
19253	1952	8	30	八月
44824	2022	9	27	九月
70863	2093	12	20	腊月
26810	1973	5	27	五月
35701	1997	9	29	九月
19056	1952	3	10	三月
815	1902	3	19	三月
5246	1914	5	20	五月
9701	1926	7	17	七月
16300	1944	8	1	八月
59115	2061	10	26	十月
10402	1928	6	9	六月
52613	2044	1	20	正月
65444	2079	3	5	三月
4259	1911	8	9	八月
63806	2074	8	21	八月
38241	2004	8	30	八月
8460	1923	2	16	二月
40355	2010	6	17	六月
36686	2000	6	10	六月
14813	1940	7	19	七月
64584	2076	11	2	冬月
55823	2052	10	12	十月
15990	1943	10	15	十月
9521	1926	1	13	正月
42984	2017	8	19	八月
19011	1952	1	24	正月
39910	2009	4	15	四月
49285	2034	11	29	冬月
19948	1954	8	17	八月
64099	2075	6	19	六月
3438	1909	5	14	五月
58345	2059	9	24	九月
39456	2008	1	4	正月
14335	1939	3	13	三月
44478	2021	10	6	十月
51697	2041	7	20	七月
31592	1986	6	25	六月
25091	1968	8	21	八月
40978	2012	3	21	三月
14805	1940	7	11	七月
19000	1952	1	13	正月
47611	2030	5	9	五月
47782	2030	11	3	冬月
22537	1961	9	6	九月
55080	2050	10	7	十月
73167	2100	4	21	四月
52898	2044	10	11	十月
63477	2073	10	17	十月
57488	2057	5	23	五月
72439	2098	5	1	五月
67838	2085	9	7	九月
46841	2028	4	6	四月
16680	1945	8	27	八月
55783	2052	9	2	九月
44710	2022	6	2	六月
68921	2088	8	28	八月
4196	1911	闰6	4	闰六月
40783	2011	9	3	九月
67370	2084	6	12	六月
48461	2032	9	3	九月
64596	2076	11	14	冬月
26807	1973	5	24	五月
44434	2021	8	21	八月
30653	1983	12	2	腊月
70616	2093	5	10	五月
64211	2075	10	13	十月
49754	2036	3	25	三月
2513	1906	11	4	冬月
61180	2067	6	24	六月
64547	2076	9	24	九月
9618	1926	4	22	四月
69489	2090	4	4	四月
18944	1951	11	16	冬月
51955	2042	3	12	三月
31410	1985	12	21	腊月
56841	2055	7	25	七月
27532	1975	5	10	五月
36383	1999	8	3	八月
54806	2050	1	28	正月
14057	1938	7	2	七月
5324	1914	7	10	七月
20875	1957	2	27	二月
28646	1978	6	3	六月
24593	1967	4	25	四月
56372	2054	4	28	四月
5991	1916	5	27	五月
25694	1970	5	4	五月
63861	2074	10	17	十月
36880	2000	12	27	腊月
41415	2013	5	15	五月
13766	1937	9	7	九月
39109	2007	1	11	正月
60244	2064	12	3	腊月
13987	1938	4	20	四月
65026	2078	1	1	正月
3577	1909	10	5	十月
59264	2062	3	26	三月
46167	2026	5	12	五月
13050	1935	9	28	九月
37813	2003	7	15	七月
28108	1976	11	26	冬月
53635	2046	11	9	冬月
21878	1959	11	27	冬月
36009	1998	7	13	七月
40472	2010	10	17	十月
67847	2085	9	16	九月
37758	2003	5	19	五月
66053	2080	10	25	十月
36796	2000	10	3	十月
5507	1915	1	16	正月
55278	2051	4	28	四月
49	1900	2	21	二月
31524	1986	4	16	四月
65635	2079	9	20	九月
8418	1923	1	3	正月
769	1902	2	2	二月
45556	2024	9	21	九月
60855	2066	7	23	七月
13094	1935	11	13	冬月
60473	2065	7	25	七月
8468	1923	2	24	二月
25283	1969	3	6	三月
20730	1956	10	1	十月
69413	2090	1	18	正月
18644	1951	1	12	正月
8047	1922	1	16	正月
21134	1957	10	21	十月
17089	1946	10	22	十月
44196	2020	12	20	腊月
14647	1940	2	1	二月
35098	1996	1	17	正月
70453	2092	11	24	冬月
65352	2078	12	2	腊月
33719	1992	4	25	四月
44818	2022	9	21	九月
3489	1909	7	6	七月
50168	2037	4	26	四月
65459	2079	3	20	三月
22850	1962	7	25	七月
58657	2060	8	11	八月
20084	1955	1	4	正月
16403	1944	11	15	冬月
7410	1920	3	28	三月
18333	1950	2	26	二月
3592	1909	10	20	十月
26399	1972	3	29	三月
8310	1922	9	14	九月
7969	1921	10	27	十月
62344	2070	9	7	九月
35931	1998	5	23	五月
71290	2095	3	4	三月
52817	2044	闰7	18	闰七月
22284	1960	12	19	腊月
39355	2007	9	22	九月
41326	2013	2	14	二月
63513	2073	11	24	冬月
62056	2069	11	13	冬月
55427	2051	9	29	九月
52734	2044	5	23	五月
67857	2085	9	26	九月
44040	2020	7	11	七月
32627	1989	4	27	四月
55066	2050	9	22	九月
71893	2096	10	17	十月
13512	1936	12	17	腊月
72607	2098	10	23	十月
50434	2038	1	27	正月
57101	2056	4	19	四月
30272	1982	11	5	冬月
61083	2067	3	15	三月
38970	2006	8	21	八月
58861	2061	3	7	三月
19824	1954	4	10	四月
15087	1941	4	28	四月
58938	2061	4	26	四月
36597	2000	3	9	三月
58984	2061	6	13	六月
26791	1973	5	8	五月
18266	1949	12	18	腊月
62221	2070	5	1	五月
35768	1997	12	7	腊月
66867	2083	1	11	正月
45834	2025	闰6	4	闰六月
41585	2013	11	7	冬月
48720	2033	5	26	五月
31659	1986	9	3	九月
44410	2021	7	27	七月
39977	2009	闰5	23	闰五月
47368	2029	9	2	九月
48127	2031	9	23	九月
48678	2033	4	13	四月
51709	2041	8	2	八月
59020	2061	7	20	七月
30083	1982	闰4	22	闰四月
2674	1907	4	18	四月
66905	2083	2	20	二月
2816	1907	9	12	九月
42551	2016	6	29	六月
19186	1952	6	22	六月
68413	2087	4	21	四月
52092	2042	8	2	八月
47247	2029	4	29	四月
19718	1953	12	22	腊月
34949	1995	闰8	15	闰八月
43892	2020	3	11	三月
22191	1960	9	15	九月
29534	1980	11	5	冬月
56165	2053	9	29	九月
16048	1943	12	14	腊月
59199	2062	1	21	正月
18782	1951	6	2	六月
16157	1944	4	5	四月
41192	2012	9	28	九月
25635	1970	3	4	三月
9214	1925	4	2	四月
21753	1959	7	20	七月
412	1901	1	29	正月
73283	2100	8	19	八月
30506	1983	7	2	七月
31333	1985	10	3	十月
13624	1937	4	12	四月
13827	1937	11	8	冬月
17282	1947	4	8	四月
41405	2013	5	5	五月
63900	2074	11	27	冬月
20699	1956	8	29	八月
14902	1940	10	20	十月
63689	2074	5	22	五月
10884	1929	10	19	十月
71303	2095	3	17	三月
8118	1922	3	28	三月
53629	2046	11	3	冬月
52240	2043	1	1	正月
60835	2066	7	3	七月
61310	2067	11	6	冬月
53161	2045	7	7	七月
53264	2045	10	22	十月
43675	2019	8	1	八月
71514	2095	10	22	十月
42113	2015	4	4	四月
43552	2019	3	25	三月
47603	2030	5	1	五月
45498	2024	7	23	七月
69369	2089	12	3	腊月
71256	2095	1	29	正月
32651	1989	5	21	五月
45910	2025	8	21	八月
68341	2087	2	8	二月
27652	1975	9	13	九月
59435	2062	9	21	九月
21222	1958	1	21	正月
23005	1963	1	2	正月
35200	1996	5	1	五月
51295	2040	6	2	六月
7622	1920	11	5	冬月
5337	1914	7	23	七月
11512	1931	6	26	六月
24927	1968	4	5	四月
68930	2088	9	8	九月
53873	2047	6	10	六月
11316	1930	12	7	腊月
19411	1953	2	11	二月
7562	1920	9	4	九月
28529	1978	2	4	二月
58160	2059	3	16	三月
39791	2008	12	15	腊月
73158	2100	4	12	四月
52165	2042	10	15	十月
46012	2025	12	4	腊月
6235	1917	2	5	二月
19714	1953	12	18	腊月
209	1900	8	4	八月
68096	2086	5	30	五月
73103	2100	2	16	二月
51194	2040	2	19	二月
43109	2017	12	25	腊月
44696	2022	5	18	五月
18067	1949	6	25	六月
14518	1939	9	20	九月
30417	1983	4	1	四月
67332	2084	5	4	五月
6619	1918	2	5	二月
61014	2067	1	5	正月
12613	1934	7	5	七月
71452	2095	8	19	八月
26155	1971	7	22	七月
36122	1998	11	7	冬月
20709	1956	9	10	九月
56520	2054	9	30	九月
1867	1905	2	8	二月
55550	2052	2	4	二月
12513	1934	3	23	三月
54160	2048	4	2	四月
65751	2080	1	17	正月
12786	1934	12	30	腊月
13761	1937	9	2	九月
39540	2008	3	29	三月
41591	2013	11	13	冬月
55642	2052	5	8	五月
56237	2053	12	12	腊月
55540	2052	1	23	正月
49187	2034	8	20	八月
39850	2009	2	14	二月
46797	2028	2	22	二月
62468	2071	1	12	正月
12151	1933	4	15	四月
50850	2039	3	29	三月
28649	1978	6	6	六月
24816	1967	12	12	腊月
11891	1932	7	21	七月
11154	1930	闰6	22	闰六月
60857	2066	7	25	七月
9172	1925	2	19	二月
52635	2044	2	12	二月
478	1901	4	7	四月
24085	1965	12	19	腊月
40128	2009	10	27	十月
20179	1955	闰3	11	闰三月
16670	1945	8	17	八月
58593	2060	6	6	六月
34480	1994	5	19	五月
71267	2095	2	11	二月
1166	1903	3	15	三月
43153	2018	2	10	二月
29800	1981	8	6	八月
57403	2057	2	27	二月
29286	1980	2	22	二月
31313	1985	9	12	九月
49844	2036	6	27	六月
26535	1972	8	18	八月
37282	2002	1	16	正月
46077	2026	2	10	二月
70116	2091	12	12	腊月
10583	1928	12	12	腊月
48278	2032	2	26	二月
39973	2009	闰5	19	闰五月
57992	2058	9	25	九月
38087	2004	3	24	三月
44706	2022	5	28	五月
30805	1984	5	5	五月
69136	2089	4	6	四月
2455	1906	9	5	九月
54638	2049	8	8	八月
11409	1931	3	11	三月
41612	2013	12	5	腊月
12579	1934	5	30	五月
6706	1918	5	4	五月
23661	1964	10	9	十月
41132	2012	7	27	七月
30583	1983	9	21	九月
50738	2038	12	6	腊月
52049	2042	6	18	六月
56192	2053	10	27	十月
64231	2075	11	3	冬月
64266	2075	12	9	腊月
10765	1929	6	17	六月
53656	2046	12	1	腊月
12951	1935	6	18	六月
60438	2065	6	19	六月
25809	1970	9	1	九月
16660	1945	8	7	八月
1043	1902	11	11	冬月
65918	2080	6	7	六月
14581	1939	11	24	冬月
41692	2014	2	26	二月
10979	1930	1	24	正月
5642	1915	6	3	六月
25349	1969	5	13	五月
60532	2065	9	25	九月
46191	2026	6	7	六月
18262	1949	12	14	腊月
36057	1998	9	2	九月
14448	1939	7	9	七月
4535	1912	5	18	五月
30722	1984	2	11	二月
35865	1998	3	16	三月
5216	1914	4	20	四月
46607	2027	8	9	八月
49402	2035	3	28	三月
72009	2097	2	14	二月
57584	2057	9	0	九月
48731	2033	6	7	六月
63850	2074	10	6	十月
46477	2027	3	26	三月
58408	2059	11	27	冬月
44159	2020	11	12	冬月
25066	1968	闰7	25	闰七月
59161	2061	12	12	腊月
13364	1936	7	18	七月
50835	2039	3	14	三月
49962	2036	9	28	九月
21917	1960	1	7	正月
23000	1962	12	26	腊月
15891	1943	7	5	七月
72470	2098	6	3	六月
49073	2034	4	24	四月
25672	1970	4	12	四月
20019	1954	10	28	十月
56642	2055	2	4	二月
10525	1928	10	14	十月
52256	2043	1	17	正月
15451	1942	4	8	四月
22746	1962	4	9	四月
10785	1929	7	8	七月
57056	2056	3	4	三月
61115	2067	4	18	四月
43274	2018	6	13	六月
62065	2069	11	22	冬月
51616	2041	4	28	四月
63819	2074	9	5	九月
51234	2040	3	30	三月
27049	1974	1	30	正月
38052	2004	闰2	18	闰二月
54843	2050	3	6	三月
24054	1965	11	18	冬月
52793	2044	7	23	七月
36416	1999	9	7	九月
13099	1935	11	18	冬月
16102	1944	2	9	二月
21933	1960	1	23	正月
12776	1934	12	20	腊月
31111	1985	2	17	二月
14634	1940	1	18	正月
42117	2015	4	8	四月
26000	1971	3	14	三月
22915	1962	10	1	十月
8942	1924	6	25	六月
37657	2003	2	7	二月
41144	2012	8	9	八月
69615	2090	8	13	八月
24970	1968	5	18	五月
45557	2024	9	22	九月
70340	2092	7	29	七月
3271	1908	12	24	腊月
21234	1958	2	3	二月
56913	2055	10	9	十月
25712	1970	5	22	五月
24915	1968	3	22	三月
63094	2072	9	18	九月
24481	1967	1	2	正月
47396	2029	10	1	十月
22963	1962	11	19	冬月
31130	1985	3	6	三月
61365	2068	1	2	正月
32792	1989	10	15	十月
25051	1968	闰7	10	闰七月
13570	1937	2	16	二月
42137	2015	4	28	四月
33456	1991	7	29	七月
55043	2050	8	29	八月
15402	1942	2	18	二月
4457	1912	2	28	二月
6664	1918	3	21	三月
58751	2060	11	16	冬月
53106	2045	5	11	五月
38581	2005	8	15	八月
68336	2087	2	3	二月
25363	1969	5	27	五月
68658	2087	12	30	腊月
34513	1994	6	22	六月
62060	2069	11	17	冬月
40767	2011	8	16	八月
72254	2097	10	24	十月
65549	2079	6	22	六月
56616	2055	1	7	正月
9231	1925	4	19	四月
35474	1997	2	9	二月
34265	1993	10	11	十月
40560	2011	1	16	正月
72275	2097	11	15	冬月
62390	2070	10	23	十月
3985	1910	11	29	冬月
26912	1973	9	12	九月
4083	1911	3	9	三月
32630	1989	4	30	四月
73145	2100	3	28	三月
55744	2052	8	22	八月
71167	2094	10	29	十月
10318	1928	3	13	三月
29869	1981	10	15	十月
69072	2089	2	1	二月
44043	2020	7	14	七月
54374	2048	11	10	冬月
27417	1975	1	14	正月
20956	1957	5	20	五月
44935	2023	1	20	正月
48730	2033	6	6	六月
36469	1999	10	30	十月
57988	2058	9	21	九月
67311	2084	4	12	四月
36138	1998	11	23	冬月
37897	2003	10	11	十月
29584	1980	12	25	腊月
21803	1959	9	11	九月
32058	1987	9	18	九月
46297	2026	9	25	九月
2632	1907	3	5	三月
43207	2018	4	5	四月
4354	1911	11	15	冬月
8093	1922	3	3	三月
67372	2084	6	14	六月
37155	2001	9	7	九月
16542	1945	4	6	四月
7613	1920	10	25	十月
34884	1995	7	10	七月
56403	2054	6	1	六月
50474	2038	3	7	三月
53241	2045	9	29	九月
2300	1906	4	27	四月
5503	1915	1	12	正月
36506	1999	12	7	腊月
61457	2068	4	5	四月
72756	2099	闰2	23	闰二月
13035	1935	9	13	九月
13446	1936	10	11	十月
14457	1939	7	18	七月
2384	1906	6	23	六月
7755	1921	3	19	三月
38382	2005	1	23	正月
65809	2080	3	16	三月
70708	2093	7	13	七月
24011	1965	10	5	十月
5342	1914	7	28	七月
68845	2088	6	11	六月
56452	2054	7	20	七月
21787	1959	8	24	八月
706	1901	11	28	冬月
4289	1911	9	9	九月
28356	1977	8	8	八月
48431	2032	8	2	八月
72258	2097	10	28	十月
23549	1964	6	15	六月
69664	2090	9	3	九月
5487	1914	12	26	腊月
59746	2063	闰7	7	闰七月
45505	2024	7	30	七月
61804	2069	3	27	三月
60323	2065	2	23	二月
28838	1978	12	17	腊月
13521	1936	12	26	腊月
25184	1968	11	25	冬月
71463	2095	9	1	九月
8278	1922	8	11	八月
8117	1922	3	27	三月
20188	1955	闰3	20	闰三月
3487	1909	7	4	七月
48426	2032	7	27	七月
26529	1972	8	12	八月
42248	2015	8	21	八月
63395	2073	7	23	七月
65638	2079	9	23	九月
4089	1911	3	15	三月
44024	2020	6	24	六月
37071	2001	6	11	六月
26722	1973	2	27	二月
19057	1952	3	11	三月
612	1901	8	23	八月
45695	2025	2	12	二月
47162	2029	2	3	二月
61297	2067	10	22	十月
4532	1912	5	15	五月
53607	2046	10	11	十月
5298	1914	6	13	六月
37565	2002	11	4	冬月
12224	1933	闰5	29	闰五月
19763	1954	2	8	二月
32194	1988	2	7	二月
55729	2052	8	7	八月
35116	1996	2	6	二月
15775	1943	3	7	三月
9922	1927	3	1	三月
56753	2055	5	26	五月
17040	1946	9	3	九月
64363	2076	3	17	三月
32890	1990	1	23	正月
68349	2087	2	16	二月
15468	1942	4	25	四月
67163	2083	11	12	冬月
8498	1923	3	24	三月
27545	1975	5	23	五月
11120	1930	6	18	六月
67891	2085	11	1	冬月
28658	1978	6	15	六月
29077	1979	7	20	七月
9824	1926	11	21	冬月
571	1901	7	12	七月
26754	1973	3	30	三月
17957	1949	3	4	三月
45464	2024	6	18	六月
8655	1923	9	4	九月
55622	2052	4	17	四月
14489	1939	8	21	八月
9028	1924	9	22	九月
24323	1966	7	21	七月
68730	2088	3	13	三月
63913	2074	12	10	腊月
70764	2093	9	10	九月
71979	2097	1	14	正月
6306	1917	3	18	三月
47577	2030	4	5	四月
46508	2027	4	28	四月
42223	2015	7	26	七月
58774	2060	12	9	腊月
11309	1930	11	30	冬月
49140	2034	7	3	七月
65551	2079	6	24	六月
36358	1999	7	8	七月
35581	1997	5	28	五月
67352	2084	5	24	五月
49415	2035	4	11	四月
27046	1974	1	27	正月
38257	2004	9	16	九月
62144	2070	2	13	二月
47019	2028	9	8	九月
56066	2053	6	18	六月
24469	1966	12	19	腊月
10360	1928	4	26	四月
73183	2100	5	7	五月
28174	1977	2	3	二月
72689	2099	1	16	正月
40916	2012	1	18	正月
45471	2024	6	25	六月
35038	1995	11	16	冬月
63493	2073	11	4	冬月
20840	1957	1	22	正月
13403	1936	8	27	八月
6242	1917	2	12	二月
24617	1967	5	19	五月
51680	2041	7	3	七月
44335	2021	5	11	五月
54146	2048	3	18	三月
33445	1991	7	18	七月
58264	2059	7	2	七月
13367	1936	7	21	七月
46582	2027	7	14	七月
21989	1960	3	20	三月
4324	1911	10	14	十月
171	1900	6	25	六月
64162	2075	8	23	八月
41109	2012	7	4	七月
15840	1943	5	13	五月
19071	1952	3	25	三月
2478	1906	9	28	九月
68137	2086	7	12	七月
59616	2063	3	24	三月
58291	2059	7	29	七月
59422	2062	9	8	九月
22125	1960	7	8	七月
31892	1987	5	1	五月
28047	1976	9	24	九月
3154	1908	8	25	八月
59297	2062	5	1	五月
15504	1942	6	2	六月
57803	2058	4	13	四月
31594	1986	6	27	六月
8157	1922	5	7	五月
66916	2083	3	1	三月
3499	1909	7	16	七月
55374	2051	8	6	八月
43601	2019	5	15	五月
54524	2049	4	12	四月
60419	2065	5	30	五月
37770	2003	6	1	六月
30597	1983	10	5	十月
41268	2012	12	15	腊月
67499	2084	10	23	十月
15970	1943	9	25	九月
29081	1979	7	24	七月
21000	1957	7	5	七月
7751	1921	3	15	三月
57482	2057	5	17	五月
27865	1976	4	19	四月
42532	2016	6	10	六月
62311	2070	8	3	八月
42226	2015	7	29	七月
27853	1976	4	7	四月
7108	1919	6	22	六月
40603	2011	2	29	二月
30398	1983	3	12	三月
55245	2051	3	24	三月
1160	1903	3	9	三月
44427	2021	8	14	八月
25418	1969	7	23	七月
19901	1954	6	29	六月
34860	1995	6	15	六月
16635	1945	7	11	七月
58822	2061	1	28	正月
49025	2034	3	5	三月
12504	1934	3	14	三月
66263	2081	5	27	五月
5510	1915	1	19	正月
7981	1921	11	10	冬月
26240	1971	10	18	十月
55319	2051	6	10	六月
40878	2011	12	9	腊月
50581	2038	6	26	六月
60764	2066	5	21	五月
25499	1969	10	15	十月
30646	1983	11	25	冬月
67301	2084	4	2	四月
52672	2044	3	20	三月
71615	2096	2	4	二月
68142	2086	7	17	七月
52885	2044	9	27	九月
18740	1951	4	19	四月
53611	2046	10	15	十月
20510	1956	2	17	二月
35265	1996	7	7	七月
50996	2039	7	27	七月
36235	1999	3	2	三月
42542	2016	6	20	六月
9781	1926	10	8	十月
3856	1910	7	19	七月
57587	2057	9	3	九月
41186	2012	9	22	九月
17637	1948	4	8	四月
44304	2021	4	9	四月
30395	1983	3	9	三月
31246	1985	7	4	七月
62037	2069	10	24	十月
62688	2071	8	26	八月
61643	2068	10	14	十月
1882	1905	2	23	二月
10301	1928	闰2	25	闰二月
56576	2054	11	27	冬月
65743	2080	1	9	正月
10574	1928	12	3	腊月
38165	2004	6	13	六月
45536	2024	9	1	九月
51543	2041	2	14	二月
32106	1987	11	7	冬月
43793	2019	12	1	腊月
7708	1921	2	1	二月
20647	1956	7	7	七月
50722	2038	11	20	冬月
65309	2078	10	18	十月
12316	1933	9	3	九月
19275	1952	9	22	九月
18810	1951	6	30	六月
46601	2027	8	3	八月
41752	2014	4	27	四月
40499	2010	11	14	冬月
20458	1955	12	24	腊月
70201	2092	3	8	三月
1560	1904	3	25	三月
52439	2043	7	24	七月
26582	1972	10	6	十月
63245	2073	2	21	二月
29780	1981	7	15	七月
49543	2035	8	22	八月
47446	2029	11	22	冬月
30181	1982	8	3	八月
35324	1996	9	7	九月
8471	1923	2	27	二月
24630	1967	6	2	六月
49593	2035	10	13	十月
14552	1939	10	25	十月
13311	1936	5	24	五月
43958	2020	闰4	17	闰四月
11105	1930	6	3	六月
16964	1946	6	15	六月
56987	2055	12	24	腊月
61634	2068	10	5	十月
33541	1991	10	26	十月
51808	2041	11	12	冬月
39647	2008	7	19	七月
70446	2092	11	17	冬月
49677	2036	1	8	正月
67416	2084	7	28	七月
4723	1912	11	29	冬月
30454	1983	5	9	五月
69637	2090	闰8	5	闰八月
47828	2030	12	19	腊月
5267	1914	闰5	12	闰五月
49330	2035	1	15	正月
49961	2036	9	27	九月
36100	1998	10	15	十月
56487	2054	8	26	八月
50462	2038	2	25	二月
36365	1999	7	15	七月
5508	1915	1	17	正月
20451	1955	12	17	腊月
31818	1987	2	15	二月
50549	2038	5	23	五月
21748	1959	7	15	七月
5759	1915	10	2	十月
47974	2031	4	18	四月
33141	1990	9	10	九月
55288	2051	5	8	五月
62795	2071	11	15	冬月
24594	1967	4	26	四月
60145	2064	8	22	八月
8556	1923	5	23	五月
4599	1912	7	23	七月
34774	1995	3	18	三月
55605	2052	3	29	三月
15416	1942	3	3	三月
17443	1947	9	22	九月
16590	1945	5	25	五月
27693	1975	10	25	十月
62968	2072	5	10	五月
58615	2060	6	28	六月
41086	2012	6	10	六月
25693	1970	5	3	五月
58480	2060	2	10	二月
59207	2062	1	29	正月
70690	2093	闰6	25	闰六月
59269	2062	4	2	四月
19900	1954	6	28	六月
1823	1904	12	23	腊月
59470	2062	10	27	十月
59653	2063	5	2	五月
22804	1962	6	8	六月
26935	1973	10	5	十月
21166	1957	11	24	冬月
38925	2006	闰7	5	闰七月
16188	1944	闰4	7	闰四月
19519	1953	6	1	六月
26102	1971	闰5	28	闰五月
3773	1910	4	24	四月
39764	2008	11	17	冬月
45407	2024	4	20	四月
61218	2067	8	2	八月
58897	2061	闰3	14	闰三月
67712	2085	5	30	五月
48327	2032	4	17	四月
42034	2015	1	13	正月
1473	1903	12	28	腊月
56192	2053	10	27	十月
51955	2042	3	12	三月
41190	2012	9	26	九月
63517	2073	11	28	冬月
1028	1902	10	26	十月
23199	1963	6	19	六月
18082	1949	7	10	七月
32697	1989	7	8	七月
62472	2071	1	16	正月
62019	2069	10	6	十月
31006	1984	11	1	冬月
66377	2081	9	23	九月
31392	1985	12	3	腊月
9955	1927	4	5	四月
24862	1968	1	28	正月
51253	2040	4	19	四月
12672	1934	9	5	九月
71783	2096	6	25	六月
26698	1973	2	3	二月
16377	1944	10	18	十月
64352	2076	3	6	三月
24295	1966	6	22	六月
54106	2048	2	8	二月
55865	2052	11	24	冬月
45176	2023	8	25	八月
37275	2002	1	9	正月
49030	2034	3	10	三月
27373	1974	11	29	冬月
39016	2006	10	7	十月
26471	1972	6	13	六月
46418	2027	1	27	正月
5649	1915	6	10	六月
71716	2096	闰4	17	闰四月
13251	1936	闰3	23	闰三月
46922	2028	闰5	28	闰五月
34709	1995	1	12	正月
10308	1928	3	3	三月
44667	2022	4	18	四月
69722	2090	11	2	冬月
52237	2042	12	28	腊月
39256	2007	6	12	六月
51963	2042	3	20	三月
28506	1978	1	11	正月
37349	2002	3	23	三月
9020	1924	9	14	九月
35331	1996	9	14	九月
17682	1948	5	24	五月
29029	1979	闰6	2	闰六月
21916	1960	1	6	正月
3343	1909	闰2	7	闰二月
23442	1964	2	25	二月
48193	2031	11	30	冬月
46720	2027	12	4	腊月
4927	1913	6	26	六月
65514	2079	5	16	五月
45221	2023	10	11	十月
71288	2095	3	2	三月
2967	1908	2	15	二月
34990	1995	9	27	九月
60337	2065	3	7	三月
2944	1908	1	22	正月
38395	2005	2	7	二月
39070	2006	12	2	腊月
71537	2095	11	15	冬月
63020	2072	7	3	七月
53903	2047	7	11	七月
47106	2028	12	6	腊月
4581	1912	7	5	七月
45472	2024	6	26	六月
55743	2052	8	21	八月
64018	2075	3	27	三月
24037	1965	11	1	冬月
46496	2027	4	16	四月
22095	1960	闰6	7	闰六月
23058	1963	2	25	二月
9473	1925	11	24	冬月
60764	2066	5	21	五月
71463	2095	9	1	九月
56646	2055	2	8	二月
21277	1958	3	16	三月
50440	2038	2	3	二月
25879	1970	11	11	冬月
30714	1984	2	3	二月
14825	1940	8	2	八月
36784	2000	9	20	九月
31727	1986	11	12	冬月
52526	2043	10	22	十月
33073	1990	7	1	七月
40432	2010	9	6	九月
73263	2100	7	28	七月
72758	2099	闰2	25	闰二月
35421	1996	12	15	腊月
50336	2037	10	18	十月
14639	1940	1	23	正月
32218	1988	3	2	三月
1557	1904	3	22	三月
71760	2096	6	2	六月
32275	1988	4	29	四月
27702	1975	11	4	冬月
197	1900	7	22	七月
46308	2026	10	6	十月
4739	1912	12	16	腊月
8122	1922	4	2	四月
19837	1954	4	23	四月
59132	2061	11	13	冬月
68855	2088	6	21	六月
51114	2039	11	27	冬月
28433	1977	10	26	十月
11320	1930	12	11	腊月
16451	1945	1	3	正月
40022	2009	7	10	七月
9189	1925	3	7	三月
61832	2069	4	26	四月
45919	2025	9	1	九月
36942	2001	2	30	二月
55889	2052	12	18	腊月
16220	1944	5	9	五月
36715	2000	7	10	七月
69542	2090	5	28	五月
64081	2075	6	1	六月
23036	1963	2	3	二月
48911	2033	闰11	9	闰冬月
72342	2098	1	23	正月
51833	2041	12	8	腊月
72744	2099	闰2	11	闰二月
7039	1919	4	12	四月
66230	2081	4	23	四月
63145	2072	11	10	冬月
17516	1947	12	6	腊月
10531	1928	10	20	十月
18958	1951	12	1	腊月
15901	1943	7	15	七月
556	1901	6	26	六月
68735	2088	3	18	三月
43034	2017	10	10	十月
17865	1948	12	1	腊月
49848	2036	闰6	2	闰六月
19715	1953	12	19	腊月
9002	1924	8	26	八月
60785	2066	闰5	12	闰五月
69864	2091	3	25	三月
38279	2004	10	9	十月
33986	1993	1	27	正月
64857	2077	7	10	七月
49720	2036	2	21	二月
32259	1988	4	13	四月
73078	2100	1	21	正月
50989	2039	7	20	七月
16420	1944	12	2	腊月
35619	1997	7	7	七月
12926	1935	5	23	五月
17745	1948	7	28	七月
3276	1908	12	29	腊月
48987	2034	1	26	正月
25626	1970	2	24	二月
58005	2058	10	8	十月
43732	2019	9	28	九月
36611	2000	3	23	三月
52206	2042	11	27	冬月
23813	1965	3	12	三月
5552	1915	3	2	三月
48511	2032	10	23	十月
16706	1945	9	23	九月
8025	1921	12	24	腊月
22612	1961	11	22	冬月
62755	2071	10	4	十月
73014	2099	11	16	冬月
54953	2050	5	28	五月
62484	2071	1	28	正月
29295	1980	3	2	三月
19986	1954	9	25	九月
8069	1922	2	8	二月
15464	1942	4	21	四月
53875	2047	6	12	六月
59442	2062	9	28	九月
61153	2067	5	26	五月
43064	2017	11	10	冬月
21255	1958	2	24	二月
67538	2084	12	3	腊月
72537	2098	8	12	八月
52136	2042	9	16	九月
56227	2053	12	2	腊月
56186	2053	10	21	十月
50641	2038	8	27	八月
45304	2024	1	5	正月
539	1901	6	9	六月
2842	1907	10	8	十月
7237	1919	10	4	十月
31224	1985	6	11	六月
27195	1974	5	28	五月
2798	1907	8	23	八月
42677	2016	11	7	冬月
26112	1971	6	9	六月
49851	2036	闰6	5	闰六月
61066	2067	2	28	二月
43477	2019	1	9	正月
56352	2054	4	8	四月
41175	2012	9	11	九月
69814	2091	2	5	二月
4537	1912	5	20	五月
63448	2073	9	18	九月
56659	2055	2	21	二月
63678	2074	5	11	五月
59757	2063	闰7	18	闰七月
15196	1941	7	18	七月
29815	1981	8	21	八月
9790	1926	10	17	十月
31733	1986	11	18	冬月
30980	1984	闰10	4	闰十月
41647	2014	1	10	正月
59382	2062	7	27	七月
1053	1902	11	21	冬月
35720	1997	10	19	十月
61447	2068	3	25	三月
73262	2100	7	27	七月
5597	1915	4	17	四月
57136	2056	5	25	五月
7411	1920	3	29	三月
7510	1920	7	11	七月
4521	1912	5	4	五月
40096	2009	9	25	九月
23927	1965	7	9	七月
30446	1983	5	1	五月
70813	2093	10	29	十月
29596	1981	1	7	正月
55631	2052	4	26	四月
10918	1929	11	23	冬月
9621	1926	4	25	四月
25484	1969	9	30	九月
63375	2073	7	3	七月
58566	2060	5	8	五月
13601	1937	3	18	三月
15128	1941	6	9	六月
19195	1952	7	2	七月
54742	2049	11	23	冬月
41365	2013	3	24	三月
28028	1976	9	5	九月
48679	2033	4	14	四月
26806	1973	5	23	五月
36561	2000	2	3	二月
32624	1989	4	24	四月
39383	2007	10	20	十月
62074	2069	12	2	腊月
54925	2050	4	29	四月
9708	1926	7	24	七月
24483	1967	1	4	正月
64886	2077	8	9	八月
6045	1916	7	22	七月
19708	1953	12	12	腊月
56595	2054	12	16	腊月
46322	2026	10	20	十月
2309	1906	闰4	7	闰四月
19232	1952	8	9	八月
42887	2017	6	10	六月
48438	2032	8	9	八月
13957	1938	3	19	三月
71620	2096	2	9	二月
25903	1970	12	6	腊月
68370	2087	3	8	三月
49457	2035	5	24	五月
50256	2037	7	26	七月
53971	2047	9	20	九月
56718	2055	4	20	四月
65733	2079	12	29	腊月
22716	1962	3	8	三月
7559	1920	9	1	九月
59602	2063	3	10	三月
3513	1909	8	1	八月
25056	1968	闰7	15	闰七月
27751	1975	12	24	腊月
53114	2045	5	19	五月
4501	1912	4	13	四月
32600	1989	3	29	三月
24443	1966	11	23	冬月
56426	2054	6	24	六月
49233	2034	10	7	十月
64588	2076	11	6	冬月
2247	1906	3	4	三月
24106	1966	1	11	正月
8493	1923	3	19	三月
53232	2045	9	20	九月
12939	1935	6	6	六月
61022	2067	1	13	正月
29569	1980	12	10	腊月
4820	1913	3	7	三月
4743	1912	12	20	腊月
66322	2081	7	27	七月
10277	1928	闰2	1	闰二月
21132	1957	10	19	十月
59927	2064	1	11	正月
28762	1978	9	30	九月
51265	2040	5	1	五月
12276	1933	7	22	七月
17759	1948	8	13	八月
68742	2088	3	25	三月
56301	2054	2	17	二月
44088	2020	8	30	八月
68967	2088	10	15	十月
4558	1912	6	12	六月
68045	2086	4	8	四月
71736	2096	5	8	五月
70203	2092	3	10	三月
59478	2062	11	5	冬月
32257	1988	4	11	四月
45552	2024	9	17	九月
955	1902	8	12	八月
62246	2070	5	26	五月
56457	2054	7	25	七月
50444	2038	2	7	二月
65475	2079	4	7	四月
2642	1907	3	15	三月
28053	1976	10	1	十月
57192	2056	7	22	七月
68439	2087	5	18	五月
69938	2091	6	11	六月
46725	2027	12	9	腊月
46940	2028	6	17	六月
17815	1948	10	10	十月
48374	2032	6	5	六月
2249	1906	3	6	三月
2648	1907	3	21	三月
30875	1984	7	17	七月
32426	1988	10	3	十月
13901	1938	1	23	正月
63104	2072	9	28	九月
48535	2032	11	17	冬月
12722	1934	10	25	十月
9161	1925	2	8	二月
31336	1985	10	6	十月
58607	2060	6	20	六月
37554	2002	10	22	十月
62733	2071	9	12	九月
23652	1964	9	29	九月
38735	2006	1	22	正月
37746	2003	5	7	五月
13785	1937	9	26	九月
42752	2017	1	22	正月
37079	2001	6	19	六月
2098	1905	10	3	十月
37653	2003	2	3	二月
19192	1952	6	28	六月
69671	2090	9	10	九月
39238	2007	5	23	五月
61501	2068	5	20	五月
2228	1906	2	15	二月
70947	2094	3	16	三月
26450	1972	5	22	五月
10249	1928	2	3	二月
66268	2081	6	2	六月
23363	1963	12	5	腊月
51602	2041	4	14	四月
23249	1963	8	10	八月
25664	1970	4	4	四月
19247	1952	8	24	八月
33162	1990	10	1	十月
46797	2028	2	22	二月
35192	1996	4	23	四月
28391	1977	9	13	九月
10474	1928	8	22	八月
3245	1908	11	27	冬月
7708	1921	2	1	二月
8463	1923	2	19	二月
23114	1963	4	22	四月
38689	2005	12	5	腊月
47456	2029	12	2	腊月
57111	2056	4	29	四月
2614	1907	2	17	二月
12645	1934	8	7	八月
34332	1993	12	19	腊月
50063	2037	1	10	正月
54250	2048	7	3	七月
67981	2086	2	3	二月
67172	2083	11	21	冬月
30987	1984	闰10	11	闰十月
14602	1939	12	16	腊月
12101	1933	2	25	二月
20	1900	1	21	正月
52167	2042	10	17	十月
33934	1992	12	5	腊月
30069	1982	闰4	8	闰四月
70784	2093	9	30	九月
7003	1919	3	5	三月
12566	1934	5	17	五月
54257	2048	7	10	七月
59832	2063	10	5	十月
28043	1976	9	20	九月
34350	1994	1	8	正月
8193	1922	闰5	14	闰五月
39764	2008	11	17	冬月
66423	2081	11	11	冬月
29306	1980	3	13	三月
29265	1980	2	1	二月
62316	2070	8	8	八月
48611	2033	2	5	二月
50934	2039	闰5	24	闰五月
50129	2037	3	16	三月
26516	1972	7	29	七月
10387	1928	5	23	五月
68566	2087	9	27	九月
34709	1995	1	12	正月
62228	2070	5	8	五月
15895	1943	7	9	七月
4314	1911	10	4	十月
39529	2008	3	18	三月
55612	2052	4	7	四月
47519	2030	2	6	二月
18466	1950	7	10	七月
65485	2079	4	17	四月
14932	1940	11	21	冬月
63191	2072	12	27	腊月
57406	2057	2	30	二月
63573	2074	1	25	正月
8948	1924	7	1	七月
471	1901	3	29	三月
41026	2012	闰4	9	闰四月
18565	1950	10	21	十月
33196	1990	11	5	冬月
50883	2039	5	3	五月
4954	1913	7	24	七月
6673	1918	4	1	四月
15760	1943	2	22	二月
68843	2088	6	9	六月
23550	1964	6	16	六月
56069	2053	6	21	六月
67072	2083	8	9	八月
48979	2034	1	18	正月
67058	2083	7	25	七月
4021	1911	1	6	正月
13736	1937	8	6	八月
42919	2017	闰6	13	闰六月
7638	1920	11	21	冬月
33453	1991	7	26	七月
53356	2046	1	25	正月
53299	2045	11	28	冬月
40430	2010	9	4	九月
28373	1977	8	25	八月
40516	2010	12	2	腊月
9187	1925	3	5	三月
50646	2038	9	2	九月
16597	1945	6	3	六月
2016	1905	7	9	七月
43551	2019	3	24	三月
65054	2078	1	29	正月
3133	1908	8	4	八月
66876	2083	1	20	正月
8211	1922	6	3	六月
47590	2030	4	18	四月
9069	1924	11	4	冬月
55956	2053	2	26	二月
2123	1905	10	28	十月
28110	1976	11	28	冬月
49981	2036	10	17	十月
25248	1969	2	1	二月
18515	1950	9	1	九月
6210	1917	1	10	正月
41225	2012	11	2	冬月
33164	1990	10	3	十月
52763	2044	6	23	六月
27758	1976	1	1	正月
27145	1974	闰4	7	闰四月
68856	2088	6	22	六月
56827	2055	7	11	七月
53422	2046	4	2	四月
58545	2060	4	17	四月
41612	2013	12	5	腊月
54911	2050	4	15	四月
35022	1995	10	30	十月
4457	1912	2	28	二月
55956	2053	2	26	二月
36443	1999	10	4	十月
26334	1972	1	23	正月
16161	1944	4	9	四月
66184	2081	3	7	三月
30871	1984	7	13	七月
31766	1986	12	22	腊月
29053	1979	闰6	26	闰六月
72224	2097	9	24	九月
14431	1939	6	21	六月
40890	2011	12	21	腊月
62741	2071	9	20	九月
51644	2041	5	26	五月
3447	1909	5	23	五月
14534	1939	10	7	十月
30909	1984	8	21	八月
38480	2005	5	3	五月
58951	2061	5	9	五月
50726	2038	11	24	冬月
67261	2084	2	21	二月
42936	2017	闰6	30	闰六月
59719	2063	7	9	七月
39302	2007	7	28	七月
27385	1974	12	12	腊月
50564	2038	6	9	六月
2115	1905	10	20	十月
25414	1969	7	19	七月
28553	1978	2	28	二月
19284	1952	10	2	十月
45519	2024	8	14	八月
44570	2022	1	10	正月
44773	2022	8	6	八月
44188	2020	12	12	腊月
36271	1999	4	9	四月
69746	2090	11	26	冬月
47977	2031	4	21	四月
11152	1930	闰6	20	闰六月
22863	1962	8	8	八月
10778	1929	7	1	七月
34621	1994	10	13	十月
23948	1965	7	30	七月
40639	2011	4	6	四月
52406	2043	6	20	六月
20861	1957	2	13	二月
47244	2029	4	26	四月
23863	1965	5	3	五月
58998	2061	6	27	六月
29765	1981	6	29	六月
3776	1910	4	27	四月
50311	2037	9	22	九月
72502	2098	7	6	七月
56837	2055	7	21	七月
27888	1976	5	12	五月
20871	1957	2	23	二月
64306	2076	1	19	正月
64317	2076	2	1	二月
53440	2046	4	20	四月
18203	1949	10	14	十月
63134	2072	10	29	十月
26357	1972	2	17	二月
17520	1947	12	10	腊月
49351	2035	2	6	二月
21254	1958	2	23	二月
46769	2028	1	24	正月
65304	2078	10	13	十月
2891	1907	11	28	冬月
71886	2096	10	10	十月
4097	1911	3	23	三月
7204	1919	8	30	八月
40155	2009	11	25	冬月
63790	2074	8	5	八月
59525	2062	12	22	腊月
3016	1908	4	6	四月
18223	1949	11	4	冬月
68346	2087	2	13	二月
30553	1983	8	20	八月
31660	1986	9	4	九月
28291	1977	6	2	六月
8678	1923	9	27	九月
17197	1947	2	11	二月
64232	2075	11	4	冬月
9875	1927	1	13	正月
49142	2034	7	5	七月
55809	2052	9	28	九月
64088	2075	6	8	六月
67567	2085	1	2	正月
3966	1910	11	10	冬月
48505	2032	10	17	十月
39132	2007	2	5	二月
2275	1906	4	2	四月
30010	1982	3	8	三月
14321	1939	2	29	二月
20568	1956	4	16	四月
4315	1911	10	5	十月
31426	1986	1	7	正月
18469	1950	7	13	七月
21224	1958	1	23	正月
14231	1938	11	28	冬月
57606	2057	9	22	九月
53649	2046	11	23	冬月
70252	2092	4	30	四月
61699	2068	12	11	腊月
35438	1997	1	3	正月
69617	2090	8	15	八月
30876	1984	7	18	七月
67987	2086	2	9	二月
22590	1961	10	30	十月
41485	2013	7	25	七月
29128	1979	9	12	九月
42155	2015	5	17	五月
43394	2018	10	15	十月
72665	2098	12	22	腊月
52656	2044	3	4	三月
38631	2005	10	6	十月
16922	1946	5	2	五月
27105	1974	3	26	三月
1584	1904	4	20	四月
62187	2070	3	26	三月
51006	2039	8	8	八月
36913	2001	2	1	二月
54828	2050	2	21	二月
44459	2021	9	17	九月
39610	2008	6	11	六月
40417	2010	8	21	八月
51536	2041	2	7	二月
60939	2066	10	19	十月
44194	2020	12	18	腊月
5061	1913	11	13	冬月
1588	1904	4	24	四月
9927	1927	3	6	三月
37018	2001	闰4	17	闰四月
57305	2056	11	17	冬月
72420	2098	4	12	四月
21243	1958	2	12	二月
68942	2088	9	20	九月
32089	1987	10	20	十月
1336	1903	8	9	八月
61443	2068	3	21	三月
20454	1955	12	20	腊月
26105	1971	6	2	六月
20512	1956	2	19	二月
11615	1931	10	11	十月
21958	1960	2	18	二月
26201	1971	9	9	九月
70044	2091	9	28	九月
24099	1966	1	4	正月
72554	2098	8	29	八月
56849	2055	8	4	八月
56992	2055	12	29	腊月
49199	2034	9	3	九月
43082	2017	11	28	冬月
19725	1953	12	29	腊月
18312	1950	2	5	二月
60767	2066	5	24	五月
8114	1922	3	24	三月
30337	1983	1	10	正月
13220	1936	3	21	三月
70251	2092	4	29	四月
62370	2070	10	3	十月
15485	1942	5	12	五月
7748	1921	3	12	三月
15087	1941	4	28	四月
12550	1934	5	1	五月
2461	1906	9	11	九月
21580	1959	1	24	正月
29331	1980	4	9	四月
24102	1966	1	7	正月
65825	2080	闰3	2	闰三月
42332	2015	11	16	冬月
68339	2087	2	6	二月
41514	2013	8	25	八月
42469	2016	4	5	四月
20244	1955	5	17	五月
20275	1955	6	19	六月
64178	2075	9	9	九月
33357	1991	4	18	四月
48636	2033	2	30	二月
17975	1949	3	22	三月
6126	1916	10	14	十月
73061	2100	1	4	正月
672	1901	10	24	十月
19047	1952	3	1	三月
43022	2017	9	27	九月
54821	2050	2	14	二月
11612	1931	10	8	十月
11567	1931	8	22	八月
21374	1958	6	24	六月
2437	1906	8	17	八月
71040	2094	6	21	六月
20723	1956	9	24	九月
63170	2072	12	6	腊月
27725	1975	11	27	冬月
17360	1947	6	27	六月
65115	2078	4	1	四月
41774	2014	5	19	五月
8529	1923	4	25	四月
288	1900	9	24	九月
2715	1907	5	29	五月
55774	2052	闰8	22	闰八月
63757	2074	7	2	七月
280	1900	9	16	九月
57719	2058	1	18	正月
23602	1964	8	9	八月
28117	1976	12	6	腊月
4676	1912	10	12	十月
70711	2093	7	16	七月
36974	2001	4	3	四月
68377	2087	3	15	三月
49092	2034	5	14	五月
3547	1909	9	5	九月
38750	2006	2	7	二月
55309	2051	5	29	五月
42964	2017	7	28	七月
70851	2093	12	8	腊月
41650	2014	1	13	正月
61653	2068	10	24	十月
53708	2047	1	23	正月
57227	2056	8	27	八月
41266	2012	12	13	腊月
62445	2070	12	19	腊月
48104	2031	8	29	八月
40035	2009	7	23	七月
66334	2081	8	10	八月
51637	2041	5	19	五月
61324	2067	11	20	冬月
55359	2051	7	21	七月
25990	1971	3	4	三月
27997	1976	闰8	3	闰八月
13668	1937	5	26	五月
33179	1990	10	18	十月
30102	1982	5	12	五月
625	1901	9	7	九月
32664	1989	6	5	六月
42983	2017	8	18	八月
68930	2088	9	8	九月
11489	1931	6	3	六月
57140	2056	5	29	五月
11059	1930	4	15	四月
71790	2096	7	3	七月
72785	2099	3	23	三月
33200	1990	11	9	冬月
47811	2030	12	2	腊月
9738	1926	8	24	八月
40001	2009	6	18	六月
17836	1948	11	1	冬月
38291	2004	10	21	十月
41782	2014	5	27	五月
29133	1979	9	17	九月
34176	1993	7	10	七月
35411	1996	12	5	腊月
57806	2058	4	16	四月
50513	2038	4	17	四月
24852	1968	1	18	正月
26251	1971	10	29	十月
55422	2051	9	24	九月
66121	2081	1	3	正月
69904	2091	5	6	五月
43579	2019	4	22	四月
2110	1905	10	15	十月
71957	2096	12	22	腊月
64588	2076	11	6	冬月
27535	1975	5	13	五月
43694	2019	8	20	八月
67453	2084	9	6	九月
17212	1947	2	26	二月
15531	1942	6	29	六月
10674	1929	3	14	三月
38513	2005	6	7	六月
69008	2088	11	26	冬月
50663	2038	9	19	九月
50710	2038	11	8	冬月
23505	1964	4	29	四月
15992	1943	10	17	十月
13115	1935	12	4	腊月
39074	2006	12	6	腊月
46973	2028	7	21	七月
57704	2058	1	3	正月
73375	2100	11	23	冬月
47642	2030	6	10	六月
22689	1962	2	11	二月
3308	1909	2	2	二月
46611	2027	8	13	八月
6918	1918	12	9	腊月
39225	2007	5	10	五月
41880	2014	9	7	九月
18407	1950	5	11	五月
65338	2078	11	18	冬月
10301	1928	闰2	25	闰二月
31900	1987	5	9	五月
20891	1957	3	14	三月
63954	2075	1	22	正月
59753	2063	闰7	14	闰七月
1544	1904	3	9	三月
57043	2056	2	21	二月
49506	2035	7	14	七月
17897	1949	1	3	正月
67544	2084	12	9	腊月
11119	1930	6	17	六月
3798	1910	5	20	五月
29309	1980	3	16	三月
43924	2020	4	13	四月
18899	1951	10	1	十月
39874	2009	3	8	三月
9801	1926	10	28	十月
65744	2080	1	10	正月
56931	2055	10	27	十月
15294	1941	10	28	十月
7841	1921	6	17	六月
63672	2074	5	5	五月
67963	2086	1	14	正月
68390	2087	3	28	三月
32149	1987	12	21	腊月
28816	1978	11	25	冬月
24259	1966	5	15	五月
1254	1903	闰5	15	闰五月
50533	2038	5	7	五月
26528	1972	8	11	八月
44395	2021	7	12	七月
16102	1944	2	9	二月
10817	1929	8	11	八月
57476	2057	5	11	五月
65647	2079	10	2	十月
2246	1906	3	3	三月
42745	2017	1	15	正月
39600	2008	6	1	六月
11519	1931	7	3	七月
7194	1919	8	20	八月
49189	2034	8	22	八月
19288	1952	10	6	十月
38211	2004	7	29	七月
2350	1906	5	18	五月
70073	2091	10	28	十月
15572	1942	8	11	八月
34703	1995	1	6	正月
8178	1922	5	28	五月
9513	1926	1	5	正月
5036	1913	10	18	十月
62199	2070	4	9	四月
32430	1988	10	7	十月
54357	2048	10	22	十月
9764	1926	9	20	九月
12007	1932	11	19	冬月
50002	2036	11	9	冬月
55737	2052	8	15	八月
40188	2009	12	28	腊月
19555	1953	7	7	七月
24198	1966	闰3	13	闰三月
53993	2047	10	13	十月
11352	1931	1	14	正月
56371	2054	4	27	四月
25902	1970	12	5	腊月
13001	1935	8	9	八月
14628	1940	1	12	正月
39203	2007	4	17	四月
33442	1991	7	15	七月
50429	2038	1	22	正月
24504	1967	1	25	正月
22167	1960	8	20	八月
26410	1972	4	11	四月
60961	2066	11	11	冬月
13848	1937	11	29	冬月
6331	1917	4	13	四月
60166	2064	9	14	九月
46017	2025	12	9	腊月
54732	2049	11	13	冬月
59043	2061	8	13	八月
31634	1986	8	8	八月
42937	2017	7	1	七月
3340	1909	闰2	4	闰二月
65451	2079	3	12	三月
26478	1972	6	20	六月
8053	1922	1	22	正月
16336	1944	9	7	九月
2371	1906	6	10	六月
13274	1936	4	16	四月
12549	1934	4	30	四月
63036	2072	7	19	七月
58171	2059	3	27	三月
15626	1942	10	6	十月
33121	1990	8	19	八月
62476	2071	1	20	正月
65231	2078	7	29	七月
29922	1981	12	9	腊月
69233	2089	7	15	七月
43068	2017	11	14	冬月
42267	2015	9	10	九月
70902	2094	2	1	二月
25845	1970	10	7	十月
14692	1940	3	16	三月
35219	1996	5	20	五月
3270	1908	12	23	腊月
32889	1990	1	22	正月
63224	2073	1	30	正月
19711	1953	12	15	腊月
35458	1997	1	23	正月
11957	1932	9	28	九月
38460	2005	4	13	四月
50563	2038	6	8	六月
17362	1947	6	29	六月
15417	1942	3	4	三月
61372	2068	1	9	正月
36575	2000	2	17	二月
69046	2089	1	5	正月
39185	2007	3	29	三月
49372	2035	2	27	二月
10247	1928	2	1	二月
62642	2071	7	9	七月
46785	2028	2	10	二月
59924	2064	1	8	正月
66839	2082	12	13	腊月
8146	1922	4	26	四月
71153	2094	10	15	十月
59356	2062	7	1	七月
2607	1907	2	10	二月
9398	1925	9	8	九月
54113	2048	2	15	二月
42104	2015	3	24	三月
31963	1987	闰6	12	闰六月
9718	1926	8	4	八月
38757	2006	2	14	二月
69872	2091	4	4	四月
21587	1959	2	2	二月
64354	2076	3	8	三月
14109	1938	闰7	25	闰七月
44720	2022	6	12	六月
11995	1932	11	7	冬月
29522	1980	10	22	十月
34905	1995	8	1	八月
31260	1985	7	18	七月
26647	1972	12	12	腊月
56538	2054	10	18	十月
23341	1963	11	13	冬月
14620	1940	1	4	正月
36223	1999	2	19	二月
66650	2082	7	1	七月
9553	1926	2	16	二月
72600	2098	10	16	十月
43855	2020	2	4	二月
8538	1923	5	5	五月
6809	1918	8	19	八月
9072	1924	11	7	冬月
13119	1935	12	8	腊月
60742	2066	4	29	四月
46813	2028	3	8	三月
60076	2064	6	12	六月
16279	1944	7	9	七月
56210	2053	11	15	冬月
24465	1966	12	15	腊月
35936	1998	5	28	五月
54415	2048	12	21	腊月
30946	1984	9	29	九月
70709	2093	7	14	七月
21968	1960	2	28	二月
53803	2047	4	29	四月
40474	2010	10	19	十月
60389	2065	4	30	四月
3412	1909	4	18	四月
29303	1980	3	10	三月
23206	1963	6	26	六月
61357	2067	12	23	腊月
54264	2048	7	17	七月
72239	2097	10	9	十月
62626	2071	6	22	六月
49909	2036	8	4	八月
38408	2005	2	20	二月
56639	2055	2	1	二月
68474	2087	6	24	六月
54505	2049	3	23	三月
47492	2030	1	8	正月
60919	2066	9	28	九月
38682	2005	11	28	冬月
39501	2008	2	19	二月
51180	2040	2	5	二月
68099	2086	6	3	六月
38538	2005	7	2	七月
3137	1908	8	8	八月
12992	1935	7	30	七月
20883	1957	3	6	三月
16406	1944	11	18	冬月
865	1902	5	10	五月
25068	1968	闰7	27	闰七月
15691	1942	12	12	腊月
9018	1924	9	12	九月
13261	1936	4	3	四月
69472	2090	3	17	三月
14135	1938	8	21	八月
69846	2091	3	7	三月
5073	1913	11	25	冬月
64624	2076	12	12	腊月
25871	1970	11	3	冬月
16678	1945	8	25	八月
55297	2051	5	17	五月
11820	1932	5	9	五月
46195	2026	6	11	六月
66790	2082	10	23	十月
43837	2020	1	15	正月
67656	2085	4	3	四月
26951	1973	10	21	十月
32022	1987	8	12	八月
4461	1912	3	3	三月
4912	1913	6	11	六月
50899	2039	5	19	五月
52082	2042	7	21	七月
71081	2094	8	2	八月
47192	2029	3	3	三月
3223	1908	11	5	冬月
46214	2026	6	30	六月
9469	1925	11	20	冬月
41560	2013	10	12	十月
72027	2097	3	3	三月
70442	2092	11	13	冬月
42817	2017	3	28	三月
63248	2073	2	24	二月
54155	2048	3	27	三月
23862	1965	5	2	五月
27993	1976	8	29	八月
39796	2008	12	20	腊月
35059	1995	12	8	腊月
70094	2091	11	20	冬月
48141	2031	10	7	十月
7568	1920	9	10	九月
71939	2096	12	4	腊月
40010	2009	6	27	六月
73373	2100	11	21	冬月
67372	2084	6	14	六月
18227	1949	11	8	冬月
67542	2084	12	7	腊月
66181	2081	3	4	三月
18880	1951	9	11	九月
38699	2005	12	15	腊月
48646	2033	3	10	三月
31509	1986	4	1	四月
43352	2018	9	3	九月
29699	1981	4	22	四月
27858	1976	4	12	四月
29109	1979	8	23	八月
20532	1956	3	9	三月
4879	1913	5	7	五月
68002	2086	2	24	二月
525	1901	5	25	五月
14448	1939	7	9	七月
69115	2089	3	14	三月
72474	2098	6	7	六月
30281	1982	11	14	冬月
35468	1997	2	3	二月
24819	1967	12	15	腊月
70782	2093	9	28	九月
48497	2032	10	9	十月
49980	2036	10	16	十月
55259	2051	4	9	四月
40718	2011	6	26	六月
27381	1974	12	8	腊月
64056	2075	5	6	五月
65395	2079	1	15	正月
70946	2094	3	15	三月
42897	2017	6	20	六月
47344	2029	8	8	八月
48667	2033	4	2	四月
32506	1988	12	23	腊月
66573	2082	4	12	四月
3372	1909	3	7	三月
41603	2013	11	25	冬月
55190	2051	1	28	正月
1045	1902	11	13	冬月
40576	2011	2	2	二月
44959	2023	2	15	二月
19950	1954	8	19	八月
60957	2066	11	7	冬月
8516	1923	4	12	四月
13691	1937	6	20	六月
39334	2007	9	1	九月
7213	1919	9	9	九月
47072	2028	11	2	冬月
50759	2038	12	27	腊月
67770	2085	6	28	六月
21913	1960	1	3	正月
25024	1968	7	13	七月
9699	1926	7	15	七月
58694	2060	9	19	九月
58149	2059	3	5	三月
64456	2076	6	22	六月
43391	2018	10	12	十月
59566	2063	2	4	二月
393	1901	1	10	正月
41084	2012	6	8	六月
27187	1974	5	20	五月
34902	1995	7	28	七月
60785	2066	闰5	12	闰五月
33728	1992	5	5	五月
43407	2018	10	28	十月
48770	2033	7	17	七月
35337	1996	9	20	九月
37080	2001	6	20	六月
70855	2093	12	12	腊月
41878	2014	9	5	九月
57305	2056	11	17	冬月
17152	1946	12	26	腊月
22175	1960	8	28	八月
20878	1957	3	1	三月
23453	1964	3	7	三月
65880	2080	4	28	四月
16403	1944	11	15	冬月
67078	2083	8	15	八月
8045	1922	1	14	正月
1824	1904	12	24	腊月
49719	2036	2	20	二月
68946	2088	9	24	九月
43649	2019	7	4	七月
18104	1949	闰7	3	闰七月
36515	1999	12	16	腊月
30362	1983	2	5	二月
23753	1965	1	11	正月
50692	2038	10	19	十月
67967	2086	1	18	正月
64362	2076	3	16	三月
24353	1966	8	21	八月
54952	2050	5	27	五月
22619	1961	11	29	冬月
35786	1997	12	25	腊月
21205	1958	1	4	正月
65144	2078	5	1	五月
49311	2034	12	26	腊月
20418	1955	11	14	冬月
71609	2096	1	28	正月
44136	2020	10	19	十月
25119	1968	9	19	九月
66426	2081	11	14	冬月
29013	1979	6	16	六月
61276	2067	10	1	十月
63639	2074	4	2	四月
22806	1962	6	10	六月
68413	2087	4	21	四月
39252	2007	6	8	六月
47643	2030	6	11	六月
58950	2061	5	8	五月
70669	2093	闰6	4	闰六月
63020	2072	7	3	七月
15963	1943	9	18	九月
59494	2062	11	21	冬月
15293	1941	10	27	十月
57668	2057	11	26	冬月
59287	2062	4	20	四月
13810	1937	10	21	十月
44129	2020	10	12	十月
38492	2005	5	15	五月
10763	1929	6	15	六月
71178	2094	11	10	冬月
14481	1939	8	13	八月
15616	1942	9	25	九月
18055	1949	6	13	六月
48238	2032	1	16	正月
59577	2063	2	15	二月
68720	2088	3	3	三月
30451	1983	5	6	五月
42646	2016	10	5	十月
19805	1954	3	21	三月
70036	2091	9	20	九月
33591	1991	12	16	腊月
23222	1963	7	13	七月
25497	1969	10	13	十月
43944	2020	闰4	3	闰四月
9731	1926	8	17	八月
28126	1976	12	15	腊月
51817	2041	11	21	冬月
11152	1930	闰6	20	闰六月
43099	2017	12	15	腊月
24218	1966	4	4	四月
65277	2078	9	16	九月
8072	1922	2	11	二月
35139	1996	2	29	二月
65430	2079	2	21	二月
38873	2006	6	12	六月
10864	1929	9	28	九月
49387	2035	3	13	三月
31142	1985	3	18	三月
52937	2044	11	20	冬月
58932	2061	4	20	四月
71883	2096	10	7	十月
29374	1980	5	22	五月
30633	1983	11	12	冬月
67160	2083	11	9	冬月
24215	1966	4	1	四月
71510	2095	10	18	十月
35161	1996	3	21	三月
6916	1918	12	7	腊月
14931	1940	11	20	冬月
36466	1999	10	27	十月
56917	2055	10	13	十月
68460	2087	6	10	六月
15527	1942	6	25	六月
15678	1942	11	28	冬月
60809	2066	6	7	六月
43548	2019	3	21	三月
19159	1952	闰5	25	闰五月
44166	2020	11	19	冬月
56513	2054	9	23	九月
6344	1917	4	26	四月
56227	2053	12	2	腊月
66646	2082	6	26	六月
26373	1972	3	3	三月
16784	1945	12	12	腊月
43747	2019	10	14	十月
4942	1913	7	12	七月
31581	1986	6	14	六月
21848	1959	10	26	十月
58367	2059	10	16	十月
12782	1934	12	26	腊月
40677	2011	5	14	五月
65656	2079	10	11	十月
39167	2007	3	11	三月
38306	2004	11	6	冬月
60593	2065	11	27	冬月
4028	1911	1	13	正月
29819	1981	8	25	八月
61346	2067	12	12	腊月
48469	2032	9	11	九月
17292	1947	4	18	四月
25003	1968	6	21	六月
31770	1986	12	26	腊月
30041	1982	4	9	四月
39276	2007	7	2	七月
47303	2029	6	26	六月
62582	2071	5	8	五月
60781	2066	闰5	8	闰五月
69868	2091	3	29	三月
62131	2070	1	29	正月
6250	1917	2	20	二月
16337	1944	9	8	九月
63484	2073	10	24	十月
43307	2018	7	17	七月
20962	1957	5	26	五月
9477	1925	11	28	冬月
7116	1919	7	1	七月
38791	2006	3	19	三月
64270	2075	12	13	腊月
24713	1967	8	27	八月
66020	2080	9	21	九月
4779	1913	1	26	正月
23002	1962	12	28	腊月
49397	2035	3	23	三月
8288	1922	8	21	八月
25839	1970	10	1	十月
58970	2061	5	28	五月
21837	1959	10	15	十月
1616	1904	5	22	五月
69707	2090	10	17	十月
62694	2071	闰8	2	闰八月
72441	2098	5	3	五月
56032	2053	5	14	五月
1891	1905	3	2	三月
34618	1994	10	10	十月
41909	2014	闰9	6	闰九月
40888	2011	12	19	腊月
70531	2093	2	14	二月
21158	1957	11	16	冬月
11613	1931	10	9	十月
49960	2036	9	26	九月
61887	2069	5	22	五月
10282	1928	闰2	6	闰二月
11525	1931	7	9	七月
18412	1950	5	16	五月
4975	1913	8	15	八月
40154	2009	11	24	冬月
14185	1938	10	12	十月
4008	1910	12	22	腊月
11423	1931	3	25	三月
28178	1977	2	7	二月
15081	1941	4	22	四月
21672	1959	4	27	四月
34179	1993	7	13	七月
43214	2018	4	12	四月
38217	2004	8	6	八月
52668	2044	3	16	三月
24743	1967	9	27	九月
59062	2061	9	3	九月
51653	2041	6	6	六月
28976	1979	5	8	五月
1075	1902	12	13	腊月
3582	1909	10	10	十月
25857	1970	10	19	十月
34184	1993	7	18	七月
20735	1956	10	6	十月
14890	1940	10	8	十月
15709	1942	12	30	腊月
31064	1984	12	29	腊月
33591	1991	12	16	腊月
29302	1980	3	9	三月
20937	1957	5	1	五月
58976	2061	6	5	六月
45051	2023	4	19	四月
3222	1908	11	4	冬月
53769	2047	3	25	三月
10980	1930	1	25	正月
64927	2077	9	20	九月
8174	1922	5	24	五月
62873	2072	2	3	二月
65968	2080	7	28	七月
18591	1950	11	18	冬月
15838	1943	5	11	五月
34897	1995	7	23	七月
38812	2006	4	10	四月
10535	1928	10	24	十月
40090	2009	9	19	九月
17805	1948	9	29	九月
68732	2088	3	15	三月
56931	2055	10	27	十月
5922	1916	3	17	三月
68433	2087	5	12	五月
70816	2093	11	3	冬月
27943	1976	7	8	七月
56886	2055	9	12	九月
66985	2083	5	11	五月
44952	2023	2	8	二月
7527	1920	7	28	七月
60166	2064	9	14	九月
60381	2065	4	22	四月
22580	1961	10	20	十月
43747	2019	10	14	十月
65110	2078	3	26	三月
38281	2004	10	11	十月
19460	1953	4	1	四月
64691	2077	2	20	二月
17434	1947	9	13	九月
5749	1915	9	21	九月
55164	2051	1	2	正月
27683	1975	10	15	十月
52058	2042	6	27	六月
46817	2028	3	12	三月
64836	2077	6	18	六月
36215	1999	2	11	二月
47414	2029	10	19	十月
8477	1923	3	3	三月
27044	1974	1	25	正月
28347	1977	7	28	七月
42502	2016	5	9	五月
53905	2047	7	13	七月
69220	2089	7	2	七月
30131	1982	6	11	六月
25706	1970	5	16	五月
67085	2083	8	22	八月
54088	2048	1	19	正月
31627	1986	8	1	八月
45978	2025	10	30	十月
8049	1922	1	18	正月
70048	2091	10	3	十月
23939	1965	7	21	七月
6902	1918	11	23	冬月
24853	1968	1	19	正月
4516	1912	4	28	四月
87	1900	3	29	三月
25582	1970	1	10	正月
68249	2086	11	5	冬月
68408	2087	4	16	四月
60551	2065	10	15	十月
11514	1931	6	28	六月
26897	1973	8	26	八月
24952	1968	4	30	四月
34003	1993	2	15	二月
31570	1986	6	3	六月
26897	1973	8	26	八月
51080	2039	10	23	十月
27307	1974	9	23	九月
35242	1996	6	13	六月
44125	2020	10	8	十月
20864	1957	2	16	二月
45587	2024	10	23	十月
66346	2081	8	22	八月
52393	2043	6	7	六月
62852	2072	1	12	正月
18283	1950	1	5	正月
29270	1980	2	6	二月
40329	2010	5	21	五月
66460	2081	12	18	腊月
12975	1935	7	13	七月
46134	2026	4	8	四月
44057	2020	7	28	七月
46048	2026	1	11	正月
54143	2048	3	15	三月
29490	1980	9	20	九月
18981	1951	12	24	腊月
19196	1952	7	3	七月
32231	1988	3	15	三月
9686	1926	7	2	七月
23697	1964	11	15	冬月
50440	2038	2	3	二月
68703	2088	2	16	二月
27698	1975	10	30	十月
59513	2062	12	10	腊月
39044	2006	11	6	冬月
54059	2047	12	20	腊月
47794	2030	11	15	冬月
8069	1922	2	8	二月
38852	2006	5	21	五月
29495	1980	9	25	九月
5830	1915	12	14	腊月
68837	2088	6	3	六月
29308	1980	3	15	三月
28759	1978	9	27	九月
39366	2007	10	3	十月
45869	2025	7	10	七月
54328	2048	9	22	九月
60707	2066	3	23	三月
4054	1911	2	9	二月
57401	2057	2	25	二月
64432	2076	5	27	五月
18955	1951	11	27	冬月
5126	1914	1	19	正月
29265	1980	2	1	二月
23564	1964	6	30	六月
65875	2080	4	23	四月
47670	2030	7	9	七月
44725	2022	6	17	六月
10072	1927	8	4	八月
54567	2049	5	26	五月
31766	1986	12	22	腊月
21145	1957	11	3	冬月
24628	1967	5	30	五月
11895	1932	7	25	七月
37982	2004	1	7	正月
40181	2009	12	21	腊月
2740	1907	6	25	六月
32495	1988	12	12	腊月
6190	1916	12	19	腊月
14541	1939	10	14	十月
68816	2088	5	11	五月
62207	2070	4	17	四月
31738	1986	11	23	冬月
46773	2028	1	28	正月
46536	2027	5	26	五月
33367	1991	4	28	四月
26682	1973	1	17	正月
50361	2037	11	13	冬月
49620	2035	11	10	冬月
72815	2099	4	23	四月
17610	1948	3	11	三月
42053	2015	2	3	二月
18396	1950	4	29	四月
1123	1903	2	2	二月
43926	2020	4	15	四月
48597	2033	1	20	正月
4544	1912	5	27	五月
29839	1981	9	15	九月
25470	1969	9	16	九月
64269	2075	12	12	腊月
50780	2039	1	19	正月
70483	2092	12	24	腊月
23306	1963	10	8	十月
11953	1932	9	24	九月
46024	2025	12	16	腊月
59555	2063	1	23	正月
24590	1967	4	22	四月
62469	2071	1	13	正月
60760	2066	5	17	五月
33487	1991	9	1	九月
57066	2056	3	14	三月
18125	1949	闰7	24	闰七月
260	1900	闰8	25	闰八月
69135	2089	4	5	四月
6050	1916	7	27	七月
54433	2049	1	10	正月
37720	2003	4	11	四月
44743	2022	7	5	七月
5262	1914	闰5	7	闰五月
65325	2078	11	5	冬月
43624	2019	6	8	六月
73403	2100	12	21	腊月
70778	2093	9	24	九月
66201	2081	3	24	三月
62988	2072	5	30	五月
28803	1978	11	12	冬月
12706	1934	10	9	十月
66461	2081	12	19	腊月
29796	1981	8	2	八月
45363	2024	3	5	三月
41090	2012	6	14	六月
10605	1929	1	4	正月
40908	2012	1	10	正月
18487	1950	8	2	八月
44346	2021	5	22	五月
6085	1916	9	3	九月
20600	1956	5	18	五月
40495	2010	11	10	冬月
42802	2017	3	13	三月
67405	2084	7	17	七月
4656	1912	9	22	九月
20507	1956	2	14	二月
10046	1927	7	7	七月
8121	1922	4	1	四月
16160	1944	4	8	四月
61531	2068	6	21	六月
11198	1930	8	8	八月
56893	2055	9	19	九月
24804	1967	11	29	冬月
62043	2069	10	30	十月
14274	1939	1	12	正月
70117	2091	12	13	腊月
36036	1998	8	10	八月
36063	1998	9	8	九月
22510	1961	8	9	八月
54513	2049	4	1	四月
49560	2035	9	10	九月
68851	2088	6	17	六月
8250	1922	7	12	七月
66517	2082	2	16	二月
26872	1973	8	1	八月
64391	2076	4	16	四月
71958	2096	12	23	腊月
68833	2088	5	28	五月
11992	1932	11	4	冬月
69383	2089	12	17	腊月
72066	2097	4	12	四月
66817	2082	11	21	冬月
70544	2093	2	27	二月
37263	2001	12	27	腊月
11302	1930	11	23	冬月
72533	2098	8	8	八月
6932	1918	12	23	腊月
6675	1918	4	3	四月
64662	2077	1	21	正月
70021	2091	9	5	九月
44704	2022	5	26	五月
34211	1993	8	16	八月
25314	1969	4	8	四月
58157	2059	3	13	三月
6036	1916	7	13	七月
23071	1963	3	9	三月
6498	1917	10	2	十月
32813	1989	11	6	冬月
15476	1942	5	3	五月
36007	1998	7	11	七月
32106	1987	11	7	冬月
6409	1917	7	2	七月
67120	2083	9	28	九月
67887	2085	10	27	十月
73250	2100	7	15	七月
48149	2031	10	15	十月
26776	1973	4	22	四月
25959	1971	2	3	二月
62850	2072	1	10	正月
24273	1966	5	29	五月
39992	2009	6	9	六月
35447	1997	1	12	正月
786	1902	2	19	二月
24145	1966	2	20	二月
20376	1955	10	2	十月
10263	1928	2	17	二月
72182	2097	8	11	八月
25089	1968	8	19	八月
37276	2002	1	10	正月
49467	2035	6	5	六月
72706	2099	2	3	二月
11393	1931	2	25	二月
38828	2006	4	26	四月
58371	2059	10	20	十月
67290	2084	3	21	三月
29509	1980	10	9	十月
29380	1980	5	28	五月
20987	1957	6	21	六月
66798	2082	11	2	冬月
44685	2022	5	7	五月
45248	2023	11	8	冬月
33359	1991	4	20	四月
41802	2014	6	18	六月
73001	2099	11	3	冬月
1860	1905	2	1	二月
13359	1936	7	13	七月
58302	2059	8	10	八月
33521	1991	10	6	十月
20668	1956	7	28	七月
11839	1932	5	28	五月
70950	2094	3	19	三月
64705	2077	3	5	三月
37404	2002	5	19	五月
32899	1990	2	3	二月
206	1900	8	1	八月
53261	2045	10	19	十月
59420	2062	9	6	九月
23283	1963	9	15	九月
7174	1919	闰7	30	闰七月
18709	1951	3	18	三月
5856	1916	1	10	正月
32243	1988	3	27	三月
64462	2076	6	28	六月
29645	1981	2	27	二月
65504	2079	5	6	五月
40183	2009	12	23	腊月
57010	2056	1	18	正月
49281	2034	11	25	冬月
50984	2039	7	15	七月
10659	1929	2	29	二月
50354	2037	11	6	冬月
35373	1996	10	26	十月
37812	2003	7	14	七月
11159	1930	闰6	27	闰六月
2298	1906	4	25	四月
32625	1989	4	25	四月
45748	2025	4	6	四月
15775	1943	3	7	三月
57086	2056	4	4	四月
62285	2070	7	7	七月
36804	2000	10	11	十月
19247	1952	8	24	八月
54434	2049	1	11	正月
53305	2045	12	4	腊月
38088	2004	3	25	三月
41431	2013	6	1	六月
8578	1923	6	15	六月
19137	1952	闰5	3	闰五月
7684	1921	1	7	正月
25023	1968	7	12	七月
43418	2018	11	10	冬月
73193	2100	5	17	五月
55204	2051	2	12	二月
38363	2005	1	4	正月
16122	1944	2	29	二月
46025	2025	12	17	腊月
1508	1904	2	3	二月
32083	1987	10	14	十月
23238	1963	7	29	七月
16261	1944	6	21	六月
5064	1913	11	16	冬月
34191	1993	7	25	七月
19606	1953	8	29	八月
68297	2086	12	23	腊月
46668	2027	10	12	十月
62887	2072	2	17	二月
16054	1943	12	20	腊月
37309	2002	2	13	二月
35820	1998	1	30	正月
15055	1941	3	25	三月
41070	2012	5	24	五月
46521	2027	5	11	五月
60068	2064	6	4	六月
39547	2008	4	7	四月
10474	1928	8	22	八月
35473	1997	2	8	二月
57500	2057	6	5	六月
52795	2044	7	25	七月
28118	1976	12	7	腊月
69113	2089	3	12	三月
42924	2017	闰6	18	闰六月
60511	2065	9	4	九月
49458	2035	5	25	五月
64621	2076	12	9	腊月
51624	2041	5	6	五月
43427	2018	11	19	冬月
1902	1905	3	13	三月
72681	2099	1	8	正月
49068	2034	4	19	四月
71835	2096	8	19	八月
40790	2011	9	10	九月
11461	1931	5	4	五月
20612	1956	6	1	六月
68807	2088	5	2	五月
20490	1956	1	26	正月
34661	1994	11	23	冬月
51412	2040	9	30	九月
7763	1921	3	27	三月
43642	2019	6	26	六月
18421	1950	5	25	五月
52060	2042	6	29	六月
67123	2083	10	1	十月
6334	1917	4	16	四月
67913	2085	11	23	冬月
33736	1992	5	13	五月
52959	2044	12	12	腊月
53942	2047	8	20	八月
18597	1950	11	24	冬月
12224	1933	闰5	29	闰五月
67275	2084	3	6	三月
46302	2026	9	30	九月
31489	1986	3	11	三月
54048	2047	12	9	腊月
61451	2068	3	29	三月
42070	2015	2	20	二月
17237	1947	闰2	21	闰二月
23900	1965	6	11	六月
1035	1902	11	3	冬月
48982	2034	1	21	正月
1245	1903	闰5	6	闰五月
5272	1914	闰5	17	闰五月
49819	2036	6	2	六月
6770	1918	7	9	七月
11525	1931	7	9	七月
61392	2068	1	29	正月
26851	1973	7	9	七月
17846	1948	11	11	冬月
34625	1994	10	17	十月
25856	1970	10	18	十月
69095	2089	2	24	二月
52334	2043	4	7	四月
57257	2056	9	28	九月
36228	1999	2	24	二月
59079	2061	9	20	九月
43454	2018	12	16	腊月
5397	1914	9	24	九月
11592	1931	9	18	九月
35615	1997	7	3	七月
46822	2028	3	17	三月
50757	2038	12	25	腊月
20676	1956	8	6	八月
22039	1960	5	11	五月
35866	1998	3	17	三月
15169	1941	闰6	21	闰六月
67476	2084	9	29	九月
57639	2057	10	26	十月
48258	2032	2	6	二月
28273	1977	5	13	五月
14708	1940	4	3	四月
59495	2062	11	22	冬月
58802	2061	1	8	正月
27429	1975	1	26	正月
69600	2090	7	27	七月
63743	2074	闰6	17	闰六月
9394	1925	9	4	九月
23205	1963	6	25	六月
67472	2084	9	25	九月
52963	2044	12	16	腊月
35186	1996	4	17	四月
4953	1913	7	23	七月
16732	1945	10	19	十月
50871	2039	4	21	四月
14338	1939	3	16	三月
10925	1929	11	30	冬月
19152	1952	闰5	18	闰五月
65675	2079	11	1	冬月
50910	2039	5	30	五月
47281	2029	6	4	六月
5812	1915	11	25	冬月
25915	1970	12	18	腊月
40446	2010	9	20	九月
72137	2097	6	25	六月
30752	1984	3	12	三月
11375	1931	2	7	二月
33510	1991	9	24	九月
39073	2006	12	5	腊月
33960	1993	1	1	正月
37195	2001	10	18	十月
24786	1967	11	11	冬月
53005	2045	1	28	正月
7204	1919	8	30	八月
44411	2021	7	28	七月
32590	1989	3	19	三月
7957	1921	10	15	十月
29336	1980	4	14	四月
55111	2050	11	8	冬月
27286	1974	9	2	九月
25825	1970	9	17	九月
32164	1988	1	7	正月
11959	1932	10	1	十月
9634	1926	5	9	五月
7369	1920	2	17	二月
64988	2077	11	22	冬月
12579	1934	5	30	五月
55386	2051	8	18	八月
35049	1995	11	27	冬月
47316	2029	7	9	七月
68015	2086	3	7	三月
21678	1959	5	4	五月
42885	2017	6	8	六月
60376	2065	4	17	四月
56407	2054	6	5	六月
57022	2056	1	30	正月
58321	2059	8	29	八月
41828	2014	7	14	七月
68219	2086	10	5	十月
62958	2072	4	29	四月
28609	1978	4	25	四月
50584	2038	6	29	六月
18211	1949	10	22	十月
6766	1918	7	5	七月
40993	2012	4	6	四月
1964	1905	5	16	五月
49507	2035	7	15	七月
67834	2085	9	3	九月
35513	1997	3	19	三月
2508	1906	10	29	十月
36515	1999	12	16	腊月
11710	1932	1	18	正月
32345	1988	7	11	七月
260	1900	闰8	25	闰八月
65543	2079	6	16	六月
12162	1933	4	26	四月
15377	1942	1	23	正月
60728	2066	4	15	四月
38387	2005	1	28	正月
12498	1934	3	8	三月
66357	2081	9	3	九月
36036	1998	8	10	八月
16383	1944	10	24	十月
48522	2032	11	4	冬月
70433	2092	11	4	冬月
34360	1994	1	18	正月
3435	1909	5	11	五月
14458	1939	7	19	七月
20293	1955	7	7	七月
33112	1990	8	10	八月
15567	1942	8	6	八月
61546	2068	7	6	七月
42965	2017	7	29	七月
58296	2059	8	4	八月
41695	2014	2	29	二月
36010	1998	7	14	七月
25369	1969	6	4	六月
13456	1936	10	21	十月
69567	2090	6	23	六月
64634	2076	12	22	腊月
71681	2096	4	11	四月
67300	2084	4	1	四月
5875	1916	1	29	正月
28102	1976	11	20	冬月
19477	1953	4	18	四月
66268	2081	6	2	六月
25711	1970	5	21	五月
29118	1979	9	2	九月
61085	2067	3	17	三月
38624	2005	9	29	九月
20435	1955	12	1	腊月
23042	1963	2	9	二月
42917	2017	闰6	11	闰六月
63108	2072	10	3	十月
61063	2067	2	25	二月
25054	1968	闰7	13	闰七月
19513	1953	5	25	五月
37116	2001	7	27	七月
29375	1980	5	23	五月
16482	1945	2	5	二月
15021	1941	2	21	二月
33528	1991	10	13	十月
50243	2037	7	13	七月
25282	1969	3	5	三月
46053	2026	1	16	正月
2844	1907	10	10	十月
35331	1996	9	14	九月
14206	1938	11	3	冬月
30021	1982	3	19	三月
68276	2086	12	2	腊月
72083	2097	4	29	四月
24642	1967	6	14	六月
30941	1984	9	24	九月
36524	1999	12	25	腊月
32199	1988	2	12	二月
41126	2012	7	21	七月
2861	1907	10	27	十月
10880	1929	10	15	十月
1347	1903	8	20	八月
33874	1992	10	4	十月
7913	1921	9	1	九月
29328	1980	4	6	四月
31187	1985	5	4	五月
9086	1924	11	21	冬月
47433	2029	11	9	冬月
73396	2100	12	14	腊月
24343	1966	8	11	八月
18086	1949	7	14	七月
6853	1918	10	3	十月
70032	2091	9	16	九月
68751	2088	4	5	四月
66050	2080	10	22	十月
56169	2053	10	4	十月
51832	2041	12	7	腊月
15835	1943	5	8	五月
12374	1933	11	2	冬月
62153	2070	2	22	二月
37372	2002	4	17	四月
28423	1977	10	16	十月
69978	2091	7	21	七月
17349	1947	6	16	六月
63616	2074	3	9	三月
72431	2098	4	23	四月
44006	2020	6	6	六月
65497	2079	4	29	四月
55500	2051	12	13	腊月
26527	1972	8	10	八月
54442	2049	1	19	正月
38829	2006	4	27	四月
31564	1986	5	27	五月
45275	2023	12	6	腊月
60238	2064	11	27	冬月
73297	2100	9	3	九月
61236	2067	8	20	八月
19199	1952	7	6	七月
46222	2026	7	8	七月
20653	1956	7	13	七月
23892	1965	6	3	六月
159	1900	6	13	六月
43866	2020	2	15	二月
33957	1992	12	28	腊月
17712	1948	6	24	六月
46707	2027	11	21	冬月
60054	2064	5	19	五月
53033	2045	2	26	二月
73084	2100	1	27	正月
58111	2059	1	26	正月
71582	2096	1	1	正月
22033	1960	5	5	五月
24412	1966	10	22	十月
5071	1913	11	23	冬月
39710	2008	9	23	九月
15685	1942	12	6	腊月
60912	2066	9	21	九月
58695	2060	9	20	九月
21486	1958	10	19	十月
47865	2031	1	27	正月
7704	1921	1	27	正月
40871	2011	12	2	腊月
39058	2006	11	20	冬月
70525	2093	2	8	二月
15500	1942	5	27	五月
70263	2092	5	11	五月
55630	2052	4	25	四月
14101	1938	闰7	17	闰七月
13664	1937	5	22	五月
38175	2004	6	23	六月
64626	2076	12	14	腊月
49725	2036	2	26	二月
37596	2002	12	5	腊月
56919	2055	10	15	十月
71606	2096	1	25	正月
37585	2002	11	24	冬月
15036	1941	3	6	三月
29359	1980	5	7	五月
11322	1930	12	13	腊月
21957	1960	2	17	二月
63940	2075	1	8	正月
41251	2012	11	28	冬月
13162	1936	1	22	正月
60125	2064	8	2	八月
42712	2016	12	12	腊月
49231	2034	10	5	十月
63662	2074	4	25	四月
58229	2059	5	26	五月
58552	2060	4	24	四月
66843	2082	12	17	腊月
30806	1984	5	6	五月
25457	1969	9	3	九月
26888	1973	8	17	八月
40923	2012	1	25	正月
13798	1937	10	9	十月
8373	1922	11	18	冬月
41116	2012	7	11	七月
69259	2089	8	12	八月
29670	1981	3	22	三月
11089	1930	5	16	五月
50264	2037	8	4	八月
24967	1968	5	15	五月
6466	1917	8	30	八月
4665	1912	10	1	十月
29400	1980	6	19	六月
15503	1942	6	1	六月
19954	1954	8	23	八月
55981	2053	3	21	三月
15508	1942	6	6	六月
31	1900	2	3	二月
50382	2037	12	5	腊月
21741	1959	7	8	七月
37244	2001	12	8	腊月
58203	2059	4	29	四月
4982	1913	8	22	八月
641	1901	9	23	九月
18412	1950	5	16	五月
56359	2054	4	15	四月
65030	2078	1	5	正月
34461	1994	4	29	四月
72344	2098	1	25	正月
30375	1983	2	18	二月
19950	1954	8	19	八月
59645	2063	4	24	四月
65428	2079	2	19	二月
65227	2078	7	25	七月
36482	1999	11	13	冬月
18433	1950	6	7	六月
25140	1968	10	11	十月
54327	2048	9	21	九月
50650	2038	9	6	九月
9981	1927	5	1	五月
44076	2020	8	18	八月
12755	1934	11	28	冬月
37318	2002	2	22	二月
43421	2018	11	13	冬月
5028	1913	10	10	十月
34795	1995	4	9	四月
50642	2038	8	28	八月
69701	2090	10	11	十月
2672	1907	4	16	四月
7843	1921	6	19	六月
51346	2040	7	23	七月
71409	2095	7	6	七月
64376	2076	4	1	四月
67151	2083	10	29	十月
56874	2055	8	29	八月
18281	1950	1	3	正月
23984	1965	9	7	九月
21767	1959	8	4	八月
45358	2024	2	30	二月
50145	2037	4	3	四月
58576	2060	5	18	五月
7615	1920	10	27	十月
34926	1995	8	22	八月
12581	1934	6	2	六月
30564	1983	9	2	九月
62479	2071	1	23	正月
60630	2066	1	5	正月
12045	1932	12	28	腊月
2136	1905	11	11	冬月
40771	2011	8	20	八月
28826	1978	12	5	腊月
9809	1926	11	6	冬月
9180	1925	2	27	二月
69983	2091	7	26	七月
34046	1993	3	28	三月
42217	2015	7	20	七月
55744	2052	8	22	八月
31443	1986	1	24	正月
54602	2049	7	1	七月
3377	1909	3	12	三月
67052	2083	7	19	七月
17359	1947	6	26	六月
11318	1930	12	9	腊月
12205	1933	闰5	10	闰五月
40904	2012	1	6	正月
34811	1995	4	25	四月
17106	1946	11	9	冬月
47409	2029	10	14	十月
49176	2034	8	9	八月
45915	2025	8	26	八月
16418	1944	11	30	冬月
69089	2089	2	18	二月
60840	2066	7	8	七月
29595	1981	1	6	正月
72942	2099	9	3	九月
59317	2062	5	21	五月
13456	1936	10	21	十月
55991	2053	4	2	四月
8874	1924	4	16	四月
12889	1935	4	15	四月
65204	2078	7	2	七月
55955	2053	2	25	二月
8302	1922	9	6	九月
66445	2081	12	3	腊月
27284	1974	8	29	八月
71303	2095	3	17	三月
25274	1969	2	27	二月
16621	1945	6	27	六月
69996	2091	8	10	八月
38099	2004	4	6	四月
26082	1971	闰5	8	闰五月
26421	1972	4	22	四月
40856	2011	11	17	冬月
65995	2080	8	25	八月
39810	2009	1	4	正月
12657	1934	8	19	八月
67756	2085	6	14	六月
13371	1936	7	25	七月
14618	1940	1	2	正月
9345	1925	7	15	七月
15124	1941	6	5	六月
33707	1992	4	13	四月
64802	2077	5	14	五月
54677	2049	9	17	九月
68500	2087	7	20	七月
23115	1963	4	23	四月
7230	1919	9	26	九月
27097	1974	3	18	三月
60128	2064	8	5	八月
50875	2039	4	25	四月
68370	2087	3	8	三月
6633	1918	2	19	二月
61748	2069	2	1	二月
64127	2075	7	17	七月
21970	1960	3	1	三月
70601	2093	4	24	四月
34544	1994	7	24	七月
64635	2076	12	23	腊月
49854	2036	闰6	8	闰六月
58717	2060	10	12	十月
21772	1959	8	9	八月
65415	2079	2	6	二月
52062	2042	7	1	七月
28557	1978	3	3	三月
6568	1917	12	13	腊月
26143	1971	7	10	七月
65094	2078	3	10	三月
61749	2069	2	2	二月
70048	2091	10	3	十月
61787	2069	3	10	三月
18550	1950	10	6	十月
25545	1969	12	2	腊月
52124	2042	9	4	九月
68607	2087	11	9	冬月
61802	2069	3	25	三月
46809	2028	3	4	三月
7872	1921	7	18	七月
39799	2008	12	23	腊月
29282	1980	2	18	二月
57829	2058	闰4	10	闰四月
35228	1996	5	29	五月
53447	2046	4	27	四月
24798	1967	11	23	冬月
21401	1958	7	22	七月
35712	1997	10	11	十月
41595	2013	11	17	冬月
12806	1935	1	20	正月
48533	2032	11	15	冬月
32980	1990	4	25	四月
56223	2053	11	28	冬月
72870	2099	6	19	六月
45221	2023	10	11	十月
51068	2039	10	11	十月
21575	1959	1	19	正月
23898	1965	6	9	六月
69113	2089	3	12	三月
8592	1923	6	29	六月
66811	2082	11	15	冬月
65022	2077	12	26	腊月
37041	2001	5	11	五月
29668	1981	3	20	三月
36131	1998	11	16	冬月
60242	2064	12	1	腊月
54069	2047	12	30	腊月
73272	2100	8	8	八月
40287	2010	4	8	四月
37526	2002	9	24	九月
11549	1931	8	4	八月
41164	2012	8	29	八月
30567	1983	9	5	九月
63318	2073	5	5	五月
17261	1947	3	16	三月
55444	2051	10	17	十月
57115	2056	5	4	五月
3538	1909	8	26	八月
43777	2019	11	15	冬月
14400	1939	5	20	五月
46611	2027	8	13	八月
62926	2072	3	27	三月
72753	2099	闰2	20	闰二月
22356	1961	3	3	三月
5343	1914	7	29	七月
69634	2090	闰8	2	闰八月
69133	2089	4	3	四月
12832	1935	2	17	二月
7707	1921	1	30	正月
4382	1911	12	13	腊月
8197	1922	闰5	18	闰五月
51488	2040	12	17	腊月
46923	2028	闰5	29	闰五月
52914	2044	10	27	十月
1845	1905	1	16	正月
53396	2046	3	6	三月
14187	1938	10	14	十月
14762	1940	5	27	五月
34641	1994	11	3	冬月
55764	2052	闰8	12	闰八月
16979	1946	7	1	七月
19962	1954	9	1	九月
63125	2072	10	20	十月
56120	2053	8	14	八月
67635	2085	3	11	三月
54642	2049	8	12	八月
12393	1933	11	21	冬月
45504	2024	7	29	七月
47671	2030	7	10	七月
23906	1965	6	17	六月
31153	1985	3	29	三月
1420	1903	11	4	冬月
899	1902	6	15	六月
19470	1953	4	11	四月
62961	2072	5	3	五月
180	1900	7	5	七月
48067	2031	7	22	七月
18630	1950	12	27	腊月
9849	1926	12	16	腊月
4960	1913	7	30	七月
29527	1980	10	27	十月
5742	1915	9	14	九月
15289	1941	10	23	十月
24796	1967	11	21	冬月
39787	2008	12	11	腊月
16494	1945	2	17	二月
58401	2059	11	20	冬月
4080	1911	3	6	三月
17679	1948	5	21	五月
30794	1984	4	24	四月
39001	2006	9	22	九月
53244	2045	10	2	十月
18183	1949	9	23	九月
49090	2034	5	12	五月
23457	1964	3	11	三月
20732	1956	10	3	十月
47339	2029	8	3	八月
48346	2032	5	6	五月
22653	1962	1	4	正月
45936	2025	9	18	九月
5055	1913	11	7	冬月
918	1902	7	4	七月
44441	2021	8	28	八月
48332	2032	4	22	四月
58479	2060	2	9	二月
8486	1923	3	12	三月
56761	2055	6	4	六月
33352	1991	4	13	四月
56791	2055	闰6	5	闰六月
53630	2046	11	4	冬月
34697	1994	12	30	腊月
58772	2060	12	7	腊月
60167	2064	9	15	九月
68346	2087	2	13	二月
60649	2066	1	24	正月
212	1900	8	7	八月
41211	2012	10	17	十月
57658	2057	11	16	冬月
52465	2043	8	21	八月
16284	1944	7	14	七月
1687	1904	8	5	八月
29102	1979	8	16	八月
48905	2033	闰11	3	闰冬月
34868	1995	6	23	六月
23487	1964	4	11	四月
21238	1958	2	7	二月
7689	1921	1	12	正月
880	1902	5	25	五月
60723	2066	4	10	四月
37194	2001	10	17	十月
44957	2023	2	13	二月
46840	2028	4	5	四月
43123	2018	1	9	正月
38938	2006	闰7	18	闰七月
41949	2014	10	17	十月
43232	2018	4	30	四月
14843	1940	8	20	八月
73162	2100	4	16	四月
12357	1933	10	14	十月
37928	2003	11	12	冬月
239	1900	闰8	4	闰八月
17930	1949	2	6	二月
23989	1965	9	12	九月
8064	1922	2	3	二月
52523	2043	10	19	十月
31646	1986	8	20	八月
62141	2070	2	10	二月
6060	1916	8	7	八月
32331	1988	6	26	六月
25414	1969	7	19	七月
13781	1937	9	22	九月
57580	2057	8	26	八月
6763	1918	7	2	七月
62534	2071	3	19	三月
22481	1961	7	10	七月
46240	2026	7	26	七月
35395	1996	11	18	冬月
57906	2058	6	28	六月
62421	2070	11	24	冬月
69280	2089	9	3	九月
26479	1972	6	21	六月
40326	2010	5	18	五月
25589	1970	1	17	正月
7292	1919	11	29	冬月
53171	2045	7	17	七月
62854	2072	1	14	正月
19149	1952	闰5	15	闰五月
68992	2088	11	10	冬月
42839	2017	4	21	四月
21710	1959	6	6	六月
9385	1925	8	25	八月
1120	1903	1	28	正月
30987	1984	闰10	11	闰十月
53410	2046	3	20	三月
4437	1912	2	8	二月
60528	2065	9	21	九月
2083	1905	9	17	九月
56882	2055	9	8	九月
30293	1982	11	26	冬月
34348	1994	1	6	正月
65371	2078	12	21	腊月
31530	1986	4	22	四月
11021	1930	3	7	三月
71844	2096	8	28	八月
8579	1923	6	16	六月
29430	1980	7	19	七月
56929	2055	10	25	十月
53768	2047	3	24	三月
16499	1945	2	22	二月
65294	2078	10	3	十月
11829	1932	5	18	五月
24184	1966	3	29	三月
59771	2063	8	3	八月
28082	1976	10	30	十月
1733	1904	9	22	九月
59704	2063	6	24	六月
62175	2070	3	14	三月
41842	2014	7	28	七月
5149	1914	2	12	二月
41492	2013	8	3	八月
31963	1987	闰6	12	闰六月
18190	1949	10	1	十月
41025	2012	闰4	8	闰四月
49416	2035	4	12	四月
30879	1984	7	21	七月
18530	1950	9	16	九月
4093	1911	3	19	三月
6096	1916	9	14	九月
25631	1970	2	29	二月
30966	1984	10	20	十月
63005	2072	6	17	六月
31948	1987	6	27	六月
34587	1994	9	8	九月
13590	1937	3	7	三月
3197	1908	10	9	十月
56196	2053	11	1	冬月
70043	2091	9	27	九月
28334	1977	7	15	七月
3821	1910	6	13	六月
19840	1954	4	26	四月
27483	1975	3	20	三月
33242	1990	12	21	腊月
48489	2032	10	1	十月
44796	2022	8	29	八月
22943	1962	10	29	十月
67062	2083	7	29	七月
29825	1981	9	1	九月
6524	1917	10	28	十月
16083	1944	1	20	正月
62778	2071	10	27	十月
73277	2100	8	13	八月
1504	1904	1	29	正月
30595	1983	10	3	十月
66862	2083	1	6	正月
6945	1919	1	6	正月
18692	1951	3	1	三月
58555	2060	4	27	四月
68570	2087	10	2	十月
50585	2038	6	30	六月
10360	1928	4	26	四月
69363	2089	11	27	冬月
17538	1947	12	28	腊月
66013	2080	9	14	九月
59768	2063	闰7	29	闰七月
46855	2028	4	20	四月
19822	1954	4	8	四月
59897	2063	12	11	腊月
59236	2062	2	28	二月
38831	2006	4	29	四月
1518	1904	2	13	二月
68745	2088	3	28	三月
49648	2035	12	9	腊月
17471	1947	10	20	十月
26410	1972	4	11	四月
72669	2098	12	26	腊月
30564	1983	9	2	九月
49987	2036	10	23	十月
28242	1977	4	12	四月
38729	2006	1	16	正月
50828	2039	3	7	三月
71699	2096	4	29	四月
31298	1985	8	26	八月
35085	1996	1	4	正月
43044	2017	10	20	十月
23999	1965	9	22	九月
12186	1933	5	21	五月
14005	1938	5	9	五月
32688	1989	6	29	六月
54039	2047	11	29	冬月
66570	2082	4	9	四月
27821	1976	3	4	三月
37860	2003	9	3	九月
50419	2038	1	12	正月
24382	1966	9	21	九月
32425	1988	10	2	十月
56640	2055	2	2	二月
54611	2049	7	10	七月
72858	2099	6	7	六月
71165	2094	10	27	十月
34220	1993	8	25	八月
70091	2091	11	17	冬月
30394	1983	3	8	三月
71893	2096	10	17	十月
25892	1970	11	24	冬月
28387	1977	9	9	九月
42746	2017	1	16	正月
62917	2072	3	18	三月
46944	2028	6	21	六月
29131	1979	9	15	九月
25682	1970	4	22	四月
55265	2051	4	15	四月
58672	2060	8	26	八月
16443	1944	12	25	腊月
44150	2020	11	3	冬月
36465	1999	10	26	十月
12668	1934	9	1	九月
4207	1911	闰6	15	闰六月
52706	2044	4	24	四月
377	1900	12	24	腊月
60772	2066	5	29	五月
60739	2066	4	26	四月
36150	1998	12	6	腊月
41285	2013	1	3	正月
67028	2083	6	24	六月
7235	1919	10	2	十月
15774	1943	3	6	三月
49777	2036	4	19	四月
2020	1905	7	13	七月
4439	1912	2	10	二月
14090	1938	闰7	6	闰七月
34093	1993	4	16	四月
57532	2057	7	8	七月
35619	1997	7	7	七月
27754	1975	12	27	腊月
38885	2006	6	24	六月
49252	2034	10	26	十月
65771	2080	2	7	二月
15250	1941	9	14	九月
67241	2084	2	1	二月
19404	1953	2	4	二月
38019	2004	2	15	二月
51230	2040	3	26	三月
43273	2018	6	12	六月
4856	1913	4	14	四月
63535	2073	12	16	腊月
20370	1955	9	25	九月
40237	2010	2	17	二月
37468	2002	7	24	七月
52251	2043	1	12	正月
8694	1923	10	14	十月
38013	2004	2	9	二月
172	1900	6	26	六月
5211	1914	4	15	四月
2338	1906	5	6	五月
47449	2029	11	25	冬月
15012	1941	2	12	二月
24367	1966	9	6	九月
50486	2038	3	19	三月
4621	1912	8	16	八月
50464	2038	2	27	二月
52015	2042	5	13	五月
21082	1957	闰8	28	闰八月
59877	2063	11	20	冬月
40328	2010	5	20	五月
35979	1998	6	13	六月
47294	2029	6	17	六月
46889	2028	5	25	五月
67800	2085	7	29	七月
11255	1930	10	6	十月
25154	1968	10	25	十月
63341	2073	5	28	五月
44712	2022	6	4	六月
57119	2056	5	8	五月
49698	2036	1	29	正月
68077	2086	5	11	五月
46336	2026	11	4	冬月
53283	2045	11	12	冬月
64814	2077	5	26	五月
49913	2036	8	8	八月
66960	2083	4	15	四月
33931	1992	12	2	腊月
52742	2044	6	2	六月
30177	1982	7	28	七月
35980	1998	6	14	六月
57163	2056	6	22	六月
68510	2087	8	1	八月
7653	1920	12	6	腊月
38380	2005	1	21	正月
15783	1943	3	15	三月
66842	2082	12	16	腊月
22997	1962	12	23	腊月
26564	1972	9	18	九月
49987	2036	10	23	十月
20274	1955	6	18	六月
3229	1908	11	11	冬月
15128	1941	6	9	六月
38735	2006	1	22	正月
52794	2044	7	24	七月
13205	1936	3	6	三月
27352	1974	11	8	冬月
207	1900	8	2	八月
15330	1941	12	5	腊月
30257	1982	10	20	十月
6236	1917	2	6	二月
43135	2018	1	21	正月
60394	2065	5	5	五月
60373	2065	4	14	四月
72932	2099	8	22	八月
38615	2005	9	20	九月
36506	1999	12	7	腊月
27465	1975	3	2	三月
34020	1993	3	2	三月
47343	2029	8	7	八月
54346	2048	10	11	十月
15677	1942	11	27	冬月
59148	2061	11	29	冬月
56271	2054	1	16	正月
51094	2039	11	7	冬月
29637	1981	2	19	二月
13944	1938	3	6	三月
11455	1931	4	28	四月
22486	1961	7	15	七月
33489	1991	9	3	九月
3424	1909	4	30	四月
68915	2088	8	22	八月
55806	2052	9	25	九月
51437	2040	10	25	十月
69460	2090	3	5	三月
18219	1949	10	30	十月
350	1900	11	26	冬月
57033	2056	2	11	二月
18292	1950	1	14	正月
44087	2020	8	29	八月
8762	1923	12	23	腊月
23545	1964	6	11	六月
26764	1973	4	10	四月
68775	2088	4	29	四月
414	1901	2	2	二月
50577	2038	6	22	六月
16852	1946	2	20	二月
64843	2077	6	25	六月
55466	2051	11	9	冬月
50733	2038	12	1	腊月
68064	2086	4	27	四月
59347	2062	6	21	六月
13322	1936	6	6	六月
11457	1931	4	30	四月
26492	1972	7	5	七月
8423	1923	1	8	正月
66866	2083	1	10	正月
4009	1910	12	23	腊月
49116	2034	6	8	六月
21119	1957	10	6	十月
50026	2036	12	3	腊月
50289	2037	8	29	八月
19596	1953	8	19	八月
17863	1948	11	28	冬月
67518	2084	11	12	冬月
60129	2064	8	6	八月
45156	2023	8	5	八月
32471	1988	11	18	冬月
49790	2036	5	2	五月
57237	2056	9	8	九月
50044	2036	12	21	腊月
42795	2017	3	6	三月
29842	1981	9	18	九月
21397	1958	7	18	七月
24504	1967	1	25	正月
34395	1994	2	23	二月
33466	1991	8	10	八月
11417	1931	3	19	三月
57052	2056	2	30	二月
22839	1962	7	14	七月
60474	2065	7	26	七月
16249	1944	6	9	六月
59868	2063	11	11	冬月
38279	2004	10	9	十月
66862	2083	1	6	正月
17889	1948	12	25	腊月
41160	2012	8	25	八月
31711	1986	10	26	十月
15538	1942	7	6	七月
37661	2003	2	11	二月
52020	2042	5	18	五月
20163	1955	3	24	三月
13034	1935	9	12	九月
42249	2015	8	22	八月
70260	2092	5	8	五月
23807	1965	3	6	三月
32482	1988	11	29	冬月
70685	2093	闰6	20	闰六月
61056	2067	2	18	二月
6531	1917	11	6	冬月
52554	2043	11	21	冬月
26461	1972	6	3	六月
59892	2063	12	6	腊月
65971	2080	8	1	八月
39778	2008	12	2	腊月
6873	1918	10	23	十月
1440	1903	11	24	冬月
36823	2000	10	30	十月
50694	2038	10	21	十月
8285	1922	8	18	八月
40760	2011	8	9	八月
12567	1934	5	18	五月
36362	1999	7	12	七月
1005	1902	10	3	十月
19808	1954	3	24	三月
41475	2013	7	15	七月
43770	2019	11	8	冬月
18773	1951	5	22	五月
53692	2047	1	7	正月
41615	2013	12	8	腊月
29050	1979	闰6	23	闰六月
23881	1965	5	21	五月
14556	1939	10	29	十月
40679	2011	5	16	五月
16402	1944	11	14	冬月
63829	2074	9	15	九月
37340	2002	3	14	三月
55755	2052	闰8	3	闰八月
50762	2039	1	1	正月
18353	1950	3	16	三月
63716	2074	6	20	六月
19031	1952	2	15	二月
986	1902	9	13	九月
32425	1988	10	2	十月
52748	2044	6	8	六月
68167	2086	8	12	八月
2950	1908	1	28	正月
37785	2003	6	16	六月
52152	2042	10	2	十月
72183	2097	8	12	八月
43030	2017	10	6	十月
54177	2048	4	19	四月
67244	2084	2	4	二月
56491	2054	9	1	九月
10486	1928	9	5	九月
47509	2030	1	25	正月
15032	1941	3	2	三月
64919	2077	9	12	九月
55286	2051	5	6	五月
56513	2054	9	23	九月
14136	1938	8	22	八月
65819	2080	3	26	三月
15222	1941	8	15	八月
2357	1906	5	25	五月
21220	1958	1	19	正月
5235	1914	5	9	五月
44574	2022	1	14	正月
47209	2029	3	20	三月
56564	2054	11	15	冬月
1687	1904	8	5	八月
41182	2012	9	18	九月
18841	1951	8	2	八月
49408	2035	4	4	四月
13839	1937	11	20	冬月
15986	1943	10	11	十月
49337	2035	1	22	正月
29504	1980	10	4	十月
32143	1987	12	15	腊月
37262	2001	12	26	腊月
26461	1972	6	3	六月
64876	2077	7	29	七月
32367	1988	8	3	八月
24254	1966	5	10	五月
34517	1994	6	26	六月
54396	2048	12	2	腊月
19107	1952	5	2	五月
50962	2039	6	23	六月
18725	1951	4	4	四月
13816	1937	10	27	十月
34423	1994	3	21	三月
52850	2044	8	22	八月
4825	1913	3	12	三月
15344	1941	12	19	腊月
8099	1922	3	9	三月
44218	2021	1	12	正月
12353	1933	10	10	十月
21812	1959	9	20	九月
38163	2004	6	11	六月
31430	1986	1	11	正月
15469	1942	4	26	四月
3580	1909	10	8	十月
35615	1997	7	3	七月
36738	2000	8	4	八月
6549	1917	11	24	冬月
71176	2094	11	8	冬月
16767	1945	11	24	冬月
60418	2065	5	29	五月
38361	2005	1	2	正月
63972	2075	2	10	二月
44043	2020	7	14	七月
47082	2028	11	12	冬月
29865	1981	10	11	十月
15152	1941	闰6	4	闰六月
11031	1930	3	17	三月
32758	1989	9	10	九月
72453	2098	5	15	五月
18268	1949	12	20	腊月
52707	2044	4	25	四月
48194	2031	12	1	腊月
33253	1991	1	2	正月
35916	1998	5	8	五月
41739	2014	4	14	四月
46574	2027	7	6	七月
18029	1949	5	16	五月
69208	2089	6	19	六月
22439	1961	5	27	五月
37258	2001	12	22	腊月
22825	1962	6	29	六月
55200	2051	2	8	二月
10975	1930	1	20	正月
10638	1929	2	8	二月
10941	1929	12	16	腊月
6076	1916	8	23	八月
30287	1982	11	20	冬月
44830	2022	10	4	十月
29981	1982	2	8	二月
9780	1926	10	7	十月
67451	2084	9	4	九月
12522	1934	4	3	四月
13973	1938	4	6	四月
2180	1905	12	26	腊月
67867	2085	10	7	十月
13362	1936	7	16	七月
34653	1994	11	15	冬月
41000	2012	4	13	四月
67483	2084	10	7	十月
58134	2059	2	19	二月
18501	1950	8	16	八月
15536	1942	7	4	七月
8319	1922	9	23	九月
8522	1923	4	18	四月
28385	1977	9	7	九月
9272	1925	5	1	五月
35035	1995	11	13	冬月
40650	2011	4	17	四月
10109	1927	9	11	九月
43832	2020	1	10	正月
70795	2093	10	11	十月
72614	2098	10	30	十月
541	1901	6	11	六月
27320	1974	10	6	十月
66831	2082	12	5	腊月
35186	1996	4	17	四月
21797	1959	9	5	九月
6836	1918	9	16	九月
69307	2089	10	1	十月
33150	1990	9	19	九月
24453	1966	12	3	腊月
19460	1953	4	1	四月
65471	2079	4	3	四月
29446	1980	8	6	八月
49253	2034	10	27	十月
56724	2055	4	26	四月
25939	1971	1	12	正月
70578	2093	4	1	四月
32349	1988	7	15	七月
2448	1906	8	28	八月
20559	1956	4	7	四月
37646	2003	1	26	正月
39605	2008	6	6	六月
59504	2062	12	1	腊月
19475	1953	4	16	四月
55986	2053	3	26	三月
50225	2037	6	24	六月
58364	2059	10	13	十月
49715	2036	2	16	二月
15710	1943	1	1	正月
25301	1969	3	24	三月
18244	1949	11	25	冬月
71683	2096	4	13	四月
13258	1936	闰3	30	闰三月
65725	2079	12	21	腊月
8352	1922	10	26	十月
27951	1976	7	16	七月
41142	2012	8	7	八月
57225	2056	8	25	八月
55624	2052	4	19	四月
10191	1927	12	4	腊月
22498	1961	7	27	七月
39385	2007	10	22	十月
12288	1933	8	4	八月
69291	2089	9	14	九月
40418	2010	8	22	八月
50357	2037	11	9	冬月
69120	2089	3	19	三月
17379	1947	7	17	七月
68022	2086	3	14	三月
8761	1923	12	22	腊月
65300	2078	10	9	十月
27099	1974	3	20	三月
10110	1927	9	12	九月
21257	1958	2	26	二月
48456	2032	8	27	八月
67031	2083	6	27	六月
61738	2069	1	20	正月
40509	2010	11	24	冬月
63740	2074	闰6	14	闰六月
58067	2058	12	11	腊月
25170	1968	11	11	冬月
19621	1953	9	14	九月
70980	2094	4	20	四月
45239	2023	10	29	十月
18982	1951	12	25	腊月
41001	2012	4	14	四月
5428	1914	10	25	十月
54559	2049	5	18	五月
57306	2056	11	18	冬月
72253	2097	10	23	十月
12008	1932	11	20	冬月
64607	2076	11	25	冬月
67378	2084	6	20	六月
14537	1939	10	10	十月
21700	1959	5	26	五月
847	1902	4	21	四月
26282	1971	12	1	腊月
55457	2051	10	30	十月
25452	1969	8	27	八月
19163	1952	闰5	29	闰五月
4982	1913	8	22	八月
29741	1981	6	5	六月
45720	2025	3	8	三月
69827	2091	2	18	二月
35426	1996	12	20	腊月
23845	1965	4	15	四月
62832	2071	12	22	腊月
52579	2043	12	16	腊月
11102	1930	5	29	五月
48021	2031	6	6	六月
36132	1998	11	17	冬月
40911	2012	1	13	正月
27238	1974	7	12	七月
2397	1906	7	6	七月
58084	2058	12	28	腊月
39807	2009	1	1	正月
39570	2008	4	30	四月
47509	2030	1	25	正月
44864	2022	11	8	冬月
64643	2077	1	2	正月
65442	2079	3	3	三月
39397	2007	11	4	冬月
66300	2081	7	5	七月
3191	1908	10	3	十月
48110	2031	9	6	九月
245	1900	闰8	10	闰八月
68020	2086	3	12	三月
12607	1934	6	28	六月
38902	2006	7	12	七月
10977	1930	1	22	正月
49316	2035	1	1	正月
41767	2014	5	12	五月
32506	1988	12	23	腊月
12129	1933	3	23	三月
70940	2094	3	9	三月
34291	1993	11	8	冬月
53046	2045	3	10	三月
44777	2022	8	10	八月
71580	2095	12	28	腊月
9863	1927	1	1	正月
10630	1929	1	29	正月
13649	1937	5	7	五月
30696	1984	1	15	正月
64539	2076	9	16	九月
45850	2025	闰6	20	闰六月
39797	2008	12	21	腊月
50052	2036	12	29	腊月
58527	2060	3	28	三月
27978	1976	8	14	八月
57377	2057	2	1	二月
21808	1959	9	16	九月
18783	1951	6	3	六月
71926	2096	11	20	冬月
25601	1970	1	29	正月
144	1900	5	28	五月
22379	1961	3	26	三月
34362	1994	1	20	正月
12361	1933	10	18	十月
65644	2079	9	29	九月
45335	2024	2	7	二月
34934	1995	8	30	八月
67005	2083	6	1	六月
48872	2033	10	30	十月
45171	2023	8	20	八月
14694	1940	3	18	三月
20929	1957	4	22	四月
54792	2050	1	14	正月
70631	2093	5	25	五月
25270	1969	2	23	二月
34357	1994	1	15	正月
71924	2096	11	18	冬月
45479	2024	7	4	七月
57282	2056	10	24	十月
64033	2075	4	12	四月
14300	1939	2	8	二月
56951	2055	11	18	冬月
16790	1945	12	18	腊月
34593	1994	9	14	九月
39948	2009	5	24	五月
61099	2067	4	2	四月
15510	1942	6	8	六月
45837	2025	闰6	7	闰六月
60244	2064	12	3	腊月
619	1901	9	1	九月
32570	1989	2	28	二月
45413	2024	4	26	四月
65696	2079	11	22	冬月
22635	1961	12	16	腊月
64914	2077	9	7	九月
30489	1983	6	15	六月
62680	2071	8	18	八月
53619	2046	10	23	十月
40290	2010	4	11	四月
61645	2068	10	16	十月
71556	2095	12	4	腊月
22855	1962	7	30	七月
42582	2016	8	1	八月
54365	2048	11	1	冬月
8996	1924	8	20	八月
11575	1931	9	1	九月
12422	1933	12	21	腊月
33789	1992	7	7	七月
24772	1967	10	27	十月
32879	1990	1	12	正月
45482	2024	7	7	七月
71093	2094	8	14	八月
0	1900	1	1	正月
31619	1986	7	22	七月
9690	1926	7	6	七月
18045	1949	6	3	六月
20344	1955	8	29	八月
33667	1992	3	3	三月
40170	2009	12	10	腊月
62873	2072	2	3	二月
13220	1936	3	21	三月
68263	2086	11	19	冬月
72858	2099	6	7	六月
55693	2052	6	29	六月
40088	2009	9	17	九月
36575	2000	2	17	二月
834	1902	4	8	四月
71397	2095	6	23	六月
8364	1922	11	9	冬月
72227	2097	9	27	九月
62614	2071	6	10	六月
38429	2005	3	11	三月
13960	1938	3	22	三月
66391	2081	10	8	十月
63554	2074	1	6	正月
29769	1981	7	4	七月
25520	1969	11	7	冬月
26091	1971	闰5	17	闰五月
24262	1966	5	18	五月
30117	1982	5	27	五月
71424	2095	7	21	七月
59899	2063	12	13	腊月
57238	2056	9	9	九月
13797	1937	10	8	十月
57624	2057	10	11	十月
12311	1933	8	27	八月
9558	1926	2	21	二月
8369	1922	11	14	冬月
49676	2036	1	7	正月
69287	2089	9	10	九月
73250	2100	7	15	七月
11221	1930	9	1	九月
37796	2003	6	27	六月
30535	1983	8	2	八月
52766	2044	6	26	六月
36081	1998	9	26	九月
22376	1961	3	23	三月
21079	1957	闰8	25	闰八月
37598	2002	12	7	腊月
47485	2030	1	1	正月
48472	2032	9	14	九月
2927	1908	1	5	正月
23162	1963	5	12	五月
19025	1952	2	9	二月
62304	2070	7	26	七月
8967	1924	7	20	七月
35222	1996	5	23	五月
17929	1949	2	5	二月
70456	2092	11	27	冬月
44439	2021	8	26	八月
21750	1959	7	17	七月
29637	1981	2	19	二月
14396	1939	5	16	五月
58171	2059	3	27	三月
374	1900	12	21	腊月
58629	2060	7	13	七月
9540	1926	2	3	二月
33091	1990	7	19	七月
63602	2074	2	24	二月
71801	2096	7	14	七月
42592	2016	8	11	八月
63695	2074	5	28	五月
17566	1948	1	26	正月
18721	1951	3	30	三月
11276	1930	10	27	十月
37787	2003	6	18	六月
178	1900	7	3	七月
58881	2061	3	27	三月
1888	1905	2	29	二月
68707	2088	2	20	二月
47910	2031	3	13	三月
46321	2026	10	19	十月
16728	1945	10	15	十月
47903	2031	3	6	三月
55742	2052	8	20	八月
13821	1937	11	2	冬月
35256	1996	6	27	六月
71983	2097	1	18	正月
63430	2073	8	29	八月
17561	1948	1	21	正月
46848	2028	4	13	四月
34179	1993	7	13	七月
65634	2079	9	19	九月
57897	2058	6	19	六月
62124	2070	1	22	正月
26887	1973	8	16	八月
43710	2019	9	6	九月
43941	2020	4	30	四月
28536	1978	2	11	二月
61379	2068	1	16	正月
55702	2052	7	9	七月
46589	2027	7	21	七月
49488	2035	6	26	六月
17775	1948	8	29	八月
72754	2099	闰2	21	闰二月
62437	2070	12	11	腊月
50384	2037	12	7	腊月
69783	2091	1	4	正月
39238	2007	5	23	五月
67061	2083	7	28	七月
73168	2100	4	22	四月
44167	2020	11	20	冬月
18646	1951	1	14	正月
56397	2054	5	24	五月
18572	1950	10	28	十月
54339	2048	10	4	十月
55658	2052	5	24	五月
9577	1926	3	11	三月
41112	2012	7	7	七月
69867	2091	3	28	三月
42250	2015	8	23	八月
25193	1968	12	5	腊月
21984	1960	3	15	三月
17811	1948	10	6	十月
17510	1947	11	30	冬月
14637	1940	1	21	正月
12612	1934	7	4	七月
29271	1980	2	7	二月
31530	1986	4	22	四月
65485	2079	4	17	四月
39940	2009	5	16	五月
8535	1923	5	2	五月
7114	1919	6	28	六月
39237	2007	5	22	五月
50384	2037	12	7	腊月
34031	1993	3	13	三月
9970	1927	4	20	四月
49125	2034	6	17	六月
63736	2074	闰6	10	闰六月
291	1900	9	27	九月
28582	1978	3	28	三月
22841	1962	7	16	七月
70680	2093	闰6	15	闰六月
28315	1977	6	26	六月
54382	2048	11	18	冬月
26429	1972	5	1	五月
62336	2070	8	28	八月
26539	1972	8	22	八月
59118	2061	10	29	十月
56949	2055	11	16	冬月
37324	2002	2	28	二月
61963	2069	8	10	八月
13986	1938	4	19	四月
40457	2010	10	2	十月
5396	1914	9	23	九月
60427	2065	6	8	六月
57234	2056	9	5	九月
39085	2006	12	17	腊月
66256	2081	5	20	五月
45755	2025	4	13	四月
67350	2084	5	22	五月
32413	1988	9	19	九月
25852	1970	10	14	十月
9395	1925	9	5	九月
71178	2094	11	10	冬月
71557	2095	12	5	腊月
17752	1948	8	6	八月
24703	1967	8	17	八月
38722	2006	1	9	正月
35469	1997	2	4	二月
49016	2034	2	26	二月
51667	2041	6	20	六月
66402	2081	10	19	十月
59809	2063	9	11	九月
7516	1920	7	17	七月
13923	1938	2	15	二月
6806	1918	8	16	八月
13945	1938	3	7	三月
61008	2066	12	29	腊月
54279	2048	8	3	八月
7122	1919	7	7	七月
36141	1998	11	26	冬月
47208	2029	3	19	三月
69467	2090	3	12	三月
34698	1995	1	1	正月
66089	2080	12	1	腊月
18744	1951	4	23	四月
54767	2049	12	18	腊月
22214	1960	10	8	十月
67721	2085	闰5	9	闰五月
14784	1940	6	20	六月
50919	2039	闰5	9	闰五月
8854	1924	3	26	三月
44921	2023	1	6	正月
18088	1949	7	16	七月
65795	2080	3	2	三月
22962	1962	11	18	冬月
71849	2096	9	3	九月
66868	2083	1	12	正月
123	1900	5	7	五月
15214	1941	8	7	八月
6081	1916	8	28	八月
16036	1943	12	2	腊月
46623	2027	8	25	八月
60558	2065	10	22	十月
30101	1982	5	11	五月
5512	1915	1	21	正月
63087	2072	9	11	九月
65542	2079	6	15	六月
47281	2029	6	4	六月
54232	2048	6	15	六月
12103	1933	2	27	二月
56750	2055	5	23	五月
32785	1989	10	8	十月
25468	1969	9	14	九月
59551	2063	1	19	正月
11502	1931	6	16	六月
27461	1975	2	28	二月
27696	1975	10	28	十月
16631	1945	7	7	七月
69882	2091	4	14	四月
56277	2054	1	22	正月
50552	2038	5	26	五月
8199	1922	闰5	20	闰五月
48134	2031	9	30	九月
18369	1950	4	2	四月
24768	1967	10	23	十月
43043	2017	10	19	十月
65030	2078	1	5	正月
25253	1969	2	6	二月
20632	1956	6	21	六月
5887	1916	2	12	二月
15530	1942	6	28	六月
15033	1941	3	3	三月
68968	2088	10	16	十月
6107	1916	9	25	九月
9878	1927	1	16	正月
30633	1983	11	12	冬月
71484	2095	9	22	九月
10051	1927	7	12	七月
22266	1960	12	1	腊月
38057	2004	闰2	23	闰二月
59720	2063	7	10	七月
12143	1933	4	7	四月
54930	2050	5	5	五月
42529	2016	6	7	六月
62556	2071	4	11	四月
36415	1999	9	6	九月
6802	1918	8	12	八月
3401	1909	4	7	四月
11812	1932	5	1	五月
6175	1916	12	4	腊月
9930	1927	3	9	三月
58441	2060	1	1	正月
34188	1993	7	22	七月
25531	1969	11	18	冬月
50982	2039	7	13	七月
50341	2037	10	23	十月
35608	1997	6	25	六月
36979	2001	4	8	四月
21674	1959	4	29	四月
45397	2024	4	10	四月
61456	2068	4	4	四月
33567	1991	11	22	冬月
49042	2034	3	22	三月
47853	2031	1	15	正月
26936	1973	10	6	十月
67071	2083	8	8	八月
16506	1945	2	29	二月
30749	1984	3	9	三月
23816	1965	3	15	三月
44975	2023	闰2	1	闰二月
72946	2099	9	7	九月
13761	1937	9	2	九月
73252	2100	7	17	七月
24711	1967	8	25	八月
55850	2052	11	9	冬月
42685	2016	11	15	冬月
29960	1982	1	17	正月
30703	1984	1	22	正月
16290	1944	7	20	七月
72313	2097	12	24	腊月
39720	2008	10	3	十月
54499	2049	3	17	三月
45486	2024	7	11	七月
68449	2087	5	28	五月
1420	1903	11	4	冬月
51119	2039	12	3	腊月
72538	2098	8	13	八月
58877	2061	3	23	三月
14864	1940	9	12	九月
6915	1918	12	6	腊月
67742	2085	闰5	30	闰五月
12629	1934	7	21	七月
2436	1906	8	16	八月
40115	2009	10	14	十月
60174	2064	9	22	九月
19761	1954	2	6	二月
21896	1959	12	15	腊月
50819	2039	2	28	二月
55082	2050	10	9	十月
15517	1942	6	15	六月
13400	1936	8	24	八月
60283	2065	1	13	正月
24422	1966	11	2	冬月
42573	2016	7	21	七月
66912	2083	2	27	二月
32179	1988	1	22	正月
29074	1979	7	17	七月
65641	2079	9	26	九月
13620	1937	4	8	四月
24327	1966	7	25	七月
42358	2015	12	12	腊月
15001	1941	2	1	二月
45352	2024	2	24	二月
27407	1975	1	4	正月
38994	2006	9	15	九月
28141	1976	12	30	腊月
26836	1973	6	24	六月
25551	1969	12	8	腊月
65406	2079	1	26	正月
72593	2098	10	9	十月
55212	2051	2	20	二月
67519	2084	11	13	冬月
1574	1904	4	10	四月
2141	1905	11	16	冬月
19708	1953	12	12	腊月
3635	1909	12	4	腊月
71698	2096	4	28	四月
64025	2075	4	4	四月
51108	2039	11	21	冬月
41483	2013	7	23	七月
54974	2050	6	19	六月
67961	2086	1	12	正月
70816	2093	11	3	冬月
12431	1933	12	30	腊月
10886	1929	10	21	十月
2545	1906	12	7	腊月
66028	2080	9	29	九月
28979	1979	5	11	五月
4602	1912	7	26	七月
55565	2052	2	19	二月
23808	1965	3	7	三月
30935	1984	9	18	九月
15394	1942	2	10	二月
62901	2072	3	2	三月
53472	2046	5	23	五月
51767	2041	10	1	十月
20806	1956	12	18	腊月
48961	2033	12	30	腊月
68240	2086	10	26	十月
30387	1983	3	1	三月
24714	1967	8	28	八月
12209	1933	闰5	14	闰五月
3632	1909	12	1	腊月
51871	2042	1	16	正月
49006	2034	2	16	二月
7961	1921	10	19	十月
66916	2083	3	1	三月
7379	1920	2	27	二月
36146	1998	12	2	腊月
23369	1963	12	11	腊月
55840	2052	10	29	十月
29547	1980	11	18	冬月
40046	2009	8	4	八月
66593	2082	5	2	五月
45268	2023	11	28	冬月
68731	2088	3	14	三月
69286	2089	9	9	九月
36185	1999	1	11	正月
2348	1906	5	16	五月
14547	1939	10	20	十月
1222	1903	5	12	五月
13465	1936	10	30	十月
66776	2082	10	9	十月
22499	1961	7	28	七月
22838	1962	7	13	七月
1261	1903	闰5	22	闰五月
31088	1985	1	23	正月
6919	1918	12	10	腊月
47650	2030	6	18	六月
36077	1998	9	22	九月
43592	2019	5	6	五月
64395	2076	4	20	四月
59762	2063	闰7	23	闰七月
54081	2048	1	12	正月
57524	2057	6	29	六月
23583	1964	7	19	七月
55838	2052	10	27	十月
2253	1906	3	10	三月
22036	1960	5	8	五月
17747	1948	8	1	八月
61338	2067	12	4	腊月
31977	1987	闰6	26	闰六月
64664	2077	1	23	正月
44559	2021	12	28	腊月
58774	2060	12	9	腊月
57765	2058	3	5	三月
34472	1994	5	11	五月
20055	1954	12	5	腊月
51802	2041	11	6	冬月
27753	1975	12	26	腊月
2396	1906	7	5	七月
7435	1920	4	24	四月
19454	1953	3	24	三月
65309	2078	10	18	十月
73108	2100	2	21	二月
65555	2079	6	28	六月
8478	1923	3	4	三月
58905	2061	闰3	22	闰三月
32512	1988	12	29	腊月
45615	2024	11	21	冬月
48750	2033	6	26	六月
64261	2075	12	4	腊月
51244	2040	4	10	四月
43551	2019	3	24	三月
30490	1983	6	16	六月
48197	2031	12	4	腊月
20004	1954	10	13	十月
56563	2054	11	14	冬月
1718	1904	9	7	九月
12257	1933	7	3	七月
49144	2034	7	7	七月
27583	1975	7	3	七月
38030	2004	2	26	二月
10429	1928	7	7	七月
46632	2027	9	5	九月
24183	1966	3	28	三月
39186	2007	3	30	三月
35433	1996	12	27	腊月
26416	1972	4	17	四月
22011	1960	4	12	四月
7018	1919	3	20	三月
47261	2029	5	13	五月
27468	1975	3	5	三月
25907	1970	12	10	腊月
55662	2052	5	28	五月
32137	1987	12	9	腊月
41016	2012	4	29	四月
43431	2018	11	23	冬月
69626	2090	8	24	八月
25525	1969	11	12	冬月
54300	2048	8	24	八月
67787	2085	7	16	七月
56646	2055	2	8	二月
7301	1919	12	8	腊月
2880	1907	11	17	冬月
26567	1972	9	21	九月
54306	2048	8	30	八月
25005	1968	6	23	六月
42844	2017	4	26	四月
14779	1940	6	15	六月
142	1900	5	26	五月
48641	2033	3	5	三月
18176	1949	9	16	九月
57939	2058	8	1	八月
14030	1938	6	4	六月
22177	1960	9	1	九月
59864	2063	11	7	冬月
18559	1950	10	15	十月
5570	1915	3	20	三月
7513	1920	7	14	七月
40892	2011	12	23	腊月
68711	2088	2	24	二月
22514	1961	8	13	八月
53297	2045	11	26	冬月
15164	1941	闰6	16	闰六月
35695	1997	9	23	九月
14530	1939	10	3	十月
6773	1918	7	12	七月
39868	2009	3	2	三月
9195	1925	3	13	三月
14882	1940	9	30	九月
60977	2066	11	27	冬月
29960	1982	1	17	正月
23015	1963	1	12	正月
53314	2045	12	13	腊月
53649	2046	11	23	冬月
63988	2075	2	26	二月
61011	2067	1	2	正月
6314	1917	3	26	三月
57409	2057	3	3	三月
35648	1997	8	6	八月
64379	2076	4	4	四月
6570	1917	12	15	腊月
33853	1992	9	13	九月
15284	1941	10	18	十月
14779	1940	6	15	六月
36790	2000	9	26	九月
62129	2070	1	27	正月
29548	1980	11	19	冬月
61119	2067	4	22	四月
3298	1909	1	21	正月
9993	1927	5	13	五月
57848	2058	闰4	29	闰四月
5119	1914	1	12	正月
6394	1917	6	17	六月
45141	2023	7	20	七月
27976	1976	8	12	八月
4007	1910	12	21	腊月
8002	1921	12	1	腊月
68997	2088	11	15	冬月
63364	2073	6	22	六月
45887	2025	7	28	七月
28370	1977	8	22	八月
27517	1975	4	25	四月
60772	2066	5	29	五月
57351	2057	1	4	正月
40050	2009	8	8	八月
38657	2005	11	3	冬月
64800	2077	5	12	五月
38247	2004	9	6	九月
17322	1947	5	18	五月
33477	1991	8	21	八月
31148	1985	3	24	三月
18275	1949	12	27	腊月
38662	2005	11	8	冬月
18829	1951	7	19	七月
50952	2039	6	13	六月
48983	2034	1	22	正月
18930	1951	11	2	冬月
47829	2030	12	20	腊月
46880	2028	5	16	五月
2359	1906	5	27	五月
30706	1984	1	25	正月
15881	1943	6	25	六月
17388	1947	7	26	七月
32115	1987	11	16	冬月
57874	2058	5	25	五月
57473	2057	5	8	五月
33052	1990	6	9	六月
60463	2065	7	15	七月
65162	2078	5	19	五月
54725	2049	11	6	冬月
26008	1971	3	22	三月
46283	2026	9	11	九月
1974	1905	5	26	五月
14269	1939	1	7	正月
41672	2014	2	6	二月
64027	2075	4	6	四月
49818	2036	6	1	六月
45985	2025	11	7	冬月
19468	1953	4	9	四月
67551	2084	12	16	腊月
42190	2015	6	22	六月
27029	1974	1	10	正月
40144	2009	11	14	冬月
63207	2073	1	13	正月
22398	1961	4	15	四月
34405	1994	3	3	三月
56468	2054	8	7	八月
49519	2035	7	27	七月
21302	1958	4	11	四月
53805	2047	5	1	五月
66596	2082	5	5	五月
39599	2008	5	29	五月
40858	2011	11	19	冬月
24493	1967	1	14	正月
38244	2004	9	3	九月
47551	2030	3	8	三月
26810	1973	5	27	五月
20605	1956	5	23	五月
52548	2043	11	15	冬月
49567	2035	9	17	九月
53530	2046	7	22	七月
10593	1928	12	22	腊月
62048	2069	11	5	冬月
4779	1913	1	26	正月
56278	2054	1	23	正月
32993	1990	5	9	五月
24784	1967	11	9	冬月
61099	2067	4	2	四月
59726	2063	7	16	七月
22901	1962	9	16	九月
42068	2015	2	18	二月
23291	1963	9	23	九月
6654	1918	3	11	三月
2225	1906	2	12	二月
55032	2050	8	18	八月
32679	1989	6	20	六月
22898	1962	9	13	九月
26725	1973	3	1	三月
34276	1993	10	22	十月
5211	1914	4	15	四月
38046	2004	闰2	12	闰二月
71929	2096	11	23	冬月
57324	2056	12	7	腊月
47455	2029	12	1	腊月
4374	1911	12	5	腊月
52633	2044	2	10	二月
52480	2043	9	6	九月
18603	1950	11	30	冬月
20526	1956	3	3	三月
41781	2014	5	26	五月
7984	1921	11	13	冬月
48119	2031	9	15	九月
49650	2035	12	11	腊月
34785	1995	3	29	三月
6300	1917	3	12	三月
17391	1947	7	29	七月
23154	1963	5	4	五月
28669	1978	6	26	六月
9768	1926	9	24	九月
39331	2007	8	28	八月
1610	1904	5	16	五月
14629	1940	1	13	正月
65300	2078	10	9	十月
69395	2089	12	29	腊月
22270	1960	12	5	腊月
33801	1992	7	19	七月
44512	2021	11	11	冬月
58847	2061	2	23	二月
17130	1946	12	4	腊月
65129	2078	4	15	四月
56212	2053	11	17	冬月
10031	1927	6	22	六月
70002	2091	8	16	八月
29057	1979	闰6	30	闰六月
8640	1923	8	18	八月
23603	1964	8	10	八月
65074	2078	2	19	二月
61181	2067	6	25	六月
27492	1975	3	29	三月
46363	2026	12	1	腊月
49102	2034	5	24	五月
53993	2047	10	13	十月
22712	1962	3	4	三月
66275	2081	6	9	六月
41914	2014	闰9	11	闰九月
62089	2069	12	17	腊月
58384	2059	11	3	冬月
61519	2068	6	9	六月
34822	1995	5	7	五月
17501	1947	11	21	冬月
6648	1918	3	5	三月
39135	2007	2	8	二月
48626	2033	2	20	二月
13997	1938	5	1	五月
53668	2046	12	13	腊月
66763	2082	9	25	九月
24646	1967	6	18	六月
15185	1941	7	7	七月
27000	1973	12	11	腊月
70983	2094	4	23	四月
46026	2025	12	18	腊月
57325	2056	12	8	腊月
45032	2023	3	29	三月
37571	2002	11	10	冬月
47770	2030	10	20	十月
70093	2091	11	19	冬月
65544	2079	6	17	六月
8311	1922	9	15	九月
27858	1976	4	12	四月
33797	1992	7	15	七月
35892	1998	4	14	四月
11127	1930	6	25	六月
11262	1930	10	13	十月
22105	1960	闰6	17	闰六月
53092	2045	4	26	四月
54603	2049	7	2	七月
9266	1925	闰4	25	闰四月
12485	1934	2	25	二月
45076	2023	5	14	五月
71123	2094	9	15	九月
8202	1922	闰5	23	闰五月
17033	1946	8	25	八月
42868	2017	5	20	五月
68339	2087	2	6	二月
33246	1990	12	25	腊月
29557	1980	11	28	冬月
5244	1914	5	18	五月
15503	1942	6	1	六月
68854	2088	6	20	六月
23793	1965	2	22	二月
744	1902	1	7	正月
5127	1914	1	20	正月
58838	2061	2	14	二月
44801	2022	9	4	九月
68060	2086	4	23	四月
16219	1944	5	8	五月
59002	2061	7	2	七月
47633	2030	6	1	六月
25160	1968	11	1	冬月
21611	1959	2	26	二月
7066	1919	5	10	五月
43277	2018	6	16	六月
35272	1996	7	14	七月
70403	2092	10	3	十月
72018	2097	2	23	二月
26849	1973	7	7	七月
28260	1977	4	30	四月
43851	2020	1	29	正月
60970	2066	11	20	冬月
2561	1906	12	23	腊月
14660	1940	2	14	二月
6607	1918	1	23	正月
13738	1937	8	8	八月
46149	2026	4	23	四月
12940	1935	6	7	六月
39359	2007	9	26	九月
32790	1989	10	13	十月
17465	1947	10	14	十月
21552	1958	12	26	腊月
54931	2050	5	6	五月
23434	1964	2	17	二月
30909	1984	8	21	八月
17236	1947	闰2	20	闰二月
24323	1966	7	21	七月
72310	2097	12	21	腊月
45417	2024	5	1	五月
36484	1999	11	15	冬月
51159	2040	1	14	正月
45934	2025	9	16	九月
39377	2007	10	14	十月
63800	2074	8	15	八月
49187	2034	8	20	八月
1882	1905	2	23	二月
38373	2005	1	14	正月
20320	1955	8	5	八月
10551	1928	11	10	冬月
198	1900	7	23	七月
35769	1997	12	8	腊月
7536	1920	8	8	八月
6943	1919	1	4	正月
3194	1908	10	6	十月
67741	2085	闰5	29	闰五月
6108	1916	9	26	九月
6935	1918	12	26	腊月
51634	2041	5	16	五月
51661	2041	6	14	六月
47268	2029	5	20	五月
59319	2062	5	23	五月
72250	2097	10	20	十月
28305	1977	6	16	六月
22740	1962	4	3	四月
23099	1963	4	7	四月
28506	1978	1	11	正月
41453	2013	6	23	六月
30860	1984	7	2	七月
15319	1941	11	24	冬月
9742	1926	8	28	八月
63989	2075	2	27	二月
13116	1935	12	5	腊月
55547	2052	2	1	二月
32678	1989	6	19	六月
43897	2020	3	16	三月
6372	1917	5	25	五月
60015	2064	4	10	四月
30810	1984	5	10	五月
58737	2060	11	2	冬月
15764	1943	2	26	二月
50787	2039	1	26	正月
42334	2015	11	18	冬月
57101	2056	4	19	四月
24780	1967	11	5	冬月
68631	2087	12	3	腊月
69602	2090	7	29	七月
71233	2095	1	6	正月
59664	2063	5	13	五月
17279	1947	4	5	四月
55382	2051	8	14	八月
55133	2050	11	30	冬月
68148	2086	7	23	七月
59463	2062	10	20	十月
54406	2048	12	12	腊月
53209	2045	8	26	八月
32408	1988	9	14	九月
40563	2011	1	19	正月
41186	2012	9	22	九月
25861	1970	10	23	十月
45716	2025	3	4	三月
14927	1940	11	16	冬月
8750	1923	12	11	腊月
13585	1937	3	2	三月
49692	2036	1	23	正月
45923	2025	9	5	九月
48282	2032	3	1	三月
68161	2086	8	6	八月
62264	2070	6	15	六月
60371	2065	4	12	四月
67082	2083	8	19	八月
18213	1949	10	24	十月
4724	1912	12	1	腊月
35651	1997	8	9	八月
50538	2038	5	12	五月
61069	2067	3	1	三月
22036	1960	5	8	五月
2195	1906	1	11	正月
38646	2005	10	21	十月
10025	1927	6	16	六月
62964	2072	5	6	五月
12783	1934	12	27	腊月
42114	2015	4	5	四月
6057	1916	8	4	八月
18824	1951	7	14	七月
18919	1951	10	21	十月
58766	2060	12	1	腊月
37969	2003	12	24	腊月
34312	1993	11	29	冬月
3555	1909	9	13	九月
62878	2072	2	8	二月
68673	2088	1	15	正月
47500	2030	1	16	正月
5663	1915	6	24	六月
43622	2019	6	6	六月
7409	1920	3	27	三月
54160	2048	4	2	四月
63507	2073	11	18	冬月
51554	2041	2	25	二月
41773	2014	5	18	五月
10756	1929	6	8	六月
38059	2004	闰2	25	闰二月
31602	1986	7	5	七月
70133	2091	12	29	腊月
9180	1925	2	27	二月
20539	1956	3	16	三月
66270	2081	6	4	六月
58589	2060	6	2	六月
64476	2076	7	12	七月
24627	1967	5	29	五月
44626	2022	3	7	三月
7829	1921	6	5	六月
49976	2036	10	12	十月
70211	2092	3	18	三月
26842	1973	6	30	六月
2089	1905	9	23	九月
69612	2090	8	10	八月
38111	2004	4	18	四月
32042	1987	9	2	九月
13985	1938	4	18	四月
44012	2020	6	12	六月
19163	1952	闰5	29	闰五月
64098	2075	6	18	六月
67829	2085	8	28	八月
73388	2100	12	6	腊月
43167	2018	2	24	二月
4022	1911	1	7	正月
72209	2097	9	9	九月
71980	2097	1	15	正月
36195	1999	1	21	正月
13294	1936	5	7	五月
42501	2016	5	8	五月
19136	1952	闰5	2	闰五月
21711	1959	6	7	六月
16710	1945	9	27	九月
18257	1949	12	9	腊月
7740	1921	3	4	三月
51467	2040	11	26	冬月
26690	1973	1	25	正月
24329	1966	7	27	七月
46752	2028	1	7	正月
1447	1903	12	2	腊月
63806	2074	8	21	八月
30253	1982	10	16	十月
45356	2024	2	28	二月
72535	2098	8	10	八月
36570	2000	2	12	二月
65285	2078	9	24	九月
46480	2027	3	29	三月
41583	2013	11	5	冬月
27790	1976	2	3	二月
35437	1997	1	2	正月
38988	2006	9	9	九月
38271	2004	10	1	十月
57886	2058	6	8	六月
37137	2001	8	19	八月
63448	2073	9	18	九月
53607	2046	10	11	十月
58522	2060	3	23	三月
71337	2095	4	22	四月
3060	1908	5	20	五月
65151	2078	5	8	五月
50770	2039	1	9	正月
7921	1921	9	9	九月
41292	2013	1	10	正月
19723	1953	12	27	腊月
65946	2080	7	6	七月
56185	2053	10	20	十月
9052	1924	10	17	十月
23539	1964	6	5	六月
54778	2049	12	29	腊月
41769	2014	5	14	五月
67112	2083	9	20	九月
28707	1978	8	4	八月
55946	2053	2	16	二月
19277	1952	9	24	九月
1620	1904	5	26	五月
11403	1931	3	5	三月
28062	1976	10	10	十月
4097	1911	3	23	三月
5996	1916	6	3	六月
5291	1914	6	6	六月
45474	2024	6	28	六月
28933	1979	3	24	三月
30288	1982	11	21	冬月
4147	1911	5	14	五月
22866	1962	8	11	八月
24041	1965	11	5	冬月
9228	1925	4	16	四月
48623	2033	2	17	二月
950	1902	8	7	八月
66517	2082	2	16	二月
35172	1996	4	3	四月
59511	2062	12	8	腊月
67714	2085	闰5	2	闰五月
16717	1945	10	4	十月
53824	2047	5	20	五月
6143	1916	11	2	冬月
27226	1974	6	30	六月
26181	1971	8	19	八月
62388	2070	10	21	十月
39187	2007	4	1	四月
25918	1970	12	21	腊月
16609	1945	6	15	六月
49756	2036	3	27	三月
64167	2075	8	28	八月
46534	2027	5	24	五月
47133	2029	1	4	正月
14088	1938	闰7	4	闰七月
44675	2022	4	26	四月
38194	2004	7	12	七月
65261	2078	8	30	八月
20384	1955	10	10	十月
22959	1962	11	15	冬月
33994	1993	2	6	二月
15509	1942	6	7	六月
59000	2061	6	29	六月
1031	1902	10	29	十月
58890	2061	闰3	7	闰三月
41501	2013	8	12	八月
30696	1984	1	15	正月
41331	2013	2	19	二月
49102	2034	5	24	五月
31253	1985	7	11	七月
58420	2059	12	9	腊月
31795	1987	1	22	正月
51498	2040	12	27	腊月
5617	1915	5	7	五月
43696	2019	8	22	八月
11723	1932	2	1	二月
64962	2077	10	25	十月
15289	1941	10	23	十月
21532	1958	12	6	腊月
51695	2041	7	18	七月
3078	1908	6	8	六月
33245	1990	12	24	腊月
49068	2034	4	19	四月
2471	1906	9	21	九月
44554	2021	12	23	腊月
27949	1976	7	14	七月
29000	1979	6	3	六月
71827	2096	8	11	八月
35366	1996	10	19	十月
56381	2054	5	8	五月
30700	1984	1	19	正月
12431	1933	12	30	腊月
43802	2019	12	10	腊月
30161	1982	7	12	七月
58248	2059	6	15	六月
28607	1978	4	23	四月
11158	1930	闰6	26	闰六月
67993	2086	2	15	二月
2124	1905	10	29	十月
63963	2075	2	1	二月
40738	2011	7	16	七月
69301	2089	9	24	九月
35828	1998	2	8	二月
20967	1957	6	1	六月
62550	2071	4	5	四月
59513	2062	12	10	腊月
13528	1937	1	4	正月
32867	1989	12	30	腊月
72766	2099	3	4	三月
49337	2035	1	22	正月
2892	1907	11	29	冬月
1439	1903	11	23	冬月
20102	1955	1	22	正月
57	1900	2	29	二月
17032	1946	8	24	八月
43971	2020	5	1	五月
47778	2030	10	28	十月
70697	2093	7	2	七月
56696	2055	3	28	三月
20543	1956	3	20	三月
66326	2081	8	2	八月
6637	1918	2	23	二月
65304	2078	10	13	十月
19903	1954	7	1	七月
1374	1903	9	18	九月
59017	2061	7	17	七月
62844	2072	1	4	正月
9059	1924	10	24	十月
64570	2076	10	17	十月
47509	2030	1	25	正月
69500	2090	4	15	四月
8695	1923	10	15	十月
22642	1961	12	23	腊月
47609	2030	5	7	五月
69696	2090	10	6	十月
24315	1966	7	13	七月
22938	1962	10	24	十月
40873	2011	12	4	腊月
56772	2055	6	15	六月
43979	2020	5	9	五月
45802	2025	6	2	六月
35401	1996	11	24	冬月
800	1902	3	4	三月
41415	2013	5	15	五月
4770	1913	1	17	正月
4121	1911	4	17	四月
39344	2007	9	11	九月
30491	1983	6	17	六月
41002	2012	4	15	四月
54597	2049	6	26	六月
38904	2006	7	14	七月
65187	2078	6	15	六月
39462	2008	1	10	正月
19961	1954	8	30	八月
21388	1958	7	9	七月
55459	2051	11	2	冬月
2858	1907	10	24	十月
34045	1993	3	27	三月
69520	2090	5	6	五月
71899	2096	10	23	十月
72434	2098	4	26	四月
32853	1989	12	16	腊月
66760	2082	9	22	九月
71647	2096	3	7	三月
28622	1978	5	8	五月
35025	1995	11	3	冬月
43360	2018	9	11	九月
67335	2084	5	7	五月
10018	1927	6	9	六月
37269	2002	1	3	正月
57008	2056	1	16	正月
63819	2074	9	5	九月
318	1900	10	24	十月
41341	2013	2	29	二月
46684	2027	10	28	十月
26883	1973	8	12	八月
798	1902	3	2	三月
28145	1977	1	4	正月
25888	1970	11	20	冬月
34387	1994	2	15	二月
72986	2099	10	18	十月
55477	2051	11	20	冬月
53100	2045	5	5	五月
41271	2012	12	18	腊月
13158	1936	1	18	正月
54801	2050	1	23	正月
30272	1982	11	5	冬月
37299	2002	2	3	二月
20426	1955	11	22	冬月
51525	2041	1	25	正月
33400	1991	6	2	六月
48903	2033	闰11	1	闰冬月
11050	1930	4	6	四月
42345	2015	11	29	冬月
22616	1961	11	26	冬月
18763	1951	5	12	五月
7862	1921	7	8	七月
6885	1918	11	6	冬月
52844	2044	8	16	八月
53379	2046	2	18	二月
29142	1979	9	26	九月
62437	2070	12	11	腊月
63824	2074	9	10	九月
13971	1938	4	4	四月
52350	2043	4	23	四月
7445	1920	5	5	五月
62244	2070	5	24	五月
22195	1960	9	19	九月
22778	1962	5	12	五月
16825	1946	1	23	正月
14968	1940	12	27	腊月
68427	2087	5	6	五月
25634	1970	3	3	三月
60945	2066	10	25	十月
32972	1990	4	17	四月
38043	2004	闰2	9	闰二月
50734	2038	12	2	腊月
70945	2094	3	14	三月
20460	1955	12	26	腊月
73039	2099	12	12	腊月
52626	2044	2	3	二月
8517	1923	4	13	四月
18352	1950	3	15	三月
54351	2048	10	16	十月
44302	2021	4	7	四月
59821	2063	9	23	九月
20788	1956	11	30	冬月
66755	2082	9	17	九月
39866	2009	2	30	二月
657	1901	10	9	十月
46856	2028	4	21	四月
66123	2081	1	5	正月
20714	1956	9	15	九月
58041	2058	11	14	冬月
65524	2079	5	26	五月
7199	1919	8	25	八月
43606	2019	5	20	五月
41841	2014	7	27	七月
67340	2084	5	12	五月
8911	1924	5	24	五月
50886	2039	5	6	五月
25433	1969	8	8	八月
24720	1967	9	4	九月
3559	1909	9	17	九月
70342	2092	8	1	八月
43801	2019	12	9	腊月
49720	2036	2	21	二月
19079	1952	4	4	四月
5502	1915	1	11	正月
29521	1980	10	21	十月
5996	1916	6	3	六月
24531	1967	2	22	二月
50970	2039	7	1	七月
41569	2013	10	21	十月
48400	2032	7	1	七月
51611	2041	4	23	四月
6246	1917	2	16	二月
29341	1980	4	19	四月
46124	2026	3	28	三月
3923	1910	9	27	九月
49630	2035	11	20	冬月
33709	1992	4	15	四月
39968	2009	闰5	14	闰五月
68863	2088	6	29	六月
1722	1904	9	11	九月
40497	2010	11	12	冬月
67832	2085	9	1	九月
57327	2056	12	10	腊月
64170	2075	9	1	九月
53437	2046	4	17	四月
49044	2034	3	24	三月
37915	2003	10	29	十月
36174	1998	12	30	腊月
4873	1913	5	1	五月
47820	2030	12	11	腊月
16439	1944	12	21	腊月
66590	2082	4	29	四月
30157	1982	7	8	七月
30756	1984	3	16	三月
56631	2055	1	22	正月
25830	1970	9	22	九月
38057	2004	闰2	23	闰二月
16580	1945	5	15	五月
21747	1959	7	14	七月
57938	2058	7	30	七月
12833	1935	2	18	二月
30784	1984	4	14	四月
66319	2081	7	24	七月
2518	1906	11	9	冬月
12597	1934	6	18	六月
65068	2078	2	13	二月
65807	2080	3	14	三月
19058	1952	3	12	三月
29897	1981	11	14	冬月
48024	2031	6	9	六月
53103	2045	5	8	五月
71030	2094	6	11	六月
27561	1975	6	10	六月
15188	1941	7	10	七月
7591	1920	10	3	十月
10266	1928	2	20	二月
42041	2015	1	20	正月
24468	1966	12	18	腊月
2123	1905	10	28	十月
45630	2024	12	6	腊月
13097	1935	11	16	冬月
55012	2050	7	28	七月
3899	1910	9	3	九月
9470	1925	11	21	冬月
31317	1985	9	16	九月
41004	2012	4	17	四月
29159	1979	10	13	十月
48314	2032	4	4	四月
60361	2065	4	2	四月
25920	1970	12	23	腊月
22307	1961	1	13	正月
72502	2098	7	6	七月
22185	1960	9	9	九月
54900	2050	4	4	四月
41319	2013	2	7	二月
25634	1970	3	3	三月
29741	1981	6	5	六月
20368	1955	9	23	九月
61299	2067	10	24	十月
67430	2084	8	13	八月
46857	2028	4	22	四月
7672	1920	12	25	腊月
42083	2015	3	3	三月
37026	2001	闰4	25	闰四月
36565	2000	2	7	二月
16276	1944	7	6	七月
37467	2002	7	23	七月
15910	1943	7	24	七月
28477	1977	12	11	腊月
44292	2021	3	27	三月
8835	1924	3	7	三月
43706	2019	9	2	九月
71809	2096	7	22	七月
400	1901	1	17	正月
14599	1939	12	13	腊月
29686	1981	4	9	四月
36721	2000	7	16	七月
69720	2090	10	30	十月
61803	2069	3	26	三月
12722	1934	10	25	十月
59817	2063	9	19	九月
18088	1949	7	16	七月
28187	1977	2	16	二月
43070	2017	11	16	冬月
45457	2024	6	11	六月
25240	1969	1	22	正月
63955	2075	1	23	正月
42514	2016	5	21	五月
68205	2086	9	20	九月
54840	2050	3	3	三月
28059	1976	10	7	十月
3874	1910	8	7	八月
50477	2038	3	10	三月
128	1900	5	12	五月
10311	1928	3	6	三月
10210	1927	12	23	腊月
14533	1939	10	6	十月
45084	2023	5	22	五月
10783	1929	7	6	七月
23022	1963	1	19	正月
49293	2034	12	8	腊月
45940	2025	9	22	九月
9147	1925	1	24	正月
35614	1997	7	2	七月
23169	1963	5	19	五月
31100	1985	2	6	二月
39375	2007	10	12	十月
22966	1962	11	22	冬月
22765	1962	4	28	四月
32256	1988	4	10	四月
19555	1953	7	7	七月
12346	1933	10	3	十月
1149	1903	2	28	二月
69752	2090	12	2	腊月
17599	1948	2	29	二月
12546	1934	4	27	四月
4321	1911	10	11	十月
21396	1958	7	17	七月
61839	2069	闰4	3	闰四月
62602	2071	5	28	五月
9289	1925	5	18	五月
65604	2079	8	18	八月
15807	1943	4	10	四月
68542	2087	9	3	九月
63485	2073	10	25	十月
29176	1979	11	1	冬月
35679	1997	9	7	九月
32606	1989	4	6	四月
54889	2050	闰3	23	闰三月
19608	1953	9	1	九月
55959	2053	2	29	二月
69782	2091	1	3	正月
18757	1951	5	6	五月
404	1901	1	21	正月
18187	1949	9	27	九月
65562	2079	7	6	七月
38385	2005	1	26	正月
53824	2047	5	20	五月
655	1901	10	7	十月
22414	1961	5	2	五月
22685	1962	2	7	二月
58416	2059	12	5	腊月
10559	1928	11	18	冬月
2118	1905	10	23	十月
70657	2093	6	21	六月
49472	2035	6	10	六月
11347	1931	1	9	正月
51974	2042	4	2	四月
58173	2059	3	29	三月
13232	1936	闰3	4	闰三月
28379	1977	9	1	九月
60926	2066	10	6	十月
59813	2063	9	15	九月
6552	1917	11	27	冬月
7619	1920	11	2	冬月
49902	2036	7	26	七月
15097	1941	5	8	五月
19404	1953	2	4	二月
5815	1915	11	28	冬月
4350	1911	11	11	冬月
33925	1992	11	26	冬月
18560	1950	10	16	十月
53887	2047	6	24	六月
510	1901	5	10	五月
15449	1942	4	6	四月
57304	2056	11	16	冬月
45231	2023	10	21	十月
7102	1919	6	16	六月
35709	1997	10	8	十月
28528	1978	2	3	二月
56691	2055	3	23	三月
42866	2017	5	18	五月
49617	2035	11	7	冬月
55512	2051	12	25	腊月
27871	1976	4	25	四月
10026	1927	6	17	六月
17273	1947	3	28	三月
61700	2068	12	12	腊月
11763	1932	3	11	三月
31482	1986	3	4	三月
18601	1950	11	28	冬月
4180	1911	6	18	六月
22779	1962	5	13	五月
56802	2055	闰6	16	闰六月
26817	1973	6	5	六月
24588	1967	4	20	四月
395	1901	1	12	正月
11802	1932	4	20	四月
39957	2009	闰5	3	闰五月
41732	2014	4	7	四月
58555	2060	4	27	四月
48986	2034	1	25	正月
47745	2030	9	25	九月
62896	2072	2	26	二月
8519	1923	4	15	四月
49434	2035	5	1	五月
62025	2069	10	12	十月
32768	1989	9	20	九月
18527	1950	9	13	九月
62902	2072	3	3	三月
43969	2020	闰4	28	闰四月
38296	2004	10	26	十月
3679	1910	1	18	正月
21590	1959	2	5	二月
28477	1977	12	11	腊月
248	1900	闰8	13	闰八月
22871	1962	8	16	八月
4402	1912	1	3	正月
28213	1977	3	13	三月
6308	1917	3	20	三月
60243	2064	12	2	腊月
71338	2095	4	23	四月
11857	1932	6	16	六月
27712	1975	11	14	冬月
24979	1968	5	27	五月
40422	2010	8	26	八月
51681	2041	7	4	七月
29740	1981	6	4	六月
72979	2099	10	11	十月
8642	1923	8	20	八月
35901	1998	4	23	四月
16236	1944	5	25	五月
61003	2066	12	24	腊月
8402	1922	12	17	腊月
46969	2028	7	17	七月
40640	2011	4	7	四月
43339	2018	8	19	八月
31394	1985	12	5	腊月
55333	2051	6	24	六月
256	1900	闰8	21	闰八月
3767	1910	4	18	四月
42974	2017	8	9	八月
52217	2042	12	8	腊月
72632	2098	11	18	冬月
20463	1955	12	29	腊月
20882	1957	3	5	三月
9141	1925	1	18	正月
10368	1928	5	4	五月
43267	2018	6	6	六月
26634	1972	11	28	冬月
1913	1905	3	24	三月
19060	1952	3	14	三月
29359	1980	5	7	五月
19246	1952	8	23	八月
38385	2005	1	26	正月
5808	1915	11	21	冬月
5539	1915	2	18	二月
40974	2012	3	17	三月
14009	1938	5	13	五月
53400	2046	3	10	三月
22627	1961	12	8	腊月
11962	1932	10	4	十月
29253	1980	1	19	正月
7560	1920	9	2	九月
60587	2065	11	21	冬月
19542	1953	6	24	六月
56969	2055	12	6	腊月
2296	1906	4	23	四月
34303	1993	11	20	冬月
9606	1926	4	10	四月
60061	2064	5	26	五月
59740	2063	闰7	1	闰七月
59027	2061	7	27	七月
16562	1945	4	26	四月
22077	1960	6	19	六月
22168	1960	8	21	八月
72419	2098	4	11	四月
21942	1960	2	2	二月
31969	1987	闰6	18	闰六月
58064	2058	12	8	腊月
21679	1959	5	5	五月
51398	2040	9	16	九月
53093	2045	4	27	四月
25848	1970	10	10	十月
58039	2058	11	12	冬月
39406	2007	11	13	冬月
40941	2012	2	13	二月
42604	2016	8	23	八月
72463	2098	5	25	五月
58522	2060	3	23	三月
57861	2058	5	12	五月
33380	1991	5	12	五月
22187	1960	9	11	九月
48446	2032	8	17	八月
28001	1976	闰8	7	闰八月
72800	2099	4	8	四月
59531	2062	12	28	腊月
5814	1915	11	27	冬月
31045	1984	12	10	腊月
10496	1928	9	15	九月
52075	2042	7	14	七月
70134	2092	1	1	正月
13325	1936	6	9	六月
58168	2059	3	24	三月
14531	1939	10	4	十月
22022	1960	4	23	四月
16929	1946	5	9	五月
54544	2049	5	3	五月
61807	2069	4	1	四月
68170	2086	8	15	八月
40281	2010	4	2	四月
34568	1994	8	18	八月
65759	2080	1	25	正月
60070	2064	6	6	六月
9457	1925	11	8	冬月
45160	2023	8	9	八月
37683	2003	3	3	三月
26982	1973	11	22	冬月
58473	2060	2	3	二月
52040	2042	6	9	六月
32491	1988	12	8	腊月
64006	2075	3	15	三月
65521	2079	5	23	五月
32384	1988	8	20	八月
32803	1989	10	26	十月
61918	2069	6	24	六月
25325	1969	4	19	四月
50088	2037	2	5	二月
14855	1940	9	3	九月
40622	2011	3	19	三月
68897	2088	8	4	八月
1996	1905	6	18	六月
66615	2082	5	24	五月
28242	1977	4	12	四月
14789	1940	6	25	六月
15824	1943	4	27	四月
56419	2054	6	17	六月
72114	2097	6	2	六月
70961	2094	4	1	四月
18292	1950	1	14	正月
49771	2036	4	13	四月
39638	2008	7	10	七月
34237	1993	9	13	九月
50856	2039	4	6	四月
17719	1948	7	2	七月
40726	2011	7	4	七月
61817	2069	4	11	四月
37728	2003	4	19	四月
54399	2048	12	5	腊月
50338	2037	10	20	十月
72241	2097	10	11	十月
53272	2045	11	1	冬月
53571	2046	9	4	九月
65598	2079	8	12	八月
35141	1996	3	1	三月
16008	1943	11	4	冬月
31207	1985	5	24	五月
58402	2059	11	21	冬月
67717	2085	闰5	5	闰五月
65420	2079	2	11	二月
58611	2060	6	24	六月
62538	2071	3	23	三月
54857	2050	3	20	三月
68976	2088	10	24	十月
24119	1966	1	24	正月
19218	1952	7	25	七月
41837	2014	7	23	七月
65264	2078	9	3	九月
1447	1903	12	2	腊月
66478	2082	1	6	正月
35289	1996	8	1	八月
35424	1996	12	18	腊月
34339	1993	12	26	腊月
27206	1974	6	10	六月
2717	1907	6	2	六月
65296	2078	10	5	十月
41627	2013	12	20	腊月
58026	2058	10	29	十月
40557	2011	1	13	正月
49824	2036	6	7	六月
20179	1955	闰3	11	闰三月
53862	2047	闰5	29	闰五月
14637	1940	1	21	正月
30904	1984	8	16	八月
623	1901	9	5	九月
45874	2025	7	15	七月
2037	1905	8	1	八月
6620	1918	2	6	二月
2663	1907	4	7	四月
25654	1970	3	23	三月
41801	2014	6	17	六月
20536	1956	3	13	三月
55647	2052	5	13	五月
9778	1926	10	5	十月
17893	1948	12	29	腊月
29152	1979	10	6	十月
61963	2069	8	10	八月
52610	2044	1	17	正月
14165	1938	9	22	九月
260	1900	闰8	25	闰八月
20523	1956	2	30	二月
25982	1971	2	26	二月
18429	1950	6	3	六月
59196	2062	1	18	正月
23835	1965	4	5	四月
33582	1991	12	7	腊月
56033	2053	5	15	五月
34000	1993	2	12	二月
41403	2013	5	3	五月
38270	2004	9	29	九月
67521	2084	11	15	冬月
69964	2091	7	7	七月
43487	2019	1	19	正月
4790	1913	2	7	二月
55777	2052	闰8	25	闰八月
72992	2099	10	24	十月
21071	1957	闰8	17	闰八月
26406	1972	4	7	四月
35161	1996	3	21	三月
71012	2094	5	22	五月
10851	1929	9	15	九月
18922	1951	10	24	十月
32573	1989	3	2	三月
35156	1996	3	16	三月
52899	2044	10	12	十月
51022	2039	8	24	八月
63489	2073	10	29	十月
7780	1921	4	14	四月
71759	2096	6	1	六月
17518	1947	12	8	腊月
19309	1952	10	27	十月
18740	1951	4	19	四月
60231	2064	11	20	冬月
15782	1943	3	14	三月
17473	1947	10	22	十月
19168	1952	6	4	六月
33351	1991	4	12	四月
48498	2032	10	10	十月
72981	2099	10	13	十月
55884	2052	12	13	腊月
13767	1937	9	8	九月
59518	2062	12	15	腊月
45657	2025	1	4	正月
28908	1979	2	28	二月
58671	2060	8	25	八月
43558	2019	4	1	四月
14441	1939	7	2	七月
3984	1910	11	28	冬月
41543	2013	9	24	九月
1406	1903	10	20	十月
25685	1970	4	25	四月
40864	2011	11	25	冬月
63391	2073	7	19	七月
3538	1909	8	26	八月
36809	2000	10	16	十月
4744	1912	12	21	腊月
46807	2028	3	2	三月
60946	2066	10	26	十月
1293	1903	6	25	六月
68832	2088	5	27	五月
64651	2077	1	10	正月
47890	2031	2	23	二月
17233	1947	闰2	17	闰二月
56788	2055	闰6	2	闰六月
54247	2048	6	30	六月
63090	2072	9	14	九月
71969	2097	1	4	正月
46732	2027	12	16	腊月
20155	1955	3	16	三月
52238	2042	12	29	腊月
59081	2061	9	22	九月
9136	1925	1	13	正月
67643	2085	3	19	三月
57942	2058	8	4	八月
24313	1966	7	11	七月
18132	1949	8	2	八月
42671	2016	11	1	冬月
38038	2004	闰2	4	闰二月
27601	1975	7	21	七月
56012	2053	4	23	四月
45643	2024	12	19	腊月
2318	1906	闰4	16	闰四月
50533	2038	5	7	五月
14280	1939	1	18	正月
29611	1981	1	22	正月
7034	1919	4	7	四月
36477	1999	11	8	冬月
42744	2017	1	14	正月
62019	2069	10	6	十月
1394	1903	10	8	十月
12881	1935	4	7	四月
1816	1904	12	16	腊月
26255	1971	11	3	冬月
6874	1918	10	24	十月
62329	2070	8	21	八月
10644	1929	2	14	二月
5571	1915	3	21	三月
26226	1971	10	4	十月
34865	1995	6	20	六月
29348	1980	4	26	四月
23459	1964	3	13	三月
8582	1923	6	19	六月
3281	1909	1	4	正月
56280	2054	1	25	正月
39459	2008	1	7	正月
48062	2031	7	17	七月
57705	2058	1	4	正月
71356	2095	5	12	五月
23839	1965	4	9	四月
29302	1980	3	9	三月
27717	1975	11	19	冬月
47248	2029	4	30	四月
12887	1935	4	13	四月
34990	1995	9	27	九月
71677	2096	4	7	四月
69196	2089	6	7	六月
5843	1915	12	27	腊月
42202	2015	7	5	七月
63329	2073	5	16	五月
38344	2004	12	15	腊月
9859	1926	12	26	腊月
54090	2048	1	21	正月
60933	2066	10	13	十月
47076	2028	11	6	冬月
63483	2073	10	23	十月
72350	2098	2	1	二月
6241	1917	2	11	二月
28588	1978	4	4	四月
54647	2049	8	17	八月
17450	1947	9	29	九月
21801	1959	9	9	九月
52780	2044	7	10	七月
15831	1943	5	4	五月
20450	1955	12	16	腊月
24781	1967	11	6	冬月
69228	2089	7	10	七月
19379	1953	1	8	正月
51098	2039	11	11	冬月
51037	2039	9	9	九月
17720	1948	7	3	七月
4999	1913	9	10	九月
9622	1926	4	26	四月
45205	2023	9	24	九月
53196	2045	8	13	八月
65527	2079	5	29	五月
69090	2089	2	19	二月
20133	1955	2	24	二月
44908	2022	12	23	腊月
28831	1978	12	10	腊月
38974	2006	8	25	八月
64425	2076	5	20	五月
21772	1959	8	9	八月
46567	2027	6	28	六月
42162	2015	5	24	五月
32529	1989	1	17	正月
25432	1969	8	7	八月
33955	1992	12	26	腊月
13394	1936	8	18	八月
15277	1941	10	11	十月
584	1901	7	25	七月
40655	2011	4	22	四月
51778	2041	10	12	十月
31701	1986	10	16	十月
34036	1993	3	18	三月
58839	2061	2	15	二月
23906	1965	6	17	六月
4209	1911	闰6	17	闰六月
57404	2057	2	28	二月
47071	2028	11	1	冬月
23322	1963	10	24	十月
61205	2067	7	19	七月
65552	2079	6	25	六月
33331	1991	3	21	三月
65766	2080	2	2	二月
52793	2044	7	23	七月
34340	1993	12	27	腊月
15731	1943	1	22	正月
48690	2033	4	25	四月
9141	1925	1	18	正月
48900	2033	11	28	冬月
70439	2092	11	10	冬月
57602	2057	9	18	九月
41901	2014	9	28	九月
22764	1962	4	27	四月
64707	2077	3	7	三月
12146	1933	4	10	四月
38089	2004	3	26	三月
59952	2064	2	6	二月
66939	2083	3	24	三月
55346	2051	7	8	七月
52997	2045	1	20	正月
70400	2092	9	30	九月
15395	1942	2	11	二月
34634	1994	10	26	十月
37825	2003	7	27	七月
15016	1941	2	16	二月
2347	1906	5	15	五月
24270	1966	5	26	五月
27621	1975	8	11	八月
29740	1981	6	4	六月
52407	2043	6	21	六月
67474	2084	9	27	九月
69505	2090	4	20	四月
128	1900	5	12	五月
57075	2056	3	23	三月
17230	1947	闰2	14	闰二月
40697	2011	6	5	六月
58144	2059	2	29	二月
40403	2010	8	7	八月
30270	1982	11	3	冬月
47573	2030	4	1	四月
19900	1954	6	28	六月
41179	2012	9	15	九月
3830	1910	6	22	六月
51205	2040	3	1	三月
68800	2088	闰4	24	闰四月
60227	2064	11	16	冬月
20806	1956	12	18	腊月
40785	2011	9	5	九月
72652	2098	12	9	腊月
42411	2016	2	6	二月
12978	1935	7	16	七月
28801	1978	11	10	冬月
44784	2022	8	17	八月
21287	1958	3	26	三月
62554	2071	4	9	四月
43541	2019	3	14	三月
15688	1942	12	9	腊月
71811	2096	7	24	七月
6830	1918	9	10	九月
12385	1933	11	13	冬月
68088	2086	5	22	五月
59823	2063	9	25	九月
6402	1917	6	25	六月
58573	2060	5	15	五月
62852	2072	1	12	正月
72355	2098	2	6	二月
3534	1909	8	22	八月
23677	1964	10	25	十月
7168	1919	闰7	24	闰七月
13419	1936	9	14	九月
37658	2003	2	8	二月
31113	1985	2	19	二月
23292	1963	9	24	九月
8683	1923	10	3	十月
62310	2070	8	2	八月
59565	2063	2	3	二月
31224	1985	6	11	六月
53755	2047	3	11	三月
52902	2044	10	15	十月
10421	1928	6	28	六月
72852	2099	6	1	六月
31527	1986	4	19	四月
17558	1948	1	18	正月
23457	1964	3	11	三月
61228	2067	8	12	八月
19723	1953	12	27	腊月
56126	2053	8	20	八月
21261	1958	2	30	二月
37616	2002	12	25	腊月
64275	2075	12	18	腊月
22602	1961	11	12	冬月
11413	1931	3	15	三月
22988	1962	12	14	腊月
52079	2042	7	18	七月
26130	1971	6	27	六月
14149	1938	9	6	九月
66784	2082	10	17	十月
46239	2026	7	25	七月
34930	1995	8	26	八月
32217	1988	3	1	三月
12484	1934	2	24	二月
23039	1963	2	6	二月
69086	2089	2	15	二月
39433	2007	12	11	腊月
27352	1974	11	8	冬月
49115	2034	6	7	六月
34130	1993	5	23	五月
17637	1948	4	8	四月
4652	1912	9	18	九月
27771	1976	1	14	正月
26482	1972	6	24	六月
56145	2053	9	9	九月
8588	1923	6	25	六月
10031	1927	6	22	六月
1202	1903	4	22	四月
56517	2054	9	27	九月
67028	2083	6	24	六月
37891	2003	10	5	十月
50110	2037	2	27	二月
50445	2038	2	8	二月
56904	2055	9	30	九月
7315	1919	12	22	腊月
36214	1999	2	10	二月
53989	2047	10	9	十月
43428	2018	11	20	冬月
40143	2009	11	13	冬月
34554	1994	8	4	八月
68373	2087	3	11	三月
60876	2066	8	15	八月
70619	2093	5	13	五月
4750	1912	12	27	腊月
44405	2021	7	22	七月
22024	1960	4	25	四月
71203	2094	12	6	腊月
14958	1940	12	17	腊月
44309	2021	4	14	四月
55364	2051	7	26	七月
30463	1983	5	18	五月
8106	1922	3	16	三月
2801	1907	8	26	八月
2740	1907	6	25	六月
59319	2062	5	23	五月
14882	1940	9	30	九月
1853	1905	1	24	正月
67316	2084	4	17	四月
73199	2100	5	23	五月
70990	2094	4	30	四月
27017	1973	12	28	腊月
46576	2027	7	8	七月
20187	1955	闰3	19	闰三月
48378	2032	6	9	六月
32773	1989	9	25	九月
27724	1975	11	26	冬月
10451	1928	7	29	七月
69202	2089	6	13	六月
13057	1935	10	6	十月
47084	2028	11	14	冬月
66719	2082	8	11	八月
10862	1929	9	26	九月
61077	2067	3	9	三月
38088	2004	3	25	三月
59743	2063	闰7	4	闰七月
47646	2030	6	14	六月
59345	2062	6	19	六月
15524	1942	6	22	六月
8939	1924	6	22	六月
28438	1977	11	1	冬月
58209	2059	5	6	五月
33504	1991	9	18	九月
49483	2035	6	21	六月
54786	2050	1	8	正月
4217	1911	闰6	25	闰六月
38652	2005	10	27	十月
38707	2005	12	23	腊月
21198	1957	12	26	腊月
38077	2004	3	14	三月
8148	1922	4	28	四月
68779	2088	闰4	3	闰四月
61438	2068	3	16	三月
68189	2086	9	4	九月
12540	1934	4	21	四月
53743	2047	2	28	二月
23914	1965	6	25	六月
52149	2042	9	29	九月
30904	1984	8	16	八月
50203	2037	6	2	六月
60242	2064	12	1	腊月
29817	1981	8	23	八月
29844	1981	9	20	九月
50603	2038	7	18	七月
19646	1953	10	9	十月
55433	2051	10	6	十月
3508	1909	7	25	七月
50919	2039	闰5	9	闰五月
30998	1984	闰10	22	闰十月
18453	1950	6	27	六月
9816	1926	11	13	冬月
43191	2018	3	18	三月
13330	1936	6	14	六月
55589	2052	3	13	三月
9312	1925	6	11	六月
66403	2081	10	20	十月
16798	1945	12	26	腊月
67885	2085	10	25	十月
44592	2022	2	2	二月
31275	1985	8	3	八月
53462	2046	5	13	五月
57749	2058	2	18	二月
46324	2026	10	22	十月
37463	2002	7	19	七月
55438	2051	10	11	十月
44161	2020	11	14	冬月
12920	1935	5	17	五月
65959	2080	7	19	七月
63874	2074	11	1	冬月
9405	1925	9	15	九月
50164	2037	4	22	四月
36447	1999	10	8	十月
10210	1927	12	23	腊月
15717	1943	1	8	正月
49932	2036	8	27	八月
17503	1947	11	23	冬月
51730	2041	8	23	八月
39013	2006	10	4	十月
51292	2040	5	28	五月
54163	2048	4	5	四月
65270	2078	9	9	九月
30985	1984	闰10	9	闰十月
48244	2032	1	22	正月
11519	1931	7	3	七月
57494	2057	5	29	五月
48069	2031	7	24	七月
15452	1942	4	9	四月
53511	2046	7	3	七月
12150	1933	4	14	四月
72881	2099	7	1	七月
27448	1975	2	15	二月
55395	2051	8	27	八月
54758	2049	12	9	腊月
35609	1997	6	26	六月
45680	2025	1	27	正月
69591	2090	7	18	七月
6614	1918	1	30	正月
53257	2045	10	15	十月
59400	2062	8	16	八月
53559	2046	8	21	八月
7818	1921	5	23	五月
64537	2076	9	14	九月
52584	2043	12	21	腊月
37943	2003	11	27	冬月
48538	2032	11	20	冬月
3637	1909	12	6	腊月
21784	1959	8	21	八月
17807	1948	10	2	十月
34754	1995	2	28	二月
2493	1906	10	14	十月
71016	2094	5	26	五月
53963	2047	9	12	九月
65302	2078	10	11	十月
10505	1928	9	24	九月
64424	2076	5	19	五月
30459	1983	5	14	五月
4722	1912	11	28	冬月
12785	1934	12	29	腊月
59128	2061	11	9	冬月
68567	2087	9	28	九月
4342	1911	11	3	冬月
28533	1978	2	8	二月
59972	2064	2	26	二月
14351	1939	3	29	三月
46518	2027	5	8	五月
17621	1948	3	22	三月
30768	1984	3	28	三月
6211	1917	1	11	正月
43554	2019	3	27	三月
71521	2095	10	29	十月
46880	2028	5	16	五月
359	1900	12	6	腊月
27950	1976	7	15	七月
49409	2035	4	5	四月
47904	2031	3	7	三月
60335	2065	3	5	三月
5090	1913	12	13	腊月
16941	1946	5	21	五月
68996	2088	11	14	冬月
61991	2069	9	8	九月
46354	2026	11	22	冬月
11301	1930	11	22	冬月
39560	2008	4	20	四月
5751	1915	9	23	九月
40430	2010	9	4	九月
27833	1976	3	16	三月
25540	1969	11	27	冬月
63871	2074	10	27	十月
31450	1986	2	2	二月
35685	1997	9	13	九月
50436	2038	1	29	正月
25747	1970	6	28	六月
13782	1937	9	23	九月
4537	1912	5	20	五月
69364	2089	11	28	冬月
58107	2059	1	22	正月
53346	2046	1	15	正月
49325	2035	1	10	正月
41796	2014	6	12	六月
29903	1981	11	20	冬月
27574	1975	6	23	六月
17309	1947	5	5	五月
45360	2024	3	2	三月
34675	1994	12	8	腊月
48878	2033	11	6	冬月
51521	2041	1	21	正月
32752	1989	9	4	九月
44387	2021	7	4	七月
62050	2069	11	7	冬月
57129	2056	5	18	五月
26316	1972	1	5	正月
38387	2005	1	28	正月
25806	1970	8	27	八月
57029	2056	2	7	二月
22872	1962	8	17	八月
64959	2077	10	22	十月
28130	1976	12	19	腊月
31509	1986	4	1	四月
7520	1920	7	21	七月
71527	2095	11	5	冬月
62990	2072	6	2	六月
26701	1973	2	6	二月
29656	1981	3	8	三月
5167	1914	2	30	二月
53194	2045	8	11	八月
50489	2038	3	22	三月
48688	2033	4	23	四月
71187	2094	11	19	冬月
34898	1995	7	24	七月
32541	1989	1	29	正月
59452	2062	10	9	十月
4071	1911	2	26	二月
59546	2063	1	14	正月
51993	2042	4	21	四月
22168	1960	8	21	八月
53443	2046	4	23	四月
32442	1988	10	19	十月
50477	2038	3	10	三月
51708	2041	8	1	八月
19863	1954	5	20	五月
18038	1949	5	25	五月
37481	2002	8	8	八月
12828	1935	2	13	二月
10359	1928	4	25	四月
62382	2070	10	15	十月
60961	2066	11	11	冬月
25616	1970	2	14	二月
59023	2061	7	23	七月
13550	1937	1	26	正月
64501	2076	8	8	八月
39392	2007	10	29	十月
71939	2096	12	4	腊月
63650	2074	4	13	四月
1049	1902	11	17	冬月
8080	1922	2	19	二月
18535	1950	9	21	九月
45386	2024	3	28	三月
47297	2029	6	20	六月
60400	2065	5	11	五月
43263	2018	6	2	六月
29178	1979	11	3	冬月
17253	1947	3	8	三月
8432	1923	1	17	正月
60239	2064	11	28	冬月
46482	2027	4	2	四月
60785	2066	闰5	12	闰五月
41028	2012	闰4	11	闰四月
19395	1953	1	24	正月
61710	2068	12	22	腊月
66573	2082	4	12	四月
54008	2047	10	28	十月
19767	1954	2	12	二月
29286	1980	2	22	二月
73177	2100	5	1	五月
300	1900	10	6	十月
1359	1903	9	3	九月
31818	1987	2	15	二月
19133	1952	5	28	五月
73404	2100	12	22	腊月
15379	1942	1	25	正月
9978	1927	4	28	四月
40441	2010	9	15	九月
42220	2015	7	23	七月
7883	1921	7	29	七月
49082	2034	5	4	五月
12873	1935	3	29	三月
57300	2056	11	12	冬月
14443	1939	7	4	七月
47014	2028	9	3	九月
13177	1936	2	7	二月
21404	1958	7	25	七月
63863	2074	10	19	十月
7478	1920	6	8	六月
54785	2050	1	7	正月
44032	2020	7	3	七月
7227	1919	9	23	九月
66830	2082	12	4	腊月
21561	1959	1	5	正月
59464	2062	10	21	十月
34471	1994	5	10	五月
40274	2010	3	25	三月
5153	1914	2	16	二月
38604	2005	9	9	九月
17515	1947	12	5	腊月
20578	1956	4	26	四月
40825	2011	10	15	十月
28128	1976	12	17	腊月
61283	2067	10	8	十月
36786	2000	9	22	九月
72217	2097	9	17	九月
55388	2051	8	20	八月
5819	1915	12	3	腊月
51786	2041	10	20	十月
39037	2006	10	28	十月
42284	2015	9	27	九月
29463	1980	8	23	八月
68642	2087	12	14	腊月
10185	1927	11	28	冬月
73096	2100	2	9	二月
26955	1973	10	25	十月
31874	1987	4	12	四月
19657	1953	10	20	十月
61292	2067	10	17	十月
30487	1983	6	13	六月
17674	1948	5	16	五月
49213	2034	9	17	九月
45320	2024	1	21	正月
67035	2083	7	2	七月
3414	1909	4	20	四月
4861	1913	4	19	四月
63276	2073	3	23	三月
44407	2021	7	24	七月
57546	2057	7	22	七月
34253	1993	9	29	九月
61220	2067	8	4	八月
70231	2092	4	9	四月
48782	2033	7	29	七月
22461	1961	6	19	六月
61804	2069	3	27	三月
42707	2016	12	7	腊月
38070	2004	3	7	三月
457	1901	3	15	三月
23200	1963	6	20	六月
1431	1903	11	15	冬月
47606	2030	5	4	五月
10661	1929	3	1	三月
26020	1971	4	5	四月
64223	2075	10	25	十月
70914	2094	2	13	二月
46281	2026	9	9	九月
6256	1917	2	26	二月
27019	1973	12	30	腊月
30670	1983	12	19	腊月
44753	2022	7	15	七月
13752	1937	8	22	八月
17431	1947	9	10	九月
42694	2016	11	24	冬月
52777	2044	7	7	七月
57372	2057	1	25	正月
955	1902	8	12	八月
52026	2042	5	24	五月
30593	1983	10	1	十月
1948	1905	4	30	四月
60735	2066	4	22	四月
30518	1983	7	14	七月
63661	2074	4	24	四月
3532	1909	8	20	八月
28627	1978	5	13	五月
12730	1934	11	3	冬月
6609	1918	1	25	正月
62800	2071	11	20	冬月
57235	2056	9	6	九月
73038	2099	12	11	腊月
18853	1951	8	14	八月
42364	2015	12	18	腊月
22951	1962	11	7	冬月
11150	1930	闰6	18	闰六月
3641	1909	12	10	腊月
11668	1931	12	5	腊月
26799	1973	5	16	五月
47006	2028	8	24	八月
205	1900	7	30	七月
4108	1911	4	4	四月
67527	2084	11	21	冬月
64658	2077	1	17	正月
53437	2046	4	17	四月
2100	1905	10	5	十月
53787	2047	4	13	四月
70402	2092	10	2	十月
47409	2029	10	14	十月
58688	2060	9	13	九月
51579	2041	3	20	三月
73066	2100	1	9	正月
60977	2066	11	27	冬月
1828	1904	12	28	腊月
15723	1943	1	14	正月
62002	2069	9	19	九月
45621	2024	11	27	冬月
22460	1961	6	18	六月
38539	2005	7	3	七月
16750	1945	11	7	冬月
42161	2015	5	23	五月
60216	2064	11	5	冬月
17387	1947	7	25	七月
42462	2016	3	28	三月
55389	2051	8	21	八月
50764	2039	1	3	正月
63823	2074	9	9	九月
47098	2028	11	28	冬月
8617	1923	7	25	七月
52800	2044	闰7	1	闰七月
44447	2021	9	5	九月
28786	1978	10	24	十月
3109	1908	7	10	七月
48752	2033	6	28	六月
66607	2082	5	16	五月
68706	2088	2	19	二月
65757	2080	1	23	正月
2336	1906	5	4	五月
50031	2036	12	8	腊月
20186	1955	闰3	18	闰三月
14617	1940	1	1	正月
46952	2028	6	29	六月
70675	2093	闰6	10	闰六月
17902	1949	1	8	正月
4073	1911	2	28	二月
2596	1907	1	28	正月
52495	2043	9	21	九月
3686	1910	1	25	正月
35897	1998	4	19	四月
32756	1989	9	8	九月
42919	2017	闰6	13	闰六月
7134	1919	7	19	七月
11085	1930	5	12	五月
5720	1915	8	22	八月
14243	1938	12	11	腊月
70522	2093	2	5	二月
37625	2003	1	5	正月
68296	2086	12	22	腊月
16787	1945	12	15	腊月
66270	2081	6	4	六月
37245	2001	12	9	腊月
14556	1939	10	29	十月
20099	1955	1	19	正月
20762	1956	11	4	冬月
4837	1913	3	24	三月
23416	1964	1	29	正月
27859	1976	4	13	四月
36354	1999	7	4	七月
8249	1922	7	11	七月
56324	2054	3	10	三月
18259	1949	12	11	腊月
36606	2000	3	18	三月
10661	1929	3	1	三月
35504	1997	3	10	三月
31307	1985	9	6	九月
11102	1930	5	29	五月
12721	1934	10	24	十月
54440	2049	1	17	正月
11147	1930	闰6	15	闰六月
45194	2023	9	13	九月
62825	2071	12	15	腊月
72300	2097	12	11	腊月
68427	2087	5	6	五月
65786	2080	2	22	二月
70661	2093	6	25	六月
840	1902	4	14	四月
18503	1950	8	18	八月
67862	2085	10	2	十月
41285	2013	1	3	正月
60628	2066	1	3	正月
40939	2012	2	11	二月
5862	1916	1	16	正月
47021	2028	9	10	九月
17644	1948	4	15	四月
65779	2080	2	15	二月
66438	2081	11	26	冬月
69337	2089	11	1	冬月
11396	1931	2	28	二月
33299	1991	2	19	二月
23342	1963	11	14	冬月
16405	1944	11	17	冬月
56848	2055	8	3	八月
2303	1906	闰4	1	闰四月
54214	2048	5	27	五月
19729	1954	1	4	正月
53340	2046	1	9	正月
24307	1966	7	5	七月
55022	2050	8	8	八月
33485	1991	8	29	八月
15588	1942	8	27	八月
19571	1953	7	23	七月
51614	2041	4	26	四月
39789	2008	12	13	腊月
13744	1937	8	14	八月
1667	1904	7	15	七月
36106	1998	10	21	十月
69713	2090	10	23	十月
62616	2071	6	12	六月
32603	1989	4	3	四月
21710	1959	6	6	六月
68257	2086	11	13	冬月
9084	1924	11	19	冬月
51375	2040	8	23	八月
40862	2011	11	23	冬月
12929	1935	5	26	五月
65988	2080	8	18	八月
63895	2074	11	22	冬月
33370	1991	5	2	五月
545	1901	6	15	六月
644	1901	9	26	九月
31943	1987	6	22	六月
786	1902	2	19	二月
55265	2051	4	15	四月
43024	2017	9	29	九月
70675	2093	闰6	10	闰六月
7206	1919	9	2	九月
25585	1970	1	13	正月
66408	2081	10	25	十月
41567	2013	10	19	十月
31570	1986	6	3	六月
33945	1992	12	16	腊月
1600	1904	5	6	五月
47691	2030	7	30	七月
442	1901	2	30	二月
67689	2085	5	7	五月
69576	2090	7	3	七月
36715	2000	7	10	七月
50986	2039	7	17	七月
58965	2061	5	23	五月
60772	2066	5	29	五月
13775	1937	9	16	九月
2934	1908	1	12	正月
48357	2032	5	17	五月
52176	2042	10	26	十月
9311	1925	6	10	六月
12630	1934	7	22	七月
7909	1921	8	26	八月
50256	2037	7	26	七月
37827	2003	7	29	七月
50110	2037	2	27	二月
10149	1927	10	22	十月
30592	1983	9	30	九月
56515	2054	9	25	九月
70122	2091	12	18	腊月
1649	1904	6	26	六月
46420	2027	1	29	正月
29975	1982	2	2	二月
60242	2064	12	1	腊月
16861	1946	2	29	二月
58076	2058	12	20	腊月
49451	2035	5	18	五月
60446	2065	6	27	六月
4461	1912	3	3	三月
11252	1930	10	3	十月
61343	2067	12	9	腊月
60286	2065	1	16	正月
64353	2076	3	7	三月
66820	2082	11	24	冬月
7355	1920	2	3	二月
4814	1913	3	1	三月
921	1902	7	7	七月
9600	1926	4	4	四月
17343	1947	6	10	六月
10398	1928	6	5	六月
63093	2072	9	17	九月
55716	2052	7	23	七月
70671	2093	闰6	6	闰六月
70202	2092	3	9	三月
43685	2019	8	11	八月
46800	2028	2	25	二月
5103	1913	12	26	腊月
69262	2089	8	15	八月
53353	2046	1	22	正月
47092	2028	11	22	冬月
4975	1913	8	15	八月
31454	1986	2	6	二月
11217	1930	8	27	八月
24700	1967	8	14	八月
6895	1918	11	16	冬月
14094	1938	闰7	10	闰七月
53413	2046	3	23	三月
29132	1979	9	16	九月
62207	2070	4	17	四月
71018	2094	5	28	五月
22765	1962	4	28	四月
7004	1919	3	6	三月
16983	1946	7	5	七月
5334	1914	7	20	七月
58185	2059	4	11	四月
32568	1989	2	26	二月
53079	2045	4	13	四月
72650	2098	12	7	腊月
56457	2054	7	25	七月
67960	2086	1	11	正月
58719	2060	10	14	十月
53194	2045	8	11	八月
43197	2018	3	24	三月
40940	2012	2	12	二月
66911	2083	2	26	二月
28986	1979	5	18	五月
11465	1931	5	8	五月
9896	1927	2	4	二月
41991	2014	11	29	冬月
10778	1929	7	1	七月
49113	2034	6	5	六月
43948	2020	闰4	7	闰四月
523	1901	5	23	五月
35442	1997	1	7	正月
1057	1902	11	25	冬月
4920	1913	6	19	六月
11275	1930	10	26	十月
43294	2018	7	4	七月
51377	2040	8	25	八月
65904	2080	5	22	五月
66791	2082	10	24	十月
15502	1942	5	29	五月
44309	2021	4	14	四月
53004	2045	1	27	正月
6747	1918	6	16	六月
14066	1938	7	11	七月
43105	2017	12	21	腊月
43628	2019	6	12	六月
31791	1987	1	18	正月
54810	2050	2	3	二月
6345	1917	4	27	四月
18340	1950	3	3	三月
34699	1995	1	2	正月
66646	2082	6	26	六月
71093	2094	8	14	八月
50032	2036	12	9	腊月
29487	1980	9	17	九月
15594	1942	9	3	九月
40181	2009	12	21	腊月
6092	1916	9	10	九月
3963	1910	11	7	冬月
57370	2057	1	23	正月
28725	1978	8	22	八月
69972	2091	7	15	七月
35123	1996	2	13	二月
1298	1903	6	30	六月
14981	1941	1	11	正月
6588	1918	1	4	正月
9515	1926	1	7	正月
35426	1996	12	20	腊月
71525	2095	11	3	冬月
48376	2032	6	7	六月
22867	1962	8	12	八月
15786	1943	3	18	三月
40269	2010	3	20	三月
32024	1987	8	14	八月
47035	2028	9	24	九月
17366	1947	7	4	七月
51961	2042	3	18	三月
6288	1917	闰2	29	闰二月
28399	1977	9	21	九月
25226	1969	1	8	正月
51729	2041	8	22	八月
11560	1931	8	15	八月
13583	1937	2	29	二月
71482	2095	9	20	九月
6781	1918	7	20	七月
62128	2070	1	26	正月
34211	1993	8	16	八月
36190	1999	1	16	正月
54253	2048	7	6	七月
60328	2065	2	28	二月
28995	1979	5	27	五月
68978	2088	10	26	十月
62413	2070	11	16	冬月
3456	1909	6	3	六月
35859	1998	3	10	三月
57258	2056	9	29	九月
6817	1918	8	27	八月
54012	2047	11	2	冬月
66107	2080	12	19	腊月
28070	1976	10	18	十月
34437	1994	4	5	四月
20776	1956	11	18	冬月
11395	1931	2	27	二月
71546	2095	11	24	冬月
2837	1907	10	3	十月
1936	1905	4	18	四月
66163	2081	2	16	二月
56762	2055	6	5	六月
4413	1912	1	14	正月
28668	1978	6	25	六月
68223	2086	10	9	十月
51910	2042	2	26	二月
11885	1932	7	15	七月
47596	2030	4	24	四月
21995	1960	3	26	三月
18190	1949	10	1	十月
8777	1924	1	8	正月
72020	2097	2	25	二月
54427	2049	1	4	正月
48138	2031	10	4	十月
2645	1907	3	18	三月
12640	1934	8	2	八月
23683	1964	11	1	冬月
21478	1958	10	11	十月
33801	1992	7	19	七月
69584	2090	7	11	七月
11759	1932	3	7	三月
21406	1958	7	27	七月
65937	2080	6	26	六月
13600	1937	3	17	三月
57043	2056	2	21	二月
69034	2088	12	22	腊月
3565	1909	9	23	九月
41224	2012	11	1	冬月
12631	1934	7	23	七月
60246	2064	12	5	腊月
18633	1951	1	1	正月
55944	2053	2	14	二月
65299	2078	10	8	十月
4890	1913	5	18	五月
9401	1925	9	11	九月
48368	2032	5	28	五月
38291	2004	10	21	十月
41310	2013	1	28	正月
54813	2050	2	6	二月
50756	2038	12	24	腊月
43119	2018	1	5	正月
7254	1919	10	21	十月
14937	1940	11	26	冬月
18508	1950	8	23	八月
41479	2013	7	19	七月
31650	1986	8	24	八月
72045	2097	3	21	三月
24988	1968	6	6	六月
37359	2002	4	4	四月
3154	1908	8	25	八月
15793	1943	3	25	三月
27608	1975	7	28	七月
57323	2056	12	6	腊月
69438	2090	2	13	二月
36085	1998	9	30	九月
44916	2023	1	1	正月
33347	1991	4	8	四月
58946	2061	5	4	五月
47229	2029	4	11	四月
36672	2000	5	26	五月
54715	2049	10	25	十月
29022	1979	6	25	六月
43177	2018	3	4	三月
28936	1979	3	27	三月
29175	1979	10	29	十月
61738	2069	1	20	正月
66205	2081	3	28	三月
54468	2049	2	15	二月
54399	2048	12	5	腊月
31958	1987	闰6	7	闰六月
36529	2000	1	1	正月
11212	1930	8	22	八月
11407	1931	3	9	三月
798	1902	3	2	三月
37869	2003	9	12	九月
72756	2099	闰2	23	闰二月
64479	2076	7	15	七月
64962	2077	10	25	十月
27921	1976	6	16	六月
4544	1912	5	27	五月
38327	2004	11	27	冬月
1518	1904	2	13	二月
41517	2013	8	28	八月
62376	2070	10	9	十月
57111	2056	4	29	四月
70426	2092	10	26	十月
43373	2018	9	24	九月
11620	1931	10	16	十月
2603	1907	2	6	二月
57250	2056	9	21	九月
11325	1930	12	16	腊月
21376	1958	6	26	六月
66847	2082	12	21	腊月
49622	2035	11	12	冬月
56533	2054	10	13	十月
6076	1916	8	23	八月
17139	1946	12	13	腊月
32874	1990	1	7	正月
60917	2066	9	26	九月
15880	1943	6	24	六月
27695	1975	10	27	十月
51174	2040	1	29	正月
18477	1950	7	21	七月
65468	2079	3	29	三月
41635	2013	12	28	腊月
42822	2017	4	4	四月
14581	1939	11	24	冬月
56288	2054	2	4	二月
20187	1955	闰3	19	闰三月
30686	1984	1	5	正月
22053	1960	5	25	五月
35344	1996	9	27	九月
57159	2056	6	18	六月
43078	2017	11	24	冬月
39733	2008	10	16	十月
36100	1998	10	15	十月
54567	2049	5	26	五月
29054	1979	闰6	27	闰六月
45225	2023	10	15	十月
65236	2078	8	5	八月
70487	2092	12	28	腊月
49622	2035	11	12	冬月
40265	2010	3	16	三月
25248	1969	2	1	二月
24347	1966	8	15	八月
73346	2100	10	23	十月
54489	2049	3	7	三月
34448	1994	4	16	四月
72103	2097	5	20	五月
60038	2064	5	3	五月
68909	2088	8	16	八月
24644	1967	6	16	六月
21155	1957	11	13	冬月
43418	2018	11	10	冬月
43765	2019	11	3	冬月
54124	2048	2	26	二月
51259	2040	4	25	四月
28382	1977	9	4	九月
35537	1997	4	13	四月
22992	1962	12	18	腊月
71	1900	3	13	三月
56282	2054	1	27	正月
7001	1919	3	3	三月
14756	1940	5	21	五月
46927	2028	6	4	六月
55334	2051	6	25	六月
48013	2031	5	27	五月
14588	1939	12	2	腊月
24727	1967	9	11	九月
5150	1914	2	13	二月
61197	2067	7	11	七月
63148	2072	11	13	冬月
9115	1924	12	21	腊月
31966	1987	闰6	15	闰六月
54273	2048	7	26	七月
16916	1946	4	26	四月
22067	1960	6	9	六月
70814	2093	11	1	冬月
53849	2047	闰5	16	闰五月
46116	2026	3	20	三月
14419	1939	6	9	六月
35610	1997	6	27	六月
55893	2052	12	22	腊月
5808	1915	11	21	冬月
38167	2004	6	15	六月
8294	1922	8	27	八月
63753	2074	闰6	27	闰六月
30468	1983	5	23	五月
66411	2081	10	28	十月
14878	1940	9	26	九月
42189	2015	6	21	六月
44176	2020	11	29	冬月
68307	2087	1	4	正月
70058	2091	10	13	十月
26225	1971	10	3	十月
20540	1956	3	17	三月
19443	1953	3	13	三月
3018	1908	4	8	四月
67681	2085	4	28	四月
36424	1999	9	15	九月
31627	1986	8	1	八月
54386	2048	11	22	冬月
13805	1937	10	16	十月
3780	1910	5	2	五月
53991	2047	10	11	十月
5122	1914	1	15	正月
55381	2051	8	13	八月
59368	2062	7	13	七月
57683	2057	12	11	腊月
42550	2016	6	28	六月
15493	1942	5	20	五月
6712	1918	5	10	五月
18591	1950	11	18	冬月
37790	2003	6	21	六月
24745	1967	9	29	九月
9312	1925	6	11	六月
15475	1942	5	2	五月
9370	1925	8	10	八月
14993	1941	1	23	正月
49060	2034	4	11	四月
62727	2071	9	6	九月
55826	2052	10	15	十月
50741	2038	12	9	腊月
58216	2059	5	13	五月
41543	2013	9	24	九月
28462	1977	11	25	冬月
70789	2093	10	5	十月
15436	1942	3	23	三月
61135	2067	5	8	五月
41974	2014	11	12	冬月
65577	2079	7	21	七月
51904	2042	2	20	二月
1011	1902	10	9	十月
63814	2074	8	29	八月
32757	1989	9	9	九月
26596	1972	10	20	十月
37175	2001	9	27	九月
46514	2027	5	4	五月
38141	2004	5	18	五月
2192	1906	1	8	正月
24639	1967	6	11	六月
6634	1918	2	20	二月
68141	2086	7	16	七月
62260	2070	6	11	六月
38327	2004	11	27	冬月
42242	2015	8	15	八月
13741	1937	8	11	八月
61400	2068	2	7	二月
50471	2038	3	4	三月
23826	1965	3	25	三月
34173	1993	7	7	七月
10088	1927	8	20	八月
47579	2030	4	7	四月
71674	2096	4	4	四月
7089	1919	6	3	六月
17380	1947	7	18	七月
4547	1912	6	1	六月
55850	2052	11	9	冬月
4185	1911	6	23	六月
1044	1902	11	12	冬月
21759	1959	7	26	七月
3510	1909	7	27	七月
45705	2025	2	22	二月
55748	2052	8	26	八月
15743	1943	2	5	二月
63154	2072	11	19	冬月
7425	1920	4	14	四月
53860	2047	闰5	27	闰五月
30351	1983	1	24	正月
23558	1964	6	24	六月
5501	1915	1	10	正月
13100	1935	11	19	冬月
12851	1935	3	7	三月
11050	1930	4	6	四月
69645	2090	闰8	13	闰八月
27056	1974	2	7	二月
9135	1925	1	12	正月
65390	2079	1	10	正月
30201	1982	8	23	八月
19560	1953	7	12	七月
28843	1978	12	22	腊月
15866	1943	6	10	六月
24701	1967	8	15	八月
35248	1996	6	19	六月
56547	2054	10	27	十月
55926	2053	1	25	正月
3529	1909	8	17	八月
38180	2004	6	28	六月
14795	1940	7	1	七月
7542	1920	8	14	八月
1041	1902	11	9	冬月
3712	1910	2	22	二月
40631	2011	3	28	三月
55106	2050	11	3	冬月
50997	2039	7	28	七月
27800	1976	2	13	二月
20395	1955	10	21	十月
63858	2074	10	14	十月
34373	1994	2	1	二月
288	1900	9	24	九月
68819	2088	5	14	五月
25314	1969	4	8	四月
33397	1991	5	29	五月
44640	2022	3	21	三月
16823	1946	1	21	正月
51454	2040	11	13	冬月
36877	2000	12	24	腊月
37320	2002	2	24	二月
16315	1944	8	16	八月
21122	1957	10	9	十月
43433	2018	11	25	冬月
16524	1945	3	18	三月
66811	2082	11	15	冬月
13658	1937	5	16	五月
13181	1936	2	11	二月
14924	1940	11	13	冬月
6595	1918	1	11	正月
14078	1938	7	23	七月
58521	2060	3	22	三月
27256	1974	8	1	八月
34351	1994	1	9	正月
57118	2056	5	7	五月
40293	2010	4	14	四月
17000	1946	7	22	七月
30979	1984	闰10	3	闰十月
39706	2008	9	19	九月
14725	1940	4	20	四月
67504	2084	10	28	十月
48539	2032	11	21	冬月
66166	2081	2	19	二月
43241	2018	5	9	五月
70224	2092	4	2	四月
62207	2070	4	17	四月
718	1901	12	10	腊月
46989	2028	8	7	八月
72072	2097	4	18	四月
68359	2087	2	26	二月
3054	1908	5	14	五月
14781	1940	6	17	六月
47896	2031	2	29	二月
53555	2046	8	17	八月
12674	1934	9	7	九月
58145	2059	3	1	三月
16268	1944	6	28	六月
72419	2098	4	11	四月
25338	1969	5	2	五月
16701	1945	9	18	九月
66300	2081	7	5	七月
63131	2072	10	26	十月
22918	1962	10	4	十月
48569	2032	12	22	腊月
59020	2061	7	20	七月
66107	2080	12	19	腊月
35710	1997	10	9	十月
39661	2008	8	3	八月
64508	2076	8	15	八月
38183	2004	7	1	七月
61250	2067	9	5	九月
55913	2053	1	12	正月
33900	1992	11	1	冬月
63575	2074	1	27	正月
57342	2056	12	25	腊月
16981	1946	7	3	七月
25284	1969	3	7	三月
27055	1974	2	6	二月
53994	2047	10	14	十月
51481	2040	12	10	腊月
7608	1920	10	20	十月
33967	1993	1	8	正月
54026	2047	11	16	冬月
58733	2060	10	28	十月
41904	2014	闰9	1	闰九月
40571	2011	1	27	正月
37218	2001	11	11	冬月
49853	2036	闰6	7	闰六月
27192	1974	5	25	五月
33891	1992	10	21	十月
53122	2045	5	27	五月
28721	1978	8	18	八月
72	1900	3	14	三月
54475	2049	2	22	二月
26166	1971	8	4	八月
68225	2086	10	11	十月
71424	2095	7	21	七月
15779	1943	3	11	三月
19298	1952	10	16	十月
16585	1945	5	20	五月
54816	2050	2	9	二月
33651	1992	2	17	二月
51258	2040	4	24	四月
33573	1991	11	28	冬月
59508	2062	12	5	腊月
44491	2021	10	19	十月
15202	1941	7	24	七月
2441	1906	8	21	八月
63536	2073	12	17	腊月
8111	1922	3	21	三月
72302	2097	12	13	腊月
53417	2046	3	27	三月
1116	1903	1	24	正月
46511	2027	5	1	五月
55390	2051	8	22	八月
30181	1982	8	3	八月
39560	2008	4	20	四月
32759	1989	9	11	九月
62802	2071	11	22	冬月
25945	1971	1	18	正月
46348	2026	11	16	冬月
28451	1977	11	14	冬月
12838	1935	2	23	二月
27893	1976	5	17	五月
70444	2092	11	15	冬月
59155	2061	12	6	腊月
40598	2011	2	24	二月
68321	2087	1	18	正月
19840	1954	4	26	四月
57203	2056	8	3	八月
31534	1986	4	26	四月
5993	1916	5	29	五月
7012	1919	3	14	三月
49295	2034	12	10	腊月
50130	2037	3	17	三月
71173	2094	11	5	冬月
34680	1994	12	13	腊月
52219	2042	12	10	腊月
49646	2035	12	7	腊月
22841	1962	7	16	七月
15496	1942	5	23	五月
3155	1908	8	26	八月
22914	1962	9	29	九月
57153	2056	6	12	六月
69532	2090	5	18	五月
61211	2067	7	25	七月
24310	1966	7	8	七月
26533	1972	8	16	八月
21236	1958	2	5	二月
2723	1907	6	8	六月
26586	1972	10	10	十月
34501	1994	6	10	六月
41800	2014	6	16	六月
64915	2077	9	8	九月
22282	1960	12	17	腊月
49709	2036	2	10	二月
11952	1932	9	23	九月
31791	1987	1	18	正月
18042	1949	5	29	五月
1029	1902	10	27	十月
20356	1955	9	11	九月
45039	2023	4	7	四月
49034	2034	3	14	三月
58537	2060	4	9	四月
43636	2019	6	20	六月
37763	2003	5	24	五月
69142	2089	4	12	四月
32169	1988	1	12	正月
44544	2021	12	13	腊月
11163	1930	7	2	七月
33834	1992	8	23	八月
13181	1936	2	11	二月
69428	2090	2	3	二月
41703	2014	3	7	三月
23098	1963	4	6	四月
70149	2092	1	16	正月
21684	1959	5	10	五月
11287	1930	11	8	冬月
6090	1916	9	8	九月
22917	1962	10	3	十月
68992	2088	11	10	冬月
65803	2080	3	10	三月
51550	2041	2	21	二月
12177	1933	5	12	五月
34856	1995	6	11	六月
19099	1952	4	24	四月
46506	2027	4	26	四月
39677	2008	8	19	八月
68996	2088	11	14	冬月
35679	1997	9	7	九月
62086	2069	12	14	腊月
38333	2004	12	4	腊月
54364	2048	10	29	十月
23363	1963	12	5	腊月
73026	2099	11	28	冬月
27413	1975	1	10	正月
28912	1979	3	3	三月
15735	1943	1	26	正月
20562	1956	4	10	四月
39181	2007	3	25	三月
9000	1924	8	24	八月
2847	1907	10	13	十月
55242	2051	3	21	三月
38713	2005	12	29	腊月
49572	2035	9	22	九月
31127	1985	3	3	三月
55290	2051	5	10	五月
26029	1971	4	14	四月
54408	2048	12	14	腊月
22903	1962	9	18	九月
65354	2078	12	4	腊月
6657	1918	3	14	三月
8336	1922	10	10	十月
30783	1984	4	13	四月
13078	1935	10	27	十月
11497	1931	6	11	六月
26656	1972	12	21	腊月
70763	2093	9	9	九月
34058	1993	闰3	10	闰三月
71793	2096	7	6	七月
43248	2018	5	16	五月
13735	1937	8	5	八月
64546	2076	9	23	九月
59909	2063	12	23	腊月
52556	2043	11	23	冬月
16015	1943	11	11	冬月
52410	2043	6	24	六月
8833	1924	3	5	三月
3928	1910	10	2	十月
65687	2079	11	13	冬月
72362	2098	2	13	二月
33521	1991	10	6	十月
48016	2031	6	1	六月
47443	2029	11	19	冬月
38018	2004	2	14	二月
69413	2090	1	18	正月
64504	2076	8	11	八月
59123	2061	11	4	冬月
26394	1972	3	24	三月
8345	1922	10	19	十月
7844	1921	6	20	六月
46343	2026	11	11	冬月
4746	1912	12	23	腊月
63033	2072	7	16	七月
65404	2079	1	24	正月
71183	2094	11	15	冬月
49314	2034	12	29	腊月
46973	2028	7	21	七月
68056	2086	4	19	四月
37611	2002	12	20	腊月
69098	2089	2	27	二月
53129	2045	6	5	六月
24244	1966	4	30	四月
8731	1923	11	21	冬月
63706	2074	6	10	六月
21949	1960	2	9	二月
24108	1966	1	13	正月
14251	1938	12	19	腊月
39402	2007	11	9	冬月
37793	2003	6	24	六月
48632	2033	2	26	二月
42243	2015	8	16	八月
69742	2090	11	22	冬月
63549	2074	1	1	正月
32336	1988	7	2	七月
23303	1963	10	5	十月
40158	2009	11	28	冬月
65741	2080	1	7	正月
5600	1915	4	20	四月
19595	1953	8	18	八月
366	1900	12	13	腊月
28577	1978	3	23	三月
31436	1986	1	17	正月
9891	1927	1	29	正月
7998	1921	11	27	冬月
2929	1908	1	7	正月
57664	2057	11	22	冬月
52203	2042	11	24	冬月
43750	2019	10	17	十月
19929	1954	7	27	七月
41156	2012	8	21	八月
50111	2037	2	28	二月
2574	1907	1	6	正月
28065	1976	10	13	十月
29380	1980	5	28	五月
21763	1959	7	30	七月
38194	2004	7	12	七月
27045	1974	1	26	正月
908	1902	6	24	六月
60739	2066	4	26	四月
30362	1983	2	5	二月
27009	1973	12	20	腊月
51012	2039	8	14	八月
10883	1929	10	18	十月
50778	2039	1	17	正月
1609	1904	5	15	五月
39828	2009	1	22	正月
46367	2026	12	5	腊月
35034	1995	11	12	冬月
37941	2003	11	25	冬月
46808	2028	3	3	三月
53127	2045	6	3	六月
47862	2031	1	24	正月
24369	1966	9	8	九月
71812	2096	7	25	七月
31247	1985	7	5	七月
72038	2097	3	14	三月
23541	1964	6	7	六月
58152	2059	3	8	三月
58719	2060	10	14	十月
1106	1903	1	14	正月
24497	1967	1	18	正月
29888	1981	11	5	冬月
19971	1954	9	10	九月
39518	2008	3	7	三月
13825	1937	11	6	冬月
66740	2082	9	2	九月
6959	1919	1	20	正月
37930	2003	11	14	冬月
32305	1988	5	30	五月
26972	1973	11	12	冬月
22267	1960	12	2	腊月
48026	2031	6	11	六月
53509	2046	7	1	七月
7800	1921	5	5	五月
32999	1990	5	15	五月
19130	1952	5	25	五月
47329	2029	7	22	七月
49488	2035	6	26	六月
19107	1952	5	2	五月
58218	2059	5	15	五月
56625	2055	1	16	正月
69700	2090	10	10	十月
38391	2005	2	3	二月
22474	1961	7	3	七月
6353	1917	5	6	五月
12552	1934	5	3	五月
57523	2057	6	28	六月
64526	2076	9	3	九月
44141	2020	10	24	十月
21356	1958	6	6	六月
14111	1938	闰7	27	闰七月
36746	2000	8	12	八月
39857	2009	2	21	二月
17548	1948	1	8	正月
24839	1968	1	5	正月
6690	1918	4	18	四月
19881	1954	6	9	六月
72268	2097	11	8	冬月
21831	1959	10	9	十月
51414	2040	10	2	十月
67825	2085	8	24	八月
11620	1931	10	16	十月
35507	1997	3	13	三月
69858	2091	3	19	三月
70277	2092	5	25	五月
22708	1962	2	30	二月
8487	1923	3	13	三月
22746	1962	4	9	四月
70441	2092	11	12	冬月
14852	1940	8	29	八月
72763	2099	3	1	三月
57130	2056	5	19	五月
25481	1969	9	27	九月
28768	1978	10	6	十月
29091	1979	8	5	八月
4730	1912	12	7	腊月
65205	2078	7	3	七月
48304	2032	3	23	三月
8539	1923	5	6	五月
28086	1976	11	4	冬月
6781	1918	7	20	七月
15800	1943	4	3	四月
57907	2058	6	29	六月
16674	1945	8	21	八月
10705	1929	4	16	四月
44204	2020	12	28	腊月
70427	2092	10	27	十月
7994	1921	11	23	冬月
30313	1982	12	16	腊月
49536	2035	8	15	八月
5275	1914	闰5	20	闰五月
68554	2087	9	15	九月
21745	1959	7	12	七月
30180	1982	8	2	八月
63015	2072	6	27	六月
17466	1947	10	15	十月
44257	2021	2	22	二月
9252	1925	闰4	11	闰四月
56919	2055	10	15	十月
1746	1904	10	6	十月
56545	2054	10	25	十月
21404	1958	7	25	七月
58751	2060	11	16	冬月
37862	2003	9	5	九月
51861	2042	1	6	正月
14252	1938	12	20	腊月
31963	1987	闰6	12	闰六月
8446	1923	2	2	二月
65649	2079	10	4	十月
24076	1965	12	10	腊月
587	1901	7	28	七月
26426	1972	4	27	四月
23117	1963	4	25	四月
64872	2077	7	25	七月
24843	1968	1	9	正月
71418	2095	7	15	七月
67489	2084	10	13	十月
51052	2039	9	24	九月
32975	1990	4	20	四月
68002	2086	2	24	二月
19685	1953	11	19	冬月
71508	2095	10	16	十月
71219	2094	12	22	腊月
12546	1934	4	27	四月
71901	2096	10	25	十月
25048	1968	闰7	7	闰七月
40055	2009	8	13	八月
59070	2061	9	11	九月
38585	2005	8	19	八月
66632	2082	6	12	六月
64723	2077	3	23	三月
15714	1943	1	5	正月
23113	1963	4	21	四月
53992	2047	10	12	十月
57255	2056	9	26	九月
586	1901	7	27	七月
6309	1917	3	21	三月
44252	2021	2	17	二月
12067	1933	1	20	正月
50610	2038	7	25	七月
27629	1975	8	19	八月
17240	1947	闰2	24	闰二月
45727	2025	3	15	三月
2806	1907	9	2	九月
70177	2092	2	14	二月
5292	1914	6	7	六月
39215	2007	4	29	四月
3442	1909	5	18	五月
12525	1934	4	6	四月
34296	1993	11	13	冬月
13963	1938	3	25	三月
44430	2021	8	17	八月
12345	1933	10	2	十月
65596	2079	8	10	八月
71679	2096	4	9	四月
35286	1996	7	28	七月
37465	2002	7	21	七月
25924	1970	12	27	腊月
21423	1958	8	15	八月
23970	1965	8	22	八月
64001	2075	3	10	三月
28676	1978	7	3	七月
57535	2057	7	11	七月
18170	1949	9	10	九月
30073	1982	闰4	12	闰四月
3884	1910	8	17	八月
11931	1932	9	2	九月
72266	2097	11	6	冬月
36445	1999	10	6	十月
59436	2062	9	22	九月
34319	1993	12	6	腊月
8086	1922	2	25	二月
38785	2006	3	13	三月
43884	2020	3	3	三月
60607	2065	12	12	腊月
70158	2092	1	25	正月
4473	1912	3	15	三月
996	1902	9	23	九月
69115	2089	3	14	三月
26558	1972	9	12	九月
50589	2038	7	4	七月
36328	1999	6	7	六月
57047	2056	2	25	二月
7546	1920	8	18	八月
17833	1948	10	28	十月
21548	1958	12	22	腊月
28411	1977	10	4	十月
71606	2096	1	25	正月
25541	1969	11	28	冬月
4752	1912	12	29	腊月
36387	1999	8	7	八月
52670	2044	3	18	三月
145	1900	5	29	五月
59956	2064	2	10	二月
55139	2050	12	6	腊月
6922	1918	12	13	腊月
27693	1975	10	25	十月
35828	1998	2	8	二月
25319	1969	4	13	四月
3358	1909	闰2	22	闰二月
53081	2045	4	15	四月
71628	2096	2	17	二月
46783	2028	2	8	二月
59850	2063	10	23	十月
46565	2027	6	26	六月
67632	2085	3	8	三月
4467	1912	3	9	三月
730	1901	12	22	腊月
63537	2073	12	18	腊月
29252	1980	1	18	正月
69727	2090	11	7	冬月
33570	1991	11	25	冬月
56561	2054	11	12	冬月
11252	1930	10	3	十月
65827	2080	闰3	4	闰三月
14642	1940	1	26	正月
30881	1984	7	23	七月
5560	1915	3	10	三月
70083	2091	11	9	冬月
63038	2072	7	21	七月
72925	2099	8	15	八月
19016	1952	1	29	正月
18803	1951	6	23	六月
21930	1960	1	20	正月
41321	2013	2	9	二月
61436	2068	3	14	三月
66175	2081	2	28	二月
18774	1951	5	23	五月
1641	1904	6	18	六月
70640	2093	6	4	六月
59903	2063	12	17	腊月
46990	2028	8	8	八月
18577	1950	11	4	冬月
11692	1931	12	29	腊月
25731	1970	6	12	六月
19226	1952	8	3	八月
69641	2090	闰8	9	闰八月
62472	2071	1	16	正月
33019	1990	闰5	5	闰五月
26562	1972	9	16	九月
67209	2083	12	28	腊月
31012	1984	11	7	冬月
70851	2093	12	8	腊月
24398	1966	10	8	十月
21189	1957	12	17	腊月
32772	1989	9	24	九月
27611	1975	8	1	八月
34858	1995	6	13	六月
26121	1971	6	18	六月
2868	1907	11	5	冬月
58159	2059	3	15	三月
27698	1975	10	30	十月
1045	1902	11	13	冬月
71972	2097	1	7	正月
15003	1941	2	3	二月
48066	2031	7	21	七月
37553	2002	10	21	十月
41060	2012	5	14	五月
20019	1954	10	28	十月
63170	2072	12	6	腊月
51689	2041	7	12	七月
7204	1919	8	30	八月
20343	1955	8	28	八月
2842	1907	10	8	十月
29073	1979	7	16	七月
33764	1992	6	12	六月
50819	2039	2	28	二月
3414	1909	4	20	四月
54613	2049	7	12	七月
19812	1954	3	28	三月
56211	2053	11	16	冬月
40774	2011	8	23	八月
1405	1903	10	19	十月
45388	2024	4	1	四月
12439	1934	1	8	正月
50306	2037	9	17	九月
40505	2010	11	20	冬月
9364	1925	8	4	八月
15179	1941	7	1	七月
26122	1971	6	19	六月
35025	1995	11	3	冬月
71628	2096	2	17	二月
32663	1989	6	4	六月
67342	2084	5	14	五月
66085	2080	11	27	冬月
33944	1992	12	15	腊月
51083	2039	10	26	十月
53534	2046	7	26	七月
1413	1903	10	27	十月
43868	2020	2	17	二月
60431	2065	6	12	六月
45254	2023	11	14	冬月
19361	1952	12	20	腊月
19648	1953	10	11	十月
36539	2000	1	11	正月
22914	1962	9	29	九月
17313	1947	5	9	五月
60668	2066	2	14	二月
6147	1916	11	6	冬月
59374	2062	7	19	七月
24597	1967	4	29	四月
20128	1955	2	19	二月
28347	1977	7	28	七月
32746	1989	8	28	八月
16353	1944	9	24	九月
5292	1914	6	7	六月
52355	2043	4	28	四月
52966	2044	12	19	腊月
34525	1994	7	5	七月
44280	2021	3	15	三月
38195	2004	7	13	七月
5034	1913	10	16	十月
70729	2093	8	4	八月
45740	2025	3	28	三月
56535	2054	10	15	十月
66662	2082	7	13	七月
16977	1946	6	28	六月
9384	1925	8	24	八月
50671	2038	9	27	九月
60578	2065	11	12	冬月
38137	2004	5	14	五月
69764	2090	12	14	腊月
22851	1962	7	26	七月
54226	2048	6	9	六月
7109	1919	6	23	六月
32876	1990	1	9	正月
30215	1982	9	7	九月
27758	1976	1	1	正月
42765	2017	2	6	二月
18264	1949	12	16	腊月
27787	1976	1	30	正月
17002	1946	7	24	七月
2285	1906	4	12	四月
5672	1915	7	3	七月
26791	1973	5	8	五月
16470	1945	1	22	正月
66589	2082	4	28	四月
22264	1960	11	29	冬月
41907	2014	闰9	4	闰九月
18338	1950	3	1	三月
28549	1978	2	24	二月
3896	1910	8	29	八月
39679	2008	8	21	八月
53922	2047	7	30	七月
56385	2054	5	12	五月
46968	2028	7	16	七月
5979	1916	5	15	五月
62110	2070	1	8	正月
42701	2016	12	1	腊月
43224	2018	4	22	四月
58691	2060	9	16	九月
37350	2002	3	24	三月
51977	2042	4	5	四月
8924	1924	6	7	六月
35807	1998	1	17	正月
6866	1918	10	16	十月
4197	1911	闰6	5	闰六月
32092	1987	10	23	十月
8567	1923	6	4	六月
70010	2091	8	24	八月
1501	1904	1	26	正月
45100	2023	6	8	六月
63311	2073	4	28	四月
11834	1932	5	23	五月
11709	1932	1	17	正月
16584	1945	5	19	五月
28203	1977	3	3	三月
28786	1978	10	24	十月
45433	2024	5	17	五月
17648	1948	4	19	四月
48551	2032	12	4	腊月
46554	2027	6	15	六月
16921	1946	5	1	五月
21012	1957	7	17	七月
51651	2041	6	4	六月
18374	1950	4	7	四月
48925	2033	闰11	23	闰冬月
47996	2031	5	10	五月
5643	1915	6	4	六月
23426	1964	2	9	二月
39929	2009	5	5	五月
49228	2034	10	2	十月
19363	1952	12	22	腊月
51790	2041	10	24	十月
45141	2023	7	20	七月
1800	1904	11	30	冬月
68095	2086	5	29	五月
7538	1920	8	10	八月
42345	2015	11	29	冬月
48688	2033	4	23	四月
60735	2066	4	22	四月
47798	2030	11	19	冬月
70197	2092	3	4	三月
57232	2056	9	3	九月
8031	1921	12	30	腊月
32226	1988	3	10	三月
6593	1918	1	9	正月
26428	1972	4	29	四月
55363	2051	7	25	七月
57734	2058	2	3	二月
17573	1948	2	3	二月
21532	1958	12	6	腊月
56951	2055	11	18	冬月
63562	2074	1	14	正月
27621	1975	8	11	八月
64964	2077	10	27	十月
39487	2008	2	5	二月
24650	1967	6	22	六月
8241	1922	7	3	七月
21016	1957	7	21	七月
59795	2063	8	27	八月
72110	2097	5	27	五月
53497	2046	6	18	六月
31992	1987	7	12	七月
71615	2096	2	4	二月
51390	2040	9	8	九月
33797	1992	7	15	七月
5704	1915	8	6	八月
7483	1920	6	13	六月
56306	2054	2	22	二月
41849	2014	8	6	八月
20476	1956	1	12	正月
67683	2085	5	1	五月
62982	2072	5	24	五月
33077	1990	7	5	七月
43636	2019	6	20	六月
12759	1934	12	3	腊月
3350	1909	闰2	14	闰二月
10121	1927	9	23	九月
29716	1981	5	10	五月
32111	1987	11	12	冬月
44318	2021	4	23	四月
65185	2078	6	13	六月
27688	1975	10	20	十月
44155	2020	11	8	冬月
34306	1993	11	23	冬月
57673	2057	12	1	腊月
4452	1912	2	23	二月
52271	2043	2	3	二月
39210	2007	4	24	四月
28005	1976	闰8	11	闰八月
4084	1911	3	10	三月
57615	2057	10	2	十月
46242	2026	7	28	七月
52641	2044	2	18	二月
6476	1917	9	10	九月
35199	1996	4	30	四月
2962	1908	2	10	二月
55129	2050	11	26	冬月
6224	1917	1	24	正月
29535	1980	11	6	冬月
48934	2033	12	3	腊月
35345	1996	9	28	九月
8396	1922	12	11	腊月
63967	2075	2	5	二月
57622	2057	10	9	十月
31909	1987	5	18	五月
59152	2061	12	3	腊月
32751	1989	9	3	九月
374	1900	12	21	腊月
52109	2042	8	19	八月
29560	1980	12	1	腊月
1819	1904	12	19	腊月
22274	1960	12	9	腊月
71225	2094	12	28	腊月
54636	2049	8	6	八月
49479	2035	6	17	六月
39666	2008	8	8	八月
66089	2080	12	1	腊月
56832	2055	7	16	七月
6087	1916	9	5	九月
20830	1957	1	12	正月
34965	1995	9	2	九月
34764	1995	3	8	三月
59787	2063	8	19	八月
2018	1905	7	11	七月
13229	1936	闰3	1	闰三月
6824	1918	9	4	九月
69635	2090	闰8	3	闰八月
50046	2036	12	23	腊月
20513	1956	2	20	二月
26044	1971	4	29	四月
8551	1923	5	18	五月
68770	2088	4	24	四月
17457	1947	10	6	十月
53220	2045	9	8	九月
26319	1972	1	8	正月
35978	1998	6	12	六月
41537	2013	9	18	九月
7776	1921	4	10	四月
54999	2050	7	15	七月
31754	1986	12	10	腊月
13361	1936	7	15	七月
50020	2036	11	27	冬月
55743	2052	8	21	八月
55242	2051	3	21	三月
11313	1930	12	4	腊月
14696	1940	3	20	三月
38267	2004	9	26	九月
57986	2058	9	19	九月
47281	2029	6	4	六月
52232	2042	12	23	腊月
44023	2020	6	23	六月
56842	2055	7	26	七月
14473	1939	8	5	八月
69660	2090	闰8	28	闰八月
10143	1927	10	16	十月
9390	1925	8	30	八月
55765	2052	闰8	13	闰八月
7660	1920	12	13	腊月
11739	1932	2	17	二月
58326	2059	9	5	九月
5637	1915	5	27	五月
48004	2031	5	18	五月
26159	1971	7	26	七月
24978	1968	5	26	五月
23501	1964	4	25	四月
28728	1978	8	25	八月
9887	1927	1	25	正月
62746	2071	9	25	九月
18469	1950	7	13	七月
16776	1945	12	4	腊月
19527	1953	6	9	六月
37470	2002	7	26	七月
73197	2100	5	21	五月
52108	2042	8	18	八月
39375	2007	10	12	十月
4182	1911	6	20	六月
27145	1974	闰4	7	闰四月
70464	2092	12	5	腊月
31075	1985	1	10	正月
36722	2000	7	17	七月
39881	2009	3	15	三月
13792	1937	10	3	十月
25815	1970	9	7	九月
4894	1913	5	22	五月
8721	1923	11	11	冬月
68412	2087	4	20	四月
32839	1989	12	2	腊月
62778	2071	10	27	十月
8445	1923	2	1	二月
69148	2089	4	18	四月
43387	2018	10	8	十月
330	1900	11	6	冬月
32029	1987	8	19	八月
11572	1931	8	27	八月
16603	1945	6	9	六月
10778	1929	7	1	七月
52545	2043	11	12	冬月
5240	1914	5	14	五月
10231	1928	1	14	正月
46350	2026	11	18	冬月
51229	2040	3	25	三月
53756	2047	3	12	三月
43155	2018	2	12	二月
37614	2002	12	23	腊月
39925	2009	5	1	五月
16020	1943	11	16	冬月
64563	2076	10	10	十月
53606	2046	10	10	十月
57669	2057	11	27	冬月
52808	2044	闰7	9	闰七月
47899	2031	3	2	三月
37502	2002	8	29	八月
39217	2007	5	2	五月
21424	1958	8	16	八月
43495	2019	1	27	正月
1542	1904	3	7	三月
38037	2004	闰2	3	闰二月
54760	2049	12	11	腊月
52947	2044	11	30	冬月
21770	1959	8	7	八月
69629	2090	8	27	八月
50400	2037	12	23	腊月
25515	1969	11	2	冬月
14730	1940	4	25	四月
72349	2098	1	30	正月
38372	2005	1	13	正月
44515	2021	11	14	冬月
22146	1960	7	29	七月
67409	2084	7	21	七月
29380	1980	5	28	五月
33207	1990	11	16	冬月
22006	1960	4	7	四月
59653	2063	5	2	五月
17708	1948	6	20	六月
48911	2033	闰11	9	闰冬月
58978	2061	6	7	六月
20369	1955	9	24	九月
5728	1915	8	30	八月
69039	2088	12	27	腊月
42050	2015	1	29	正月
62849	2072	1	9	正月
42872	2017	5	24	五月
27707	1975	11	9	冬月
17654	1948	4	25	四月
11425	1931	3	27	三月
59696	2063	6	16	六月
52567	2043	12	4	腊月
27070	1974	2	21	二月
38057	2004	闰2	23	闰二月
50188	2037	5	16	五月
30803	1984	5	3	五月
44538	2021	12	7	腊月
66665	2082	7	16	七月
41128	2012	7	23	七月
10239	1928	1	22	正月
42810	2017	3	21	三月
36277	1999	4	15	四月
65124	2078	4	10	四月
25379	1969	6	14	六月
15350	1941	12	25	腊月
69841	2091	3	2	三月
55956	2053	2	26	二月
18027	1949	5	14	五月
20774	1956	11	16	冬月
27473	1975	3	10	三月
22076	1960	6	18	六月
64971	2077	11	5	冬月
56350	2054	4	6	四月
47517	2030	2	4	二月
30976	1984	10	30	十月
38419	2005	3	1	三月
52898	2044	10	11	十月
23665	1964	10	13	十月
12072	1933	1	25	正月
41619	2013	12	12	腊月
50442	2038	2	5	二月
31453	1986	2	5	二月
12540	1934	4	21	四月
18831	1951	7	21	七月
45258	2023	11	18	冬月
71141	2094	10	3	十月
2276	1906	4	3	四月
23071	1963	3	9	三月
70426	2092	10	26	十月
55533	2052	1	16	正月
3404	1909	4	10	四月
25911	1970	12	14	腊月
50466	2038	2	29	二月
10153	1927	10	26	十月
56824	2055	7	8	七月
13887	1938	1	9	正月
71414	2095	7	11	七月
23577	1964	7	13	七月
17844	1948	11	9	冬月
66315	2081	7	20	七月
53682	2046	12	27	腊月
61617	2068	9	18	九月
25932	1971	1	5	正月
72543	2098	8	18	八月
68158	2086	8	3	八月
8873	1924	4	15	四月
40224	2010	2	4	二月
6203	1917	1	3	正月
47322	2029	7	15	七月
13761	1937	9	2	九月
33512	1991	9	26	九月
11607	1931	10	3	十月
34946	1995	闰8	12	闰八月
64589	2076	11	7	冬月
40896	2011	12	27	腊月
63443	2073	9	13	九月
8674	1923	9	23	九月
34489	1994	5	28	五月
73056	2099	12	29	腊月
46503	2027	4	23	四月
49006	2034	2	16	二月
16613	1945	6	19	六月
56488	2054	8	27	八月
179	1900	7	4	七月
33498	1991	9	12	九月
17337	1947	6	4	六月
15564	1942	8	3	八月
53587	2046	9	20	九月
13182	1936	2	12	二月
6457	1917	8	21	八月
44460	2021	9	18	九月
64463	2076	6	29	六月
50662	2038	9	18	九月
32205	1988	2	18	二月
63032	2072	7	15	七月
9395	1925	9	5	九月
64354	2076	3	8	三月
15281	1941	10	15	十月
71000	2094	5	10	五月
50247	2037	7	17	七月
9342	1925	7	12	七月
49093	2034	5	15	五月
72332	2098	1	13	正月
72263	2097	11	3	冬月
56066	2053	6	18	六月
41637	2013	12	30	腊月
61772	2069	2	25	二月
24207	1966	闰3	22	闰三月
5498	1915	1	7	正月
30729	1984	2	18	二月
53480	2046	6	1	六月
69119	2089	3	18	三月
8198	1922	闰5	19	闰五月
1509	1904	2	4	二月
46940	2028	6	17	六月
53635	2046	11	9	冬月
3498	1909	7	15	七月
32321	1988	6	16	六月
48652	2033	3	16	三月
33587	1991	12	12	腊月
3198	1908	10	10	十月
58309	2059	8	17	八月
23052	1963	2	19	二月
59511	2062	12	8	腊月
318	1900	10	24	十月
16549	1945	4	13	四月
14524	1939	9	26	九月
59975	2064	2	29	二月
18062	1949	6	20	六月
28573	1978	3	19	三月
27900	1976	5	24	五月
6171	1916	11	30	冬月
21002	1957	7	7	七月
21573	1959	1	17	正月
50300	2037	9	11	九月
51623	2041	5	5	五月
17462	1947	10	11	十月
5741	1915	9	13	九月
43656	2019	7	11	七月
46399	2027	1	8	正月
37522	2002	9	20	九月
68977	2088	10	25	十月
27656	1975	9	17	九月
17263	1947	3	18	三月
52506	2043	10	2	十月
66693	2082	闰7	14	闰七月
50156	2037	4	14	四月
61107	2067	4	10	四月
198	1900	7	23	七月
48849	2033	10	7	十月
3316	1909	2	10	二月
57379	2057	2	3	二月
24530	1967	2	21	二月
41181	2012	9	17	九月
40936	2012	2	8	二月
35383	1996	11	6	冬月
26866	1973	7	24	七月
70097	2091	11	23	冬月
54712	2049	10	22	十月
1759	1904	10	19	十月
59458	2062	10	15	十月
11921	1932	8	21	八月
53176	2045	7	22	七月
45835	2025	闰6	5	闰六月
43898	2020	3	17	三月
64365	2076	3	19	三月
71340	2095	4	25	四月
67283	2084	3	14	三月
20962	1957	5	26	五月
33681	1992	3	17	三月
10044	1927	7	5	七月
63591	2074	2	13	二月
20150	1955	3	11	三月
71893	2096	10	17	十月
72144	2097	7	2	七月
65723	2079	12	19	腊月
1250	1903	闰5	11	闰五月
51505	2041	1	5	正月
13892	1938	1	14	正月
20483	1956	1	19	正月
14530	1939	10	3	十月
4741	1912	12	18	腊月
55764	2052	闰8	12	闰八月
72251	2097	10	21	十月
31122	1985	2	28	二月
69229	2089	7	11	七月
16672	1945	8	19	八月
57947	2058	8	9	八月
19546	1953	6	28	六月
13253	1936	闰3	25	闰三月
56704	2055	4	6	四月
3963	1910	11	7	冬月
26478	1972	6	20	六月
8541	1923	5	8	五月
7560	1920	9	2	九月
23687	1964	11	5	冬月
60710	2066	3	26	三月
30945	1984	9	28	九月
47416	2029	10	21	十月
7223	1919	9	19	九月
55274	2051	4	24	四月
22693	1962	2	15	二月
30620	1983	10	28	十月
17887	1948	12	23	腊月
870	1902	5	15	五月
13685	1937	6	14	六月
42776	2017	2	17	二月
50435	2038	1	28	正月
45746	2025	4	4	四月
11569	1931	8	24	八月
44856	2022	10	30	十月
43891	2020	3	10	三月
58510	2060	3	11	三月
5657	1915	6	18	六月
43420	2018	11	12	冬月
16111	1944	2	18	二月
17678	1948	5	20	五月
3653	1909	12	22	腊月
65360	2078	12	10	腊月
58307	2059	8	15	八月
4974	1913	8	14	八月
15145	1941	6	26	六月
38176	2004	6	24	六月
43775	2019	11	13	冬月
57406	2057	2	30	二月
54169	2048	4	11	四月
62852	2072	1	12	正月
58767	2060	12	2	腊月
3554	1909	9	12	九月
21333	1958	5	13	五月
2764	1907	7	19	七月
45455	2024	6	9	六月
10098	1927	8	30	八月
57529	2057	7	5	七月
9840	1926	12	7	腊月
10275	1928	2	29	二月
17722	1948	7	5	七月
2341	1906	5	9	五月
11600	1931	9	26	九月
54015	2047	11	5	冬月
15186	1941	7	8	七月
5613	1915	5	3	五月
48704	2033	5	10	五月
2987	1908	3	6	三月
27234	1974	7	8	七月
31449	1986	2	1	二月
61040	2067	2	2	二月
41251	2012	11	28	冬月
21426	1958	8	18	八月
38229	2004	8	18	八月
61696	2068	12	8	腊月
49511	2035	7	19	七月
66674	2082	7	25	七月
9857	1926	12	24	腊月
18076	1949	7	4	七月
56707	2055	4	9	四月
3578	1909	10	6	十月
47877	2031	2	10	二月
35920	1998	5	12	五月
29643	1981	2	25	二月
54686	2049	9	26	九月
2685	1907	4	29	四月
66836	2082	12	10	腊月
54727	2049	11	8	冬月
36130	1998	11	15	冬月
36341	1999	6	20	六月
48700	2033	5	6	五月
3451	1909	5	27	五月
20594	1956	5	12	五月
52337	2043	4	10	四月
46644	2027	9	17	九月
45755	2025	4	13	四月
39110	2007	1	12	正月
23821	1965	3	20	三月
13104	1935	11	23	冬月
34019	1993	3	1	三月
53590	2046	9	23	九月
2517	1906	11	8	冬月
16712	1945	9	29	九月
70347	2092	8	6	八月
52234	2042	12	25	腊月
35073	1995	12	22	腊月
5268	1914	闰5	13	闰五月
54903	2050	4	7	四月
58486	2060	2	16	二月
58197	2059	4	23	四月
4276	1911	8	26	八月
2951	1908	1	29	正月
16678	1945	8	25	八月
29845	1981	9	21	九月
56464	2054	8	3	八月
771	1902	2	4	二月
48622	2033	2	16	二月
38349	2004	12	20	腊月
33828	1992	8	17	八月
45231	2023	10	21	十月
32942	1990	3	16	三月
43033	2017	10	9	十月
7792	1921	4	26	四月
47347	2029	8	11	八月
23338	1963	11	10	冬月
16517	1945	3	11	三月
65092	2078	3	8	三月
17863	1948	11	28	冬月
31758	1986	12	14	腊月
50661	2038	9	17	九月
20084	1955	1	4	正月
27471	1975	3	8	三月
4958	1913	7	28	七月
10629	1929	1	28	正月
68800	2088	闰4	24	闰四月
20223	1955	4	25	四月
8614	1923	7	22	七月
42053	2015	2	3	二月
20556	1956	4	4	四月
38239	2004	8	28	八月
39746	2008	10	29	十月
57577	2057	8	23	八月
5920	1916	3	15	三月
23023	1963	1	20	正月
33090	1990	7	18	七月
41593	2013	11	15	冬月
42548	2016	6	26	六月
14607	1939	12	21	腊月
64726	2077	3	26	三月
64101	2075	6	21	六月
25152	1968	10	23	十月
19543	1953	6	25	六月
16042	1943	12	8	腊月
53613	2046	10	17	十月
21188	1957	12	16	腊月
51839	2041	12	14	腊月
21538	1958	12	12	腊月
21273	1958	3	12	三月
58812	2061	1	18	正月
69459	2090	3	4	三月
62658	2071	7	25	七月
3821	1910	6	13	六月
15212	1941	8	5	八月
65007	2077	12	11	腊月
63450	2073	9	20	九月
18217	1949	10	28	十月
45704	2025	2	21	二月
16795	1945	12	23	腊月
57130	2056	5	19	五月
72553	2098	8	28	八月
63284	2073	4	1	四月
43455	2018	12	17	腊月
58578	2060	5	20	五月
37425	2002	6	11	六月
28132	1976	12	21	腊月
61883	2069	5	18	五月
65782	2080	2	18	二月
59625	2063	4	4	四月
8360	1922	11	5	冬月
12903	1935	4	29	四月
61914	2069	6	20	六月
31441	1986	1	22	正月
52492	2043	9	18	九月
47799	2030	11	20	冬月
41698	2014	3	2	三月
6077	1916	8	24	八月
48912	2033	闰11	10	闰冬月
14039	1938	6	13	六月
3094	1908	6	24	六月
29601	1981	1	12	正月
6832	1918	9	12	九月
32459	1988	11	6	冬月
55922	2053	1	21	正月
20801	1956	12	13	腊月
34888	1995	7	14	七月
57703	2058	1	2	正月
72258	2097	10	28	十月
10493	1928	9	12	九月
27864	1976	4	18	四月
33303	1991	2	23	二月
38046	2004	闰2	12	闰二月
32061	1987	9	21	九月
69008	2088	11	26	冬月
51371	2040	8	19	八月
3306	1909	1	29	正月
7069	1919	5	13	五月
72016	2097	2	21	二月
22815	1962	6	19	六月
62774	2071	10	23	十月
52965	2044	12	18	腊月
48336	2032	4	26	四月
60471	2065	7	23	七月
18422	1950	5	26	五月
63237	2073	2	13	二月
5456	1914	11	24	冬月
42167	2015	5	29	五月
65406	2079	1	26	正月
25937	1971	1	10	正月
32584	1989	3	13	三月
9475	1925	11	26	冬月
16342	1944	9	13	九月
64865	2077	7	18	七月
41568	2013	10	20	十月
62399	2070	11	2	冬月
15774	1943	3	6	三月
18441	1950	6	15	六月
57756	2058	2	25	二月
36167	1998	12	23	腊月
42482	2016	4	18	四月
60041	2064	5	6	五月
54112	2048	2	14	二月
33607	1992	1	2	正月
54386	2048	11	22	冬月
4761	1913	1	8	正月
19472	1953	4	13	四月
56631	2055	1	22	正月
44690	2022	5	12	五月
30913	1984	8	25	八月
61244	2067	8	28	八月
54019	2047	11	9	冬月
52198	2042	11	19	冬月
70681	2093	闰6	16	闰六月
57624	2057	10	11	十月
44479	2021	10	7	十月
15802	1943	4	5	四月
6197	1916	12	26	腊月
36276	1999	4	14	四月
54023	2047	11	13	冬月
8246	1922	7	8	七月
53869	2047	6	6	六月
42244	2015	8	17	八月
55851	2052	11	10	冬月
19702	1953	12	6	腊月
53389	2046	2	28	二月
65888	2080	5	6	五月
47611	2030	5	9	五月
30078	1982	闰4	17	闰四月
65273	2078	9	12	九月
1176	1903	3	25	三月
5479	1914	12	18	腊月
8070	1922	2	9	二月
43753	2019	10	20	十月
50024	2036	12	1	腊月
49127	2034	6	19	六月
31462	1986	2	14	二月
45645	2024	12	21	腊月
30132	1982	6	12	六月
58883	2061	3	29	三月
41574	2013	10	26	十月
15257	1941	9	21	九月
64056	2075	5	6	五月
43547	2019	3	20	三月
63594	2074	2	16	二月
11065	1930	4	21	四月
16912	1946	4	22	四月
46803	2028	2	28	二月
9866	1927	1	4	正月
19929	1954	7	27	七月
33576	1991	12	1	腊月
55479	2051	11	22	冬月
57586	2057	9	2	九月
71241	2095	1	14	正月
45532	2024	8	27	八月
34343	1994	1	1	正月
37322	2002	2	26	二月
55277	2051	4	27	四月
53816	2047	5	12	五月
53223	2045	9	11	九月
39518	2008	3	7	三月
3877	1910	8	10	八月
20164	1955	3	25	三月
18603	1950	11	30	冬月
31110	1985	2	16	二月
1069	1902	12	7	腊月
51684	2041	7	7	七月
26727	1973	3	3	三月
12286	1933	8	2	八月
23105	1963	4	13	四月
38868	2006	6	7	六月
71599	2096	1	18	正月
68882	2088	7	18	七月
63009	2072	6	21	六月
73024	2099	11	26	冬月
50955	2039	6	16	六月
65082	2078	2	27	二月
1041	1902	11	9	冬月
69368	2089	12	2	腊月
53907	2047	7	15	七月
54450	2049	1	27	正月
61293	2067	10	18	十月
61080	2067	3	12	三月
11031	1930	3	17	三月
70966	2094	4	6	四月
23173	1963	5	23	五月
65096	2078	3	12	三月
49603	2035	10	23	十月
3434	1909	5	10	五月
40649	2011	4	16	四月
48768	2033	7	15	七月
27511	1975	4	19	四月
66654	2082	7	5	七月
54053	2047	12	14	腊月
61628	2068	9	29	九月
26035	1971	4	20	四月
49714	2036	2	15	二月
65857	2080	4	5	四月
48276	2032	2	24	二月
54243	2048	6	26	六月
5454	1914	11	22	冬月
68225	2086	10	11	十月
42096	2015	3	16	三月
45135	2023	7	14	七月
36446	1999	10	7	十月
42033	2015	1	12	正月
73172	2100	4	26	四月
20711	1956	9	12	九月
24426	1966	11	6	冬月
16757	1945	11	14	冬月
6756	1918	6	25	六月
21435	1958	8	27	八月
6002	1916	6	9	六月
38281	2004	10	11	十月
4664	1912	9	30	九月
19091	1952	4	16	四月
25390	1969	6	25	六月
35245	1996	6	16	六月
31768	1986	12	24	腊月
6927	1918	12	18	腊月
61294	2067	10	19	十月
31173	1985	4	19	四月
20256	1955	5	29	五月
18607	1950	12	4	腊月
69098	2089	2	27	二月
62825	2071	12	15	腊月
18248	1949	11	29	冬月
26155	1971	7	22	七月
23078	1963	3	16	三月
24177	1966	3	22	三月
69608	2090	8	6	八月
63307	2073	4	24	四月
63850	2074	10	6	十月
52077	2042	7	16	七月
10772	1929	6	24	六月
15319	1941	11	24	冬月
61358	2067	12	24	腊月
25621	1970	2	19	二月
50796	2039	2	5	二月
68787	2088	闰4	11	闰四月
64678	2077	2	7	二月
35701	1997	9	29	九月
1792	1904	11	22	冬月
26327	1972	1	16	正月
39230	2007	5	15	五月
21433	1958	8	25	八月
70364	2092	8	23	八月
27159	1974	闰4	21	闰四月
15562	1942	8	1	八月
57021	2056	1	29	正月
71156	2094	10	18	十月
33323	1991	3	13	三月
49298	2034	12	13	腊月
35473	1997	2	8	二月
5420	1914	10	17	十月
31203	1985	5	20	五月
4106	1911	4	2	四月
28909	1979	2	29	二月
13304	1936	5	17	五月
63463	2073	10	3	十月
10186	1927	11	29	冬月
50165	2037	4	23	四月
25176	1968	11	17	冬月
53111	2045	5	16	五月
60882	2066	8	21	八月
31485	1986	3	7	三月
42508	2016	5	15	五月
21219	1958	1	18	正月
31026	1984	11	21	冬月
66965	2083	4	20	四月
58056	2058	11	29	冬月
51007	2039	8	9	八月
21942	1960	2	2	二月
36701	2000	6	25	六月
20848	1957	1	30	正月
46583	2027	7	15	七月
63334	2073	5	21	五月
27129	1974	4	21	四月
57312	2056	11	24	冬月
48531	2032	11	13	冬月
26594	1972	10	18	十月
71701	2096	闰4	2	闰四月
64936	2077	9	29	九月
49387	2035	3	13	三月
13102	1935	11	21	冬月
45601	2024	11	7	冬月
37380	2002	4	25	四月
24787	1967	11	12	冬月
61162	2067	6	6	六月
22245	1960	11	10	冬月
40672	2011	5	9	五月
13635	1937	4	23	四月
21222	1958	1	21	正月
43561	2019	4	4	四月
10160	1927	11	3	冬月
11703	1932	1	11	正月
62834	2071	12	24	腊月
28789	1978	10	27	十月
64396	2076	4	21	四月
47607	2030	5	5	五月
38354	2004	12	25	腊月
54097	2048	1	28	正月
73208	2100	6	3	六月
69875	2091	4	7	四月
30906	1984	8	18	八月
1689	1904	8	7	八月
45952	2025	10	4	十月
32911	1990	2	15	二月
3306	1909	1	29	正月
19353	1952	12	12	腊月
21972	1960	3	3	三月
11947	1932	9	18	九月
16238	1944	5	27	五月
28001	1976	闰8	7	闰八月
24968	1968	5	16	五月
61187	2067	7	1	七月
55270	2051	4	20	四月
31745	1986	12	1	腊月
71824	2096	8	8	八月
60467	2065	7	19	七月
62334	2070	8	26	八月
44229	2021	1	23	正月
34708	1995	1	11	正月
15175	1941	闰6	27	闰六月
15806	1943	4	9	四月
66653	2082	7	4	七月
2956	1908	2	4	二月
69867	2091	3	28	三月
29926	1981	12	13	腊月
30081	1982	闰4	20	闰四月
55008	2050	7	24	七月
9083	1924	11	18	冬月
18210	1949	10	21	十月
8829	1924	3	1	三月
68724	2088	3	7	三月
35867	1998	3	18	三月
10958	1930	1	3	正月
58997	2061	6	26	六月
3140	1908	8	11	八月
57315	2056	11	27	冬月
37806	2003	7	8	七月
56517	2054	9	27	九月
52612	2044	1	19	正月
62295	2070	7	17	七月
58182	2059	4	8	四月
58625	2060	7	9	七月
9300	1925	5	29	五月
8147	1922	4	27	四月
50446	2038	2	9	二月
26225	1971	10	3	十月
65712	2079	12	8	腊月
10851	1929	9	15	九月
61918	2069	6	24	六月
20657	1956	7	17	七月
18836	1951	7	26	七月
34235	1993	9	11	九月
53346	2046	1	15	正月
59449	2062	10	6	十月
15528	1942	6	26	六月
53595	2046	9	28	九月
34786	1995	3	30	三月
58617	2060	7	1	七月
49688	2036	1	19	正月
56071	2053	6	23	六月
37546	2002	10	14	十月
4521	1912	5	4	五月
16584	1945	5	19	五月
32727	1989	8	9	八月
33246	1990	12	25	腊月
44649	2022	3	30	三月
50812	2039	2	21	二月
17683	1948	5	25	五月
67638	2085	3	14	三月
64169	2075	8	30	八月
47304	2029	6	27	六月
41435	2013	6	5	六月
44874	2022	11	18	冬月
43321	2018	8	1	八月
59340	2062	6	14	六月
63751	2074	闰6	25	闰六月
5358	1914	8	14	八月
37733	2003	4	24	四月
38340	2004	12	11	腊月
66875	2083	1	19	正月
42206	2015	7	9	七月
27253	1974	7	27	七月
32136	1987	12	8	腊月
13203	1936	3	4	三月
65746	2080	1	12	正月
51093	2039	11	6	冬月
19996	1954	10	5	十月
73147	2100	4	1	四月
51034	2039	9	6	九月
29757	1981	6	21	六月
56556	2054	11	7	冬月
52115	2042	8	25	八月
7042	1919	4	15	四月
29841	1981	9	17	九月
29808	1981	8	14	八月
32639	1989	5	9	五月
30558	1983	8	25	八月
16245	1944	6	5	六月
69376	2089	12	10	腊月
6611	1918	1	27	正月
25274	1969	2	27	二月
67577	2085	1	12	正月
14628	1940	1	12	正月
71967	2097	1	2	正月
63402	2073	8	1	八月
42297	2015	10	10	十月
42448	2016	3	14	三月
41191	2012	9	27	九月
62346	2070	9	9	九月
65445	2079	3	6	三月
15568	1942	8	7	八月
7211	1919	9	7	九月
65602	2079	8	16	八月
67669	2085	4	16	四月
54168	2048	4	10	四月
8707	1923	10	27	十月
14814	1940	7	20	七月
20097	1955	1	17	正月
22048	1960	5	20	五月
16223	1944	5	12	五月
17874	1948	12	10	腊月
42849	2017	5	1	五月
61800	2069	3	23	三月
19643	1953	10	6	十月
41110	2012	7	5	七月
49829	2036	6	12	六月
70572	2093	3	25	三月
32467	1988	11	14	冬月
12266	1933	7	12	七月
30961	1984	10	15	十月
26544	1972	8	27	八月
17755	1948	8	9	八月
5802	1915	11	15	冬月
34321	1993	12	8	腊月
70144	2092	1	11	正月
57459	2057	4	23	四月
19614	1953	9	7	九月
11393	1931	2	25	二月
31344	1985	10	14	十月
61131	2067	5	4	五月
53598	2046	10	2	十月
7969	1921	10	27	十月
8652	1923	9	1	九月
12855	1935	3	11	三月
54386	2048	11	22	冬月
71721	2096	闰4	22	闰四月
4972	1913	8	12	八月
58903	2061	闰3	20	闰三月
30266	1982	10	29	十月
34109	1993	5	2	五月
62704	2071	闰8	12	闰八月
51263	2040	4	29	四月
67386	2084	6	28	六月
17697	1948	6	9	六月
33204	1990	11	13	冬月
64791	2077	5	3	五月
26242	1971	10	20	十月
14717	1940	4	12	四月
27148	1974	闰4	10	闰四月
53755	2047	3	11	三月
69618	2090	8	16	八月
4017	1911	1	2	正月
54272	2048	7	25	七月
15715	1943	1	6	正月
62566	2071	4	21	四月
24645	1967	6	17	六月
64040	2075	4	19	四月
33631	1992	1	26	正月
6942	1919	1	3	正月
13497	1936	12	2	腊月
69760	2090	12	10	腊月
30767	1984	3	27	三月
23854	1965	4	24	四月
51573	2041	3	14	三月
33648	1992	2	14	二月
63955	2075	1	23	正月
9186	1925	3	4	三月
45741	2025	3	29	三月
42244	2015	8	17	八月
24303	1966	7	1	七月
44430	2021	8	17	八月
36733	2000	7	28	七月
64436	2076	6	2	六月
45443	2024	5	27	五月
58	1900	2	30	二月
52801	2044	闰7	2	闰七月
61680	2068	11	21	冬月
10343	1928	4	9	四月
50898	2039	5	18	五月
6753	1918	6	22	六月
2260	1906	3	17	三月
8251	1922	7	13	七月
3386	1909	3	21	三月
70445	2092	11	16	冬月
2996	1908	3	15	三月
12975	1935	7	13	七月
47994	2031	5	8	五月
46397	2027	1	6	正月
32188	1988	2	1	二月
28587	1978	4	3	四月
19810	1954	3	26	三月
3601	1909	10	29	十月
39728	2008	10	11	十月
16179	1944	4	27	四月
1350	1903	8	23	八月
61721	2069	1	3	正月
27416	1975	1	13	正月
30863	1984	7	5	七月
8978	1924	8	2	八月
69049	2089	1	8	正月
42160	2015	5	22	五月
31775	1987	1	2	正月
16010	1943	11	6	冬月
62473	2071	1	17	正月
60224	2064	11	13	冬月
6911	1918	12	2	腊月
33018	1990	闰5	4	闰五月
68881	2088	7	17	七月
69384	2089	12	18	腊月
54675	2049	9	15	九月
47266	2029	5	18	五月
16437	1944	12	19	腊月
22964	1962	11	20	冬月
50855	2039	4	5	四月
61514	2068	6	4	六月
69441	2090	2	16	二月
32456	1988	11	3	冬月
71667	2096	3	27	三月
62890	2072	2	20	二月
53265	2045	10	23	十月
42264	2015	9	7	九月
62815	2071	12	5	腊月
16462	1945	1	14	正月
50801	2039	2	10	二月
12764	1934	12	8	腊月
22095	1960	闰6	7	闰六月
3110	1908	7	11	七月
39421	2007	11	28	冬月
67856	2085	9	25	九月
27083	1974	3	4	三月
67790	2085	7	19	七月
2069	1905	9	3	九月
43376	2018	9	27	九月
37599	2002	12	8	腊月
73382	2100	11	30	冬月
21789	1959	8	26	八月
41440	2013	6	10	六月
7847	1921	6	23	六月
55330	2051	6	21	六月
23821	1965	3	20	三月
29952	1982	1	9	正月
41163	2012	8	28	八月
9734	1926	8	20	八月
12405	1933	12	4	腊月
37120	2001	8	2	八月
71027	2094	6	8	六月
56410	2054	6	8	六月
65305	2078	10	14	十月
26164	1971	8	2	八月
4631	1912	8	26	八月
7142	1919	7	27	七月
16425	1944	12	7	腊月
45160	2023	8	9	八月
5891	1916	2	16	二月
1194	1903	4	14	四月
37593	2002	12	2	腊月
49036	2034	3	16	三月
61775	2069	2	28	二月
36710	2000	7	5	七月
42521	2016	5	28	五月
13904	1938	1	26	正月
49267	2034	11	11	冬月
54234	2048	6	17	六月
213	1900	8	8	八月
28556	1978	3	2	三月
42411	2016	2	6	二月
2474	1906	9	24	九月
59337	2062	6	11	六月
33024	1990	闰5	10	闰五月
37639	2003	1	19	正月
346	1900	11	22	冬月
57729	2058	1	28	正月
45440	2024	5	24	五月
45479	2024	7	4	七月
63010	2072	6	22	六月
27189	1974	5	22	五月
65508	2079	5	10	五月
65139	2078	4	25	四月
29182	1979	11	7	冬月
48501	2032	10	13	十月
26584	1972	10	8	十月
37887	2003	10	1	十月
27250	1974	7	24	七月
3245	1908	11	27	冬月
28864	1979	1	14	正月
8131	1922	4	11	四月
17298	1947	4	24	四月
35753	1997	11	22	冬月
32900	1990	2	4	二月
11951	1932	9	22	九月
18046	1949	6	4	六月
31829	1987	2	26	二月
8832	1924	3	4	三月
54155	2048	3	27	三月
67386	2084	6	28	六月
1761	1904	10	21	十月
65904	2080	5	22	五月
24847	1968	1	13	正月
54298	2048	8	22	八月
48905	2033	闰11	3	闰冬月
21836	1959	10	14	十月
8175	1922	5	25	五月
62414	2070	11	17	冬月
61285	2067	10	10	十月
43856	2020	2	5	二月
3239	1908	11	21	冬月
28706	1978	8	3	八月
69693	2090	10	3	十月
53240	2045	9	28	九月
54243	2048	6	26	六月
24110	1966	1	15	正月
12597	1934	6	18	六月
20188	1955	闰3	20	闰三月
8395	1922	12	10	腊月
2442	1906	8	22	八月
23405	1964	1	18	正月
14932	1940	11	21	冬月
67175	2083	11	24	冬月
7294	1919	12	1	腊月
3869	1910	8	2	八月
47016	2028	9	5	九月
51535	2041	2	6	二月
390	1901	1	7	正月
32049	1987	9	9	九月
52124	2042	9	4	九月
19639	1953	10	2	十月
64434	2076	5	29	五月
16217	1944	5	6	五月
19044	1952	2	28	二月
6135	1916	10	23	十月
62242	2070	5	22	五月
32121	1987	11	22	冬月
23012	1963	1	9	正月
40435	2010	9	9	九月
37934	2003	11	18	冬月
28689	1978	7	16	七月
6452	1917	8	16	八月
7179	1919	8	5	八月
9106	1924	12	12	腊月
62365	2070	9	28	九月
7764	1921	3	28	三月
14187	1938	10	14	十月
18762	1951	5	11	五月
24149	1966	2	24	二月
2048	1905	8	12	八月
15943	1943	8	27	八月
53266	2045	10	24	十月
35953	1998	闰5	16	闰五月
53196	2045	8	13	八月
24459	1966	12	9	腊月
26110	1971	6	7	六月
12869	1935	3	25	三月
10580	1928	12	9	腊月
7967	1921	10	25	十月
25802	1970	8	23	八月
46021	2025	12	13	腊月
58776	2060	12	11	腊月
30523	1983	7	19	七月
3974	1910	11	18	冬月
56189	2053	10	24	十月
60904	2066	9	13	九月
57151	2056	6	10	六月
31130	1985	3	6	三月
68101	2086	6	5	六月
17136	1946	12	10	腊月
27547	1975	5	25	五月
59478	2062	11	5	冬月
68245	2086	11	1	冬月
42900	2017	6	23	六月
17035	1946	8	27	八月
18342	1950	3	5	三月
54377	2048	11	13	冬月
16504	1945	2	27	二月
27731	1975	12	4	腊月
67290	2084	3	21	三月
2465	1906	9	15	九月
65124	2078	4	10	四月
63143	2072	11	8	冬月
29470	1980	8	30	八月
19189	1952	6	25	六月
12112	1933	3	6	三月
9215	1925	4	3	四月
27902	1976	5	26	五月
27549	1975	5	27	五月
39328	2007	8	25	八月
7339	1920	1	16	正月
44662	2022	4	13	四月
60013	2064	4	8	四月
21996	1960	3	27	三月
51231	2040	3	27	三月
1654	1904	7	2	七月
62213	2070	4	23	四月
11244	1930	9	24	九月
72891	2099	7	11	七月
65574	2079	7	18	七月
14977	1941	1	7	正月
14832	1940	8	9	八月
83	1900	3	25	三月
8494	1923	3	20	三月
35301	1996	8	13	八月
18940	1951	11	12	冬月
1075	1902	12	13	腊月
59334	2062	6	8	六月
6681	1918	4	9	四月
10748	1929	5	30	五月
53727	2047	2	12	二月
13838	1937	11	19	冬月
16781	1945	12	9	腊月
15564	1942	8	3	八月
50139	2037	3	26	三月
29178	1979	11	3	冬月
42313	2015	10	26	十月
10412	1928	6	19	六月
67883	2085	10	23	十月
5822	1915	12	6	腊月
46341	2026	11	9	冬月
1536	1904	3	1	三月
40979	2012	3	22	三月
3194	1908	10	6	十月
43721	2019	9	17	九月
70740	2093	8	15	八月
4511	1912	4	23	四月
31234	1985	6	21	六月
46049	2026	1	12	正月
70776	2093	9	22	九月
71411	2095	7	8	七月
67506	2084	10	30	十月
42017	2014	12	26	腊月
60292	2065	1	22	正月
57939	2058	8	1	八月
32718	1989	7	29	七月
40841	2011	11	2	冬月
68500	2087	7	20	七月
9511	1926	1	3	正月
50378	2037	12	1	腊月
8717	1923	11	7	冬月
64588	2076	11	6	冬月
9351	1925	7	21	七月
72782	2099	3	20	三月
66025	2080	9	26	九月
43996	2020	5	26	五月
135	1900	5	19	五月
24774	1967	10	29	十月
48717	2033	5	23	五月
55336	2051	6	27	六月
17287	1947	4	13	四月
70722	2093	7	27	七月
34957	1995	闰8	23	闰八月
46016	2025	12	8	腊月
38863	2006	6	2	六月
46062	2026	1	25	正月
23681	1964	10	29	十月
45116	2023	6	24	六月
58027	2058	10	30	十月
69646	2090	闰8	14	闰八月
27853	1976	4	7	四月
18924	1951	10	26	十月
43475	2019	1	7	正月
45702	2025	2	19	二月
51149	2040	1	4	正月
11040	1930	3	26	三月
69631	2090	8	29	八月
21706	1959	6	2	六月
11013	1930	2	29	二月
15220	1941	8	13	八月
32967	1990	4	12	四月
40090	2009	9	19	九月
59941	2064	1	25	正月
31388	1985	11	28	冬月
60223	2064	11	12	冬月
24726	1967	9	10	九月
71761	2096	6	3	六月
66584	2082	4	23	四月
57631	2057	10	18	十月
15018	1941	2	18	二月
1045	1902	11	13	冬月
39104	2007	1	6	正月
35459	1997	1	24	正月
10682	1929	3	22	三月
67921	2085	12	2	腊月
72356	2098	2	7	二月
12911	1935	5	8	五月
18362	1950	3	25	三月
8093	1922	3	3	三月
66040	2080	10	12	十月
42355	2015	12	9	腊月
32402	1988	9	8	九月
20301	1955	7	15	七月
12536	1934	4	17	四月
27731	1975	12	4	腊月
22966	1962	11	22	冬月
31673	1986	9	17	九月
50052	2036	12	29	腊月
44647	2022	3	28	三月
57890	2058	6	12	六月
61245	2067	8	29	八月
24340	1966	8	8	八月
70599	2093	4	22	四月
71166	2094	10	28	十月
66297	2081	7	2	七月
54140	2048	3	12	三月
34875	1995	7	1	七月
18742	1951	4	21	四月
35597	1997	6	14	六月
8092	1922	3	2	三月
42659	2016	10	18	十月
19754	1954	1	29	正月
26253	1971	11	1	冬月
32564	1989	2	22	二月
72579	2098	9	24	九月
19838	1954	4	24	四月
41977	2014	11	15	冬月
35152	1996	3	12	三月
56987	2055	12	24	腊月
45862	2025	7	3	七月
61997	2069	9	14	九月
38992	2006	9	13	九月
40043	2009	8	1	八月
53130	2045	6	6	六月
42701	2016	12	1	腊月
5644	1915	6	5	六月
33771	1992	6	19	六月
55534	2052	1	17	正月
65553	2079	6	26	六月
32104	1987	11	5	冬月
52979	2045	1	2	正月
49518	2035	7	26	七月
48717	2033	5	23	五月
22460	1961	6	18	六月
56683	2055	3	15	三月
17682	1948	5	24	五月
65745	2080	1	11	正月
49816	2036	5	28	五月
6755	1918	6	24	六月
70834	2093	11	21	冬月
28601	1978	4	17	四月
32704	1989	7	15	七月
45135	2023	7	14	七月
11790	1932	4	8	四月
55605	2052	3	29	三月
70248	2092	4	26	四月
67683	2085	5	1	五月
41202	2012	10	8	十月
34329	1993	12	16	腊月
15656	1942	11	6	冬月
60307	2065	2	7	二月
15826	1943	4	29	四月
13625	1937	4	13	四月
8728	1923	11	18	冬月
11495	1931	6	9	六月
55450	2051	10	23	十月
42289	2015	10	2	十月
37820	2003	7	22	七月
49187	2034	8	20	八月
70374	2092	9	4	九月
35533	1997	4	9	四月
58720	2060	10	15	十月
